timestamp_ms,batch_height,score,block_height_delta,commit_latency_ms,commit_latency_stddev,tps,tps_acceleration,base_fee,base_fee_delta,equivocation_count,validator_set_size,total_gas_used,block_fullness,empty_block_ratio,time_since_finality_ms,peer_count,mempool_size
1773767831113,54,0,54,1.265,0,0,0,1,1,0,3,0,0,0,0,3,0
1773767843159,110,0,56,1.838,0.28650004,0,0,1,0,0,3,0,0,0,0,3,0
1773767857229,171,0,61,5.044,1.6629161,0,0,1,0,0,3,0,0,0,0,3,0
1773767871270,234,0,63,8.478,2.8809388,0,0,1,0,0,3,0,0,0,0,3,0
1773767895394,285,0,51,6.876,2.7970293,0,0,1,0,0,3,0,0,0,0,3,0
1773767909447,335,0,50,4.379,2.5561311,0,0,1,0,0,3,0,0,0,0,3,0
1773767921460,387,0,52,3.944,2.3792567,0,0,1,0,0,3,0,0,0,0,3,0
1773767933502,441,0,54,12.467,3.4373236,0,0,1,0,0,3,0,0,0,0,3,0
1773767979691,491,0,50,9.209,3.440139,0,0,1,0,0,3,0,0,0,0,3,0
1773767991755,542,0,51,3.204,3.3655617,0,0,1,0,0,3,0,0,0,0,3,0
1773768003821,595,0,53,3.854,3.2511458,0,0,1,0,0,3,0,0,0,0,3,0
1773768033935,658,0,63,5.278,3.1133687,0,0,1,0,0,3,0,0,0,0,3,0
1773768048015,711,0,53,2.484,3.0963676,0,0,1,0,0,3,0,0,0,0,3,0
1773768062053,765,0,54,1.803,3.1133928,0,0,1,0,0,3,0,0,0,0,3,0
1773768086118,822,0,57,5.604,3.0114856,0,0,1,0,0,3,0,0,0,0,3,0
1773768102179,873,0,51,3.902,2.9290347,0,0,1,0,0,3,0,0,0,0,3,0
1773768120256,930,0,57,2.412,2.904957,0,0,1,0,0,3,0,0,0,0,3,0
1773768132297,981,0,51,9.855,3.0490942,0,0,1,0,0,3,0,0,0,0,3,0
1773768166427,1002,0.1,21,0,3.1791937,0,0,1,0,0,3,0,0,0,30000,3,0
1773768174458,1039,0,37,4.543,3.0993555,0,0,1,0,0,3,0,0,0,0,3,0
1773768192535,1097,0,58,16.107,3.8631842,0,0,1,0,0,3,0,0,0,0,3,0
1773768234763,1131,0.1,34,0,3.9359932,0,0,1,0,0,3,0,0,0,30000,3,0
1773768238779,1157,0,26,4.258,3.8534493,0,0,1,0,0,3,0,0,0,0,3,0
1773768252961,1211,0,54,3.361,3.7878935,0,0,1,0,0,3,0,0,0,0,3,0
1773768271041,1262,0,51,3.641,3.7210016,0,0,1,0,0,3,0,0,0,0,3,0
1773768313254,1314,0,52,1.839,3.6975348,0,0,1,0,0,3,0,0,0,0,3,0
1773768329326,1370,0,56,5.699,3.6321037,0,0,1,0,0,3,0,0,0,0,3,0
1773768371508,1424,0,54,3.116,3.5813866,0,0,1,0,0,3,0,0,0,0,3,0
1773768592334,7,0.1,7,0,0,0,0,1,1,0,3,0,0,0,30000,2,0
1773768606397,50,0,43,4.584,2.292,0,0,1,0,0,3,0,0,0,0,2,0
1773768628470,103,0,53,3.708,1.986893,0,0,1,0,0,3,0,0,0,0,2,0
1773768658609,157,0,54,3.243,1.7331556,0,0,1,0,0,3,0,0,0,0,2,0
1773768688707,210,0,53,308.354,122.19794,0,0,1,0,0,3,0,0,0,0,2,0
1773768722855,264,0,54,3.952,113.77189,0,0,1,0,0,3,0,0,0,0,2,0
1773768740946,315,0,51,3.373,106.81018,0,0,1,0,0,3,0,0,0,0,2,0
1773768777141,371,0,56,3.254,100.941765,0.05357143,0.05357143,1,0,0,3,0,0,0,0,2,1
1773768795213,423,0,52,4.531,95.868095,0.26923078,0.21565935,1,0,0,4,0,0,0,0,2,2
1773768815440,474,0,51,10.908,91.29041,0.27450982,0.0052790344,1,0,0,4,0,0,0,0,2,2
1773768845560,524,0,50,3.862,87.48913,0.46,0.18549019,1,0,0,4,0,0,0,0,2,3
1773768867685,576,0,52,3.003,84.14166,0.44230768,-0.017692327,1,0,0,4,0,0,0,0,2,3
1773768887768,631,0,55,3.092,81.14402,0.4181818,-0.024125874,1,0,0,4,0,0,0,0,2,3
1773768923912,644,0.1,13,0,78.50951,0,-0.4181818,1,0,0,4,0,0,0,30000,2,3
1773768933967,685,0,41,4.718,76.022964,0.42592594,0.42592594,1,0,0,4,0,0,0,0,2,3
1773768952040,735,0,50,12.463,73.66223,0.46,0.034074068,1,0,0,4,0,0,0,0,2,3
1773768990206,751,0.1,16,0,71.67312,0,-0.46,1,0,0,4,0,0,0,30000,2,3
1773769000246,787,0,36,8.941,69.717415,0.44230768,0.44230768,1,0,0,4,0,0,0,0,2,3
1773769018294,837,0,50,12.83,67.883804,0.46,0.017692327,1,0,0,4,0,0,0,0,2,3
1773769064467,890,0,53,1.813,66.29395,0.43396226,-0.026037753,1,0,0,4,0,0,0,0,2,3
1773769084575,945,0,55,1.625,64.81234,0.4181818,-0.015780449,1,0,0,4,0,0,0,0,2,3
1773769124737,958,0.1,13,0,63.4453,0,-0.4181818,1,0,0,4,0,0,0,30000,2,3
1773769142820,999,0,41,4.913,62.109,0.42592594,0.42592594,1,0,0,4,0,0,0,0,2,3
1773769176985,1052,0,53,2.979,60.87078,0.43396226,0.008036315,1,0,0,4,0,0,0,0,2,3
1773769199079,1105,0,53,3.674,59.697426,0.43396226,0,1,0,0,4,0,0,0,0,2,3
1773769221160,1157,0,52,3.251,58.59266,0.44230768,0.008345425,1,0,0,4,0,0,0,0,2,3
1773769255316,1208,0,51,7.758,57.517864,0.4509804,0.008672714,1,0,0,4,0,0,0,0,2,3
1773769277420,1259,0,51,6.186,56.50836,0.4509804,0,1,0,0,4,0,0,0,0,2,3
1773769317575,1309,0,50,3.189,55.56912,0.46,0.009019613,1,0,0,4,0,0,0,0,2,3
1773769339686,1360,0,51,3.555,54.672646,0.4509804,-0.009019613,1,0,0,4,0,0,0,0,2,3
1773769373845,1411,0,51,3.519,53.818306,0.4509804,0,1,0,0,4,0,0,0,0,2,3
1773769393945,1465,0,54,3.781,53.00118,0.42592594,-0.025054455,1,0,0,4,0,0,0,0,2,3
1773769416045,1521,0,56,4.525,52.21608,0.4107143,-0.015211642,1,0,0,4,0,0,0,0,2,3
1773769450207,1573,0,52,3.821,51.46846,0.44230768,0.031593382,1,0,0,4,0,0,0,0,2,3
1773769472313,1625,0,52,5.778,50.743008,0.44230768,0,1,0,0,4,0,0,0,0,2,3
1773769510444,1677,0,52,5.404,50.048874,0.44230768,0,1,0,0,4,0,0,0,0,2,3
1773769540586,1728,0,51,3.319,49.391815,0.4509804,0.008672714,1,0,0,4,0,0,0,0,2,3
1773769582789,1780,0,52,3.667,48.75826,0.44230768,-0.008672714,1,0,0,4,0,0,0,0,2,3
1773769602854,1830,0,50,4.542,48.14475,0.46,0.017692327,1,0,0,4,0,0,0,0,2,3
1773769647055,1882,0,52,6.208,47.548035,0.44230768,-0.017692327,1,0,0,4,0,0,0,0,2,3
1773769667144,1936,0,54,4.548,46.97851,0.42592594,-0.01638174,1,0,0,4,0,0,0,0,2,3
1773769687221,1986,0,50,8.073,46.419304,0.46,0.034074068,1,0,0,4,0,0,0,0,2,3
1773769721345,2037,0,51,6.822,45.88224,0.4509804,-0.009019613,1,0,0,4,0,0,0,0,2,3
1773769743421,2091,0,54,2.814,45.376633,0.42592594,-0.025054455,1,0,0,4,0,0,0,0,2,3
1773769777554,2143,0,52,3.326,44.885315,0.44230768,0.01638174,1,0,0,4,0,0,0,0,2,3
1773769797643,2194,0,51,3.856,44.407658,0.4509804,0.008672714,1,0,0,4,0,0,0,0,2,3
1773769831777,2244,0,50,4.086,43.944157,0.46,0.009019613,1,0,0,4,0,0,0,0,2,3
1773769867898,2294,0,50,2.221,43.50161,0.46,0,1,0,0,4,0,0,0,0,2,3
1773769904074,2344,0,50,1.763,43.07402,0.46,0,1,0,0,4,0,0,0,0,2,3
1773769924185,2395,0,51,2.044,42.65764,0.4509804,-0.009019613,1,0,0,4,0,0,0,0,2,3
1773769942281,2445,0,50,1.225,42.256332,0.46,0.009019613,1,0,0,4,0,0,0,0,2,3
1773769986606,2496,0,51,1.136,41.866467,0.4509804,-0.009019613,1,0,0,4,0,0,0,0,2,3
1773770018948,2548,0,52,3.503,41.47905,0.44230768,-0.008672714,1,0,0,4,0,0,0,0,2,3
1773770061270,2602,0,54,1.133,41.110115,0.42592594,-0.01638174,1,0,0,4,0,0,0,0,2,3
1773770083434,2657,0,55,1.063,40.751087,0.4181818,-0.0077441335,1,0,0,4,0,0,0,0,2,3
1773770119608,2709,0,52,2.952,40.395092,0.44230768,0.024125874,1,0,0,4,0,0,0,0,2,3
1773770141693,2762,0,53,1.514,40.052708,0.43396226,-0.008345425,1,0,0,4,0,0,0,0,2,3
1773770177900,2815,0,53,1.273,39.719696,0.43396226,0,1,0,0,4,0,0,0,0,2,3
1773770197997,2865,0,50,4.944,39.38543,0.46,0.026037753,1,0,0,4,0,0,0,0,2,3
1773770218073,2916,0,51,3.691,39.061954,0.4509804,-0.009019613,1,0,0,4,0,0,0,0,2,3
1773770260207,2969,0,53,2.448,38.7494,0.5471698,0.09618941,1,0,0,4,0,0,0,0,2,4
1773770306445,3023,0,54,2.844,38.4432,0.6481481,0.100978315,1,0,0,4,0,0,0,0,2,5
1773770376706,3073,0,50,3.856,38.141884,0.7,0.05185187,1,0,0,4,0,0,0,0,2,5
1773770438939,3123,0,50,3.908,37.84743,0.7,0,1,0,0,4,0,0,0,0,2,5
1773770505216,3176,0,53,24.98,37.885044,0.6603774,-0.039622605,1,0,0,4,0,0,0,0,2,5
1773770567498,3226,0,50,1.312,37.893223,0.7,0.039622605,1,0,0,4,0,0,0,0,2,5
1773770611644,3276,0,50,2.847,37.89525,0.7,0,1,0,0,4,0,0,0,0,2,5
1773770674059,3327,0,51,3.454,37.894756,0.6862745,-0.01372546,1,0,0,4,0,0,0,0,2,5
1773770746409,3378,0,51,6.238,3.6626801,0.6862745,0,1,0,0,4,0,0,0,0,2,5
1773770851276,3428,0,50,4.067,3.662559,0.7,0.01372546,1,0,0,4,0,0,0,0,2,5
1773770931565,3480,0,52,6.077,3.6677153,0.6730769,-0.02692306,1,0,0,4,0,0,0,0,2,5
1773770995844,3531,0,51,3.734,3.6660612,0.6862745,0.013197601,1,0,0,4,0,0,0,0,2,5
1773771058110,3581,0,50,1.626,3.6809525,0.7,0.01372546,1,0,0,4,0,0,0,0,2,5
1773771122402,3632,0,51,3.372,3.5857403,0.6862745,-0.01372546,1,0,0,4,0,0,0,0,2,5
1773771184645,3682,0,50,4.483,3.5858068,0.7,0.01372546,1,0,0,4,0,0,0,0,2,5
1773771252928,3732,0,50,3.006,3.5857916,0.7,0,1,0,0,4,0,0,0,0,2,5
1773771325267,3783,0,51,2.19,3.5917015,0.6862745,-0.01372546,1,0,0,4,0,0,0,0,2,5
1773771393527,3833,0,50,5.821,3.5592978,0.7,0.01372546,1,0,0,4,0,0,0,0,2,5
1773771475841,3884,0,51,1.245,3.5778677,0.6862745,-0.01372546,1,0,0,4,0,0,0,0,2,5
1773771546167,3934,0,50,1.523,3.4363797,0.7,0.01372546,1,0,0,4,0,0,0,0,2,5
1773771622520,3984,0,50,4.09,3.3991408,0.7,0,1,0,0,4,0,0,0,0,2,5
1773771674774,4000,0.1,16,0,3.379694,0,-0.7,1,0,0,4,0,0,0,30000,2,5
1773806723042,12,0.1,12,0,0,0,0,1,1,0,3,0,0,0,30000,3,0
1773806737097,56,0,44,1.225,0.6125,0,0,1,0,0,3,0,0,0,0,3,0
1773806757159,115,0,59,12.522,5.6364226,0,0,1,0,0,3,0,0,0,0,3,0
1773806799308,165,0,50,1.211,5.094904,0,0,1,0,0,3,0,0,0,0,3,0
1773806813334,217,0,52,19.544,7.7930474,0,0,1,0,0,3,0,0,0,0,3,0
1773806861514,276,0,59,11.573,7.3240733,0,0,1,0,0,3,0,0,0,0,3,0
1773806877549,337,0,61,3.301,6.9516935,0,0,1,0,0,3,0,0,0,0,3,0
1773806925752,387,0,50,3.769,6.592828,0,0,1,0,0,3,0,0,0,0,3,0
1773806945846,441,0,54,8.125,6.2331986,0,0,1,0,0,3,0,0,0,0,3,0
1773806994045,496,0,55,3.689,5.9868946,0,0,1,0,0,3,0,0,0,0,3,0
1773807010099,549,0,53,12.142,5.934563,0,0,1,0,0,3,0,0,0,0,3,0
1773807056325,579,0.1,30,0,6.0030823,0,0,1,0,0,3,0,0,0,30000,3,0
1773807060330,601,0,22,1.492,5.915478,0,0,1,0,0,3,0,0,0,0,3,0
1773807084440,652,0,51,11.432,5.8666625,0,0,1,0,0,3,0,0,0,0,3,0
1773807118613,670,0.1,18,0,5.890337,0,0,1,0,0,3,0,0,0,30000,3,0
1773807128660,716,0,46,2.692,5.759288,0,0,1,0,0,3,0,0,0,0,3,0
1773807152727,770,0,54,1.744,5.668043,0,0,1,0,0,3,0,0,0,0,3,0
1773807182844,832,0,62,3.407,5.53031,0,0,1,0,0,3,0,0,0,0,3,0
1773807208965,886,0,54,1.957,5.438613,0,0,1,0,0,3,0,0,0,0,3,0
1773807249124,948,0,62,1.417,5.36646,0,0,1,0,0,3,0,0,0,0,3,0
1773807259157,998,0,50,2.131,5.2741957,0,0,1,0,0,3,0,0,0,0,3,0
1773807269220,1051,0,53,3.629,5.1599727,0,0,1,0,0,3,0,0,0,0,3,0
1773807339605,1106,0,55,2.947,5.0616684,0,0,1,0,0,3,0,0,0,0,3,0
1773807355680,1162,0,56,19.793,5.792448,0,0,1,0,0,3,0,0,0,0,3,0
1773807385803,1162,0.35,0,0,5.7734346,0,0,1,0,0,3,0,0,0,30000,3,0
1773807407900,1216,0,54,2.704,5.6814637,0,0,1,0,0,3,0,0,0,0,3,0
1773807454122,1268,0,52,5.621,5.5761466,0,0,1,0,0,3,0,0,0,0,3,0
1773807474160,1321,0,53,11.739,5.61201,0,0,1,0,0,3,0,0,0,0,3,0
1773807532415,1371,0,50,3.265,5.5275135,0,0,1,0,0,3,0,0,0,0,3,0
1773807548490,1422,0,51,3.101,5.448643,0,0,1,0,0,3,0,0,0,0,3,0
1773807616818,1477,0,55,2.697,5.3783374,0,0,1,0,0,3,0,0,0,0,3,0
1773807661025,1527,0,50,1.802,5.3251114,0,0,1,0,0,3,0,0,0,0,3,0
1773807679084,1583,0,56,3.806,5.247942,0,0,1,0,0,3,0,0,0,0,3,0
1773807727328,1635,0,52,3.012,5.1809163,0,0,1,0,0,3,0,0,0,0,3,0
1773807749414,1690,0,55,3.235,5.1141334,0,0,1,0,0,3,0,0,0,0,3,0
1773807801659,1742,0,52,10.047,5.113655,0,0,1,0,0,3,0,0,0,0,3,0
1773807821734,1795,0,53,3.182,5.0528903,0,0,1,0,0,3,0,0,0,0,3,0
1773807869965,1846,0,51,2.85,4.9975147,0,0,1,0,0,3,0,0,0,0,3,0
1773807920161,1881,0.1,35,0,4.993848,0,0,1,0,0,3,0,0,0,30000,3,0
1773807930214,1906,0,25,24.342,5.7994237,0,0,1,0,0,3,0,0,0,0,3,0
1773807952329,1956,0,50,5.042,5.728379,0,0,1,0,0,3,0,0,0,0,3,0
1773808000530,2012,0,56,1.188,5.6939316,0,0,1,0,0,3,0,0,0,0,3,0
1773808050738,2069,0,57,3.161,5.6355186,0,0,1,0,0,3,0,0,0,0,3,0
1773808070831,2122,0,53,2.706,5.582799,0,0,1,0,0,3,0,0,0,0,3,0
1773808123027,2172,0,50,1.258,5.5489984,0,0,1,0,0,3,0,0,0,0,3,0
1773808151147,2226,0,54,13.441,5.6250553,0,0,1,0,0,3,0,0,0,0,3,0
1773808201334,2276,0,50,4.299,5.566321,0,0,1,0,0,3,0,0,0,0,3,0
1773808253554,2332,0,56,1.869,5.5279803,0,0,1,0,0,3,0,0,0,0,3,0
1773808281663,2386,0,54,3.679,5.474896,0,0,1,0,0,3,0,0,0,0,3,0
1773808319832,2395,0.1,9,0,5.465913,0,0,1,0,0,3,0,0,0,30000,3,0
1773808335918,2442,0,47,6.972,5.4192753,0,0,1,0,0,3,0,0,0,0,3,0
1773808386091,2497,0,55,16.482,5.593957,0,0,1,0,0,3,0,0,0,0,3,0
1773808408165,2548,0,51,7.025,5.546396,0,0,1,0,0,3,0,0,0,0,3,0
1773808454392,2598,0,50,1.935,5.5129485,0,0,1,0,0,3,0,0,0,0,3,0
1773808472489,2653,0,55,4.443,5.4635105,0,0,1,0,0,3,0,0,0,0,3,0
1773808522689,2704,0,51,9.42,5.4436107,0,0,1,0,0,3,0,0,0,0,3,0
1773808533298,2754,0,50,1.058,5.423659,0,0,1,0,0,3,0,0,0,0,3,0
1773808581527,2795,0.1,41,0,5.4187756,0,0,1,0,0,3,0,0,0,30000,3,0
1773808597563,2814,0,19,2.312,5.3845963,0,0,1,0,0,3,0,0,0,0,3,0
1773808613635,2867,0,53,6.558,5.3430653,0,0,1,0,0,3,0,0,0,0,3,0
1773808657831,2923,0,56,3.425,5.303187,0,0,1,0,0,3,0,0,0,0,3,0
1773808679927,2977,0,54,5.507,5.2605753,0,0,1,0,0,3,0,0,0,0,3,0
1773808722080,3031,0,54,1.231,5.240408,0,0,1,0,0,3,0,0,0,0,3,0
1773808732094,3084,0,53,48.755,7.516481,0,0,1,0,0,3,0,0,0,0,3,0
1773808786313,3137,0,53,2.365,7.4942927,0,0,1,0,0,3,0,0,0,0,3,0
1773808814424,3196,0,59,4.284,7.4752827,0,0,1,0,0,3,0,0,0,0,3,0
1773808862616,3248,0,52,10.509,7.4509406,0,0,1,0,0,3,0,0,0,0,3,0
1773808914864,3305,0,57,1.816,7.4455905,0,0,1,0,0,3,0,0,0,0,3,0
1773808932900,3355,0,50,4.857,7.2398815,0,0,1,0,0,3,0,0,0,0,3,0
1773808975047,3400,0.1,45,0,7.230555,0,0,1,0,0,3,0,0,0,30000,3,0
1773808979073,3407,0,7,35.451,8.133113,0,0,1,0,0,3,0,0,0,0,3,0
1773808995146,3464,0,57,1.052,8.150807,0,0,1,0,0,3,0,0,0,0,3,0
1773809047380,3519,0,55,5.951,8.145505,0,0,1,0,0,3,0,0,0,0,3,0
1773809067458,3571,0,52,1.137,8.16172,0,0,1,0,0,3,0,0,0,0,3,0
1773809115664,3626,0,55,6.988,8.123185,0,0,1,0,0,3,0,0,0,0,3,0
1773809137703,3679,0,53,42.859,9.311322,0,0,1,0,0,3,0,0,0,0,3,0
1773809183854,3733,0,54,1.376,9.312268,0,0,1,0,0,3,0,0,0,0,3,0
1773809205924,3784,0,51,10.153,9.302594,0,0,1,0,0,3,0,0,0,0,3,0
1773809244072,3806,0.1,22,0,9.302593,0,0,1,0,0,3,0,0,0,30000,3,0
1773809248095,3834,0,28,1.404,9.311715,0,0,1,0,0,3,0,0,0,0,3,0
1773809264159,3886,0,52,3.198,9.302448,0,0,1,0,0,3,0,0,0,0,3,0
1773809324364,3939,0,53,3.512,9.30195,0,0,1,0,0,3,0,0,0,0,3,0
1773809378556,3998,0,59,7.612,9.287309,0,0,1,0,0,3,0,0,0,0,3,0
1773809392613,4052,0,54,3.475,9.273661,0,0,1,0,0,3,0,0,0,0,3,0
1773809410695,4103,0,51,4.835,9.26026,0,0,1,0,0,3,0,0,0,0,3,0
1773809456895,4154,0,51,2.946,9.263889,0,0,1,0,0,3,0,0,0,0,3,0
1773809491023,4204,0,50,2.875,9.2643175,0,0,1,0,0,3,0,0,0,0,3,0
1773809511088,4254,0,50,24.24,9.380221,0.08,0.08,1,0,0,3,0,0,0,0,3,1
1773809527133,4317,0,63,12.187,9.370011,0.15873016,0.078730166,1,0,0,3,0,0,0,0,3,2
1773809541183,4367,0,50,6.055,9.356936,0.2,0.04126984,1,0,0,3,0,0,0,0,3,2
1773809569296,4418,0,51,2.364,9.37175,0.19607843,-0.0039215684,1,0,0,3,0,0,0,0,3,2
1773809591364,4471,0,53,8.907,9.35449,0.18867925,-0.0073991865,1,0,0,3,0,0,0,0,3,2
1773809607434,4521,0,50,13.67,9.384639,0.2,0.011320755,1,0,0,3,0,0,0,0,3,2
1773809639582,4574,0,53,2.264,9.390384,0.18867925,-0.011320755,1,0,0,3,0,0,0,0,3,2
1773809649630,4629,0,55,3.139,9.387526,0.18181819,-0.006861061,1,0,0,3,0,0,0,0,3,2
1773809659677,4680,0,51,2.802,9.380014,0.19607843,0.014260247,1,0,0,3,0,0,0,0,3,2
1773809711834,4734,0,54,4.362,9.377475,0.18518518,-0.0108932555,1,0,0,3,0,0,0,0,3,2
1773809727922,4785,0,51,8.352,9.366889,0.19607843,0.0108932555,1,0,0,3,0,0,0,0,3,2
1773809739969,4842,0,57,1.343,9.381426,0.1754386,-0.020639837,1,0,0,3,0,0,0,0,3,2
1773809774124,4861,0.1,19,0,9.411185,0,-0.1754386,1,0,0,3,0,0,0,30000,3,2
1773809782138,4894,0,33,3.77,9.408008,0.1923077,0.1923077,1,0,0,3,0,0,0,0,3,2
1773809800230,4945,0,51,5.798,9.396079,0.19607843,0.0037707388,1,0,0,3,0,0,0,0,3,2
1773809826297,4997,0,52,3.781,9.365089,0.1923077,-0.0037707388,1,0,0,3,0,0,0,0,3,2
1773809842353,5054,0,57,3.28,9.110914,0.1754386,-0.016869098,1,0,0,3,0,0,0,0,3,2
1773809858428,5107,0,53,5.249,9.110429,0.18867925,0.01324065,1,0,0,3,0,0,0,0,3,2
1773809886589,5159,0,52,2.819,9.097765,0.1923077,0.0036284477,1,0,0,3,0,0,0,0,3,2
1773809908685,5214,0,55,5.799,9.088333,0.18181819,-0.0104895085,1,0,0,3,0,0,0,0,3,2
1773809918717,5269,0,55,2.209,9.091852,0.18181819,0,1,0,0,3,0,0,0,0,3,2
1773809940815,5328,0,59,3.609,9.075035,0.16949153,-0.012326658,1,0,0,3,0,0,0,0,3,2
1773809962921,5380,0,52,75.17,12.415355,0.1923077,0.022816166,1,0,0,3,0,0,0,0,3,2
1773809989029,5430,0,50,1.591,12.431051,0.2,0.0076923072,1,0,0,3,0,0,0,0,3,2
1773810009137,5481,0,51,2.042,12.429839,0.19607843,-0.0039215684,1,0,0,3,0,0,0,0,3,2
1773810041265,5533,0,52,9.566,12.422741,0.1923077,-0.0037707388,1,0,0,3,0,0,0,0,3,2
1773810055308,5588,0,55,3.818,12.395106,0.18181819,-0.0104895085,1,0,0,3,0,0,0,0,3,2
1773810065331,5642,0,54,2.183,12.413639,0.18518518,0.0033669919,1,0,0,3,0,0,0,0,3,2
1773810075371,5693,0,51,2.002,12.381828,0.19607843,0.0108932555,1,0,0,3,0,0,0,0,3,2
1773810107504,5747,0,54,5.994,12.382959,0.18518518,-0.0108932555,1,0,0,3,0,0,0,0,3,2
1773810121556,5798,0,51,11.423,12.373798,0.19607843,0.0108932555,1,0,0,3,0,0,0,0,3,2
1773810133594,5853,0,55,2.994,12.380728,0.18181819,-0.014260247,1,0,0,3,0,0,0,0,3,2
1773810179774,5906,0,53,3.455,12.388338,0.18867925,0.006861061,1,0,0,3,0,0,0,0,3,2
1773810207891,5956,0,50,5.092,12.366139,0.2,0.011320755,1,0,0,3,0,0,0,0,3,2
1773810248043,6008,0,52,3.636,12.34004,0.1923077,-0.0076923072,1,0,0,3,0,0,0,0,3,2
1773810270126,6060,0,52,17.234,12.380303,0.1923077,0,1,0,0,3,0,0,0,0,3,2
1773810298247,6112,0,52,3.19,12.392432,0.1923077,0,1,0,0,3,0,0,0,0,3,2
1773810314319,6175,0,63,2.068,12.400889,0.15873016,-0.03357753,1,0,0,3,0,0,0,0,3,2
1773810324367,6227,0,52,3.186,12.410584,0.1923077,0.03357753,1,0,0,3,0,0,0,0,3,2
1773810334415,6280,0,53,1.287,12.410135,0.18867925,-0.0036284477,1,0,0,3,0,0,0,0,3,2
1773810370575,6332,0,52,7.58,11.277946,0.1923077,0.0036284477,1,0,0,3,0,0,0,0,3,2
1773810384630,6384,0,52,3.617,11.270968,0.1923077,0,1,0,0,3,0,0,0,0,3,2
1773810406692,6435,0,51,14.288,11.30124,0.19607843,0.0037707388,1,0,0,3,0,0,0,0,3,2
1773810446858,6491,0,56,2.953,11.305297,0.17857143,-0.017507002,1,0,0,3,0,0,0,0,3,2
1773810468934,6549,0,58,1.48,11.30781,0.1724138,-0.0061576366,1,0,0,3,0,0,0,0,3,2
1773810503062,6567,0.1,18,0,11.338565,0,-0.1724138,1,0,0,3,0,0,0,30000,3,2
1773810513096,6600,0,33,3.775,11.311891,0.19607843,0.19607843,1,0,0,3,0,0,0,0,3,2
1773810535193,6653,0,53,2.458,10.742769,0.18867925,-0.0073991865,1,0,0,3,0,0,0,0,3,2
1773810561295,6708,0,55,2.389,10.733406,0.18181819,-0.006861061,1,0,0,3,0,0,0,0,3,2
1773810579339,6763,0,55,3.554,10.739589,0.18181819,0,1,0,0,3,0,0,0,0,3,2
1773810597418,6815,0,52,5.933,10.718575,0.1923077,0.0104895085,1,0,0,3,0,0,0,0,3,2
1773810635563,6846,0.1,31,0,10.749423,0,-0.1923077,1,0,0,3,0,0,0,30000,3,2
1773810641602,6873,0,27,8.369,9.727695,0.1724138,0.1724138,1,0,0,3,0,0,0,0,3,2
1773810665688,6924,0,51,16.278,9.793955,0.19607843,0.023664638,1,0,0,3,0,0,0,0,3,2
1773810691798,6982,0,58,41.264,10.709107,0.1724138,-0.023664638,1,0,0,3,0,0,0,0,3,2
1773810715895,7038,0,56,1.433,10.696667,0.17857143,0.0061576366,1,0,0,3,0,0,0,0,3,2
1773810727932,7091,0,53,2.965,10.686397,0.18867925,0.010107815,1,0,0,3,0,0,0,0,3,2
1773810774159,7142,0,51,13.085,10.70612,0.19607843,0.0073991865,1,0,0,3,0,0,0,0,3,2
1773810796242,7201,0,59,5.448,10.6993685,0.16949153,-0.026586905,1,0,0,3,0,0,0,0,3,2
1773810840408,7254,0,53,3.572,10.7067995,0.18867925,0.019187719,1,0,0,3,0,0,0,0,3,2
1773810856483,7306,0,52,10.39,10.707385,0.1923077,0.0036284477,1,0,0,3,0,0,0,0,3,2
1773810906640,7360,0,54,3.629,10.712114,0.18518518,-0.0071225166,1,0,0,3,0,0,0,0,3,2
1773810928711,7414,0,54,1.535,10.721697,0.18518518,0,1,0,0,3,0,0,0,0,3,2
1773810966870,7428,0.1,14,0,10.744412,0,-0.18518518,1,0,0,3,0,0,0,30000,3,2
1773810976900,7466,0,38,1.996,10.533726,0.1923077,0.1923077,1,0,0,3,0,0,0,0,3,2
1773810992984,7518,0,52,8.47,10.512409,0.1923077,0,1,0,0,3,0,0,0,0,3,2
1773811039174,7575,0,57,3.625,10.518106,0.1754386,-0.016869098,1,0,0,3,0,0,0,0,3,2
1773811057253,7627,0,52,4.457,10.508759,0.1923077,0.016869098,1,0,0,3,0,0,0,0,3,2
1773811103444,7686,0,59,4.207,10.5076275,0.16949153,-0.022816166,1,0,0,3,0,0,0,0,3,2
1773811121496,7739,0,53,10.911,10.483172,0.18867925,0.019187719,1,0,0,3,0,0,0,0,3,2
1773811169723,7791,0,52,3.216,10.4780855,0.1923077,0.0036284477,1,0,0,3,0,0,0,0,3,2
1773811179753,7842,0,51,1.888,10.485188,0.19607843,0.0037707388,1,0,0,3,0,0,0,0,3,2
1773811189794,7893,0,51,4.619,10.478106,0.19607843,0,1,0,0,3,0,0,0,0,3,2
1773811203857,7945,0,52,7.516,10.476109,0.1923077,-0.0037707388,1,0,0,3,0,0,0,0,3,2
1773811246051,8004,0,59,26.626,10.770637,0.16949153,-0.022816166,1,0,0,3,0,0,0,0,3,2
1773811256088,8059,0,55,1.654,10.7683,0.18181819,0.012326658,1,0,0,3,0,0,0,0,3,2
1773811266121,8112,0,53,2.84,10.746517,0.18867925,0.006861061,1,0,0,3,0,0,0,0,3,2
1773811308288,8162,0,50,8.383,10.74194,0.2,0.011320755,1,0,0,3,0,0,0,0,3,2
1773811330373,8214,0,52,5.705,10.742082,0.1923077,-0.0076923072,1,0,0,3,0,0,0,0,3,2
1773811364505,8227,0.1,13,0,10.768849,0,-0.1923077,1,0,0,3,0,0,0,30000,3,2
1773811372526,8269,0,42,7.021,10.76009,0.18181819,0.18181819,1,0,0,3,0,0,0,0,3,2
1773811396606,8339,0,70,4.094,10.763634,0.14285715,-0.038961038,1,0,0,3,0,0,0,0,3,2
1773811432766,8362,0.1,23,0,10.785476,0,-0.14285715,1,0,0,3,0,0,0,30000,3,2
1773811438794,8394,0,32,9.918,10.792011,0.18181819,0.18181819,1,0,0,3,0,0,0,0,3,2
1773811462922,8461,0,67,2.894,10.787796,0.14925373,-0.03256446,1,0,0,3,0,0,0,0,3,2
1773811487035,8515,0,54,3.98,10.786177,0.18518518,0.035931453,1,0,0,3,0,0,0,0,3,2
1773811503095,8570,0,55,3.021,6.5024433,0.18181819,-0.0033669919,1,0,0,3,0,0,0,0,3,2
1773811515172,8621,0,51,3.405,6.488477,0.19607843,0.014260247,1,0,0,3,0,0,0,0,3,2
1773811527211,8673,0,52,2.939,6.4814987,0.1923077,-0.0037707388,1,0,0,3,0,0,0,0,3,2
1773811565373,8705,0.1,32,0,6.501507,0,-0.1923077,1,0,0,3,0,0,0,30000,3,2
1773811569391,8731,0,26,2.241,6.5111084,0.1724138,0.1724138,1,0,0,3,0,0,0,0,3,2
1773811587481,8782,0,51,6.326,6.497867,0.19607843,0.023664638,1,0,0,3,0,0,0,0,3,2
1773811635685,8834,0,52,2.546,6.4934874,0.1923077,-0.0037707388,1,0,0,3,0,0,0,0,3,2
1773811647727,8886,0,52,3.792,6.4972773,0.1923077,0,1,0,0,3,0,0,0,0,3,2
1773811709970,8948,0,62,5.226,6.4556923,0.16129032,-0.031017378,1,0,0,3,0,0,0,0,3,2
1773811734068,8998,0,50,1.059,6.471844,0.26,0.09870967,1,0,0,3,0,0,0,0,3,3
1773811780277,9053,0,55,3.19,6.473212,0.23636363,-0.023636356,1,0,0,3,0,0,0,0,3,3
1773811792295,9108,0,55,2.284,6.4850645,0.23636363,0,1,0,0,3,0,0,0,0,3,3
1773811830452,9141,0.1,33,0,6.516263,0,-0.23636363,1,0,0,3,0,0,0,30000,3,3
1773811840483,9162,0,21,6.684,6.3449783,0.24074075,0.24074075,1,0,0,3,0,0,0,0,3,3
1773811850511,9218,0,56,1.282,6.3587956,0.23214285,-0.0085978955,1,0,0,3,0,0,0,0,3,3
1773811866549,9270,0,52,2.991,6.3527985,0.25,0.01785715,1,0,0,3,0,0,0,0,3,3
1773811896650,9270,0.35,0,0,6.3806458,0,-0.25,1,0,0,3,0,0,0,30000,3,3
1773811914711,9322,0,52,4.163,6.3635306,0.25,0.25,1,0,0,3,0,0,0,0,3,3
1773811962863,9363,0.1,41,0,6.388148,0,-0.25,1,0,0,3,0,0,0,30000,3,3
1773811970899,9373,0,10,3.434,6.38883,0.25490198,0.25490198,1,0,0,3,0,0,0,0,3,3
1773811988975,9425,0,52,1.735,6.294297,0.25,-0.0049019754,1,0,0,3,0,0,0,0,3,3
1773812029102,9446,0.1,21,0,6.318862,0,-0.25,1,0,0,3,0,0,0,30000,3,3
1773812039131,9476,0,30,2.92,6.3095183,0.25490198,0.25490198,1,0,0,3,0,0,0,0,3,3
1773812059191,9526,0,50,1.701,6.292661,0.26,0.005098015,1,0,0,3,0,0,0,0,3,3
1773812095343,9542,0.1,16,0,6.320187,0,-0.26,1,0,0,3,0,0,0,30000,3,3
1773812113434,9580,0,38,2.251,6.321439,0.24074075,0.24074075,1,0,0,3,0,0,0,0,3,3
1773812171690,9638,0,58,3.897,6.3152237,0.22413793,-0.016602814,1,0,0,3,0,0,0,0,3,3
1773812181721,9688,0,50,1.868,6.323967,0.26,0.03586206,1,0,0,3,0,0,0,0,3,3
1773812227911,9731,0.1,43,0,6.3500376,0,-0.26,1,0,0,3,0,0,0,30000,3,3
1773812235926,9742,0,11,4.078,6.3229356,0.24074075,0.24074075,1,0,0,3,0,0,0,0,3,3
1773812253979,9795,0,53,8.526,6.324363,0.24528302,0.0045422763,1,0,0,3,0,0,0,0,3,3
1773812292137,9836,0.1,41,0,6.1820936,0,-0.24528302,1,0,0,3,0,0,0,30000,3,3
1773812302183,9847,0,11,1.602,4.106613,0.25,0.25,1,0,0,3,0,0,0,0,3,3
1773812312233,9907,0,60,6.527,4.1075025,0.21666667,-0.03333333,1,0,0,3,0,0,0,0,3,3
1773812330303,9958,0,51,3.825,4.105586,0.25490198,0.038235307,1,0,0,3,0,0,0,0,3,3
1773812360444,9958,0.35,0,0,3.9710479,0,-0.25490198,1,0,0,3,0,0,0,30000,3,3
1773812380500,10014,0,56,3.689,3.9655123,0.23214285,0.23214285,1,0,0,3,0,0,0,0,3,3
1773812426680,10044,0.1,30,0,3.9927456,0,-0.23214285,1,0,0,3,0,0,0,30000,3,3
1773812438725,10071,0,27,1.516,3.9112525,0.22807017,0.22807017,1,0,0,3,0,0,0,0,3,3
1773812456759,10121,0,50,3.786,3.9113443,0.26,0.03192982,1,0,0,3,0,0,0,0,3,3
1773812492922,10134,0.1,13,0,3.9283786,0,-0.26,1,0,0,3,0,0,0,30000,3,3
1773812506962,10180,0,46,1.173,3.914534,0.22033899,0.22033899,1,0,0,3,0,0,0,0,3,3
1773812516989,10234,0,54,4.292,3.9105747,0.24074075,0.020401761,1,0,0,3,0,0,0,0,3,3
1773812575203,10286,0,52,3.136,3.8623028,0.25,0.009259254,1,0,0,3,0,0,0,0,3,3
1773812591243,10337,0,51,3.977,3.8627126,0.25490198,0.0049019754,1,0,0,3,0,0,0,0,3,3
1773812625400,10354,0.1,17,0,3.8852272,0,-0.25490198,1,0,0,3,0,0,0,30000,3,3
1773812643484,10406,0,52,1.581,3.8908377,0.1884058,0.1884058,1,0,0,3,0,0,0,0,3,3
1773812653514,10458,0,52,4.238,3.7760174,0.25,0.061594203,1,0,0,3,0,0,0,0,3,3
1773812705689,10513,0,55,3.469,3.7760596,0.23636363,-0.0136363655,1,0,0,3,0,0,0,0,3,3
1773812725724,10567,0,54,1.422,3.7792313,0.24074075,0.004377112,1,0,0,3,0,0,0,0,3,3
1773812757847,10574,0.1,7,0,3.7973676,0,-0.24074075,1,0,0,3,0,0,0,30000,3,3
1773812781931,10624,0,50,3.272,3.7587204,0.22807017,0.22807017,1,0,0,3,0,0,0,0,3,3
1773812793982,10675,0,51,2.912,2.3209894,0.25490198,0.026831806,1,0,0,3,0,0,0,0,3,3
1773812842151,10733,0,58,1.957,2.3189785,0.22413793,-0.030764043,1,0,0,3,0,0,0,0,3,3
1773812898358,10787,0,54,2.883,2.318998,0.24074075,0.016602814,1,0,0,3,0,0,0,0,3,3
1773812910418,10844,0,57,8.405,2.3198283,0.22807017,-0.012670577,1,0,0,3,0,0,0,0,3,3
1773812956589,10881,0.1,37,0,2.315874,0,-0.22807017,1,0,0,3,0,0,0,30000,3,3
1773812966614,10903,0,22,3.451,2.2923174,0.22033899,0.22033899,1,0,0,3,0,0,0,0,3,3
1773812986698,10955,0,52,15.447,2.7329376,0.25,0.029661015,1,0,0,3,0,0,0,0,3,3
1773813022853,10972,0.1,17,0,2.7518713,0,-0.25,1,0,0,3,0,0,0,30000,3,3
1773813034899,11014,0,42,1.701,2.7325885,0.22033899,0.22033899,1,0,0,3,0,0,0,0,3,3
1773813052969,11065,0,51,3.958,2.5879712,0.25490198,0.03456299,1,0,0,3,0,0,0,0,3,3
1773813089122,11077,0.1,12,0,2.6104236,0,-0.25490198,1,0,0,3,0,0,0,30000,3,3
1773813109198,11115,0,38,4.415,2.6142724,0.26,0.26,1,0,0,3,0,0,0,0,3,3
1773813155402,11153,0.1,38,0,2.6356294,0,-0.26,1,0,0,3,0,0,0,30000,3,3
1773813159421,11167,0,14,3.913,2.6385803,0.25,0.25,1,0,0,3,0,0,0,0,3,3
1773813175510,11217,0,50,10.215,2.7990525,0.26,0.00999999,1,0,0,3,0,0,0,0,3,3
1773813221722,11256,0.1,39,0,2.7990525,0,-0.26,1,0,0,3,0,0,0,30000,3,3
1773813227887,11273,0,17,2.855,2.7981849,0.23214285,0.23214285,1,0,0,3,0,0,0,0,3,3
1773813255975,11326,0,53,3.845,2.7661502,0.24528302,0.013140172,1,0,0,3,0,0,0,0,3,3
1773813286090,11326,0.35,0,0,2.7872696,0,-0.24528302,1,0,0,3,0,0,0,30000,3,3
1773813310155,11382,0,56,1.927,2.785734,0.23214285,0.23214285,1,0,0,3,0,0,0,0,3,3
1773813356392,11423,0.1,41,0,2.7870312,0,-0.23214285,1,0,0,3,0,0,0,30000,3,3
1773813364422,11437,0,14,2.942,2.780366,0.23636363,0.23636363,1,0,0,3,0,0,0,0,3,3
1773813378493,11489,0,52,2.939,2.7797725,0.25,0.0136363655,1,0,0,3,0,0,0,0,3,3
1773813422695,11510,0.1,21,0,2.7987356,0,-0.25,1,0,0,3,0,0,0,30000,3,3
1773813438747,11543,0,33,3.18,2.780191,0.24074075,0.24074075,1,0,0,3,0,0,0,0,3,3
1773813458843,11594,0,51,4.433,2.7429996,0.25490198,0.014161229,1,0,0,3,0,0,0,0,3,3
1773813488993,11594,0.35,0,0,2.7573466,0,-0.25490198,1,0,0,3,0,0,0,30000,3,3
1773813507084,11649,0,55,2.39,2.7570245,0.23636363,0.23636363,1,0,0,3,0,0,0,0,3,3
1773813555260,11703,0,54,5.76,2.7649672,0.24074075,0.004377112,1,0,0,3,0,0,0,0,3,3
1773813571298,11762,0,59,1.301,2.763786,0.22033899,-0.020401761,1,0,0,3,0,0,0,0,3,3
1773813587331,11814,0,52,4.744,2.7556832,0.25,0.029661015,1,0,0,3,0,0,0,0,3,3
1773813619468,11819,0.1,5,0,2.774446,0,-0.25,1,0,0,3,0,0,0,30000,3,3
1773813633513,11864,0,45,64.151,8.112897,0.26,0.26,1,0,0,3,0,0,0,0,3,3
1773813687705,11927,0,63,3.492,8.100018,0.20634921,-0.05365078,1,0,0,3,0,0,0,0,3,3
1773813707765,11980,0,53,16.886,8.262905,0.24528302,0.038933814,1,0,0,3,0,0,0,0,3,3
1773813751939,12027,0.1,47,0,8.272681,0,-0.24528302,1,0,0,3,0,0,0,30000,3,3
1773813761978,12040,0,13,68.977,11.543673,0.21666667,0.21666667,1,0,0,3,0,0,0,0,3,3
1773813782059,12090,0,50,3.815,11.539575,0.26,0.04333332,1,0,0,3,0,0,0,0,3,3
1773813830284,12156,0,66,1.455,11.54713,0.1969697,-0.06303029,1,0,0,3,0,0,0,0,3,3
1773813840310,12207,0,51,1.937,11.546846,0.25490198,0.057932273,1,0,0,3,0,0,0,0,3,3
1773813854356,12262,0,55,2.013,11.536074,0.23636363,-0.01853834,1,0,0,3,0,0,0,0,3,3
1773813900534,12312,0,50,11.068,11.560127,0.26,0.023636356,1,0,0,3,0,0,0,0,3,3
1773813918588,12371,0,59,5.165,11.552005,0.22033899,-0.039661005,1,0,0,3,0,0,0,0,3,3
1773813966831,12426,0,55,2.479,11.539216,0.23636363,0.01602465,1,0,0,3,0,0,0,0,3,3
1773814019047,12479,0,53,1.325,11.540568,0.24528302,0.008919388,1,0,0,3,0,0,0,0,3,3
1773814039116,12529,0,50,30.65,11.968137,0.26,0.014716968,1,0,0,3,0,0,0,0,3,3
1773814085283,12583,0,54,11.495,11.989717,0.24074075,-0.019259244,1,0,0,3,0,0,0,0,3,3
1773814101320,12641,0,58,8.065,11.972957,0.22413793,-0.016602814,1,0,0,3,0,0,0,0,3,3
1773814153544,12703,0,62,3.94,11.9723425,0.20967741,-0.014460519,1,0,0,3,0,0,0,0,3,3
1773814177639,12768,0,65,2.54,11.957605,0.2,-0.00967741,1,0,0,3,0,0,0,0,3,3
1773814231922,12819,0,51,15.297,12.003728,0.25490198,0.054901972,1,0,0,3,0,0,0,0,3,3
1773814247994,12870,0,51,3.087,12.006008,0.25490198,0,1,0,0,3,0,0,0,0,3,3
1773814298184,12925,0,55,4.193,11.984853,0.23636363,-0.01853834,1,0,0,3,0,0,0,0,3,3
1773814314248,12978,0,53,4.172,11.971734,0.24528302,0.008919388,1,0,0,3,0,0,0,0,3,3
1773814360439,13033,0,55,1.333,11.984139,0.23636363,-0.008919388,1,0,0,3,0,0,0,0,3,3
1773814382513,13084,0,51,3.331,11.983437,0.25490198,0.01853834,1,0,0,3,0,0,0,0,3,3
1773814436728,13137,0,53,1.54,11.9936905,0.24528302,-0.009618953,1,0,0,3,0,0,0,0,3,3
1773814484926,13187,0,50,3.395,11.9746685,0.26,0.014716968,1,0,0,3,0,0,0,0,3,3
1773814496952,13237,0,50,2.297,11.97085,0.26,0,1,0,0,3,0,0,0,0,3,3
1773814513011,13288,0,51,4.614,11.970059,0.25490198,-0.005098015,1,0,0,3,0,0,0,0,3,3
1773814549165,13302,0.1,14,0,11.98941,0,-0.25490198,1,0,0,3,0,0,0,30000,3,3
1773814559194,13339,0,37,21.496,12.127739,0.25490198,0.25490198,1,0,0,3,0,0,0,0,3,3
1773814577289,13390,0,51,5.868,12.101936,0.25490198,0,1,0,0,3,0,0,0,0,3,3
1773814617481,13403,0.1,13,0,12.121892,0,-0.25490198,1,0,0,3,0,0,0,30000,3,3
1773814635529,13443,0,40,4.072,12.11762,0.24528302,0.24528302,1,0,0,3,0,0,0,0,3,3
1773814681706,13487,0.1,44,0,12.131146,0,-0.24528302,1,0,0,3,0,0,0,30000,3,3
1773814691730,13496,0,9,19.53,12.232581,0.24528302,0.24528302,1,0,0,3,0,0,0,0,3,3
1773814705772,13546,0,50,10.394,12.23969,0.26,0.014716968,1,0,0,3,0,0,0,0,3,3
1773814756026,13597,0,51,3.234,12.2189245,0.25490198,-0.005098015,1,0,0,3,0,0,0,0,3,3
1773814776091,13647,0,50,8.236,12.213654,0.26,0.005098015,1,0,0,3,0,0,0,0,3,3
1773814814256,13678,0.1,31,0,12.191858,0,-0.26,1,0,0,3,0,0,0,30000,3,3
1773814830292,13704,0,26,3.647,12.169842,0.22807017,0.22807017,1,0,0,3,0,0,0,0,3,3
1773814882470,13764,0,60,2.554,12.164985,0.21666667,-0.011403501,1,0,0,3,0,0,0,0,3,3
1773814906549,13814,0,50,11.254,12.174142,0.26,0.04333332,1,0,0,3,0,0,0,0,3,3
1773814950727,13864,0,50,4.72,12.147685,0.26,0,1,0,0,3,0,0,0,0,3,3
1773814974826,13928,0,64,4.839,12.146523,0.203125,-0.05687499,1,0,0,3,0,0,0,0,3,3
1773815023018,13991,0,63,3.764,12.122714,0.20634921,0.003224209,1,0,0,3,0,0,0,0,3,3
1773815047133,14041,0,50,5.951,12.117698,0.26,0.05365078,1,0,0,3,0,0,0,0,3,3
1773815097373,14095,0,54,4.024,12.115211,0.24074075,-0.019259244,1,0,0,3,0,0,0,0,3,3
1773815107399,14146,0,51,105.122,17.162199,0.25490198,0.014161229,1,0,0,3,0,0,0,0,3,3
1773815145578,14157,0.1,11,0,17.180262,0,-0.25490198,1,0,0,3,0,0,0,30000,3,3
1773815171705,14208,0,51,2.88,17.184637,0.20967741,0.20967741,1,0,0,3,0,0,0,0,3,3
1773815211859,14232,0.1,24,0,17.184639,0,-0.20967741,1,0,0,3,0,0,0,30000,3,3
1773815227921,14262,0,30,11.251,17.169147,0.24074075,0.24074075,1,0,0,3,0,0,0,0,3,3
1773815278081,14303,0.1,41,0,17.169147,0,-0.24074075,1,0,0,3,0,0,0,30000,3,3
1773815280090,14314,0,11,3.494,17.166496,0.25,0.25,1,0,0,3,0,0,0,0,3,3
1773815294132,14373,0,59,2.803,17.167192,0.22033899,-0.029661015,1,0,0,3,0,0,0,0,3,3
1773815314213,14423,0,50,3.325,17.146425,0.26,0.039661005,1,0,0,3,0,0,0,0,3,3
1773815356382,14474,0,51,5.724,17.136887,0.25490198,-0.005098015,1,0,0,3,0,0,0,0,3,3
1773815366455,14529,0,55,3.134,17.142563,0.23636363,-0.01853834,1,0,0,3,0,0,0,0,3,3
1773815378502,14584,0,55,5.599,17.112885,0.23636363,0,1,0,0,3,0,0,0,0,3,3
1773815426677,14636,0,52,7.55,17.09533,0.25,0.0136363655,1,0,0,3,0,0,0,0,3,3
1773815440704,14689,0,53,11.131,17.093708,0.24528302,-0.0047169775,1,0,0,3,0,0,0,0,3,3
1773815484889,14739,0,50,3.546,17.080544,0.26,0.014716968,1,0,0,3,0,0,0,0,3,3
1773815498930,14792,0,53,1.46,17.097736,0.24528302,-0.014716968,1,0,0,3,0,0,0,0,3,3
1773815545171,14844,0,52,7.543,17.06262,0.25,0.0047169775,1,0,0,3,0,0,0,0,3,3
1773815567273,14894,0,50,3.241,15.590603,0.26,0.00999999,1,0,0,3,0,0,0,0,3,3
1773815615477,14945,0,51,3.568,15.590265,0.25490198,-0.005098015,1,0,0,3,0,0,0,0,3,3
1773815641562,14999,0,54,2.833,15.56207,0.24074075,-0.014161229,1,0,0,3,0,0,0,0,3,3
1773815689794,15055,0,56,1.886,15.549146,0.23214285,-0.0085978955,1,0,0,3,0,0,0,0,3,3
1773815744006,15111,0,56,3.73,13.5083,0.23214285,0,1,0,0,3,0,0,0,0,3,3
1773815766096,15168,0,57,3.208,13.510573,0.22807017,-0.004072681,1,0,0,3,0,0,0,0,3,3
1773815818286,15222,0,54,2.228,13.506181,0.24074075,0.012670577,1,0,0,3,0,0,0,0,3,3
1773815834346,15272,0,50,4.08,13.496829,0.26,0.019259244,1,0,0,3,0,0,0,0,3,3
1773815882532,15324,0,52,4.622,13.486259,0.25,-0.00999999,1,0,0,3,0,0,0,0,3,3
1773815902621,15375,0,51,3.877,13.480489,0.25490198,0.0049019754,1,0,0,3,0,0,0,0,3,3
1773815942810,15404,0.1,29,0,13.50502,0,-0.25490198,1,0,0,3,0,0,0,30000,3,3
1773815954842,15429,0,25,4.423,13.497805,0.24074075,0.24074075,1,0,0,3,0,0,0,0,3,3
1773815976918,15480,0,51,9.473,13.485172,0.25490198,0.014161229,1,0,0,3,0,0,0,0,3,3
1773816029132,15530,0,50,3.234,13.152115,0.26,0.005098015,1,0,0,3,0,0,0,0,3,3
1773816079366,15580,0,50,3.374,13.141252,0.26,0,1,0,0,3,0,0,0,0,3,3
1773816093438,15630,0,50,2.463,13.147497,0.26,0,1,0,0,3,0,0,0,0,3,3
1773816143654,15684,0,54,3.501,13.148768,0.24074075,-0.019259244,1,0,0,3,0,0,0,0,3,3
1773816157700,15735,0,51,4.312,13.143001,0.25490198,0.014161229,1,0,0,3,0,0,0,0,3,3
1773816211922,15790,0,55,3.682,13.095949,0.23636363,-0.01853834,1,0,0,3,0,0,0,0,3,3
1773816234005,15847,0,57,3.567,13.094418,0.22807017,-0.008293465,1,0,0,3,0,0,0,0,3,3
1773816282222,15897,0,50,28.106,13.375536,0.26,0.03192982,1,0,0,3,0,0,0,0,3,3
1773816308310,15949,0,52,3.279,13.378297,0.25,-0.00999999,1,0,0,3,0,0,0,0,3,3
1773816352494,16001,0,52,24.186,13.543197,0.25,0,1,0,0,3,0,0,0,0,3,3
1773816368532,16056,0,55,4.077,13.540595,0.23636363,-0.0136363655,1,0,0,3,0,0,0,0,3,3
1773816418769,16116,0,60,1.108,13.543287,0.21666667,-0.019696966,1,0,0,3,0,0,0,0,3,3
1773816432848,16172,0,56,3.654,13.542332,0.23214285,0.015476182,1,0,0,3,0,0,0,0,3,3
1773816456920,16223,0,51,81.472,16.396412,0.25490198,0.022759125,1,0,0,3,0,0,0,0,3,3
1773816480996,16278,0,55,6.865,16.391596,0.23636363,-0.01853834,1,0,0,3,0,0,0,0,3,3
1773816497051,16331,0,53,3.967,16.368698,0.24528302,0.008919388,1,0,0,3,0,0,0,0,3,3
1773816525140,16386,0,55,18.605,16.335527,0.23636363,-0.008919388,1,0,0,3,0,0,0,0,3,3
1773816535188,16439,0,53,2.43,16.34816,0.24528302,0.008919388,1,0,0,3,0,0,0,0,3,3
1773816551254,16489,0,50,6.651,16.318306,0.26,0.014716968,1,0,0,3,0,0,0,0,3,3
1773816589393,16551,0,62,3.761,16.31954,0.20967741,-0.050322577,1,0,0,3,0,0,0,0,3,3
1773816607491,16608,0,57,14.224,16.305038,0.22807017,0.018392757,1,0,0,3,0,0,0,0,3,3
1773816629542,16662,0,54,13.69,16.258139,0.24074075,0.012670577,1,0,0,3,0,0,0,0,3,3
1773816669692,16712,0,50,1.667,16.275723,0.26,0.019259244,1,0,0,3,0,0,0,0,3,3
1773816695794,16762,0,50,6.117,16.266293,0.26,0,1,0,0,3,0,0,0,0,3,3
1773816727924,16823,0,61,3.55,16.276083,0.21311475,-0.046885237,1,0,0,3,0,0,0,0,3,3
1773816752047,16875,0,52,3.778,16.25368,0.25,0.036885247,1,0,0,3,0,0,0,0,3,3
1773816792212,16928,0,53,3.284,16.255293,0.24528302,-0.0047169775,1,0,0,3,0,0,0,0,3,3
1773816802286,16983,0,55,3.281,16.251675,0.23636363,-0.008919388,1,0,0,3,0,0,0,0,3,3
1773816820352,17033,0,50,5.127,16.25084,0.26,0.023636356,1,0,0,3,0,0,0,0,3,3
1773816850473,17089,0,56,3.412,16.255775,0.23214285,-0.02785714,1,0,0,3,0,0,0,0,3,3
1773816868524,17140,0,51,1.523,16.27098,0.25490198,0.022759125,1,0,0,3,0,0,0,0,3,3
1773816886596,17191,0,51,3.204,16.273369,0.25490198,0,1,0,0,3,0,0,0,0,3,3
1773816896637,17248,0,57,3.414,16.281206,0.22807017,-0.026831806,1,0,0,3,0,0,0,0,3,3
1773816920718,17298,0,50,7.902,16.273954,0.26,0.03192982,1,0,0,3,0,0,0,0,3,3
1773816944816,17351,0,53,23.819,10.936234,0.24528302,-0.014716968,1,0,0,3,0,0,0,0,3,3
1773816960869,17401,0,50,3.29,10.912466,0.26,0.014716968,1,0,0,3,0,0,0,0,3,3
1773816984963,17458,0,57,3.248,10.910536,0.22807017,-0.03192982,1,0,0,3,0,0,0,0,3,3
1773817003064,17512,0,54,3.253,10.886629,0.24074075,0.012670577,1,0,0,3,0,0,0,0,3,3
1773817025159,17564,0,52,3.49,10.879355,0.25,0.009259254,1,0,0,3,0,0,0,0,3,3
1773817053287,17614,0,50,2.231,10.861528,0.26,0.00999999,1,0,0,3,0,0,0,0,3,3
1773817069344,17664,0,50,18.081,10.944763,0.26,0,1,0,0,3,0,0,0,0,3,3
1773817085399,17718,0,54,2.956,10.94388,0.24074075,-0.019259244,1,0,0,3,0,0,0,0,3,3
1773817117523,17768,0,50,2.156,10.950841,0.26,0.019259244,1,0,0,3,0,0,0,0,3,3
1773817139608,17822,0,54,3.709,10.957084,0.24074075,-0.019259244,1,0,0,3,0,0,0,0,3,3
1773817161685,17872,0,50,4.166,10.95233,0.26,0.019259244,1,0,0,3,0,0,0,0,3,3
1773817183766,17924,0,52,14.199,10.988381,0.25,-0.00999999,1,0,0,3,0,0,0,0,3,3
1773817201857,17977,0,53,25.275,11.219126,0.24528302,-0.0047169775,1,0,0,3,0,0,0,0,3,3
1773817229937,18029,0,52,5.973,11.209838,0.25,0.0047169775,1,0,0,3,0,0,0,0,3,3
1773817258075,18079,0,50,3.285,11.211221,0.26,0.00999999,1,0,0,3,0,0,0,0,3,3
1773817272103,18132,0,53,3.935,11.1955595,0.24528302,-0.014716968,1,0,0,3,0,0,0,0,3,3
1773817294170,18187,0,55,9.32,11.198445,0.23636363,-0.008919388,1,0,0,3,0,0,0,0,3,3
1773817324323,18241,0,54,9.258,11.189382,0.24074075,0.004377112,1,0,0,3,0,0,0,0,3,3
1773817344383,18293,0,52,8.856,11.180482,0.25,0.009259254,1,0,0,3,0,0,0,0,3,3
1773817366470,18343,0,50,10.483,11.171283,0.26,0.00999999,1,0,0,3,0,0,0,0,3,3
1773817392526,18393,0,50,2.635,11.165706,0.26,0,1,0,0,3,0,0,0,0,3,3
1773817412627,18452,0,59,4.953,11.16013,0.22033899,-0.039661005,1,0,0,3,0,0,0,0,3,3
1773817426679,18512,0,60,1.703,11.170958,0.21666667,-0.0036723167,1,0,0,3,0,0,0,0,3,3
1773817458764,18567,0,55,2.957,11.165859,0.23636363,0.019696966,1,0,0,3,0,0,0,0,3,3
1773817476833,18618,0,51,4.528,11.163793,0.25490198,0.01853834,1,0,0,3,0,0,0,0,3,3
1773817500946,18668,0,50,5.13,11.161851,0.26,0.005098015,1,0,0,3,0,0,0,0,3,3
1773817529082,18722,0,54,4.696,11.158031,0.24074075,-0.019259244,1,0,0,3,0,0,0,0,3,3
1773817545141,18773,0,51,95.38,15.546761,0.25490198,0.014161229,1,0,0,3,0,0,0,0,3,3
1773817575254,18824,0,51,2.972,15.554642,0.25490198,0,1,0,0,3,0,0,0,0,3,3
1773817595311,18879,0,55,3.563,15.569642,0.23636363,-0.01853834,1,0,0,3,0,0,0,0,3,3
1773817613343,18933,0,54,4.276,15.564148,0.24074075,0.004377112,1,0,0,3,0,0,0,0,3,3
1773817639472,18984,0,51,3.469,15.563613,0.25490198,0.014161229,1,0,0,3,0,0,0,0,3,3
1773817667585,19035,0,51,8.776,15.541751,0.25490198,0,1,0,0,3,0,0,0,0,3,3
1773817687654,19085,0,50,4.73,15.535559,0.26,0.005098015,1,0,0,3,0,0,0,0,3,3
1773817721750,19138,0,53,9.442,15.523698,0.24528302,-0.014716968,1,0,0,3,0,0,0,0,3,3
1773817735821,19195,0,57,2.019,15.534327,0.22807017,-0.017212853,1,0,0,3,0,0,0,0,3,3
1773817753896,19248,0,53,27.234,15.677129,0.24528302,0.017212853,1,0,0,3,0,0,0,0,3,3
1773817771966,19298,0,50,2.982,15.521575,0.26,0.014716968,1,0,0,3,0,0,0,0,3,3
1773817794071,19350,0,52,5.504,15.510837,0.25,-0.00999999,1,0,0,3,0,0,0,0,3,3
1773817816129,19402,0,52,2.875,15.4140215,0.25,0,1,0,0,3,0,0,0,0,3,3
1773817838241,19452,0,50,4.453,15.412266,0.26,0.00999999,1,0,0,3,0,0,0,0,3,3
1773817862319,19507,0,55,8.32,15.381406,0.23636363,-0.023636356,1,0,0,3,0,0,0,0,3,3
1773817884409,19557,0,50,3.651,15.381421,0.26,0.023636356,1,0,0,3,0,0,0,0,3,3
1773817904487,19609,0,52,20.909,12.482716,0.25,-0.00999999,1,0,0,3,0,0,0,0,3,3
1773817928564,19666,0,57,6.322,12.483696,0.22807017,-0.02192983,1,0,0,3,0,0,0,0,3,3
1773817954680,19721,0,55,5.411,12.4776325,0.23636363,0.008293465,1,0,0,3,0,0,0,0,3,3
1773817980776,19773,0,52,2.094,12.427415,0.25,0.0136363655,1,0,0,3,0,0,0,0,3,3
1773818002887,19825,0,52,4.083,12.417949,0.25,0,1,0,0,3,0,0,0,0,3,3
1773818026949,19880,0,55,5.839,12.419554,0.23636363,-0.0136363655,1,0,0,3,0,0,0,0,3,3
1773818047068,19935,0,55,3.511,12.420868,0.23636363,0,1,0,0,3,0,0,0,0,3,3
1773818073199,19999,0,64,2.113,12.413896,0.203125,-0.033238634,1,0,0,3,0,0,0,0,3,3
1773818101387,20054,0,55,8.163,12.39055,0.23636363,0.033238634,1,0,0,3,0,0,0,0,3,3
1773818127485,20106,0,52,4.188,12.375843,0.25,0.0136363655,1,0,0,3,0,0,0,0,3,3
1773818139519,20167,0,61,4.078,12.382167,0.21311475,-0.036885247,1,0,0,3,0,0,0,0,3,3
1773818163642,20218,0,51,3.358,12.383156,0.25490198,0.041787222,1,0,0,3,0,0,0,0,3,3
1773818193750,20270,0,52,3.544,12.3843,0.25,-0.0049019754,1,0,0,3,0,0,0,0,3,3
1773818219884,20322,0,52,2.087,12.391602,0.25,0,1,0,0,3,0,0,0,0,3,3
1773818233925,20374,0,52,2.363,12.397021,0.25,0,1,0,0,3,0,0,0,0,3,3
1773818251992,20431,0,57,4.079,12.400833,0.22807017,-0.02192983,1,0,0,3,0,0,0,0,3,3
1773818270060,20487,0,56,1.978,12.409457,0.23214285,0.004072681,1,0,0,3,0,0,0,0,3,3
1773818290122,20549,0,62,2.011,12.405957,0.20967741,-0.022465438,1,0,0,3,0,0,0,0,3,3
1773818316227,20603,0,54,4.847,12.398807,0.24074075,0.031063333,1,0,0,3,0,0,0,0,3,3
1773818334314,20658,0,55,2.18,12.406092,0.23636363,-0.004377112,1,0,0,3,0,0,0,0,3,3
1773818350374,20711,0,53,4.535,12.411305,0.24528302,0.008919388,1,0,0,3,0,0,0,0,3,3
1773818360422,20770,0,59,1.489,12.258337,0.22033899,-0.024944037,1,0,0,3,0,0,0,0,3,3
1773818390548,20820,0,50,4.703,12.252777,0.26,0.039661005,1,0,0,3,0,0,0,0,3,3
1773818406621,20871,0,51,8.776,12.244841,0.25490198,-0.005098015,1,0,0,3,0,0,0,0,3,3
1773818422690,20929,0,58,4.446,12.239758,0.22413793,-0.030764043,1,0,0,3,0,0,0,0,3,3
1773818448863,20980,0,51,4.116,12.23704,0.25490198,0.030764043,1,0,0,3,0,0,0,0,3,3
1773818468917,21033,0,53,4.013,12.227704,0.24528302,-0.009618953,1,0,0,3,0,0,0,0,3,3
1773818493038,21085,0,52,4.234,12.156203,0.25,0.0047169775,1,0,0,3,0,0,0,0,3,3
1773818519131,21144,0,59,26.278,12.376477,0.22033899,-0.029661015,1,0,0,3,0,0,0,0,3,3
1773818533205,21196,0,52,1.433,12.38157,0.25,0.029661015,1,0,0,3,0,0,0,0,3,3
1773818551294,21247,0,51,1.412,12.395464,0.25490198,0.0049019754,1,0,0,3,0,0,0,0,3,3
1773818561326,21299,0,52,3.299,12.399393,0.25,-0.0049019754,1,0,0,3,0,0,0,0,3,3
1773818589478,21355,0,56,6.549,12.369378,0.23214285,-0.01785715,1,0,0,3,0,0,0,0,3,3
1773818613548,21406,0,51,3.627,12.164895,0.25490198,0.022759125,1,0,0,3,0,0,0,0,3,3
1773818635657,21456,0,50,4.406,12.168245,0.26,0.005098015,1,0,0,3,0,0,0,0,3,3
1773818663754,21509,0,53,2.171,12.174114,0.24528302,-0.014716968,1,0,0,3,0,0,0,0,3,3
1773818687850,21562,0,53,3.524,12.175747,0.24528302,0,1,0,0,3,0,0,0,0,3,3
1773818709921,21615,0,53,6.159,12.171907,0.24528302,0,1,0,0,3,0,0,0,0,3,3
1773818730003,21667,0,52,3.419,12.174786,0.25,0.0047169775,1,0,0,3,0,0,0,0,3,3
1773818750082,21719,0,52,2.084,12.184813,0.25,0,1,0,0,3,0,0,0,0,3,3
1773818772158,21774,0,55,10.09,12.18294,0.23636363,-0.0136363655,1,0,0,3,0,0,0,0,3,3
1773818798277,21829,0,55,1.865,12.187195,0.23636363,0,1,0,0,3,0,0,0,0,3,3
1773818812347,21880,0,51,2,12.19875,0.25490198,0.01853834,1,0,0,3,0,0,0,0,3,3
1773818826380,21938,0,58,1.672,12.19894,0.22413793,-0.030764043,1,0,0,3,0,0,0,0,3,3
1773818846458,21990,0,52,6.895,12.19081,0.25,0.025862068,1,0,0,3,0,0,0,0,3,3
1773818866521,22050,0,60,3.407,12.194535,0.21666667,-0.03333333,1,0,0,3,0,0,0,0,3,3
1773818884591,22112,0,62,2.553,12.203409,0.20967741,-0.0069892555,1,0,0,3,0,0,0,0,3,3
1773818914720,22166,0,54,14.494,12.241089,0.24074075,0.031063333,1,0,0,3,0,0,0,0,3,3
1773818940839,22217,0,51,3.981,4.9938297,0.25490198,0.014161229,1,0,0,3,0,0,0,0,3,3
1773818958918,22275,0,58,3.912,4.98853,0.22413793,-0.030764043,1,0,0,3,0,0,0,0,3,3
1773818985049,22328,0,53,4.193,4.9858127,0.24528302,0.02114509,1,0,0,3,0,0,0,0,3,3
1773819009121,22380,0,52,2.962,4.992523,0.25,0.0047169775,1,0,0,3,0,0,0,0,3,3
1773819033216,22430,0,50,3.311,4.9934363,0.26,0.00999999,1,0,0,3,0,0,0,0,3,3
1773819059327,22480,0,50,4.83,4.9736776,0.26,0,1,0,0,3,0,0,0,0,3,3
1773819079415,22532,0,52,5.461,4.9734817,0.25,-0.00999999,1,0,0,3,0,0,0,0,3,3
1773819105510,22582,0,50,3.953,4.9466133,0.26,0.00999999,1,0,0,3,0,0,0,0,3,3
1773819125627,22634,0,52,2.062,4.946198,0.25,-0.00999999,1,0,0,3,0,0,0,0,3,3
1773819151921,22694,0,60,5.845,4.0875297,0.21666667,-0.03333333,1,0,0,3,0,0,0,0,3,3
1773819171981,22752,0,58,2.943,4.0877986,0.22413793,0.0074712634,1,0,0,3,0,0,0,0,3,3
1773819200081,22811,0,59,13.15,4.2172823,0.22033899,-0.0037989467,1,0,0,3,0,0,0,0,3,3
1773819224322,22861,0,50,2.414,4.221103,0.26,0.039661005,1,0,0,3,0,0,0,0,3,3
1773819250419,22913,0,52,129.406,16.009373,0.25,-0.00999999,1,0,0,3,0,0,0,0,3,3
1773819274516,22967,0,54,3.122,16.014797,0.24074075,-0.009259254,1,0,0,3,0,0,0,0,3,3
1773819290550,23021,0,54,2.054,16.02085,0.24074075,0,1,0,0,3,0,0,0,0,3,3
1773819316628,23073,0,52,4.895,15.92212,0.25,0.009259254,1,0,0,3,0,0,0,0,3,3
1773819342712,23129,0,56,4.216,15.924578,0.23214285,-0.01785715,1,0,0,3,0,0,0,0,3,3
1773819366827,23181,0,52,4.102,15.926729,0.25,0.01785715,1,0,0,3,0,0,0,0,3,3
1773819386892,23232,0,51,2.79,15.924008,0.25490198,0.0049019754,1,0,0,3,0,0,0,0,3,3
1773819410984,23284,0,52,6.526,15.921258,0.25,-0.0049019754,1,0,0,3,0,0,0,0,3,3
1773819435090,23336,0,52,7.72,15.921802,0.25,0,1,0,0,3,0,0,0,0,3,3
1773819463228,23391,0,55,3.874,15.9208,0.23636363,-0.0136363655,1,0,0,3,0,0,0,0,3,3
1773819491335,23444,0,53,2.042,15.921109,0.24528302,0.008919388,1,0,0,3,0,0,0,0,3,3
1773819559594,23506,0,62,3.171,15.925021,0.20967741,-0.03560561,1,0,0,3,0,0,0,0,3,3
1773819583676,23561,0,55,9.124,15.925945,0.23636363,0.026686221,1,0,0,3,0,0,0,0,3,3
1773819601724,23612,0,51,32.422,16.243273,0.25490198,0.01853834,1,0,0,3,0,0,0,0,3,3
1773819621796,23675,0,63,4.798,16.239283,0.20634921,-0.048552766,1,0,0,3,0,0,0,0,3,3
1773819637844,23731,0,56,3.402,16.239761,0.23214285,0.025793642,1,0,0,3,0,0,0,0,3,3
1773819665949,23782,0,51,10.306,16.233162,0.25490198,0.022759125,1,0,0,3,0,0,0,0,3,3
1773819686039,23838,0,56,3.898,16.227285,0.23214285,-0.022759125,1,0,0,3,0,0,0,0,3,3
1773819708124,23890,0,52,2.194,16.234484,0.25,0.01785715,1,0,0,3,0,0,0,0,3,3
1773819734258,23940,0,50,5.174,16.223595,0.26,0.00999999,1,0,0,3,0,0,0,0,3,3
1773819754316,23990,0,50,2.279,16.22231,0.26,0,1,0,0,3,0,0,0,0,3,3
1773819780377,24045,0,55,3.061,16.22777,0.23636363,-0.023636356,1,0,0,3,0,0,0,0,3,3
1773819808484,24096,0,51,4.359,16.21966,0.25490198,0.01853834,1,0,0,3,0,0,0,0,3,3
1773819832586,24149,0,53,2.052,16.228836,0.24528302,-0.009618953,1,0,0,3,0,0,0,0,3,3
1773819852676,24199,0,50,3.359,16.220371,0.26,0.014716968,1,0,0,3,0,0,0,0,3,3
1773819866720,24252,0,53,3.844,16.222734,0.24528302,-0.014716968,1,0,0,3,0,0,0,0,3,3
1773819884803,24311,0,59,5.774,16.222239,0.22033899,-0.024944037,1,0,0,3,0,0,0,0,3,3
1773819908917,24361,0,50,6.704,16.218927,0.26,0.039661005,1,0,0,3,0,0,0,0,3,3
1773819931005,24412,0,51,10.112,16.218649,0.25490198,-0.005098015,1,0,0,3,0,0,0,0,3,3
1773819955081,24471,0,59,2.925,16.222559,0.22033899,-0.03456299,1,0,0,3,0,0,0,0,3,3
1773819979206,24521,0,50,3.934,16.223457,0.26,0.039661005,1,0,0,3,0,0,0,0,3,3
1773820001282,24571,0,50,22.122,16.155088,0.26,0,1,0,0,3,0,0,0,0,3,3
1773820025385,24621,0,50,13.807,16.159883,0.26,0,1,0,0,3,0,0,0,0,3,3
1773820045465,24674,0,53,3.652,16.14948,0.24528302,-0.014716968,1,0,0,3,0,0,0,0,3,3
1773820063527,24724,0,50,14.408,16.164694,0.26,0.014716968,1,0,0,3,0,0,0,0,3,3
1773820085652,24775,0,51,19.589,16.23315,0.25490198,-0.005098015,1,0,0,3,0,0,0,0,3,3
1773820113736,24825,0,50,9.508,16.22632,0.26,0.005098015,1,0,0,3,0,0,0,0,3,3
1773820129815,24876,0,51,30.709,16.465979,0.25490198,-0.005098015,1,0,0,3,0,0,0,0,3,3
1773820151908,24926,0,50,4.84,16.453953,0.26,0.005098015,1,0,0,3,0,0,0,0,3,3
1773820177982,24977,0,51,3.616,16.453543,0.25490198,-0.005098015,1,0,0,3,0,0,0,0,3,3
1773820206098,25031,0,54,10.453,16.453535,0.24074075,-0.014161229,1,0,0,3,0,0,0,0,3,3
1773820232225,25083,0,52,2.312,16.459282,0.25,0.009259254,1,0,0,3,0,0,0,0,3,3
1773820258319,25133,0,50,2.887,16.454828,0.26,0.00999999,1,0,0,3,0,0,0,0,3,3
1773820278398,25184,0,51,3.886,16.462482,0.25490198,-0.005098015,1,0,0,3,0,0,0,0,3,3
1773820304518,25241,0,57,3.515,16.453772,0.22807017,-0.026831806,1,0,0,3,0,0,0,0,3,3
1773820326633,25294,0,53,2.096,16.453205,0.24528302,0.017212853,1,0,0,3,0,0,0,0,3,3
1773820356751,25348,0,54,6.553,16.43376,0.24074075,-0.0045422763,1,0,0,3,0,0,0,0,3,3
1773820382875,25406,0,58,25.382,16.567696,0.22413793,-0.016602814,1,0,0,3,0,0,0,0,3,3
1773820398949,25456,0,50,3.097,16.569267,0.26,0.03586206,1,0,0,3,0,0,0,0,3,3
1773820425078,25508,0,52,2.134,16.571749,0.25,-0.00999999,1,0,0,3,0,0,0,0,3,3
1773820447158,25558,0,50,4.141,16.564152,0.26,0.00999999,1,0,0,3,0,0,0,0,3,3
1773820461195,25609,0,51,1.57,16.577032,0.25490198,-0.005098015,1,0,0,3,0,0,0,0,3,3
1773820485305,25667,0,58,2.457,16.584194,0.22413793,-0.030764043,1,0,0,3,0,0,0,0,3,3
1773820511398,25720,0,53,3.512,16.58711,0.24528302,0.02114509,1,0,0,3,0,0,0,0,3,3
1773820529475,25772,0,52,2.472,16.589725,0.25,0.0047169775,1,0,0,3,0,0,0,0,3,3
1773820555542,25825,0,53,2.852,16.592014,0.24528302,-0.0047169775,1,0,0,3,0,0,0,0,3,3
1773820577628,25875,0,50,3.315,16.598131,0.26,0.014716968,1,0,0,3,0,0,0,0,3,3
1773820599726,25925,0,50,3.263,16.606342,0.26,0,1,0,0,3,0,0,0,0,3,3
1773820625822,25977,0,52,2.252,16.614662,0.25,-0.00999999,1,0,0,3,0,0,0,0,3,3
1773820651913,26032,0,55,7.255,16.596727,0.23636363,-0.0136363655,1,0,0,3,0,0,0,0,3,3
1773820674008,26082,0,50,2.027,16.612549,0.26,0.023636356,1,0,0,3,0,0,0,0,3,3
1773820688064,26134,0,52,2.251,16.616262,0.25,-0.00999999,1,0,0,3,0,0,0,0,3,3
1773820718189,26184,0,50,1.878,16.623648,0.26,0.00999999,1,0,0,3,0,0,0,0,3,3
1773820732260,26237,0,53,4.181,16.61561,0.24528302,-0.014716968,1,0,0,3,0,0,0,0,3,3
1773820746318,26288,0,51,10.205,6.5530634,0.25490198,0.009618953,1,0,0,3,0,0,0,0,3,3
1773820764408,26341,0,53,8.114,6.5446186,0.24528302,-0.009618953,1,0,0,3,0,0,0,0,3,3
1773820782463,26400,0,59,3.333,6.5333652,0.22033899,-0.024944037,1,0,0,3,0,0,0,0,3,3
1773820806551,26455,0,55,3.299,6.54205,0.23636363,0.01602465,1,0,0,3,0,0,0,0,3,3
1773820828644,26505,0,50,4.793,6.5394826,0.26,0.023636356,1,0,0,3,0,0,0,0,3,3
1773820854697,26555,0,50,2.796,6.5485606,0.26,0,1,0,0,3,0,0,0,0,3,3
1773820884812,26610,0,55,9.961,6.5480447,0.23636363,-0.023636356,1,0,0,3,0,0,0,0,3,3
1773820908887,26660,0,50,3.014,6.561977,0.26,0.023636356,1,0,0,3,0,0,0,0,3,3
1773820928938,26720,0,60,2.848,6.5745473,0.21666667,-0.04333332,1,0,0,3,0,0,0,0,3,3
1773820953034,26779,0,59,2.062,6.5889535,0.22033899,0.0036723167,1,0,0,3,0,0,0,0,3,3
1773820981214,26847,0,68,2.848,6.581564,0.19117647,-0.029162511,1,0,0,3,0,0,0,0,3,3
1773821001295,26899,0,52,32.26,7.3125825,0.25,0.058823526,1,0,0,3,0,0,0,0,3,3
1773821027403,26952,0,53,6.137,7.306936,0.24528302,-0.0047169775,1,0,0,3,0,0,0,0,3,3
1773821051512,27009,0,57,25.702,6.977753,0.22807017,-0.017212853,1,0,0,3,0,0,0,0,3,3
1773821075617,27060,0,51,1.187,7.0067782,0.25490198,0.026831806,1,0,0,3,0,0,0,0,3,3
1773821099721,27111,0,51,4.348,7.001094,0.25490198,0,1,0,0,3,0,0,0,0,3,3
1773821119780,27163,0,52,183.771,23.066114,0.25,-0.0049019754,1,0,0,3,0,0,0,0,3,3
1773821137850,27214,0,51,15.967,23.070623,0.25490198,0.0049019754,1,0,0,3,0,0,0,0,3,3
1773821159924,27265,0,51,4.407,23.061342,0.25490198,0,1,0,0,3,0,0,0,0,3,3
1773821184019,27326,0,61,2.388,23.072113,0.21311475,-0.041787222,1,0,0,3,0,0,0,0,3,3
1773821208111,27378,0,52,1.744,23.074812,0.25,0.036885247,1,0,0,3,0,0,0,0,3,3
1773821234196,27429,0,51,4.162,23.070444,0.25490198,0.0049019754,1,0,0,3,0,0,0,0,3,3
1773821262282,27484,0,55,5.701,23.066399,0.23636363,-0.01853834,1,0,0,3,0,0,0,0,3,3
1773821290362,27534,0,50,7.799,23.04842,0.26,0.023636356,1,0,0,3,0,0,0,0,3,3
1773821312477,27585,0,51,3.47,23.047958,0.25490198,-0.005098015,1,0,0,3,0,0,0,0,3,3
1773821336550,27636,0,51,4.265,23.04638,0.25490198,0,1,0,0,3,0,0,0,0,3,3
1773821362682,27687,0,51,6.958,23.043777,0.25490198,0,1,0,0,3,0,0,0,0,3,3
1773821384761,27738,0,51,6.746,23.043697,0.25490198,0,1,0,0,3,0,0,0,0,3,3
1773821404843,27795,0,57,11.464,23.044764,0.22807017,-0.026831806,1,0,0,3,0,0,0,0,3,3
1773821430957,27848,0,53,1.763,23.0505,0.24528302,0.017212853,1,0,0,3,0,0,0,0,3,3
1773821451036,27903,0,55,1.677,23.06089,0.23636363,-0.008919388,1,0,0,3,0,0,0,0,3,3
1773821475113,27956,0,53,14.293,23.014761,0.24528302,0.008919388,1,0,0,3,0,0,0,0,3,3
1773821501225,28013,0,57,1.117,23.0311,0.22807017,-0.017212853,1,0,0,3,0,0,0,0,3,3
1773821531334,28064,0,51,1.611,23.040257,0.25490198,0.026831806,1,0,0,3,0,0,0,0,3,3
1773821553431,28116,0,52,2.376,23.046314,0.25,-0.0049019754,1,0,0,3,0,0,0,0,3,3
1773821579519,28166,0,50,3.075,23.019197,0.26,0.00999999,1,0,0,3,0,0,0,0,3,3
1773821603650,28216,0,50,15.737,23.035225,0.26,0,1,0,0,3,0,0,0,0,3,3
1773821629758,28270,0,54,5.118,22.874376,0.24074075,-0.019259244,1,0,0,3,0,0,0,0,3,3
1773821655894,28322,0,52,4.306,22.875797,0.25,0.009259254,1,0,0,3,0,0,0,0,3,3
1773821684024,28375,0,53,7.102,22.86832,0.24528302,-0.0047169775,1,0,0,3,0,0,0,0,3,3
1773821708103,28425,0,50,3.862,22.87425,0.26,0.014716968,1,0,0,3,0,0,0,0,3,3
1773821734186,28480,0,55,4.395,22.867012,0.23636363,-0.023636356,1,0,0,3,0,0,0,0,3,3
1773821752270,28531,0,51,13.007,22.862947,0.25490198,0.01853834,1,0,0,3,0,0,0,0,3,3
1773821782437,28595,0,64,1.456,22.872791,0.203125,-0.051776975,1,0,0,3,0,0,0,0,3,3
1773821810519,28648,0,53,2.852,22.875223,0.24528302,0.042158023,1,0,0,3,0,0,0,0,3,3
1773821832606,28699,0,51,3.683,22.869057,0.25490198,0.009618953,1,0,0,3,0,0,0,0,3,3
1773821860714,28752,0,53,7.715,22.867897,0.24528302,-0.009618953,1,0,0,3,0,0,0,0,3,3
1773821878884,28804,0,52,4.303,22.775549,0.25,0.0047169775,1,0,0,3,0,0,0,0,3,3
1773821898947,28854,0,50,5.122,22.769732,0.26,0.00999999,1,0,0,3,0,0,0,0,3,3
1773821917030,28910,0,56,3.116,22.765898,0.23214285,-0.02785714,1,0,0,3,0,0,0,0,3,3
1773821939137,28967,0,57,4.014,22.766264,0.22807017,-0.004072681,1,0,0,3,0,0,0,0,3,3
1773821963248,29032,0,65,3.091,22.759995,0.2,-0.028070167,1,0,0,3,0,0,0,0,3,3
1773821983315,29091,0,59,1.244,22.7654,0.22033899,0.020338982,1,0,0,3,0,0,0,0,3,3
1773822005410,29148,0,57,9.702,22.757877,0.22807017,0.0077311844,1,0,0,3,0,0,0,0,3,3
1773822025504,29198,0,50,2.723,22.756872,0.26,0.03192982,1,0,0,3,0,0,0,0,3,3
1773822051604,29248,0,50,3.673,22.753956,0.26,0,1,0,0,3,0,0,0,0,3,3
1773822069676,29302,0,54,10.295,22.745846,0.24074075,-0.019259244,1,0,0,3,0,0,0,0,3,3
1773822091738,29352,0,50,2.284,22.749725,0.26,0.019259244,1,0,0,3,0,0,0,0,3,3
1773822111825,29403,0,51,34.631,22.963385,0.25490198,-0.005098015,1,0,0,3,0,0,0,0,3,3
1773822135914,29461,0,58,2.766,22.975578,0.22413793,-0.030764043,1,0,0,3,0,0,0,0,3,3
1773822164010,29511,0,50,3.3,22.970114,0.26,0.03586206,1,0,0,3,0,0,0,0,3,3
1773822184168,29567,0,56,38.809,23.24826,0.23214285,-0.02785714,1,0,0,3,0,0,0,0,3,3
1773822204234,29625,0,58,2.247,23.2464,0.22413793,-0.008004919,1,0,0,3,0,0,0,0,3,3
1773822228327,29679,0,54,3.234,23.250128,0.24074075,0.016602814,1,0,0,3,0,0,0,0,3,3
1773822246391,29729,0,50,46.327,23.693295,0.26,0.019259244,1,0,0,3,0,0,0,0,3,3
1773822268493,29779,0,50,4.504,23.7023,0.26,0,1,0,0,3,0,0,0,0,3,3
1773822296597,29839,0,60,15.266,23.69556,0.21666667,-0.04333332,1,0,0,3,0,0,0,0,3,3
1773822320688,29889,0,50,4.828,23.689316,0.26,0.04333332,1,0,0,3,0,0,0,0,3,3
1773822346745,29941,0,52,3.454,23.69474,0.25,-0.00999999,1,0,0,3,0,0,0,0,3,3
1773822372854,29995,0,54,5.071,23.685226,0.24074075,-0.009259254,1,0,0,3,0,0,0,0,3,3
1773822402943,30045,0,50,263.616,39.344948,0.26,0.019259244,1,0,0,3,0,0,0,0,3,3
1773822431074,30105,0,60,65.31,39.822617,0.21666667,-0.04333332,1,0,0,3,0,0,0,0,3,3
1773822457137,30155,0,50,4.564,39.81485,0.26,0.04333332,1,0,0,3,0,0,0,0,3,3
1773822491261,30210,0,55,13.382,39.781002,0.23636363,-0.023636356,1,0,0,3,0,0,0,0,3,3
1773822509319,30273,0,63,3.859,39.776203,0.20634921,-0.030014426,1,0,0,3,0,0,0,0,3,3
1773822537475,30326,0,53,4.649,39.741184,0.24528302,0.038933814,1,0,0,3,0,0,0,0,3,3
1773822563564,30384,0,58,2.802,39.75497,0.22413793,-0.02114509,1,0,0,3,0,0,0,0,3,3
1773822589680,30434,0,50,2.943,39.759075,0.26,0.03586206,1,0,0,3,0,0,0,0,3,3
1773822621816,30485,0,51,3.92,39.746113,0.25490198,-0.005098015,1,0,0,3,0,0,0,0,3,3
1773822643892,30536,0,51,8.803,39.731915,0.25490198,0,1,0,0,3,0,0,0,0,3,3
1773822663939,30587,0,51,1.892,33.564316,0.25490198,0,1,0,0,3,0,0,0,0,3,3
1773822688031,30637,0,50,3.096,33.57775,0.26,0.005098015,1,0,0,3,0,0,0,0,3,3
1773822712119,30697,0,60,4.823,33.57638,0.21666667,-0.04333332,1,0,0,3,0,0,0,0,3,3
1773822732172,30752,0,55,13.653,33.556732,0.23636363,0.019696966,1,0,0,3,0,0,0,0,3,3
1773822758284,30803,0,51,2.552,33.55308,0.25490198,0.01853834,1,0,0,3,0,0,0,0,3,3
1773822782400,30858,0,55,3.484,33.55562,0.23636363,-0.01853834,1,0,0,3,0,0,0,0,3,3
1773822806507,30916,0,58,4.002,33.56115,0.22413793,-0.012225702,1,0,0,3,0,0,0,0,3,3
1773822830599,30966,0,50,8.846,33.559437,0.26,0.03586206,1,0,0,3,0,0,0,0,3,3
1773822852670,31021,0,55,9.758,33.54396,0.23636363,-0.023636356,1,0,0,3,0,0,0,0,3,3
1773822876760,31071,0,50,1.271,33.55673,0.26,0.023636356,1,0,0,3,0,0,0,0,3,3
1773822902879,31125,0,54,2.026,33.573647,0.24074075,-0.019259244,1,0,0,3,0,0,0,0,3,3
1773822930960,31176,0,51,6.641,33.573895,0.25490198,0.014161229,1,0,0,3,0,0,0,0,3,3
1773822957070,31230,0,54,5.606,33.582726,0.24074075,-0.014161229,1,0,0,3,0,0,0,0,3,3
1773822981122,31293,0,63,43.415,33.78627,0.20634921,-0.034391537,1,0,0,3,0,0,0,0,3,3
1773823003221,31345,0,52,4.447,33.774303,0.25,0.04365079,1,0,0,3,0,0,0,0,3,3
1773823027318,31397,0,52,1.977,33.798176,0.25,0,1,0,0,3,0,0,0,0,3,3
1773823053427,31447,0,50,4.627,33.782944,0.26,0.00999999,1,0,0,3,0,0,0,0,3,3
1773823089529,31508,0,61,6.276,33.764866,0.21311475,-0.046885237,1,0,0,3,0,0,0,0,3,3
1773823109601,31561,0,53,93.147,35.192028,0.24528302,0.03216827,1,0,0,3,0,0,0,0,3,3
1773823119667,31611,0,50,2.74,35.19365,0.26,0.014716968,1,0,0,3,0,0,0,0,3,3
1773823137719,31673,0,62,1.957,35.223106,0.20967741,-0.050322577,1,0,0,3,0,0,0,0,3,3
1773823167832,31724,0,51,4.183,35.226795,0.25490198,0.045224562,1,0,0,3,0,0,0,0,3,3
1773823189915,31777,0,53,3.191,35.231632,0.24528302,-0.009618953,1,0,0,3,0,0,0,0,3,3
1773823205979,31828,0,51,63.92,35.770367,0.25490198,0.009618953,1,0,0,3,0,0,0,0,3,3
1773823234090,31881,0,53,3.23,35.773365,0.24528302,-0.009618953,1,0,0,3,0,0,0,0,3,3
1773823252152,31936,0,55,3.104,35.77936,0.23636363,-0.008919388,1,0,0,3,0,0,0,0,3,3
1773823272233,31991,0,55,4.081,35.80184,0.23636363,0,1,0,0,3,0,0,0,0,3,3
1773823300436,32042,0,51,5.68,35.782097,0.25490198,0.01853834,1,0,0,3,0,0,0,0,3,3
1773823316485,32097,0,55,3.872,35.777214,0.23636363,-0.01853834,1,0,0,3,0,0,0,0,3,3
1773823334553,32150,0,53,31.052,35.81102,0.24528302,0.008919388,1,0,0,3,0,0,0,0,3,3
1773823358643,32205,0,55,3.167,35.82942,0.23636363,-0.008919388,1,0,0,3,0,0,0,0,3,3
1773823380719,32256,0,51,1.92,35.841423,0.25490198,0.01853834,1,0,0,3,0,0,0,0,3,3
1773823400816,32314,0,58,5.314,35.840633,0.22413793,-0.030764043,1,0,0,3,0,0,0,0,3,3
1773823424913,32372,0,58,1.821,35.847507,0.22413793,0,1,0,0,3,0,0,0,0,3,3
1773823442986,32425,0,53,4.548,35.845097,0.24528302,0.02114509,1,0,0,3,0,0,0,0,3,3
1773823465077,32479,0,54,2.187,35.84982,0.24074075,-0.0045422763,1,0,0,3,0,0,0,0,3,3
1773823491170,32530,0,51,3.739,35.836605,0.25490198,0.014161229,1,0,0,3,0,0,0,0,3,3
1773823515276,32591,0,61,6.464,35.845856,0.21311475,-0.041787222,1,0,0,3,0,0,0,0,3,3
1773823533316,32642,0,51,3.751,35.84075,0.25490198,0.041787222,1,0,0,3,0,0,0,0,3,3
1773823557381,32703,0,61,2.854,35.844814,0.21311475,-0.041787222,1,0,0,3,0,0,0,0,3,3
1773823583500,32753,0,50,6.043,35.856686,0.26,0.046885237,1,0,0,3,0,0,0,0,3,3
1773823607597,32811,0,58,2.016,35.85814,0.22413793,-0.03586206,1,0,0,3,0,0,0,0,3,3
1773823637673,32876,0,65,3.555,35.793156,0.2,-0.02413793,1,0,0,3,0,0,0,0,3,3
1773823647710,32930,0,54,5.33,35.78194,0.24074075,0.040740743,1,0,0,3,0,0,0,0,3,3
1773823663754,32980,0,50,1.895,35.78898,0.26,0.019259244,1,0,0,3,0,0,0,0,3,3
1773823689871,33036,0,56,3.468,35.675533,0.23214285,-0.02785714,1,0,0,3,0,0,0,0,3,3
1773823715953,33086,0,50,3.533,35.669548,0.26,0.02785714,1,0,0,3,0,0,0,0,3,3
1773823744067,33139,0,53,10.943,35.647533,0.24528302,-0.014716968,1,0,0,3,0,0,0,0,3,3
1773823776176,33198,0,59,1.871,35.436787,0.22033899,-0.024944037,1,0,0,3,0,0,0,0,3,3
1773823798271,33253,0,55,8.032,35.426315,0.23636363,0.01602465,1,0,0,3,0,0,0,0,3,3
1773823836425,33311,0,58,37.29,35.553173,0.22413793,-0.012225702,1,0,0,3,0,0,0,0,3,3
1773823862510,33363,0,52,4.247,35.555424,0.25,0.025862068,1,0,0,3,0,0,0,0,3,3
1773823906679,33423,0,60,2.24,35.561028,0.21666667,-0.03333333,1,0,0,3,0,0,0,0,3,3
1773823922724,33489,0,66,2,35.574223,0.1969697,-0.019696966,1,0,0,3,0,0,0,0,3,3
1773823942820,33542,0,53,8.498,16.458778,0.24528302,0.04831332,1,0,0,3,0,0,0,0,3,3
1773823982998,33594,0,52,5.049,14.875439,0.25,0.0047169775,1,0,0,3,0,0,0,0,3,3
1773824007078,33644,0,50,15.217,14.891587,0.26,0.00999999,1,0,0,3,0,0,0,0,3,3
1773824043180,33694,0,50,4.043,14.889081,0.26,0,1,0,0,3,0,0,0,0,3,3
1773824065273,33745,0,51,6.178,14.880848,0.25490198,-0.005098015,1,0,0,3,0,0,0,0,3,3
1773824109473,33799,0,54,6.928,14.874503,0.24074075,-0.014161229,1,0,0,3,0,0,0,0,3,3
1773824135586,33849,0,50,4.808,14.864668,0.26,0.019259244,1,0,0,3,0,0,0,0,3,3
1773824173738,33875,0.1,26,0,14.886284,0,-0.26,1,0,0,3,0,0,0,30000,3,3
1773824181785,33904,0,29,2.145,14.896332,0.23636363,0.23636363,1,0,0,3,0,0,0,0,3,3
1773824205875,33959,0,55,5.289,14.90127,0.23636363,0,1,0,0,3,0,0,0,0,3,3
1773824244016,34023,0,64,1.225,14.906019,0.203125,-0.033238634,1,0,0,3,0,0,0,0,3,3
1773824266087,34080,0,57,7.123,14.892211,0.22807017,0.02494517,1,0,0,3,0,0,0,0,3,3
1773824308226,34106,0.1,26,0,14.922348,0,-0.22807017,1,0,0,3,0,0,0,30000,3,3
1773824316272,34131,0,25,3.773,14.917643,0.25490198,0.25490198,1,0,0,3,0,0,0,0,3,3
1773824336314,34190,0,59,12.936,14.912007,0.22033899,-0.03456299,1,0,0,3,0,0,0,0,3,3
1773824376481,34252,0,62,44.358,15.551771,0.20967741,-0.010661572,1,0,0,3,0,0,0,0,3,3
1773824402579,34307,0,55,1.992,15.563822,0.23636363,0.026686221,1,0,0,3,0,0,0,0,3,3
1773824456742,34357,0,50,1.261,15.5930195,0.26,0.023636356,1,0,0,3,0,0,0,0,3,3
1773824488892,34416,0,59,7.343,15.593655,0.22033899,-0.039661005,1,0,0,3,0,0,0,0,3,3
1773824502944,34469,0,53,4.627,15.573898,0.24528302,0.024944037,1,0,0,3,0,0,0,0,3,3
1773824512991,34519,0,50,3.816,15.563226,0.26,0.014716968,1,0,0,3,0,0,0,0,3,3
1773824535087,34570,0,51,3.771,15.573728,0.25490198,-0.005098015,1,0,0,3,0,0,0,0,3,3
1773824565210,34629,0,59,6.03,15.572447,0.22033899,-0.03456299,1,0,0,3,0,0,0,0,3,3
1773824587365,34686,0,57,13.984,14.967339,0.22807017,0.0077311844,1,0,0,3,0,0,0,0,3,3
1773824637735,34746,0,60,2.934,14.974722,0.21666667,-0.011403501,1,0,0,3,0,0,0,0,3,3
1773824649786,34796,0,50,2.711,14.970115,0.26,0.04333332,1,0,0,3,0,0,0,0,3,3
1773824675885,34847,0,51,1.867,14.984788,0.25490198,-0.005098015,1,0,0,3,0,0,0,0,3,3
1773824706002,34847,0.35,0,0,15.018348,0,-0.25490198,1,0,0,3,0,0,0,30000,3,3
1773824730108,34899,0,52,3.779,10.54616,0.25,0.25,1,0,0,3,0,0,0,0,3,3
1773824762215,34949,0,50,2.125,10.550158,0.26,0.00999999,1,0,0,3,0,0,0,0,3,3
1773824776293,34999,0,50,1.908,10.550513,0.26,0,1,0,0,3,0,0,0,0,3,3
1773824794372,35052,0,53,8.117,10.546451,0.24528302,-0.014716968,1,0,0,3,0,0,0,0,3,3
1773824846574,35102,0,50,4.052,10.542288,0.26,0.014716968,1,0,0,3,0,0,0,0,3,3
1773824866642,35152,0,50,4.242,7.717743,0.26,0,1,0,0,3,0,0,0,0,3,3
1773824892715,35203,0,51,2.058,7.7255826,0.25490198,-0.005098015,1,0,0,3,0,0,0,0,3,3
1773824908783,35253,0,50,3.832,7.721933,0.26,0.005098015,1,0,0,3,0,0,0,0,3,3
1773824918810,35310,0,57,2.424,7.730935,0.22807017,-0.03192982,1,0,0,3,0,0,0,0,3,3
1773824934856,35368,0,58,1.926,7.7468047,0.22413793,-0.0039322376,1,0,0,3,0,0,0,0,3,3
1773824985056,35420,0,52,4.014,7.746254,0.25,0.025862068,1,0,0,3,0,0,0,0,3,3
1773825037211,35478,0,58,3.917,7.0693507,0.22413793,-0.025862068,1,0,0,3,0,0,0,0,3,3
1773825055308,35531,0,53,3.171,7.069331,0.24528302,0.02114509,1,0,0,3,0,0,0,0,3,3
1773825087440,35589,0,58,1.546,7.0723968,0.22413793,-0.02114509,1,0,0,3,0,0,0,0,3,3
1773825103511,35640,0,51,1.397,7.0901494,0.25490198,0.030764043,1,0,0,3,0,0,0,0,3,3
1773825121574,35697,0,57,8.182,7.084161,0.22807017,-0.026831806,1,0,0,3,0,0,0,0,3,3
1773825135652,35747,0,50,1.771,7.098216,0.26,0.03192982,1,0,0,3,0,0,0,0,3,3
1773825161720,35797,0,50,2.123,7.0986776,0.26,0,1,0,0,3,0,0,0,0,3,3
1773825179819,35852,0,55,1.546,7.1120553,0.23636363,-0.023636356,1,0,0,3,0,0,0,0,3,3
1773825197893,35903,0,51,1.602,7.126232,0.25490198,0.01853834,1,0,0,3,0,0,0,0,3,3
1773825246095,35967,0,64,2.112,7.134778,0.203125,-0.051776975,1,0,0,3,0,0,0,0,3,3
1773825270215,36017,0,50,122.547,16.190008,0.26,0.05687499,1,0,0,3,0,0,0,0,3,3
1773825304307,36074,0,57,2.437,16.200098,0.22807017,-0.03192982,1,0,0,3,0,0,0,0,3,3
1773825324386,36125,0,51,2.326,16.198618,0.25490198,0.026831806,1,0,0,3,0,0,0,0,3,3
1773825356533,36182,0,57,1.691,16.20667,0.22807017,-0.026831806,1,0,0,3,0,0,0,0,3,3
1773825378649,36233,0,51,8.165,16.205679,0.25490198,0.026831806,1,0,0,3,0,0,0,0,3,3
1773825398760,36283,0,50,2.598,16.202366,0.26,0.005098015,1,0,0,3,0,0,0,0,3,3
1773825444968,36337,0,54,3.168,16.20347,0.24074075,-0.019259244,1,0,0,3,0,0,0,0,3,3
1773825461047,36388,0,51,10.352,16.201836,0.25490198,0.014161229,1,0,0,3,0,0,0,0,3,3
1773825491171,36446,0,58,1.085,16.2128,0.22413793,-0.030764043,1,0,0,3,0,0,0,0,3,3
1773825509234,36499,0,53,9.434,16.201881,0.24528302,0.02114509,1,0,0,3,0,0,0,0,3,3
1773825529336,36551,0,52,7.69,16.201666,0.25,0.0047169775,1,0,0,3,0,0,0,0,3,3
1773825573479,36606,0,55,1.309,15.766325,0.23636363,-0.0136363655,1,0,0,3,0,0,0,0,3,3
1773825593569,36668,0,62,4.44,15.765885,0.20967741,-0.026686221,1,0,0,3,0,0,0,0,3,3
1773825615669,36720,0,52,2.498,15.764791,0.25,0.040322587,1,0,0,3,0,0,0,0,3,3
1773825643797,36774,0,54,4.049,15.757398,0.24074075,-0.009259254,1,0,0,3,0,0,0,0,3,3
1773825661872,36830,0,56,1.579,15.768288,0.23214285,-0.0085978955,1,0,0,3,0,0,0,0,3,3
1773825693974,36885,0,55,3.609,15.771473,0.23636363,0.0042207837,1,0,0,3,0,0,0,0,3,3
1773825720079,36942,0,57,5.264,15.734267,0.22807017,-0.008293465,1,0,0,3,0,0,0,0,3,3
1773825760275,36968,0.1,26,0,15.751688,0,-0.22807017,1,0,0,3,0,0,0,30000,3,3
1773825782379,36993,0,25,4.177,15.753945,0.25490198,0.25490198,1,0,0,3,0,0,0,0,3,3
1773825800471,37043,0,50,2.674,15.760128,0.26,0.005098015,1,0,0,3,0,0,0,0,3,3
1773825842752,37069,0.1,26,0,15.778192,0,-0.26,1,0,0,3,0,0,0,30000,3,3
1773825856808,37103,0,34,3.824,15.7619915,0.21666667,0.21666667,1,0,0,3,0,0,0,0,3,3
1773825872874,37154,0,51,10.651,15.762949,0.25490198,0.038235307,1,0,0,3,0,0,0,0,3,3
1773825907013,37214,0,60,3.207,15.767254,0.21666667,-0.038235307,1,0,0,3,0,0,0,0,3,3
1773825933114,37267,0,53,4.353,15.756235,0.24528302,0.028616354,1,0,0,3,0,0,0,0,3,3
1773825975300,37290,0.1,23,0,15.775648,0,-0.24528302,1,0,0,3,0,0,0,30000,3,3
1773825985323,37317,0,27,7.761,15.756912,0.26,0.26,1,0,0,3,0,0,0,0,3,3
1773826009432,37367,0,50,5.583,15.753838,0.26,0,1,0,0,3,0,0,0,0,3,3
1773826031516,37431,0,64,1.157,15.745269,0.203125,-0.05687499,1,0,0,3,0,0,0,0,3,3
1773826051616,37492,0,61,1.317,15.003731,0.21311475,0.009989753,1,0,0,3,0,0,0,0,3,3
1773826061658,37546,0,54,1.955,15.00387,0.24074075,0.027625993,1,0,0,3,0,0,0,0,3,3
1773826115863,37606,0,60,4.952,14.994371,0.21666667,-0.024074078,1,0,0,3,0,0,0,0,3,3
1773826137917,37656,0,50,44.978,15.76894,0.26,0.04333332,1,0,0,3,0,0,0,0,3,3
1773826163995,37714,0,58,4.834,15.768639,0.22413793,-0.03586206,1,0,0,3,0,0,0,0,3,3
1773826186088,37776,0,62,1.982,15.774605,0.20967741,-0.014460519,1,0,0,3,0,0,0,0,3,3
1773826206128,37826,0,50,3.581,15.775074,0.26,0.050322577,1,0,0,3,0,0,0,0,3,3
1773826232277,37878,0,52,10.668,15.784937,0.25,-0.00999999,1,0,0,3,0,0,0,0,3,3
1773826250342,37932,0,54,30.936,16.052652,0.24074075,-0.009259254,1,0,0,3,0,0,0,0,3,3
1773826302572,37996,0,64,2.932,16.052658,0.203125,-0.037615746,1,0,0,3,0,0,0,0,3,3
1773826316617,38047,0,51,3.471,16.050129,0.25490198,0.051776975,1,0,0,3,0,0,0,0,3,3
1773826326643,38101,0,54,3.453,16.044159,0.24074075,-0.014161229,1,0,0,3,0,0,0,0,3,3
1773826352754,38154,0,53,3.615,16.027391,0.24528302,0.0045422763,1,0,0,3,0,0,0,0,3,3
1773826372866,38210,0,56,12.954,16.042576,0.23214285,-0.013140172,1,0,0,3,0,0,0,0,3,3
1773826396914,38265,0,55,3.546,16.037157,0.23636363,0.0042207837,1,0,0,3,0,0,0,0,3,3
1773826423019,38315,0,50,9.309,16.028423,0.26,0.023636356,1,0,0,3,0,0,0,0,3,3
1773826441105,38371,0,56,25.95,16.201624,0.23214285,-0.02785714,1,0,0,3,0,0,0,0,3,3
1773826465197,38423,0,52,5.139,16.198933,0.25,0.01785715,1,0,0,3,0,0,0,0,3,3
1773826493308,38479,0,56,36.048,16.584688,0.23214285,-0.01785715,1,0,0,3,0,0,0,0,3,3
1773826515385,38529,0,50,3.72,16.57718,0.26,0.02785714,1,0,0,3,0,0,0,0,3,3
1773826529449,38581,0,52,30.147,16.801085,0.25,-0.00999999,1,0,0,3,0,0,0,0,3,3
1773826561573,38632,0,51,1.676,16.805292,0.25490198,0.0049019754,1,0,0,3,0,0,0,0,3,3
1773826581661,38690,0,58,1.86,16.805674,0.22413793,-0.030764043,1,0,0,3,0,0,0,0,3,3
1773826601845,38743,0,53,3.341,16.808435,0.24528302,0.02114509,1,0,0,3,0,0,0,0,3,3
1773826627946,38795,0,52,4.963,16.804884,0.25,0.0047169775,1,0,0,3,0,0,0,0,3,3
1773826650023,38847,0,52,31.703,17.044952,0.25,0,1,0,0,3,0,0,0,0,3,3
1773826682159,38908,0,61,1.432,17.04569,0.21311475,-0.036885247,1,0,0,3,0,0,0,0,3,3
1773826706292,38971,0,63,1.031,17.04815,0.20634921,-0.0067655444,1,0,0,3,0,0,0,0,3,3
1773826718322,39023,0,52,7.487,17.048592,0.25,0.04365079,1,0,0,3,0,0,0,0,3,3
1773826750513,39081,0,58,5.94,17.030607,0.22413793,-0.025862068,1,0,0,3,0,0,0,0,3,3
1773826778618,39139,0,58,16.682,17.039904,0.22413793,0,1,0,0,3,0,0,0,0,3,3
1773826800715,39190,0,51,10.358,17.016155,0.25490198,0.030764043,1,0,0,3,0,0,0,0,3,3
1773826830850,39241,0,51,3.711,17.00391,0.25490198,0,1,0,0,3,0,0,0,0,3,3
1773826846904,39298,0,57,3.395,16.996548,0.22807017,-0.026831806,1,0,0,3,0,0,0,0,3,3
1773826858923,39357,0,59,2.03,9.202429,0.22033899,-0.0077311844,1,0,0,3,0,0,0,0,3,3
1773826897081,39411,0,54,4.167,9.191145,0.24074075,0.020401761,1,0,0,3,0,0,0,0,3,3
1773826911154,39463,0,52,19.28,9.291922,0.25,0.009259254,1,0,0,3,0,0,0,0,3,3
1773826933267,39513,0,50,4.354,9.272117,0.26,0.00999999,1,0,0,3,0,0,0,0,3,3
1773826959389,39564,0,51,2.202,9.294511,0.25490198,-0.005098015,1,0,0,3,0,0,0,0,3,3
1773826981467,39617,0,53,1.168,9.307661,0.24528302,-0.009618953,1,0,0,3,0,0,0,0,3,3
1773827035725,39657,0.1,40,0,9.338122,0,-0.24528302,1,0,0,3,0,0,0,30000,3,3
1773827041740,39675,0,18,3.239,9.343419,0.22413793,0.22413793,1,0,0,3,0,0,0,0,3,3
1773827061851,39725,0,50,3.668,9.322537,0.26,0.03586206,1,0,0,3,0,0,0,0,3,3
1773827085909,39776,0,51,2.313,9.337998,0.25490198,-0.005098015,1,0,0,3,0,0,0,0,3,3
1773827103972,39827,0,51,1.492,9.363628,0.25490198,0,1,0,0,3,0,0,0,0,3,3
1773827124068,39877,0,50,12.076,9.3562765,0.26,0.005098015,1,0,0,3,0,0,0,0,3,3
1773827148138,39927,0,50,2.817,9.365878,0.26,0,1,0,0,3,0,0,0,0,3,3
1773827166223,39985,0,58,5.196,9.350859,0.22413793,-0.03586206,1,0,0,3,0,0,0,0,3,3
1773827194310,40035,0,50,6.811,9.342576,0.26,0.03586206,1,0,0,3,0,0,0,0,3,3
1773827226459,40088,0,53,1.877,9.339824,0.24528302,-0.014716968,1,0,0,3,0,0,0,0,3,3
1773827234494,40142,0,54,2.466,9.347859,0.24074075,-0.0045422763,1,0,0,3,0,0,0,0,3,3
1773827248530,40196,0,54,3.915,9.353793,0.24074075,0,1,0,0,3,0,0,0,0,3,3
1773827278693,40252,0,56,21.878,9.482887,0.23214285,-0.0085978955,1,0,0,3,0,0,0,0,3,3
1773827298762,40302,0,50,5.144,9.478266,0.26,0.02785714,1,0,0,3,0,0,0,0,3,3
1773827316857,40353,0,51,3.207,9.474195,0.25490198,-0.005098015,1,0,0,3,0,0,0,0,3,3
1773827351002,40414,0,61,10.344,9.4317,0.21311475,-0.041787222,1,0,0,3,0,0,0,0,3,3
1773827377087,40469,0,55,3.576,9.433359,0.23636363,0.023248881,1,0,0,3,0,0,0,0,3,3
1773827399150,40522,0,53,6.691,9.427009,0.24528302,0.008919388,1,0,0,3,0,0,0,0,3,3
1773827443339,40574,0,52,4.338,9.419678,0.25,0.0047169775,1,0,0,3,0,0,0,0,3,3
1773827467476,40626,0,52,5.646,9.413883,0.25,0,1,0,0,3,0,0,0,0,3,3
1773827495589,40676,0,50,6.103,9.366087,0.26,0.00999999,1,0,0,3,0,0,0,0,3,3
1773827507652,40730,0,54,3.539,9.381027,0.24074075,-0.019259244,1,0,0,3,0,0,0,0,3,3
1773827529717,40780,0,50,11.718,9.38984,0.26,0.019259244,1,0,0,3,0,0,0,0,3,3
1773827559841,40830,0,50,12.755,9.371096,0.26,0,1,0,0,3,0,0,0,0,3,3
1773827583915,40880,0,50,7.695,9.333154,0.26,0,1,0,0,3,0,0,0,0,3,3
1773827612023,40939,0,59,19.312,9.4021,0.22033899,-0.039661005,1,0,0,3,0,0,0,0,3,3
1773827632116,40989,0,50,1.356,9.433157,0.26,0.039661005,1,0,0,3,0,0,0,0,3,3
1773827642148,41039,0,50,3.493,8.24295,0.26,0,1,0,0,3,0,0,0,0,3,3
1773827658236,41094,0,55,4.978,8.24219,0.23636363,-0.023636356,1,0,0,3,0,0,0,0,3,3
1773827710427,41159,0,65,3.492,8.22798,0.2,-0.03636363,1,0,0,3,0,0,0,0,3,3
1773827728495,41214,0,55,3.272,8.230491,0.23636363,0.03636363,1,0,0,3,0,0,0,0,3,3
1773827760636,41275,0,61,3.599,8.237406,0.21311475,-0.023248881,1,0,0,3,0,0,0,0,3,3
1773827782712,41333,0,58,9.49,7.6996994,0.22413793,0.011023179,1,0,0,3,0,0,0,0,3,3
1773827794768,41389,0,56,7.546,7.680426,0.23214285,0.008004919,1,0,0,3,0,0,0,0,3,3
1773827820876,41441,0,52,3.947,7.676915,0.25,0.01785715,1,0,0,3,0,0,0,0,3,3
1773827832912,41491,0,50,4.082,7.6723356,0.26,0.00999999,1,0,0,3,0,0,0,0,3,3
1773827846983,41544,0,53,3.788,7.6710515,0.24528302,-0.014716968,1,0,0,3,0,0,0,0,3,3
1773827857026,41597,0,53,3.097,7.6559434,0.24528302,0,1,0,0,3,0,0,0,0,3,3
1773827883131,41653,0,56,4.802,7.6481667,0.23214285,-0.013140172,1,0,0,3,0,0,0,0,3,3
1773827899184,41703,0,50,8.261,7.644789,0.26,0.02785714,1,0,0,3,0,0,0,0,3,3
1773827913230,41756,0,53,1.009,7.3073034,0.24528302,-0.014716968,1,0,0,3,0,0,0,0,3,3
1773827931309,41808,0,52,2.248,7.3264074,0.25,0.0047169775,1,0,0,3,0,0,0,0,3,3
1773827959417,41859,0,51,7.584,6.3317237,0.25490198,0.0049019754,1,0,0,3,0,0,0,0,3,3
1773827971470,41914,0,55,3.598,6.332525,0.23636363,-0.01853834,1,0,0,3,0,0,0,0,3,3
1773827991515,41974,0,60,2.211,5.5948305,0.21666667,-0.019696966,1,0,0,3,0,0,0,0,3,3
1773828035673,42029,0,55,2.117,5.5899158,0.23636363,0.019696966,1,0,0,3,0,0,0,0,3,3
1773828055742,42080,0,51,3.124,5.5778666,0.25490198,0.01853834,1,0,0,3,0,0,0,0,3,3
1773828085849,42133,0,53,2.794,5.5822115,0.24528302,-0.009618953,1,0,0,3,0,0,0,0,3,3
1773828107960,42197,0,64,13.91,5.6683593,0.203125,-0.042158023,1,0,0,3,0,0,0,0,3,3
1773828120006,42252,0,55,1.976,4.677827,0.23636363,0.033238634,1,0,0,3,0,0,0,0,3,3
1773828164213,42310,0,58,3.997,4.6530776,0.22413793,-0.012225702,1,0,0,3,0,0,0,0,3,3
1773828180272,42368,0,58,3.198,4.627408,0.22413793,0,1,0,0,3,0,0,0,0,3,3
1773828232445,42408,0.1,40,0,4.673878,0,-0.22413793,1,0,0,3,0,0,0,30000,3,3
1773828238462,42420,0,12,2.369,4.6899657,0.25,0.25,1,0,0,3,0,0,0,0,3,3
1773828246507,42471,0,51,4.127,4.474802,0.25490198,0.0049019754,1,0,0,3,0,0,0,0,3,3
1773828256539,42521,0,50,3.225,4.435607,0.26,0.005098015,1,0,0,3,0,0,0,0,3,3
1773828296717,42541,0.1,20,0,4.4783363,0,-0.26,1,0,0,3,0,0,0,30000,3,3
1773828306768,42572,0,31,3.33,4.4787326,0.25490198,0.25490198,1,0,0,3,0,0,0,0,3,3
1773828316794,42627,0,55,3.704,4.4655385,0.23636363,-0.01853834,1,0,0,3,0,0,0,0,3,3
1773828346883,42684,0,57,2.017,4.4807634,0.22807017,-0.008293465,1,0,0,3,0,0,0,0,3,3
1773828366973,42734,0,50,61.489,8.135129,0.26,0.03192982,1,0,0,3,0,0,0,0,3,3
1773828383053,42789,0,55,3.878,8.13663,0.23636363,-0.023636356,1,0,0,3,0,0,0,0,3,3
1773828437278,42847,0,58,1.829,8.139306,0.22413793,-0.012225702,1,0,0,3,0,0,0,0,3,3
1773828451319,42900,0,53,2.208,8.131178,0.24528302,0.02114509,1,0,0,3,0,0,0,0,3,3
1773828465390,42952,0,52,1.902,8.11351,0.25,0.0047169775,1,0,0,3,0,0,0,0,3,3
1773828499509,43002,0,50,7.292,8.109131,0.26,0.00999999,1,0,0,3,0,0,0,0,3,3
1773828523620,43057,0,55,2.578,8.114855,0.23636363,-0.023636356,1,0,0,3,0,0,0,0,3,3
1773828547712,43107,0,50,1.282,8.122862,0.26,0.023636356,1,0,0,3,0,0,0,0,3,3
1773828567782,43157,0,50,4.394,8.106632,0.26,0,1,0,0,3,0,0,0,0,3,3
1773828583819,43217,0,60,8.392,8.075382,0.21666667,-0.04333332,1,0,0,3,0,0,0,0,3,3
1773828627981,43242,0.1,25,0,8.099233,0,-0.21666667,1,0,0,3,0,0,0,30000,3,3
1773828640038,43269,0,27,6.975,8.100271,0.25,0.25,1,0,0,3,0,0,0,0,3,3
1773828676199,43325,0,56,162.554,21.062487,0.23214285,-0.01785715,1,0,0,3,0,0,0,0,3,3
1773828694312,43379,0,54,1.671,21.063473,0.24074075,0.0085978955,1,0,0,3,0,0,0,0,3,3
1773828704330,43434,0,55,1.768,21.066633,0.23636363,-0.004377112,1,0,0,3,0,0,0,0,3,3
1773828718397,43488,0,54,3.027,21.069756,0.24074075,0.004377112,1,0,0,3,0,0,0,0,3,3
1773828762557,43509,0.1,21,0,21.02252,0,-0.24074075,1,0,0,3,0,0,0,30000,3,3
1773828770582,43546,0,37,5.433,21.021969,0.22413793,0.22413793,1,0,0,3,0,0,0,0,3,3
1773828788671,43596,0,50,3.942,21.01962,0.26,0.03586206,1,0,0,3,0,0,0,0,3,3
1773828818768,43662,0,66,3.062,21.025663,0.1969697,-0.06303029,1,0,0,3,0,0,0,0,3,3
1773828832825,43715,0,53,1.898,21.031912,0.24528302,0.04831332,1,0,0,3,0,0,0,0,3,3
1773828852903,43765,0,50,1.247,21.04697,0.26,0.014716968,1,0,0,3,0,0,0,0,3,3
1773828885041,43819,0,54,4.157,21.047428,0.24074075,-0.019259244,1,0,0,3,0,0,0,0,3,3
1773828909112,43869,0,50,10.228,21.048288,0.26,0.019259244,1,0,0,3,0,0,0,0,3,3
1773828931198,43921,0,52,8.355,21.047436,0.25,-0.00999999,1,0,0,3,0,0,0,0,3,3
1773828963326,43975,0,54,8.122,21.040766,0.24074075,-0.009259254,1,0,0,3,0,0,0,0,3,3
1773828985432,44027,0,52,21.778,21.106726,0.25,0.009259254,1,0,0,3,0,0,0,0,3,3
1773829015533,44078,0,51,9.331,21.098902,0.25490198,0.0049019754,1,0,0,3,0,0,0,0,3,3
1773829033605,44129,0,51,8.816,21.099163,0.25490198,0,1,0,0,3,0,0,0,0,3,3
1773829055720,44192,0,63,2.018,21.062605,0.20634921,-0.048552766,1,0,0,3,0,0,0,0,3,3
1773829093865,44207,0.1,15,0,21.069633,0,-0.20634921,1,0,0,3,0,0,0,30000,3,3
1773829105905,44243,0,36,2.244,21.074057,0.25490198,0.25490198,1,0,0,3,0,0,0,0,3,3
1773829117937,44297,0,54,3.145,21.078897,0.24074075,-0.014161229,1,0,0,3,0,0,0,0,3,3
1773829142059,44351,0,54,120.691,25.308292,0.24074075,0,1,0,0,3,0,0,0,0,3,3
1773829168134,44403,0,52,6.976,25.298353,0.25,0.009259254,1,0,0,3,0,0,0,0,3,3
1773829182202,44456,0,53,3.903,25.297276,0.24528302,-0.0047169775,1,0,0,3,0,0,0,0,3,3
1773829208303,44506,0,50,4.061,25.306276,0.26,0.014716968,1,0,0,3,0,0,0,0,3,3
1773829228361,44569,0,63,3.043,25.317635,0.20634921,-0.05365078,1,0,0,3,0,0,0,0,3,3
1773829244418,44620,0,51,7.91,25.3092,0.25490198,0.048552766,1,0,0,3,0,0,0,0,3,3
1773829272559,44682,0,62,5.398,25.305397,0.20967741,-0.045224562,1,0,0,3,0,0,0,0,3,3
1773829290635,44732,0,50,8.722,25.295607,0.26,0.050322577,1,0,0,3,0,0,0,0,3,3
1773829308709,44786,0,54,2.769,25.29694,0.24074075,-0.019259244,1,0,0,3,0,0,0,0,3,3
1773829366957,44847,0,61,3.438,25.301464,0.21311475,-0.027625993,1,0,0,3,0,0,0,0,3,3
1773829389071,44900,0,53,10.723,25.301453,0.24528302,0.03216827,1,0,0,3,0,0,0,0,3,3
1773829419187,44953,0,53,4.769,25.285982,0.24528302,0,1,0,0,3,0,0,0,0,3,3
1773829435266,45008,0,55,6.045,25.273169,0.23636363,-0.008919388,1,0,0,3,0,0,0,0,3,3
1773829449328,45059,0,51,3.812,25.282286,0.25490198,0.01853834,1,0,0,3,0,0,0,0,3,3
1773829483481,45111,0,52,1.973,25.28909,0.25,-0.0049019754,1,0,0,3,0,0,0,0,3,3
1773829495511,45166,0,55,3.051,25.285496,0.23636363,-0.0136363655,1,0,0,3,0,0,0,0,3,3
1773829505537,45216,0,50,1.108,25.290447,0.26,0.023636356,1,0,0,3,0,0,0,0,3,3
1773829565811,45281,0,65,8.628,25.277811,0.2,-0.059999987,1,0,0,3,0,0,0,0,3,3
1773829579860,45337,0,56,2.498,25.279085,0.23214285,0.032142848,1,0,0,3,0,0,0,0,3,3
1773829619998,45387,0,50,2.11,25.290236,0.26,0.02785714,1,0,0,3,0,0,0,0,3,3
1773829640077,45445,0,58,4.212,25.281433,0.22413793,-0.03586206,1,0,0,3,0,0,0,0,3,3
1773829684241,45504,0,59,3.45,25.283375,0.22033899,-0.0037989467,1,0,0,3,0,0,0,0,3,3
1773829698271,45559,0,55,2.413,25.286613,0.23636363,0.01602465,1,0,0,3,0,0,0,0,3,3
1773829708329,45612,0,53,4.075,25.267826,0.24528302,0.008919388,1,0,0,3,0,0,0,0,3,3
1773829750549,45669,0,57,3.842,25.26197,0.22807017,-0.017212853,1,0,0,3,0,0,0,0,3,3
1773829760596,45719,0,50,1.193,25.274426,0.26,0.03192982,1,0,0,3,0,0,0,0,3,3
1773829778671,45775,0,56,2.208,25.278687,0.23214285,-0.02785714,1,0,0,3,0,0,0,0,3,3
1773829820868,45794,0.1,19,0,25.278687,0,-0.23214285,1,0,0,3,0,0,0,30000,3,3
1773829832913,45834,0,40,18.979,25.29364,0.22033899,0.22033899,1,0,0,3,0,0,0,0,3,3
1773829859028,45884,0,50,1.443,25.303614,0.26,0.039661005,1,0,0,3,0,0,0,0,3,3
1773829895169,45936,0,52,2.37,25.301971,0.25,-0.00999999,1,0,0,3,0,0,0,0,3,3
1773829923297,45988,0,52,4.417,24.45248,0.25,0,1,0,0,3,0,0,0,0,3,3
1773829959446,46045,0,57,23.294,24.509804,0.22807017,-0.02192983,1,0,0,3,0,0,0,0,3,3
1773829981519,46103,0,58,3.078,24.504492,0.22413793,-0.0039322376,1,0,0,3,0,0,0,0,3,3
1773830019702,46127,0.1,24,0,24.515768,0,-0.22413793,1,0,0,3,0,0,0,30000,3,3
1773830029733,46154,0,27,4.72,24.505337,0.25490198,0.25490198,1,0,0,3,0,0,0,0,3,3
1773830051839,46205,0,51,4.482,24.511122,0.25490198,0,1,0,0,3,0,0,0,0,3,3
1773830094011,46259,0,54,2.582,24.511106,0.24074075,-0.014161229,1,0,0,3,0,0,0,0,3,3
1773830114081,46309,0,50,9.18,24.491323,0.26,0.019259244,1,0,0,3,0,0,0,0,3,3
1773830152245,46334,0.1,25,0,24.510906,0,-0.26,1,0,0,3,0,0,0,30000,3,3
1773830162273,46360,0,26,1.619,24.528576,0.25490198,0.25490198,1,0,0,3,0,0,0,0,3,3
1773830184326,46416,0,56,2.618,24.515635,0.23214285,-0.022759125,1,0,0,3,0,0,0,0,3,3
1773830218462,46431,0.1,15,0,24.540272,0,-0.23214285,1,0,0,3,0,0,0,30000,3,3
1773830230490,46474,0,43,3.202,15.100417,0.22413793,0.22413793,1,0,0,3,0,0,0,0,3,3
1773830240527,46527,0,53,4.051,15.091435,0.24528302,0.02114509,1,0,0,3,0,0,0,0,3,3
1773830280676,46583,0,56,3.436,15.084635,0.23214285,-0.013140172,1,0,0,3,0,0,0,0,3,3
1773830288711,46635,0,52,3.781,15.082173,0.25,0.01785715,1,0,0,3,0,0,0,0,3,3
1773830304779,46691,0,56,8.661,15.061517,0.23214285,-0.01785715,1,0,0,3,0,0,0,0,3,3
1773830361009,46746,0,55,4.303,15.063651,0.23636363,0.0042207837,1,0,0,3,0,0,0,0,3,3
1773830381072,46799,0,53,3.093,15.066431,0.24528302,0.008919388,1,0,0,3,0,0,0,0,3,3
1773830425239,46853,0,54,8.292,15.060838,0.24074075,-0.0045422763,1,0,0,3,0,0,0,0,3,3
1773830447307,46903,0,50,6.168,15.048649,0.26,0.019259244,1,0,0,3,0,0,0,0,3,3
1773830487457,46953,0,50,15.109,15.066682,0.26,0,1,0,0,3,0,0,0,0,3,3
1773830513515,47004,0,51,3.75,15.06798,0.25490198,-0.005098015,1,0,0,3,0,0,0,0,3,3
1773830551662,47064,0,60,6.318,15.062801,0.21666667,-0.038235307,1,0,0,3,0,0,0,0,3,3
1773830573711,47117,0,53,7.93,15.062282,0.24528302,0.028616354,1,0,0,3,0,0,0,0,3,3
1773830619901,47177,0,60,2.338,15.07238,0.21666667,-0.028616354,1,0,0,3,0,0,0,0,3,3
1773830637946,47233,0,56,4.077,14.958221,0.23214285,0.015476182,1,0,0,3,0,0,0,0,3,3
1773830647990,47290,0,57,3.055,14.960516,0.22807017,-0.004072681,1,0,0,3,0,0,0,0,3,3
1773830688146,47343,0,53,3.746,14.961429,0.24528302,0.017212853,1,0,0,3,0,0,0,0,3,3
1773830706223,47394,0,51,3.052,14.957228,0.25490198,0.009618953,1,0,0,3,0,0,0,0,3,3
1773830748418,47446,0,52,4.014,14.938537,0.25,-0.0049019754,1,0,0,3,0,0,0,0,3,3
1773830764475,47497,0,51,3.078,14.935188,0.25490198,0.0049019754,1,0,0,3,0,0,0,0,3,3
1773830812662,47555,0,58,3.645,14.933558,0.22413793,-0.030764043,1,0,0,3,0,0,0,0,3,3
1773830828711,47605,0,50,4.054,4.0113835,0.26,0.03586206,1,0,0,3,0,0,0,0,3,3
1773830844786,47655,0,50,2.34,4.011337,0.26,0,1,0,0,3,0,0,0,0,3,3
1773830882977,47705,0,50,20.661,4.4760666,0.26,0,1,0,0,3,0,0,0,0,3,3
1773830909091,47758,0,53,3.179,4.4799256,0.24528302,-0.014716968,1,0,0,3,0,0,0,0,3,3
1773830951266,47808,0,50,4.37,4.4745026,0.26,0.014716968,1,0,0,3,0,0,0,0,3,3
1773830979365,47863,0,55,4.971,4.4583044,0.23636363,-0.023636356,1,0,0,3,0,0,0,0,3,3
1773831029597,47918,0,55,5.501,4.458523,0.23636363,0,1,0,0,3,0,0,0,0,3,3
1773831049672,47968,0,50,3.958,4.432846,0.26,0.023636356,1,0,0,3,0,0,0,0,3,3
1773831083826,48021,0,53,1.807,4.441226,0.24528302,-0.014716968,1,0,0,3,0,0,0,0,3,3
1773831105901,48080,0,59,16.781,4.68124,0.22033899,-0.024944037,1,0,0,3,0,0,0,0,3,3
1773831117929,48133,0,53,4.293,4.6252,0.24528302,0.024944037,1,0,0,3,0,0,0,0,3,3
1773831164131,48194,0,61,3.052,4.630639,0.21311475,-0.03216827,1,0,0,3,0,0,0,0,3,3
1773831174190,48247,0,53,4.159,4.6288486,0.24528302,0.03216827,1,0,0,3,0,0,0,0,3,3
1773831196271,48297,0,50,2.819,4.633815,0.26,0.014716968,1,0,0,3,0,0,0,0,3,3
1773831236442,48361,0,64,19.273,4.955039,0.203125,-0.05687499,1,0,0,3,0,0,0,0,3,3
1773831284594,48411,0,50,6.62,4.9521894,0.26,0.05687499,1,0,0,3,0,0,0,0,3,3
1773831300657,48468,0,57,8.844,4.947283,0.22807017,-0.03192982,1,0,0,3,0,0,0,0,3,3
1773831316684,48519,0,51,7.531,4.937396,0.25490198,0.026831806,1,0,0,3,0,0,0,0,3,3
1773831364876,48572,0,53,6.584,4.928192,0.24528302,-0.009618953,1,0,0,3,0,0,0,0,3,3
1773831382968,48629,0,57,3.072,4.9199486,0.22807017,-0.017212853,1,0,0,3,0,0,0,0,3,3
1773831433178,48682,0,53,2.735,4.92845,0.24528302,0.017212853,1,0,0,3,0,0,0,0,3,3
1773831485415,48741,0,59,4.808,4.923463,0.22033899,-0.024944037,1,0,0,3,0,0,0,0,3,3
1773831507470,48794,0,53,4.937,4.9102936,0.24528302,0.024944037,1,0,0,3,0,0,0,0,3,3
1773831553659,48854,0,60,2.251,4.9228115,0.21666667,-0.028616354,1,0,0,3,0,0,0,0,3,3
1773831567706,48910,0,56,2.749,4.929759,0.23214285,0.015476182,1,0,0,3,0,0,0,0,3,3
1773831577730,48968,0,58,4.032,4.905396,0.22413793,-0.008004919,1,0,0,3,0,0,0,0,3,3
1773831621931,49025,0,57,3.854,4.8932314,0.22807017,0.0039322376,1,0,0,3,0,0,0,0,3,3
1773831633983,49082,0,57,3.804,4.850667,0.22807017,0,1,0,0,3,0,0,0,0,3,3
1773831644041,49136,0,54,3.629,4.5441465,0.24074075,0.012670577,1,0,0,3,0,0,0,0,3,3
1773831686218,49186,0,50,8.138,4.533946,0.26,0.019259244,1,0,0,3,0,0,0,0,3,3
1773831712316,49237,0,51,2.371,4.5339365,0.25490198,-0.005098015,1,0,0,3,0,0,0,0,3,3
1773831754478,49291,0,54,3.817,4.5363417,0.24074075,-0.014161229,1,0,0,3,0,0,0,0,3,3
1773831774532,49341,0,50,2.352,3.9411044,0.26,0.019259244,1,0,0,3,0,0,0,0,3,3
1773831818671,49391,0,50,2.057,3.9506998,0.26,0,1,0,0,3,0,0,0,0,3,3
1773831838744,49447,0,56,1.945,3.9199986,0.23214285,-0.02785714,1,0,0,3,0,0,0,0,3,3
1773831888945,49497,0,50,8.682,3.9468613,0.26,0.02785714,1,0,0,3,0,0,0,0,3,3
1773831900996,49558,0,61,3.901,3.9487672,0.21311475,-0.046885237,1,0,0,3,0,0,0,0,3,3
1773831911055,49611,0,53,3.678,3.9405425,0.24528302,0.03216827,1,0,0,3,0,0,0,0,3,3
1773831957248,49669,0,58,5.002,3.9057581,0.22413793,-0.02114509,1,0,0,3,0,0,0,0,3,3
1773831975308,49721,0,52,16.801,4.1216793,0.25,0.025862068,1,0,0,3,0,0,0,0,3,3
1773832025473,49771,0,50,4.368,4.0980763,0.26,0.00999999,1,0,0,3,0,0,0,0,3,3
1773832035508,49829,0,58,3.627,4.089763,0.22413793,-0.03586206,1,0,0,3,0,0,0,0,3,3
1773832045559,49881,0,52,3.031,4.045551,0.25,0.025862068,1,0,0,3,0,0,0,0,3,3
1773832089789,49933,0,52,2.984,4.0474377,0.25,0,1,0,0,3,0,0,0,0,3,3
1773832115873,49986,0,53,3.771,4.048972,0.24528302,-0.0047169775,1,0,0,3,0,0,0,0,3,3
1773832164090,50038,0,52,4.523,4.043273,0.25,0.0047169775,1,0,0,3,0,0,0,0,3,3
1773832182135,50090,0,52,7.542,4.0474334,0.25,0,1,0,0,3,0,0,0,0,3,3
1773832226306,50152,0,62,1.136,4.0604033,0.20967741,-0.040322587,1,0,0,3,0,0,0,0,3,3
1773832248399,50211,0,59,3.045,4.0681567,0.22033899,0.010661572,1,0,0,3,0,0,0,0,3,3
1773832294564,50271,0,60,27.557,4.9084554,0.21666667,-0.0036723167,1,0,0,3,0,0,0,0,3,3
1773832348819,50323,0,52,1.021,4.930076,0.25,0.03333333,1,0,0,3,0,0,0,0,3,3
1773832364879,50375,0,52,4.306,4.9317546,0.25,0,1,0,0,3,0,0,0,0,3,3
1773832413089,50422,0.1,47,0,4.826969,0,-0.25,1,0,0,3,0,0,0,30000,3,3
1773832415106,50438,0,16,3.413,4.828809,0.20634921,0.20634921,1,0,0,3,0,0,0,0,3,3
1773832433188,50488,0,50,7.564,4.8355207,0.26,0.05365078,1,0,0,3,0,0,0,0,3,3
1773832483432,50551,0,63,3.158,4.8309484,0.20634921,-0.05365078,1,0,0,3,0,0,0,0,3,3
1773832501504,50603,0,52,12.887,4.9094577,0.25,0.04365079,1,0,0,3,0,0,0,0,3,3
1773832529626,50653,0,50,114.263,14.365619,0.26,0.00999999,1,0,0,3,0,0,0,0,3,3
1773832547673,50705,0,52,4.603,14.360096,0.25,-0.00999999,1,0,0,3,0,0,0,0,3,3
1773832569762,50756,0,51,4.236,14.358425,0.25490198,0.0049019754,1,0,0,3,0,0,0,0,3,3
1773832607927,50825,0,69,3.222,14.357686,0.1884058,-0.06649618,1,0,0,3,0,0,0,0,3,3
1773832627997,50888,0,63,5.715,14.353465,0.20634921,0.017943412,1,0,0,3,0,0,0,0,3,3
1773832644066,50938,0,50,3.257,14.352687,0.26,0.05365078,1,0,0,3,0,0,0,0,3,3
1773832678203,50990,0,52,3.975,14.351481,0.25,-0.00999999,1,0,0,3,0,0,0,0,3,3
1773832700274,51040,0,50,3.238,14.354604,0.26,0.00999999,1,0,0,3,0,0,0,0,3,3
1773832740417,51096,0,56,11.405,14.351135,0.23214285,-0.02785714,1,0,0,3,0,0,0,0,3,3
1773832756510,51146,0,50,3.539,14.258766,0.26,0.02785714,1,0,0,3,0,0,0,0,3,3
1773832774607,51197,0,51,2.265,14.26307,0.25490198,-0.005098015,1,0,0,3,0,0,0,0,3,3
1773832810711,51250,0,53,1.554,14.275494,0.24528302,-0.009618953,1,0,0,3,0,0,0,0,3,3
1773832834796,51301,0,51,4.836,14.275798,0.25490198,0.009618953,1,0,0,3,0,0,0,0,3,3
1773832872916,51357,0,56,5.044,14.276644,0.23214285,-0.022759125,1,0,0,3,0,0,0,0,3,3
1773832888978,51416,0,59,8.792,14.273352,0.22033899,-0.011803865,1,0,0,3,0,0,0,0,3,3
1773832911077,51466,0,50,14.442,14.287045,0.26,0.039661005,1,0,0,3,0,0,0,0,3,3
1773832953226,51516,0,50,4.694,14.2393875,0.26,0,1,0,0,3,0,0,0,0,3,3
1773832977307,51567,0,51,2.958,14.244378,0.25490198,-0.005098015,1,0,0,3,0,0,0,0,3,3
1773833009469,51629,0,62,4.165,14.240199,0.20967741,-0.045224562,1,0,0,3,0,0,0,0,3,3
1773833027527,51679,0,50,5.276,14.237343,0.26,0.050322577,1,0,0,3,0,0,0,0,3,3
1773833071667,51739,0,60,2.962,14.236686,0.21666667,-0.04333332,1,0,0,3,0,0,0,0,3,3
1773833097718,51791,0,52,3.518,14.159383,0.25,0.03333333,1,0,0,3,0,0,0,0,3,3
1773833137870,51846,0,55,2.485,14.169548,0.23636363,-0.0136363655,1,0,0,3,0,0,0,0,3,3
1773833155915,51911,0,65,2.146,14.178423,0.2,-0.03636363,1,0,0,3,0,0,0,0,3,3
1773833165977,51963,0,52,3.449,14.183473,0.25,0.049999997,1,0,0,3,0,0,0,0,3,3
1773833204140,52021,0,58,4.296,14.186305,0.22413793,-0.025862068,1,0,0,3,0,0,0,0,3,3
1773833222202,52083,0,62,1.621,14.192993,0.20967741,-0.014460519,1,0,0,3,0,0,0,0,3,3
1773833246269,52134,0,51,5.509,14.185594,0.25490198,0.045224562,1,0,0,3,0,0,0,0,3,3
1773833276386,52186,0,52,3.978,14.187575,0.25,-0.0049019754,1,0,0,3,0,0,0,0,3,3
1773833292454,52244,0,58,3.321,14.191867,0.22413793,-0.025862068,1,0,0,3,0,0,0,0,3,3
1773833308494,52296,0,52,2.997,14.188655,0.25,0.025862068,1,0,0,3,0,0,0,0,3,3
1773833344616,52351,0,55,3.532,14.185719,0.23636363,-0.0136363655,1,0,0,3,0,0,0,0,3,3
1773833366674,52402,0,51,3.261,14.188179,0.25490198,0.01853834,1,0,0,3,0,0,0,0,3,3
1773833406826,52461,0,59,3.039,14.19095,0.22033899,-0.03456299,1,0,0,3,0,0,0,0,3,3
1773833430893,52515,0,54,3.967,14.190476,0.24074075,0.020401761,1,0,0,3,0,0,0,0,3,3
1773833469058,52572,0,57,4.293,14.188596,0.22807017,-0.012670577,1,0,0,3,0,0,0,0,3,3
1773833487135,52622,0,50,2.945,14.194069,0.26,0.03192982,1,0,0,3,0,0,0,0,3,3
1773833509208,52674,0,52,4.505,14.186931,0.25,-0.00999999,1,0,0,3,0,0,0,0,3,3
1773833551400,52733,0,59,3.664,14.187396,0.22033899,-0.029661015,1,0,0,3,0,0,0,0,3,3
1773833565451,52787,0,54,2.093,14.188611,0.24074075,0.020401761,1,0,0,3,0,0,0,0,3,3
1773833607606,52850,0,63,4.652,14.1796055,0.20634921,-0.034391537,1,0,0,3,0,0,0,0,3,3
1773833631706,52906,0,56,1.535,14.181763,0.23214285,0.025793642,1,0,0,3,0,0,0,0,3,3
1773833669857,52959,0,53,4.305,14.1817255,0.24528302,0.013140172,1,0,0,3,0,0,0,0,3,3
1773833695918,53013,0,54,4.78,14.179677,0.24074075,-0.0045422763,1,0,0,3,0,0,0,0,3,3
1773833736088,53064,0,51,4.963,14.176624,0.25490198,0.014161229,1,0,0,3,0,0,0,0,3,3
1773833756151,53116,0,52,5.711,14.175736,0.25,-0.0049019754,1,0,0,3,0,0,0,0,3,3
1773833778266,53168,0,52,3.177,14.121579,0.25,0,1,0,0,3,0,0,0,0,3,3
1773833812433,53223,0,55,6.791,14.119643,0.23636363,-0.0136363655,1,0,0,3,0,0,0,0,3,3
1773833826473,53277,0,54,2.545,14.123506,0.24074075,0.004377112,1,0,0,3,0,0,0,0,3,3
1773833842534,53334,0,57,4.574,14.119215,0.22807017,-0.012670577,1,0,0,3,0,0,0,0,3,3
1773833886699,53386,0,52,4.688,14.114488,0.25,0.02192983,1,0,0,3,0,0,0,0,3,3
1773833900754,53439,0,53,4.648,14.112401,0.24528302,-0.0047169775,1,0,0,3,0,0,0,0,3,3
1773833936906,53492,0,53,2.791,14.117574,0.24528302,0,1,0,0,3,0,0,0,0,3,3
1773833954970,53544,0,52,22.676,14.261713,0.25,0.0047169775,1,0,0,3,0,0,0,0,3,3
1773833967035,53595,0,51,2.701,14.253702,0.25490198,0.0049019754,1,0,0,3,0,0,0,0,3,3
1773834009165,53649,0,54,4.623,14.248891,0.24074075,-0.014161229,1,0,0,3,0,0,0,0,3,3
1773834029242,53705,0,56,3.851,14.006045,0.23214285,-0.0085978955,1,0,0,3,0,0,0,0,3,3
1773834067406,53763,0,58,3.952,13.993637,0.22413793,-0.008004919,1,0,0,3,0,0,0,0,3,3
1773834089494,53816,0,53,12.493,14.012212,0.24528302,0.02114509,1,0,0,3,0,0,0,0,3,3
1773834109607,53867,0,51,4.383,13.991312,0.25490198,0.009618953,1,0,0,3,0,0,0,0,3,3
1773834149904,53919,0,52,3.285,13.99176,0.25,-0.0049019754,1,0,0,3,0,0,0,0,3,3
1773834165976,53970,0,51,29.621,14.282436,0.25490198,0.0049019754,1,0,0,3,0,0,0,0,3,3
1773834222228,54028,0,58,1.655,14.289707,0.22413793,-0.030764043,1,0,0,3,0,0,0,0,3,3
1773834274391,54077,0.1,49,0,14.293566,0,-0.22413793,1,0,0,3,0,0,0,30000,3,3
1773834282417,54083,0,6,3.759,4.515933,0.23636363,0.23636363,1,0,0,3,0,0,0,0,3,3
1773834296472,54141,0,58,3.192,4.5207214,0.22413793,-0.012225702,1,0,0,3,0,0,0,0,3,3
1773834324628,54206,0,65,3.224,4.5246725,0.2,-0.02413793,1,0,0,3,0,0,0,0,3,3
1773834334667,54258,0,52,4.377,4.5204363,0.25,0.049999997,1,0,0,3,0,0,0,0,3,3
1773834358728,54318,0,60,7.361,4.529842,0.21666667,-0.03333333,1,0,0,3,0,0,0,0,3,3
1773834388857,54369,0,51,14.573,4.680757,0.25490198,0.038235307,1,0,0,3,0,0,0,0,3,3
1773834416954,54423,0,54,2.176,4.692651,0.24074075,-0.014161229,1,0,0,3,0,0,0,0,3,3
1773834429015,54477,0,54,10.09,4.7282424,0.24074075,0,1,0,0,3,0,0,0,0,3,3
1773834469194,54529,0,52,4.821,4.66223,0.25,0.009259254,1,0,0,3,0,0,0,0,3,3
1773834493297,54581,0,52,9.354,4.6885104,0.25,0,1,0,0,3,0,0,0,0,3,3
1773834533444,54633,0,52,3.921,4.67713,0.25,0,1,0,0,3,0,0,0,0,3,3
1773834549492,54683,0,50,3.35,4.660737,0.26,0.00999999,1,0,0,3,0,0,0,0,3,3
1773834575615,54748,0,65,6.202,4.6621785,0.2,-0.059999987,1,0,0,3,0,0,0,0,3,3
1773834615810,54799,0,51,4.885,4.662311,0.25490198,0.054901972,1,0,0,3,0,0,0,0,3,3
1773834627880,54850,0,51,2.601,4.651251,0.25490198,0,1,0,0,3,0,0,0,0,3,3
1773834670145,54903,0,53,3.51,4.5040164,0.24528302,-0.009618953,1,0,0,3,0,0,0,0,3,3
1773834684209,54960,0,57,1.397,4.5253954,0.22807017,-0.017212853,1,0,0,3,0,0,0,0,3,3
1773834706376,55014,0,54,2.001,4.533339,0.24074075,0.012670577,1,0,0,3,0,0,0,0,3,3
1773834748562,55078,0,64,3.549,4.535497,0.203125,-0.037615746,1,0,0,3,0,0,0,0,3,3
1773834774672,55133,0,55,2.785,4.5425186,0.23636363,0.033238634,1,0,0,3,0,0,0,0,3,3
1773834814866,55195,0,62,2.716,4.544201,0.20967741,-0.026686221,1,0,0,3,0,0,0,0,3,3
1773834842973,55246,0,51,2.856,4.547918,0.25490198,0.045224562,1,0,0,3,0,0,0,0,3,3
1773834885121,55297,0,51,2.345,4.5490723,0.25490198,0,1,0,0,3,0,0,0,0,3,3
1773834911257,55348,0,51,6.064,4.539116,0.25490198,0,1,0,0,3,0,0,0,0,3,3
1773834945414,55399,0,51,1.172,4.5590305,0.25490198,0,1,0,0,3,0,0,0,0,3,3
1773834965468,55451,0,52,14.52,4.713704,0.25,-0.0049019754,1,0,0,3,0,0,0,0,3,3
1773835005663,55502,0,51,1.276,4.7177596,0.25490198,0.0049019754,1,0,0,3,0,0,0,0,3,3
1773835023729,55554,0,52,5.709,4.718166,0.25,-0.0049019754,1,0,0,3,0,0,0,0,3,3
1773835069930,55604,0,50,6.989,4.722784,0.26,0.00999999,1,0,0,3,0,0,0,0,3,3
1773835086033,55654,0,50,12.367,4.8037853,0.26,0,1,0,0,3,0,0,0,0,3,3
1773835106139,55719,0,65,4.781,4.7961774,0.2,-0.059999987,1,0,0,3,0,0,0,0,3,3
1773835154319,55770,0,51,1.43,4.8147364,0.25490198,0.054901972,1,0,0,3,0,0,0,0,3,3
1773835204587,55837,0,67,1.171,4.834687,0.19402985,-0.060872123,1,0,0,3,0,0,0,0,3,3
1773835220646,55902,0,65,1.366,4.8505135,0.2,0.00597015,1,0,0,3,0,0,0,0,3,3
1773835238702,55967,0,65,1.382,4.8706775,0.2,0,1,0,0,3,0,0,0,0,3,3
1773835278861,56024,0,57,1.769,4.887087,0.22807017,0.028070167,1,0,0,3,0,0,0,0,3,3
1773835302964,56075,0,51,1.733,4.8975115,0.25490198,0.026831806,1,0,0,3,0,0,0,0,3,3
1773835343145,56130,0,55,21.966,5.328479,0.23636363,-0.01853834,1,0,0,3,0,0,0,0,3,3
1773835361224,56187,0,57,4.869,5.3248096,0.22807017,-0.008293465,1,0,0,3,0,0,0,0,3,3
1773835405411,56239,0,52,1.602,5.3297963,0.25,0.02192983,1,0,0,3,0,0,0,0,3,3
1773835415462,56291,0,52,1.046,5.3554153,0.25,0,1,0,0,3,0,0,0,0,3,3
1773835437713,56360,0,69,1.375,5.3571863,0.1884058,-0.061594203,1,0,0,3,0,0,0,0,3,3
1773835483927,56415,0,55,11.999,5.420639,0.23636363,0.047957838,1,0,0,3,0,0,0,0,3,3
1773835516217,56465,0,50,1.353,5.443061,0.26,0.023636356,1,0,0,3,0,0,0,0,3,3
1773835560464,56518,0,53,1.414,5.4643936,0.24528302,-0.014716968,1,0,0,3,0,0,0,0,3,3
1773835700563,51,0,51,3.46,0,0,0,1,1,0,3,0,0,0,0,3,0
1773835722641,104,0,53,88.52,42.53,0,0,1,0,0,3,0,0,0,0,3,0
1773835811896,50,0,50,9.373,0,0,0,1,1,0,3,0,0,0,0,3,0
1773835823935,102,0,52,1.219,4.077,0,0,1,0,0,3,0,0,0,0,3,0
1773835839994,157,0,55,3.627,3.4205701,0,0,1,0,0,3,0,0,0,0,3,0
1773835864070,207,0,50,1.647,3.250936,0,0,1,0,0,3,0,0,0,0,3,0
1773836006923,13,0.1,13,0,0,0,0,1,1,0,3,0,0,0,30000,2,0
1773836018956,54,0,41,2.981,1.4905,0,0,1,0,0,3,0,0,0,0,2,0
1773836033024,112,0,58,1.109,1.2302043,0,0,1,0,0,3,0,0,0,0,2,0
1773836111837,53,0.64959204,53,6.935,0,0,0,1,1,0,3,0,0,0,0,2,0
1773836135922,113,0.014211073,60,1.606,2.6645,0,0,1,0,0,3,0,0,0,0,2,0
1773836166063,166,0.005162855,53,1.121,2.633883,0,0,1,0,0,3,0,0,0,0,2,0
1773836178107,216,0.0049309693,50,3.063,2.2820313,0,0,1,0,0,3,0,0,0,0,2,0
1773836198175,270,0.0058629033,54,1.636,2.1326463,0,0,1,0,0,3,0,0,0,0,2,0
1773836244389,330,0.014492749,60,2.575,1.9499791,0,0,1,0,0,3,0,0,0,0,2,0
1773836268485,390,0.012399871,60,13.369,4.10836,0,0,1,0,0,3,0,0,0,0,2,0
1773836300606,441,0.00437085,51,1.855,3.9291728,0,0,1,0,0,3,0,0,0,0,2,0
1773836318661,492,0.0043700268,51,2.436,3.7377574,0,0,1,0,0,3,0,0,0,0,2,0
1773836336699,544,0.0044785356,52,1.711,3.603223,0,0,1,0,0,3,0,0,0,0,2,0
1773836380900,599,0.005664177,55,5.723,3.487796,0,0,1,0,0,3,0,0,0,0,2,0
1773836398978,652,0.004695444,53,2.958,3.3478165,0,0,1,0,0,3,0,0,0,0,2,0
1773836433215,702,0.0047554057,50,1.979,3.250874,0,0,1,0,0,3,0,0,0,0,2,0
1773836457306,752,0.0047417814,50,2.641,3.1426039,0,0,1,0,0,3,0,0,0,0,2,0
1773836471350,805,0.004782624,53,3.273,3.0367932,0,0,1,0,0,3,0,0,0,0,2,0
1773836501485,863,0.009816614,58,3.731,2.940783,0,0,1,0,0,3,0,0,0,0,2,0
1773836511504,914,0.004658205,51,1.638,2.8878024,0,0,1,0,0,3,0,0,0,0,2,0
1773836523558,964,0.004831939,50,6.041,2.8696284,0,0,1,0,0,3,0,0,0,0,2,0
1773836537617,1014,0.0047906167,50,4.035,2.7950065,0,0,1,0,0,3,0,0,0,0,2,0
1773836585904,1068,0.0052805524,54,8.594,2.933932,0,0,1,0,0,3,0,0,0,0,2,0
1773836634080,1110,0.1638704,42,0,2.978067,0,0,1,0,0,3,0,0,0,30000,2,0
1773836636088,1124,0.18033035,14,5.516,2.9350898,0,0,1,0,0,3,0,0,0,0,2,0
1773836658167,1175,0.0045834747,51,2.646,2.8793437,0,0,1,0,0,3,0,0,0,0,2,0
1773836666219,1227,0.00457318,52,3.623,2.8187604,0,0,1,0,0,3,0,0,0,0,2,0
1773836706399,1285,0.010210682,58,1.992,2.7819235,0,0,1,0,0,3,0,0,0,0,2,0
1773836722468,1340,0.006402451,55,1.64,2.7545562,0,0,1,0,0,3,0,0,0,0,2,0
1773836732507,1396,0.011627246,56,27.606,5.2861433,0,0,1,0,0,3,0,0,0,0,2,0
1773836776689,1446,0.004300614,50,3.39,5.194562,0,0,1,0,0,3,0,0,0,0,2,0
1773836802819,1503,0.006839679,57,7.216,5.1299253,0,0,1,0,0,3,0,0,0,0,2,0
1773836844997,1556,0.003998268,53,4.696,5.0438223,0,0,1,0,0,3,0,0,0,0,2,0
1773836863071,1608,0.0040885177,52,9.727,5.0467553,0,0,1,0,0,3,0,0,0,0,2,0
1773836917342,1670,0.017204357,62,2.023,4.988684,0,0,1,0,0,3,0,0,0,0,2,0
1773836967506,1723,0.004005732,53,6.658,4.9252462,0,0,1,0,0,3,0,0,0,0,2,0
1773836977536,1777,0.0046122367,54,3.004,4.860298,0,0,1,0,0,3,0,0,0,0,2,0
1773836989587,1836,0.010347686,59,4.13,4.791023,0,0,1,0,0,3,0,0,0,0,2,0
1773837001653,1888,0.005652649,52,16.621,5.1208158,0,0,1,0,0,3,0,0,0,0,2,0
1773837049831,1945,0.007410115,57,2.382,5.067987,0,0,1,0,0,3,0,0,0,0,2,0
1773837100084,2004,0.010284362,59,3.754,5.0039864,0,0,1,0,0,3,0,0,0,0,2,0
1773837120162,2055,0.004031618,51,3.179,4.9463058,0,0,1,0,0,3,0,0,0,0,2,0
1773837178422,2114,0.010460892,59,3.164,4.8906603,0,0,1,0,0,3,0,0,0,0,2,0
1773837194469,2166,0.0045403135,52,12.316,4.9697433,0,0,1,0,0,3,0,0,0,0,2,0
1773837242642,2220,0.004519986,54,3.703,4.9137955,0,0,1,0,0,3,0,0,0,0,2,0
1773837264720,2280,0.012633694,60,2.107,4.874565,0,0,1,0,0,3,0,0,0,0,2,0
1773837296836,2286,0.1682271,6,0,4.872486,0,0,1,0,0,3,0,0,0,30000,2,0
1773837314905,2331,0.009661911,45,1.761,4.8378463,0,0,1,0,0,3,0,0,0,0,2,0
1773837326942,2386,0.0054892856,55,1.849,4.80252,0,0,1,0,0,3,0,0,0,0,2,0
1773837363065,2418,0.113023736,32,0,4.797312,0,0,1,0,0,3,0,0,0,30000,2,0
1773837369076,2436,0.14592011,18,3.255,4.75042,0,0,1,0,0,3,0,0,0,0,2,0
1773837385113,2494,0.00888369,58,3.195,4.7051873,0,0,1,0,0,3,0,0,0,0,2,0
1773837433379,2546,0.003965845,52,4.55,4.6579185,0,0,1,0,0,3,0,0,0,0,2,0
1773837455470,2596,0.004507379,50,7.303,4.628929,0,0,1,0,0,3,0,0,0,0,2,0
1773837495632,2642,0.18272501,46,0,4.6258283,0,0,1,0,0,3,0,0,0,30000,2,0
1773837499646,2659,0.15347642,17,1.687,4.5970626,0,0,1,0,0,3,0,0,0,0,2,0
1773837515695,2715,0.006284448,56,3.586,4.555524,0,0,1,0,0,3,0,0,0,0,2,0
1773837525735,2767,0.004189512,52,9.27,4.561428,0,0,1,0,0,3,0,0,0,0,2,0
1773837563834,2795,0.10655239,28,0,4.5586824,0,0,1,0,0,3,0,0,0,30000,2,0
1773837567860,2822,0.08077495,27,4.947,4.5191617,0,0,1,0,0,3,0,0,0,0,2,0
1773837587925,2872,0.0044220486,50,3.768,4.480732,0,0,1,0,0,3,0,0,0,0,2,0
1773837636111,2937,0.025210487,65,7.046,4.4560537,0,0,1,0,0,3,0,0,0,0,2,0
1773837646137,2991,0.004592534,54,5.495,4.4209433,0,0,1,0,0,3,0,0,0,0,2,0
1773837656199,3042,0.004192929,51,7.314,4.3998375,0,0,1,0,0,3,0,0,0,0,2,0
1773837700376,3094,0.0040555988,52,6.683,4.3730574,0,0,1,0,0,3,0,0,0,0,2,0
1773837710430,3149,0.0053536906,55,4.511,4.338211,0,0,1,0,0,3,0,0,0,0,2,0
1773837720456,3204,0.005577163,55,2.597,4.3107305,0,0,1,0,0,3,0,0,0,0,2,0
1773837730468,3255,0.0041503464,51,6.006,4.304004,0,0,1,0,0,3,0,0,0,0,2,0
1773837768619,3308,0.0043101944,53,3.665,4.2901692,0,0,1,0,0,3,0,0,0,0,2,0
1773837788684,3361,0.0043744068,53,2.967,4.2735324,0,0,1,0,0,3,0,0,0,0,2,0
1773837820800,3416,0.0054522096,55,3.762,4.270666,0,0,1,0,0,3,0,0,0,0,2,0
1773837842885,3473,0.009576988,57,21.189,4.727059,0,0,1,0,0,3,0,0,0,0,2,0
1773837858940,3524,0.004134729,51,7.709,4.731422,0,0,1,0,0,3,0,0,0,0,2,0
1773837897101,3558,0.119109645,34,0,4.648395,0,0,1,0,0,3,0,0,0,30000,2,0
1773837903127,3579,0.14881757,21,32.316,5.758096,0,0,1,0,0,3,0,0,0,0,2,0
1773837913160,3640,0.014118196,61,2.567,5.7571397,0,0,1,0,0,3,0,0,0,0,2,0
1773837923223,3694,0.004437,54,1.986,5.75464,0,0,1,0,0,3,0,0,0,0,2,0
1773837955379,3755,0.013918282,61,3.398,5.7585506,0,0,1,0,0,3,0,0,0,0,2,0
1773837975463,3806,0.00382896,51,3.686,5.754904,0,0,1,0,0,3,0,0,0,0,2,0
1773837997558,3859,0.004028371,53,10.866,5.7832994,0,0,1,0,0,3,0,0,0,0,2,0
1773838027673,3909,0.004175265,50,4.729,5.77402,0,0,1,0,0,3,0,0,0,0,2,0
1773838047727,3966,0.0068110754,57,3.948,5.770842,0,0,1,0,0,3,0,0,0,0,2,0
1773838057758,4019,0.0040453705,53,1.801,5.784279,0,0,1,0,0,3,0,0,0,0,2,0
1773838083866,4070,0.003807476,51,4.125,5.767707,0,0,1,0,0,3,0,0,0,0,2,0
1773838101929,4120,0.0041851667,50,5.506,5.767108,0,0,1,0,0,3,0,0,0,0,2,0
1773838128054,4173,0.0037355612,53,5.629,5.7647924,0,0,1,0,0,3,0,0,0,0,2,0
1773838158160,4226,0.003746102,53,5.402,5.750565,0,0,1,0,0,3,0,0,0,0,2,0
1773838168208,4279,0.0037804148,53,4.831,5.7116714,0,0,1,0,0,3,0,0,0,0,2,0
1773838180264,4333,0.004127403,54,8.862,5.727728,0,0,1,0,0,3,0,0,0,0,2,0
1773838190295,4389,0.006001991,56,14.245,5.8186526,0,0,1,0,0,3,0,0,0,0,2,0
1773838230465,4446,0.006459299,57,8.082,5.8207827,0,0,1,0,0,3,0,0,0,0,2,0
1773838252555,4502,0.0055362885,56,5.262,5.8022504,0,0,1,0,0,3,0,0,0,0,2,0
1773838298704,4557,0.004744624,55,4.631,5.78088,0,0,1,0,0,3,0,0,0,0,2,0
1773838314771,4611,0.004348203,54,5.228,5.086921,0,0,1,0,0,3,0,0,0,0,2,0
1773838342906,4663,0.003846043,52,6.836,5.082988,0,0,1,0,0,3,0,0,0,0,2,0
1773838375014,4717,0.0045604,54,2.747,5.0897837,0,0,1,0,0,3,0,0,0,0,2,0
1773838393072,4785,0.03587546,68,5.249,5.0889797,0,0,1,0,0,3,0,0,0,0,2,0
1773838433258,4839,0.004649652,54,2.115,5.076572,0,0,1,0,0,3,0,0,0,0,2,0
1773838443296,4891,0.0038801304,52,3.902,5.062769,0,0,1,0,0,3,0,0,0,0,2,0
1773838453319,4941,0.004307854,50,5.189,5.0601645,0,0,1,0,0,3,0,0,0,0,2,0
1773838495490,4999,0.008788554,58,2.654,5.0628715,0,0,1,0,0,3,0,0,0,0,2,0
1773838519597,5051,0.0039604288,52,2.762,5.0707836,0,0,1,0,0,3,0,0,0,0,2,0
1773838565802,5111,0.011966271,60,5.679,4.86693,0,0,1,0,0,3,0,0,0,0,2,0
1773838587874,5164,0.0044321073,53,11.458,4.9164796,0,0,1,0,0,3,0,0,0,0,2,0
1773838634062,5216,0.0040571615,52,9.157,4.9358726,0,0,1,0,0,3,0,0,0,0,2,0
1773838646106,5270,0.0043731392,54,6.456,4.9299116,0,0,1,0,0,3,0,0,0,0,2,0
1773838656154,5323,0.004003697,53,6.063,4.9223123,0,0,1,0,0,3,0,0,0,0,2,0
1773838700293,5335,0.13434762,12,0,4.8912673,0,0,1,0,0,3,0,0,0,30000,2,0
1773838710307,5384,0.0049290657,49,3.247,4.8938756,0,0,1,0,0,3,0,0,0,0,2,0
1773838720330,5437,0.004074689,53,4.265,4.8794274,0,0,1,0,0,3,0,0,0,0,2,0
1773838756467,5466,0.10705594,29,0,4.879428,0,0,1,0,0,3,0,0,0,30000,2,0
1773838762476,5497,0.05753983,31,2.475,4.872141,0,0,1,0,0,3,0,0,0,0,2,0
1773838774511,5551,0.0044039106,54,7.242,4.8582067,0,0,1,0,0,3,0,0,0,0,2,0
1773838824704,5601,0.004379101,50,5.911,4.810774,0,0,1,0,0,3,0,0,0,0,2,0
1773838848810,5654,0.0042293067,53,2.66,4.8156443,0,0,1,0,0,3,0,0,0,0,2,0
1773838895021,5713,0.010833317,59,1.613,4.831321,0,0,1,0,0,3,0,0,0,0,2,0
1773838917098,5763,0.0043710014,50,5.809,4.830177,0,0,1,0,0,3,0,0,0,0,2,0
1773838969287,5814,0.0041051875,51,7.672,4.832581,0,0,1,0,0,3,0,0,0,0,2,0
1773838979308,5867,0.0041000657,53,8.01,4.7926993,0,0,1,0,0,3,0,0,0,0,2,0
1773839027499,5917,0.004367935,50,3.673,4.7736473,0,0,1,0,0,3,0,0,0,0,2,0
1773839035509,5967,0.0043938393,50,2.952,4.7785387,0,0,1,0,0,3,0,0,0,0,2,0
1773839045560,6022,0.0051259166,55,5.164,4.756646,0,0,1,0,0,3,0,0,0,0,2,0
1773839057618,6077,0.005314882,55,3.316,4.7136884,0,0,1,0,0,3,0,0,0,0,2,0
1773839091791,6093,0.11879586,16,0,4.764217,0,0,1,0,0,3,0,0,0,30000,2,0
1773839097826,6132,0.02429556,39,3.363,4.7668233,0,0,1,0,0,3,0,0,0,0,2,0
1773839121902,6183,0.0041608824,51,1.978,4.782989,0,0,1,0,0,3,0,0,0,0,2,0
1773839166062,6235,0.0039518713,52,3.996,4.7863655,0,0,1,0,0,3,0,0,0,0,2,0
1773839176077,6292,0.007211715,57,4.675,4.781268,0,0,1,0,0,3,0,0,0,0,2,0
1773839188107,6355,0.019843325,63,2.718,4.7896957,0,0,1,0,0,3,0,0,0,0,2,0
1773839224225,6382,0.10508084,27,0,4.8340745,0,0,1,0,0,3,0,0,0,30000,2,0
1773839230255,6405,0.11078139,23,10.275,4.861939,0,0,1,0,0,3,0,0,0,0,2,0
1773839250309,6460,0.0050236974,55,6.406,4.86301,0,0,1,0,0,3,0,0,0,0,2,0
1773839292572,6521,0.014412278,61,3.918,4.8617196,0,0,1,0,0,3,0,0,0,0,2,0
1773839316668,6575,0.0044026915,54,6.446,4.8538775,0,0,1,0,0,3,0,0,0,0,2,0
1773839358822,6626,0.00414001,51,2,4.8682613,0,0,1,0,0,3,0,0,0,0,2,0
1773839368879,6678,0.0040945006,52,7.889,4.456602,0,0,1,0,0,3,0,0,0,0,2,0
1773839378907,6733,0.0052778255,55,4.898,4.4454885,0,0,1,0,0,3,0,0,0,0,2,0
1773839417060,6787,0.0046910243,54,3.946,4.4006987,0,0,1,0,0,3,0,0,0,0,2,0
1773839431098,6838,0.004560462,51,5.289,2.7773247,0,0,1,0,0,3,0,0,0,0,2,0
1773839441142,6894,0.0070382403,56,4.93,2.7631357,0,0,1,0,0,3,0,0,0,0,2,0
1773839453231,6955,0.015913596,61,4.032,2.7417817,0,0,1,0,0,3,0,0,0,0,2,0
1773839483366,7005,0.0050049084,50,7.7,2.7577167,0,0,1,0,0,3,0,0,0,0,2,0
1773839503469,7058,0.0050145825,53,1.858,2.779839,0,0,1,0,0,3,0,0,0,0,2,0
1773839519506,7111,0.0048565036,53,4.326,2.6770346,0,0,1,0,0,3,0,0,0,0,2,0
1773839557624,7144,0.12250094,33,0,2.7424395,0,0,1,0,0,3,0,0,0,30000,2,0
1773839559632,7165,0.119588464,21,3.248,2.746913,0,0,1,0,0,3,0,0,0,0,2,0
1773839577669,7224,0.01157115,59,4.696,2.722278,0,0,1,0,0,3,0,0,0,0,2,0
1773839625848,7282,0.010227377,58,2.027,2.7422905,0,0,1,0,0,3,0,0,0,0,2,0
1773839635876,7341,0.0119117545,59,2.506,2.7541993,0,0,1,0,0,3,0,0,0,0,2,0
1773839645904,7398,0.008529078,57,2.908,2.760228,0,0,1,0,0,3,0,0,0,0,2,0
1773839655924,7455,0.07906887,57,77.455,9.444067,0,0,1,0,0,3,0,0,0,0,2,0
1773839694061,7505,0.0037582063,50,7.072,9.444697,0,0,1,0,0,3,0,0,0,0,2,0
1773839720128,7557,0.0029981004,52,3.312,9.441655,0,0,1,0,0,3,0,0,0,0,2,0
1773839752256,7608,0.003315572,51,2.97,9.385826,0,0,1,0,0,3,0,0,0,0,2,0
1773839774314,7662,0.0030780854,54,4.309,9.381499,0,0,1,0,0,3,0,0,0,0,2,0
1773839812468,7712,0.003892115,50,2.35,9.389491,0,0,1,0,0,3,0,0,0,0,2,0
1773839838550,7762,0.0037885052,50,3.641,9.391612,0,0,1,0,0,3,0,0,0,0,2,0
1773839854632,7817,0.0033630687,55,5.996,9.391853,0,0,1,0,0,3,0,0,0,0,2,0
1773839900825,7868,0.0032850238,51,3.29,9.3938465,0,0,1,0,0,3,0,0,0,0,2,0
1773839944997,7923,0.003540111,55,4.22,9.389188,0,0,1,0,0,3,0,0,0,0,2,0
1773839965082,7975,0.0028352074,52,6.12,9.389596,0,0,1,0,0,3,0,0,0,0,2,0
1773840023268,8038,0.016367342,63,3.402,9.383895,0,0,1,0,0,3,0,0,0,0,2,0
1773840033301,8095,0.005534839,57,2.416,9.389483,0,0,1,0,0,3,0,0,0,0,2,0
1773840043346,8149,0.003161342,54,3.582,9.392179,0,0,1,0,0,3,0,0,0,0,2,0
1773840081496,8213,0.018962242,64,3.778,9.388113,0,0,1,0,0,3,0,0,0,0,2,0
1773840091535,8263,0.0039337697,50,1.956,9.392181,0,0,1,0,0,3,0,0,0,0,2,0
1773840101583,8317,0.003531301,54,1.312,9.40566,0,0,1,0,0,3,0,0,0,0,2,0
1773840111646,8371,0.0030919684,54,4.197,9.374655,0,0,1,0,0,3,0,0,0,0,2,0
1773840121675,8429,0.006413079,58,4.197,9.362152,0,0,1,0,0,3,0,0,0,0,2,0
1773840151867,8481,0.0028461674,52,7.56,9.3656025,0,0,1,0,0,3,0,0,0,0,2,0
1773840167921,8532,0.0031637282,51,6.363,9.366136,0,0,1,0,0,3,0,0,0,0,2,0
1773840177934,8586,0.0030525702,54,4.654,9.343918,0,0,1,0,0,3,0,0,0,0,2,0
1773840187965,8640,0.002951707,54,6.004,9.34107,0,0,1,0,0,3,0,0,0,0,2,0
1773840218091,8640,0.22932026,0,0,9.363151,0,0,1,0,0,3,0,0,0,30000,2,0
1773840228136,8691,0.003305882,51,3.118,9.344068,0,0,1,0,0,3,0,0,0,0,2,0
1773840250264,8743,0.0029615217,52,3.86,9.339227,0,0,1,0,0,3,0,0,0,0,2,0
1773840294426,8798,0.0033085444,55,7.419,9.339838,0,0,1,0,0,3,0,0,0,0,2,0
1773840318479,8849,0.0032319939,51,4.067,9.340663,0,0,1,0,0,3,0,0,0,0,2,0
1773840348601,8904,0.003935001,55,1.87,9.34459,0,0,1,0,0,3,0,0,0,0,2,0
1773840374692,8958,0.003446713,54,1.83,9.343317,0,0,1,0,0,3,0,0,0,0,2,0
1773840410849,9008,0.0037744616,50,7.23,9.346345,0,0,1,0,0,3,0,0,0,0,2,0
1773840428900,9061,0.003363068,53,13.613,9.399236,0,0,1,0,0,3,0,0,0,0,2,0
1773840436932,9112,0.0032332519,51,3.955,9.394748,0,0,1,0,0,3,0,0,0,0,2,0
1773840487106,9172,0.0100336345,60,2.186,9.400544,0,0,1,0,0,3,0,0,0,0,2,0
1773840501155,9233,0.011227338,61,5.492,9.396068,0,0,1,0,0,3,0,0,0,0,2,0
1773840553399,9293,0.009645496,60,3.748,9.398032,0,0,1,0,0,3,0,0,0,0,2,0
1773840561418,9344,0.0033213666,51,2.897,9.399545,0,0,1,0,0,3,0,0,0,0,2,0
1773840571468,9402,0.0067354864,58,2.564,9.382433,0,0,1,0,0,3,0,0,0,0,2,0
1773840581515,9453,0.0033026477,51,3.108,9.383317,0,0,1,0,0,3,0,0,0,0,2,0
1773840615658,9469,0.1213576,16,0,9.397483,0,0,1,0,0,3,0,0,0,30000,2,0
1773840627703,9511,0.017110895,42,4.719,9.396368,0,0,1,0,0,3,0,0,0,0,2,0
1773840639771,9569,0.0061964383,58,5.474,9.396077,0,0,1,0,0,3,0,0,0,0,2,0
1773840649837,9622,0.0028288264,53,9.691,9.405904,0,0,1,0,0,3,0,0,0,0,2,0
1773840682001,9632,0.15136318,10,0,9.405904,0,0,1,0,0,3,0,0,0,30000,2,0
1773840696067,9676,0.012189179,44,2.868,9.3909,0,0,1,0,0,3,0,0,0,0,2,0
1773840706107,9735,0.00798284,59,3.551,9.392296,0,0,1,0,0,3,0,0,0,0,2,0
1773840718141,9786,0.003460194,51,1.721,9.401114,0,0,1,0,0,3,0,0,0,0,2,0
1773840764324,9849,0.017013768,63,1.315,9.412158,0,0,1,0,0,3,0,0,0,0,2,0
1773840778410,9901,0.0030384953,52,2.989,9.407807,0,0,1,0,0,3,0,0,0,0,2,0
1773840814571,9927,0.099505514,26,0,9.422802,0,0,1,0,0,3,0,0,0,30000,2,0
1773840818591,9952,0.09802506,25,3.525,9.424636,0,0,1,0,0,3,0,0,0,0,2,0
1773840846701,10002,0.0037831727,50,3.695,9.42513,0,0,1,0,0,3,0,0,0,0,2,0
1773840878830,10012,0.15145387,10,0,9.445423,0,0,1,0,0,3,0,0,0,30000,2,0
1773840890867,10052,0.02419089,40,10.157,9.467729,0,0,1,0,0,3,0,0,0,0,2,0
1773840898898,10110,0.006246775,58,4.921,9.466947,0,0,1,0,0,3,0,0,0,0,2,0
1773840908918,10166,0.004360439,56,3.319,9.463127,0,0,1,0,0,3,0,0,0,0,2,0
1773840947027,10207,0.13246791,41,0,9.475405,0,0,1,0,0,3,0,0,0,30000,2,0
1773840951045,10221,0.18824035,14,2.29,9.480754,0,0,1,0,0,3,0,0,0,0,2,0
1773840969100,10271,0.0045255315,50,12.86,9.511289,0,0,1,0,0,3,0,0,0,0,2,0
1773841013258,10311,0.12766132,40,0,9.529616,0,0,1,0,0,3,0,0,0,30000,2,0
1773841017270,10331,0.14865191,20,21.334,9.741368,0,0,1,0,0,3,0,0,0,0,2,0
1773841031313,10382,0.003209553,51,3.782,9.7345915,0,0,1,0,0,3,0,0,0,0,2,0
1773841079535,10424,0.13665564,42,0,9.750875,0,0,1,0,0,3,0,0,0,30000,2,0
1773841083551,10444,0.13614608,20,3.914,9.747841,0,0,1,0,0,3,0,0,0,0,2,0
1773841103630,10494,0.0059350454,50,13.663,3.7110357,0,0,1,0,0,3,0,0,0,0,2,0
1773841151823,10547,0.0045413706,53,3.319,3.696454,0,0,1,0,0,3,0,0,0,0,2,0
1773841161855,10603,0.009268023,56,21.924,4.2952337,0,0,1,0,0,3,0,0,0,0,2,0
1773841171888,10654,0.0056689605,51,15.137,4.486705,0,0,1,0,0,3,0,0,0,0,2,0
1773841218057,10715,0.014170157,61,7.198,4.496803,0,0,1,0,0,3,0,0,0,0,2,0
1773841236107,10772,0.0075160046,57,3.491,4.489424,0,0,1,0,0,3,0,0,0,0,2,0
1773841278296,10816,0.16910598,44,0,4.5265284,0,0,1,0,0,3,0,0,0,30000,2,0
1773841282303,10825,0.25356355,9,24.86,5.167955,0,0,1,0,0,3,0,0,0,0,2,0
1773841296326,10878,0.0042549125,53,1.565,5.181424,0,0,1,0,0,3,0,0,0,0,2,0
1773841316422,10930,0.0038246454,52,4.387,5.181072,0,0,1,0,0,3,0,0,0,0,2,0
1773841346532,10930,0.21566476,0,0,5.2159266,0,0,1,0,0,3,0,0,0,30000,2,0
1773841360583,10984,0.004386512,54,3.971,5.2138386,0,0,1,0,0,3,0,0,0,0,2,0
1773841382665,11034,0.004360952,50,2.241,5.2151947,0,0,1,0,0,3,0,0,0,0,2,0
1773841412773,11034,0.21575041,0,0,5.248296,0,0,1,0,0,3,0,0,0,30000,2,0
1773841424841,11090,0.006237018,56,1.864,5.2598,0,0,1,0,0,3,0,0,0,0,2,0
1773841434870,11143,0.0039821374,53,3.878,5.2487965,0,0,1,0,0,3,0,0,0,0,2,0
1773841479057,11174,0.1095299,31,0,5.2651405,0,0,1,0,0,3,0,0,0,30000,2,0
1773841485072,11199,0.09364182,25,3.187,5.2685466,0,0,1,0,0,3,0,0,0,0,2,0
1773841501127,11250,0.0038986618,51,5.179,5.2681365,0,0,1,0,0,3,0,0,0,0,2,0
1773841545343,11282,0.11166087,32,0,5.290451,0,0,1,0,0,3,0,0,0,30000,2,0
1773841551381,11312,0.06527104,30,8.365,5.3059793,0,0,1,0,0,3,0,0,0,0,2,0
1773841565455,11362,0.0042573675,50,4.779,5.3059664,0,0,1,0,0,3,0,0,0,0,2,0
1773841575470,11419,0.006921685,57,4.894,5.3036585,0,0,1,0,0,3,0,0,0,0,2,0
1773841613608,11454,0.120313324,35,0,5.3036585,0,0,1,0,0,3,0,0,0,30000,2,0
1773841617626,11469,0.18367337,15,16.934,5.5106225,0,0,1,0,0,3,0,0,0,0,2,0
1773841625667,11523,0.0041648233,54,5.918,5.5101724,0,0,1,0,0,3,0,0,0,0,2,0
1773841635697,11575,0.003708693,52,5.599,5.502213,0,0,1,0,0,3,0,0,0,0,2,0
1773841681867,11631,0.0056574293,56,5.438,5.5013885,0,0,1,0,0,3,0,0,0,0,2,0
1773841693907,11686,0.0052812984,55,1.465,5.505188,0,0,1,0,0,3,0,0,0,0,2,0
1773841738099,11736,0.0049242303,50,11.495,5.5494,0,0,1,0,0,3,0,0,0,0,2,0
1773841756184,11791,0.004936737,55,3.66,5.545849,0,0,1,0,0,3,0,0,0,0,2,0
1773841766225,11850,0.009978946,59,4.03,5.4413958,0,0,1,0,0,3,0,0,0,0,2,0
1773841778259,11900,0.004373673,50,1.628,5.45544,0,0,1,0,0,3,0,0,0,0,2,0
1773841814430,11954,0.0043746303,54,3.25,5.448829,0,0,1,0,0,3,0,0,0,0,2,0
1773841824460,12006,0.0038248042,52,3.186,5.452382,0,0,1,0,0,3,0,0,0,0,2,0
1773841834473,12060,0.0042708046,54,4.341,5.4509907,0,0,1,0,0,3,0,0,0,0,2,0
1773841848516,12110,0.00466118,50,10.005,5.482028,0,0,1,0,0,3,0,0,0,0,2,0
1773841890669,12164,0.0041676704,54,6.344,5.4760528,0,0,1,0,0,3,0,0,0,0,2,0
1773841904734,12215,0.004008437,51,2.018,5.483717,0,0,1,0,0,3,0,0,0,0,2,0
1773841950869,12271,0.0058775074,56,3.583,5.4503603,0,0,1,0,0,3,0,0,0,0,2,0
1773841960913,12323,0.0038329365,52,3.075,5.455858,0,0,1,0,0,3,0,0,0,0,2,0
1773841970946,12376,0.004146833,53,1.722,5.4711366,0,0,1,0,0,3,0,0,0,0,2,0
1773842009102,12436,0.011888125,60,3.895,5.4405,0,0,1,0,0,3,0,0,0,0,2,0
1773842019109,12488,0.0038370283,52,3.17,5.4099903,0,0,1,0,0,3,0,0,0,0,2,0
1773842039193,12541,0.004092369,53,2.257,5.414196,0,0,1,0,0,3,0,0,0,0,2,0
1773842077322,12603,0.016175564,62,5.108,5.411388,0,0,1,0,0,3,0,0,0,0,2,0
1773842089390,12661,0.008058515,58,6.795,5.4004188,0,0,1,0,0,3,0,0,0,0,2,0
1773842099434,12714,0.0038908524,53,7.993,5.391837,0,0,1,0,0,3,0,0,0,0,2,0
1773842137576,12764,0.0042883297,50,2.922,5.3922634,0,0,1,0,0,3,0,0,0,0,2,0
1773842149625,12819,0.0048445547,55,5.676,5.353386,0,0,1,0,0,3,0,0,0,0,2,0
1773842179697,12871,0.0040109702,52,9.936,5.3803153,0,0,1,0,0,3,0,0,0,0,2,0
1773842213857,12931,0.011850907,60,4.308,5.3779283,0,0,1,0,0,3,0,0,0,0,2,0
1773842225879,12990,0.009889074,59,5.005,5.335826,0,0,1,0,0,3,0,0,0,0,2,0
1773842241938,13044,0.0042391233,54,6.004,5.303044,0,0,1,0,0,3,0,0,0,0,2,0
1773842290186,13096,0.0038646397,52,3.15,5.309881,0,0,1,0,0,3,0,0,0,0,2,0
1773842308260,13156,0.012169748,60,2.921,5.3124685,0,0,1,0,0,3,0,0,0,0,2,0
1773842352419,13208,0.0038126034,52,4.106,5.272394,0,0,1,0,0,3,0,0,0,0,2,0
1773842364466,13264,0.008393959,56,21.718,5.6321363,0,0,1,0,0,3,0,0,0,0,2,0
1773842414660,13314,0.0042392225,50,3.349,5.5662,0,0,1,0,0,3,0,0,0,0,2,0
1773842432712,13367,0.0039289854,53,3.468,5.5287,0,0,1,0,0,3,0,0,0,0,2,0
1773842480909,13418,0.007672894,51,21.015,5.51464,0,0,1,0,0,3,0,0,0,0,2,0
1773842505031,13472,0.004256266,54,4.248,5.512548,0,0,1,0,0,3,0,0,0,0,2,0
1773842543197,13509,0.12713592,37,0,5.512548,0,0,1,0,0,3,0,0,0,30000,2,0
1773842547219,13523,0.18269195,14,3.3,5.5160103,0,0,1,0,0,3,0,0,0,0,2,0
1773842557267,13578,0.0047830953,55,6.474,5.422938,0,0,1,0,0,3,0,0,0,0,2,0
1773842567294,13632,0.0042094793,54,5.619,5.416112,0,0,1,0,0,3,0,0,0,0,2,0
1773842609488,13670,0.13311736,38,0,5.048365,0,0,1,0,0,3,0,0,0,30000,2,0
1773842615513,13691,0.122206435,21,3.752,4.8923316,0,0,1,0,0,3,0,0,0,0,2,0
1773842627581,13745,0.004423871,54,8.377,4.9027977,0,0,1,0,0,3,0,0,0,0,2,0
1773842639645,13807,0.016254466,62,6.995,4.905044,0,0,1,0,0,3,0,0,0,0,2,0
1773842675788,13817,0.14425556,10,0,4.905044,0,0,1,0,0,3,0,0,0,30000,2,0
1773842687838,13858,0.018147277,41,1.461,4.243726,0,0,1,0,0,3,0,0,0,0,2,0
1773842705894,13910,0.004079889,52,5.658,4.226753,0,0,1,0,0,3,0,0,0,0,2,0
1773842752075,13975,0.02604409,65,4.141,4.227209,0,0,1,0,0,3,0,0,0,0,2,0
1773842764096,14029,0.0048581995,54,10.289,4.2386236,0,0,1,0,0,3,0,0,0,0,2,0
1773842810437,14073,0.17032665,44,0,4.280978,0,0,1,0,0,3,0,0,0,30000,2,0
1773842814451,14090,0.15352498,17,2.657,4.277307,0,0,1,0,0,3,0,0,0,0,2,0
1773842826521,14145,0.005765944,55,1.539,4.2541304,0,0,1,0,0,3,0,0,0,0,2,0
1773842846673,14210,0.025972819,65,4.383,4.2375455,0,0,1,0,0,3,0,0,0,0,2,0
1773842876811,14210,0.21333283,0,0,4.279704,0,0,1,0,0,3,0,0,0,30000,2,0
1773842894883,14262,0.005233707,52,14.373,4.393765,0,0,1,0,0,3,0,0,0,0,2,0
1773842943067,14304,0.15680371,42,0,4.433005,0,0,1,0,0,3,0,0,0,30000,2,0
1773842947084,14315,0.20914733,11,1.097,4.459923,0,0,1,0,0,3,0,0,0,0,2,0
1773842967134,14366,0.0041777953,51,2.777,4.4246044,0,0,1,0,0,3,0,0,0,0,2,0
1773843009375,14398,0.114036895,32,0,4.447532,0,0,1,0,0,3,0,0,0,30000,2,0
1773843013405,14422,0.103577875,24,10.748,4.506312,0,0,1,0,0,3,0,0,0,0,2,0
1773843023451,14477,0.0052395347,55,5.074,4.506308,0,0,1,0,0,3,0,0,0,0,2,0
1773843033460,14527,0.004419794,50,4.135,4.4637227,0,0,1,0,0,3,0,0,0,0,2,0
1773843043497,14581,0.004771733,54,3.871,4.2072105,0,0,1,0,0,3,0,0,0,0,2,0
1773843075616,14584,0.18871346,3,0,4.2476034,0,0,1,0,0,3,0,0,0,30000,2,0
1773843087662,14638,0.010414297,54,26.652,5.0410056,0,0,1,0,0,3,0,0,0,0,2,0
1773843107708,14698,0.012073121,60,4.263,5.0418386,0,0,1,0,0,3,0,0,0,0,2,0
1773843141860,14713,0.12215078,15,0,5.0614414,0,0,1,0,0,3,0,0,0,30000,2,0
1773843153885,14755,0.015871735,42,2.842,5.0026264,0,0,1,0,0,3,0,0,0,0,2,0
1773843163936,14806,0.003966083,51,5.674,5.0009875,0,0,1,0,0,3,0,0,0,0,2,0
1773843173995,14861,0.0050603687,55,4.654,4.9998055,0,0,1,0,0,3,0,0,0,0,2,0
1773843208103,14872,0.13921268,11,0,5.020755,0,0,1,0,0,3,0,0,0,30000,2,0
1773843220135,14912,0.021521777,40,4.765,5.016359,0,0,1,0,0,3,0,0,0,0,2,0
1773843230179,14967,0.005038137,55,4.876,5.011442,0,0,1,0,0,3,0,0,0,0,2,0
1773843240233,15020,0.0040229377,53,4.42,5.011295,0,0,1,0,0,3,0,0,0,0,2,0
1773843288426,15074,0.004712913,54,1.903,4.9849973,0,0,1,0,0,3,0,0,0,0,2,0
1773843298467,15130,0.0061387927,56,3.201,4.985543,0,0,1,0,0,3,0,0,0,0,2,0
1773843338581,15143,0.1299723,13,0,5.009383,0,0,1,0,0,3,0,0,0,30000,2,0
1773843352632,15180,0.03095275,37,1.304,5.02578,0,0,1,0,0,3,0,0,0,0,2,0
1773843374703,15231,0.0041275816,51,1.762,5.0351906,0,0,1,0,0,3,0,0,0,0,2,0
1773843406864,15234,0.19029646,3,0,5.055675,0,0,1,0,0,3,0,0,0,30000,2,0
1773843420906,15284,0.0043408615,50,3.008,5.0590467,0,0,1,0,0,3,0,0,0,0,2,0
1773843430939,15335,0.0039725164,51,3.875,5.0565243,0,0,1,0,0,3,0,0,0,0,2,0
1773843471069,15376,0.14812401,41,0,5.081152,0,0,1,0,0,3,0,0,0,30000,2,0
1773843481102,15398,0.11520653,22,4.506,5.080854,0,0,1,0,0,3,0,0,0,0,2,0
1773843501193,15457,0.009779585,59,7.624,5.087381,0,0,1,0,0,3,0,0,0,0,2,0
1773843543384,15511,0.006258,54,18.373,5.3499227,0,0,1,0,0,3,0,0,0,0,2,0
1773843559454,15563,0.003751513,52,5.729,5.3457165,0,0,1,0,0,3,0,0,0,0,2,0
1773843569465,15619,0.005814336,56,4.502,5.3448997,0,0,1,0,0,3,0,0,0,0,2,0
1773843605591,15640,0.106819764,21,0,5.3389792,0,0,1,0,0,3,0,0,0,30000,2,0
1773843613627,15680,0.021200445,40,1.239,5.3559203,0,0,1,0,0,3,0,0,0,0,2,0
1773843625658,15742,0.016729835,62,2.795,5.360569,0,0,1,0,0,3,0,0,0,0,2,0
1773843677841,15802,0.011313674,60,10.152,5.402018,0,0,1,0,0,3,0,0,0,0,2,0
1773843697935,15856,0.0042528934,54,8.995,5.424926,0,0,1,0,0,3,0,0,0,0,2,0
1773843738110,15884,0.104669,28,0,5.452426,0,0,1,0,0,3,0,0,0,30000,2,0
1773843744136,15908,0.1003639,24,2.441,5.459236,0,0,1,0,0,3,0,0,0,0,2,0
1773843758209,15959,0.003965497,51,4.374,5.0199723,0,0,1,0,0,3,0,0,0,0,2,0
1773843810399,16015,0.0061391694,56,3.088,5.020945,0,0,1,0,0,3,0,0,0,0,2,0
1773843834479,16071,0.005954467,56,11.491,5.095377,0,0,1,0,0,3,0,0,0,0,2,0
1773843872612,16109,0.13451198,38,0,4.6835213,0,0,1,0,0,3,0,0,0,30000,2,0
1773843874628,16126,0.15458694,17,3.68,4.6839795,0,0,1,0,0,3,0,0,0,0,2,0
1773843882662,16177,0.0040452294,51,5.054,4.65499,0,0,1,0,0,3,0,0,0,0,2,0
1773843892702,16227,0.004391596,50,3.635,4.6540728,0,0,1,0,0,3,0,0,0,0,2,0
1773843902752,16281,0.004519375,54,5.134,4.6471906,0,0,1,0,0,3,0,0,0,0,2,0
1773843936897,16305,0.104841284,24,0,4.6737823,0,0,1,0,0,3,0,0,0,30000,2,0
1773843944925,16336,0.057205725,31,1.725,4.6545506,0,0,1,0,0,3,0,0,0,0,2,0
1773843967016,16386,0.0043984884,50,3.398,4.655294,0,0,1,0,0,3,0,0,0,0,2,0
1773844003169,16395,0.1494829,9,0,4.653737,0,0,1,0,0,3,0,0,0,30000,2,0
1773844023259,16449,0.0045718565,54,9.284,4.68479,0,0,1,0,0,3,0,0,0,0,2,0
1773844079466,16499,0.004433983,50,2.605,4.6602125,0,0,1,0,0,3,0,0,0,0,2,0
1773844103550,16550,0.0041658552,51,7.886,4.6705236,0,0,1,0,0,3,0,0,0,0,2,0
1773844159761,16601,0.0040419567,51,5.054,4.6682677,0,0,1,0,0,3,0,0,0,0,2,0
1773844201961,16629,0.10624286,28,0,4.697728,0,0,1,0,0,3,0,0,0,30000,2,0
1773844207993,16654,0.0988146,25,13.629,4.7831855,0,0,1,0,0,3,0,0,0,0,2,0
1773844230062,16717,0.020076787,63,1.975,4.7621684,0,0,1,0,0,3,0,0,0,0,2,0
1773844276255,16768,0.00884655,51,23.133,5.301451,0,0,1,0,0,3,0,0,0,0,2,0
1773844286317,16826,0.008665071,58,2.655,5.293271,0,0,1,0,0,3,0,0,0,0,2,0
1773844304418,16876,0.004316297,50,6.583,5.29895,0,0,1,0,0,3,0,0,0,0,2,0
1773844344579,16938,0.016117308,62,6.045,5.269459,0,0,1,0,0,3,0,0,0,0,2,0
1773844354623,16988,0.0043377215,50,2.824,5.1317377,0,0,1,0,0,3,0,0,0,0,2,0
1773844368670,17046,0.008761797,58,2.674,5.105429,0,0,1,0,0,3,0,0,0,0,2,0
1773844400788,17054,0.15582752,8,0,5.1189203,0,0,1,0,0,3,0,0,0,30000,2,0
1773844410839,17101,0.0068190903,47,1.968,5.124314,0,0,1,0,0,3,0,0,0,0,2,0
1773844432910,17154,0.0041087917,53,9.616,5.1296372,0,0,1,0,0,3,0,0,0,0,2,0
1773844469059,17166,0.1344681,12,0,5.1048093,0,0,1,0,0,3,0,0,0,30000,2,0
1773844479088,17217,0.004003648,51,3.05,5.1076317,0,0,1,0,0,3,0,0,0,0,2,0
1773844501167,17267,0.004310044,50,3.553,5.108795,0,0,1,0,0,3,0,0,0,0,2,0
1773844535297,17273,0.16864479,6,0,5.1386266,0,0,1,0,0,3,0,0,0,30000,2,0
1773844545365,17329,0.005752248,56,7.068,5.118093,0,0,1,0,0,3,0,0,0,0,2,0
1773844571467,17381,0.004166398,52,2.847,4.296936,0,0,1,0,0,3,0,0,0,0,2,0
1773844601560,17381,0.21344613,0,0,4.327921,0,0,1,0,0,3,0,0,0,30000,2,0
1773844615635,17433,0.004117498,52,3.531,4.2976494,0,0,1,0,0,3,0,0,0,0,2,0
1773844635704,17487,0.0048522973,54,2.73,4.2982087,0,0,1,0,0,3,0,0,0,0,2,0
1773844677865,17547,0.016159827,60,27.552,5.1839495,0,0,1,0,0,3,0,0,0,0,2,0
1773844687878,17603,0.005715107,56,9.021,5.214187,0,0,1,0,0,3,0,0,0,0,2,0
1773844705925,17665,0.016195584,62,5.947,5.1848674,0,0,1,0,0,3,0,0,0,0,2,0
1773844750104,17715,0.0043387553,50,6.602,5.190447,0,0,1,0,0,3,0,0,0,0,2,0
1773844806317,17776,0.014610724,61,2.085,5.2004104,0,0,1,0,0,3,0,0,0,0,2,0
1773844836450,17847,0.049054157,71,4.666,5.200333,0,0,1,0,0,3,0,0,0,0,2,0
1773844882638,17900,0.004020385,53,3.62,5.1905146,0,0,1,0,0,3,0,0,0,0,2,0
1773844934818,17950,0.0057110647,50,14.379,5.324272,0,0,1,0,0,3,0,0,0,0,2,0
1773844942851,18002,0.0037671712,52,5.834,5.290271,0,0,1,0,0,3,0,0,0,0,2,0
1773844952897,18060,0.008376547,58,4.443,5.2708282,0,0,1,0,0,3,0,0,0,0,2,0
1773844962917,18112,0.003922642,52,2.625,5.26365,0,0,1,0,0,3,0,0,0,0,2,0
1773845001076,18147,0.12044095,35,0,5.26365,0,0,1,0,0,3,0,0,0,30000,2,0
1773845005094,18171,0.100399405,24,3.063,5.2633276,0,0,1,0,0,3,0,0,0,0,2,0
1773845023172,18224,0.010305392,53,27.19,5.9363084,0,0,1,0,0,3,0,0,0,0,2,0
1773845067344,18268,0.1624661,44,0,5.936308,0,0,1,0,0,3,0,0,0,30000,2,0
1773845071361,18286,0.14729947,18,2.924,5.943144,0,0,1,0,0,3,0,0,0,0,2,0
1773845083432,18336,0.004203207,50,6.69,5.938675,0,0,1,0,0,3,0,0,0,0,2,0
1773845135595,18373,0.12635197,37,0,5.742085,0,0,1,0,0,3,0,0,0,30000,2,0
1773845139616,18395,0.11487867,22,1.989,5.7538295,0,0,1,0,0,3,0,0,0,0,2,0
1773845157672,18451,0.005744875,56,3.571,5.7562094,0,0,1,0,0,3,0,0,0,0,2,0
1773845207865,18503,0.005159784,52,15.917,5.8786345,0,0,1,0,0,3,0,0,0,0,2,0
1773845233969,18553,0.004166452,50,4.18,5.8588023,0,0,1,0,0,3,0,0,0,0,2,0
1773845266065,18558,0.17698848,5,0,5.8873997,0,0,1,0,0,3,0,0,0,30000,2,0
1773845276102,18609,0.003934567,51,8.653,5.8706956,0,0,1,0,0,3,0,0,0,0,2,0
1773845290167,18665,0.0066252635,56,17.355,6.04417,0,0,1,0,0,3,0,0,0,0,2,0
1773845302215,18719,0.00405997,54,4.546,6.007732,0,0,1,0,0,3,0,0,0,0,2,0
1773845332319,18719,0.217929,0,0,6.0340858,0,0,1,0,0,3,0,0,0,30000,2,0
1773845342347,18769,0.004135772,50,4.33,6.0342007,0,0,1,0,0,3,0,0,0,0,2,0
1773845352379,18827,0.008163459,58,15.51,6.1565104,0,0,1,0,0,3,0,0,0,0,2,0
1773845362431,18883,0.005432507,56,4.911,6.111298,0,0,1,0,0,3,0,0,0,0,2,0
1773845396557,18902,0.11024457,19,0,6.111298,0,0,1,0,0,3,0,0,0,30000,2,0
1773845404578,18936,0.045065884,34,6.947,6.109927,0,0,1,0,0,3,0,0,0,0,2,0
1773845420654,18989,0.0037503445,53,3.529,6.1146035,0,0,1,0,0,3,0,0,0,0,2,0
1773845466796,19040,0.004806432,51,13.899,6.1981583,0,0,1,0,0,3,0,0,0,0,2,0
1773845482847,19095,0.030085417,55,49.491,8.244914,0,0,1,0,0,3,0,0,0,0,2,0
1773845535021,19149,0.012395168,54,32.284,8.810242,0,0,1,0,0,3,0,0,0,0,2,0
1773845553083,19200,0.0032882944,51,4.241,8.792938,0,0,1,0,0,3,0,0,0,0,2,0
1773845567162,19251,0.003694436,51,11.445,8.7998295,0,0,1,0,0,3,0,0,0,0,2,0
1773845599278,19256,0.18419424,5,0,8.7998295,0,0,1,0,0,3,0,0,0,30000,2,0
1773845615303,19303,0.006898035,47,5.765,8.796393,0,0,1,0,0,3,0,0,0,0,2,0
1773845657484,19356,0.0029987989,53,9.86,8.786446,0,0,1,0,0,3,0,0,0,0,2,0
1773845677599,19406,0.0039478485,50,2.152,8.806784,0,0,1,0,0,3,0,0,0,0,2,0
1773845715723,19456,0.0056552044,50,16.541,8.882611,0,0,1,0,0,3,0,0,0,0,2,0
1773845731787,19506,0.0038902964,50,2.734,8.85465,0,0,1,0,0,3,0,0,0,0,2,0
1773845743853,19565,0.008646861,59,1.864,8.841247,0,0,1,0,0,3,0,0,0,0,2,0
1773845753880,19617,0.0030509057,52,3.798,8.8279085,0,0,1,0,0,3,0,0,0,0,2,0
1773845763910,19668,0.0033861487,51,8.719,8.595215,0,0,1,0,0,3,0,0,0,0,2,0
1773845804054,19719,0.003421431,51,2.814,8.594035,0,0,1,0,0,3,0,0,0,0,2,0
1773845826104,19771,0.018526891,52,38.654,9.4575205,0,0,1,0,0,3,0,0,0,0,2,0
1773845862232,19829,0.007008423,58,1.29,9.48585,0,0,1,0,0,3,0,0,0,0,2,0
1773845880277,19879,0.0038005991,50,7.856,9.469746,0,0,1,0,0,3,0,0,0,0,2,0
1773845900363,19931,0.0028916965,52,4.521,9.458347,0,0,1,0,0,3,0,0,0,0,2,0
1773845934498,19981,0.0039032216,50,8.982,9.414791,0,0,1,0,0,3,0,0,0,0,2,0
1773845950523,20033,0.0030077652,52,3.274,9.40421,0,0,1,0,0,3,0,0,0,0,2,0
1773845990670,20092,0.0076405834,59,5.353,9.404158,0,0,1,0,0,3,0,0,0,0,2,0
1773846000706,20149,0.0053110304,57,3.585,9.370268,0,0,1,0,0,3,0,0,0,0,2,0
1773846010747,20200,0.0032652796,51,3.561,9.366691,0,0,1,0,0,3,0,0,0,0,2,0
1773846020804,20257,0.0052427603,57,3.993,9.363946,0,0,1,0,0,3,0,0,0,0,2,0
1773846030853,20317,0.00925141,60,6.051,9.318031,0,0,1,0,0,3,0,0,0,0,2,0
1773846060988,20368,0.0035008418,51,1.466,9.348963,0,0,1,0,0,3,0,0,0,0,2,0
1773846081080,20422,0.0029133782,54,8.449,9.330996,0,0,1,0,0,3,0,0,0,0,2,0
1773846131259,20471,0.18302418,49,0,9.330996,0,0,1,0,0,3,0,0,0,30000,2,0
1773846133263,20487,0.16939896,16,2.458,9.339268,0,0,1,0,0,3,0,0,0,0,2,0
1773846143304,20542,0.0034486388,55,5.221,9.3241005,0,0,1,0,0,3,0,0,0,0,2,0
1773846153364,20595,0.002936133,53,4.562,8.986458,0,0,1,0,0,3,0,0,0,0,2,0
1773846199477,20656,0.011730927,61,4.191,8.991734,0,0,1,0,0,3,0,0,0,0,2,0
1773846209507,20708,0.0029671725,52,4.536,8.996499,0,0,1,0,0,3,0,0,0,0,2,0
1773846219559,20764,0.0043288628,56,4.582,9.001993,0,0,1,0,0,3,0,0,0,0,2,0
1773846229622,20814,0.00377576,50,6.395,8.979998,0,0,1,0,0,3,0,0,0,0,2,0
1773846263782,20830,0.12089456,16,0,9.019213,0,0,1,0,0,3,0,0,0,30000,2,0
1773846269810,20865,0.041416455,35,3.588,9.019408,0,0,1,0,0,3,0,0,0,0,2,0
1773846289864,20921,0.0041262847,56,6.831,8.97317,0,0,1,0,0,3,0,0,0,0,2,0
1773846334057,20972,0.0033574996,51,2.991,8.985954,0,0,1,0,0,3,0,0,0,0,2,0
1773846356102,21027,0.0034565527,55,6.595,8.980444,0,0,1,0,0,3,0,0,0,0,2,0
1773846396262,21049,0.10394613,22,0,9.006326,0,0,1,0,0,3,0,0,0,30000,2,0
1773846402273,21077,0.07756438,28,1.647,8.988718,0,0,1,0,0,3,0,0,0,0,2,0
1773846418319,21130,0.0029752248,53,4.119,8.982456,0,0,1,0,0,3,0,0,0,0,2,0
1773846464470,21182,0.00468601,52,17.136,8.711989,0,0,1,0,0,3,0,0,0,0,2,0
1773846480548,21236,0.0031283828,54,6.15,8.669692,0,0,1,0,0,3,0,0,0,0,2,0
1773846530742,21290,0.0034048122,54,3.135,8.668202,0,0,1,0,0,3,0,0,0,0,2,0
1773846540780,21343,0.002942647,53,8.537,8.670358,0,0,1,0,0,3,0,0,0,0,2,0
1773846552825,21396,0.0033741249,53,1.598,8.652502,0,0,1,0,0,3,0,0,0,0,2,0
1773846596984,21452,0.004743793,56,2.734,8.646245,0,0,1,0,0,3,0,0,0,0,2,0
1773846607049,21509,0.005312803,57,5.578,8.637321,0,0,1,0,0,3,0,0,0,0,2,0
1773846621102,21569,0.009985231,60,4.219,8.571238,0,0,1,0,0,3,0,0,0,0,2,0
1773846663238,21622,0.0031097513,53,3.661,8.574019,0,0,1,0,0,3,0,0,0,0,2,0
1773846687321,21688,0.0261914,66,2.598,8.547565,0,0,1,0,0,3,0,0,0,0,2,0
1773846729452,21739,0.003494994,51,2.159,8.564661,0,0,1,0,0,3,0,0,0,0,2,0
1773846747495,21793,0.0031629002,54,6.962,8.46083,0,0,1,0,0,3,0,0,0,0,2,0
1773846757506,21851,0.0069364673,58,3.514,8.4657755,0,0,1,0,0,3,0,0,0,0,2,0
1773846793651,21872,0.10575972,21,0,8.465776,0,0,1,0,0,3,0,0,0,30000,2,0
1773846799665,21902,0.06573241,30,2.787,8.474452,0,0,1,0,0,3,0,0,0,0,2,0
1773846815717,21953,0.0034711638,51,2.545,8.413642,0,0,1,0,0,3,0,0,0,0,2,0
1773846863907,22012,0.00839079,59,3.88,8.417448,0,0,1,0,0,3,0,0,0,0,2,0
1773846873943,22069,0.0056234268,57,4.06,8.384396,0,0,1,0,0,3,0,0,0,0,2,0
1773846883966,22120,0.0033173228,51,4.858,8.38642,0,0,1,0,0,3,0,0,0,0,2,0
1773846894028,22170,0.009908354,50,25.377,8.701117,0,0,1,0,0,3,0,0,0,0,2,0
1773846934190,22221,0.0035305114,51,1.765,8.6753845,0,0,1,0,0,3,0,0,0,0,2,0
1773846944254,22275,0.003910532,54,3.417,6.789515,0,0,1,0,0,3,0,0,0,0,2,0
1773846956268,22333,0.00824269,58,3.137,5.9225163,0,0,1,0,0,3,0,0,0,0,2,0
1773846992427,22363,0.106122166,30,0,5.9585357,0,0,1,0,0,3,0,0,0,30000,2,0
1773847006463,22393,0.063369706,30,1.481,5.9264565,0,0,1,0,0,3,0,0,0,0,2,0
1773847016503,22445,0.0036975085,52,3.385,5.895186,0,0,1,0,0,3,0,0,0,0,2,0
1773847052645,22495,0.004179091,50,3.517,5.8984914,0,0,1,0,0,3,0,0,0,0,2,0
1773847076699,22546,0.00801218,51,22.174,6.23907,0,0,1,0,0,3,0,0,0,0,2,0
1773847094755,22611,0.02465094,65,2.978,6.233249,0,0,1,0,0,3,0,0,0,0,2,0
1773847124863,22611,0.21814087,0,0,6.106918,0,0,1,0,0,3,0,0,0,30000,2,0
1773847140903,22664,0.0038192677,53,2.869,6.1061144,0,0,1,0,0,3,0,0,0,0,2,0
1773847163013,22716,0.0035540976,52,5.425,6.092333,0,0,1,0,0,3,0,0,0,0,2,0
1773847205176,22768,0.0036683336,52,3.144,6.0951953,0,0,1,0,0,3,0,0,0,0,2,0
1773847215206,22822,0.0041621313,54,3.217,6.083362,0,0,1,0,0,3,0,0,0,0,2,0
1773847261381,22877,0.0050969133,55,1.278,6.0953007,0,0,1,0,0,3,0,0,0,0,2,0
1773847275442,22927,0.004724524,50,8.831,4.4189076,0,0,1,0,0,3,0,0,0,0,2,0
1773847323657,22976,0.20761333,49,0,4.4368515,0,0,1,0,0,3,0,0,0,30000,2,0
1773847327662,22992,0.16437237,16,6.002,4.421372,0,0,1,0,0,3,0,0,0,0,2,0
1773847345730,23046,0.0047278563,54,3.441,4.423503,0,0,1,0,0,3,0,0,0,0,2,0
1773847389863,23072,0.105346814,26,0,4.4225426,0,0,1,0,0,3,0,0,0,30000,2,0
1773847395879,23100,0.07361681,28,1.914,4.431116,0,0,1,0,0,3,0,0,0,0,2,0
1773847421995,23150,0.0045923786,50,7.78,4.4497175,0,0,1,0,0,3,0,0,0,0,2,0
1773847456107,23156,0.16765499,6,0,4.4821625,0,0,1,0,0,3,0,0,0,30000,2,0
1773847470170,23201,0.010233272,45,7.908,4.502563,0,0,1,0,0,3,0,0,0,0,2,0
1773847490263,23267,0.057738032,66,55.061,7.726924,0,0,1,0,0,3,0,0,0,0,2,0
1773847524419,23283,0.11967317,16,0,7.753118,0,0,1,0,0,3,0,0,0,30000,2,0
1773847530460,23317,0.04535758,34,4.695,7.739653,0,0,1,0,0,3,0,0,0,0,2,0
1773847546500,23367,0.00406085,50,8.526,7.740169,0,0,1,0,0,3,0,0,0,0,2,0
1773847596687,23426,0.0087168375,59,4.059,7.7140975,0,0,1,0,0,3,0,0,0,0,2,0
1773847606724,23477,0.0034260035,51,4.726,7.706453,0,0,1,0,0,3,0,0,0,0,2,0
1773847660941,23531,0.0036326775,54,3.415,7.7098975,0,0,1,0,0,3,0,0,0,0,2,0
1773847677026,23581,0.003900132,50,5.749,7.70966,0,0,1,0,0,3,0,0,0,0,2,0
1773847727213,23637,0.004944862,56,3.58,7.7113605,0,0,1,0,0,3,0,0,0,0,2,0
1773847737258,23689,0.003513576,52,1.506,7.724911,0,0,1,0,0,3,0,0,0,0,2,0
1773847749307,23740,0.003407644,51,6.013,7.7251425,0,0,1,0,0,3,0,0,0,0,2,0
1773847795471,23798,0.0068655172,58,6.428,7.7252216,0,0,1,0,0,3,0,0,0,0,2,0
1773847821564,23851,0.0031670467,53,7.608,7.702339,0,0,1,0,0,3,0,0,0,0,2,0
1773847861742,23901,0.00393602,50,3.602,7.7022896,0,0,1,0,0,3,0,0,0,0,2,0
1773847881853,23952,0.003531284,51,2.944,7.7056837,0,0,1,0,0,3,0,0,0,0,2,0
1773847915979,24005,0.0031992353,53,5.219,7.70026,0,0,1,0,0,3,0,0,0,0,2,0
1773847936087,24058,0.0035809581,53,1.588,7.712361,0,0,1,0,0,3,0,0,0,0,2,0
1773847954142,24111,0.0031996963,53,8.44,7.693696,0,0,1,0,0,3,0,0,0,0,2,0
1773847986290,24165,0.008867344,54,26.569,8.114294,0,0,1,0,0,3,0,0,0,0,2,0
1773847996303,24220,0.0044184956,55,1.25,8.131174,0,0,1,0,0,3,0,0,0,0,2,0
1773848006332,24276,0.004450286,56,8.534,8.011587,0,0,1,0,0,3,0,0,0,0,2,0
1773848024414,24330,0.0036077967,54,2.937,8.017962,0,0,1,0,0,3,0,0,0,0,2,0
1773848064607,24381,0.0034829788,51,2.976,8.018731,0,0,1,0,0,3,0,0,0,0,2,0
1773848074650,24431,0.0038693356,50,6.026,8.010078,0,0,1,0,0,3,0,0,0,0,2,0
1773848084678,24483,0.003180482,52,4.091,7.997086,0,0,1,0,0,3,0,0,0,0,2,0
1773848126859,24535,0.003189997,52,3.973,7.9917846,0,0,1,0,0,3,0,0,0,0,2,0
1773848150935,24586,0.0036189181,51,9.929,8.010195,0,0,1,0,0,3,0,0,0,0,2,0
1773848199147,24639,0.0031683974,53,4.474,8.009561,0,0,1,0,0,3,0,0,0,0,2,0
1773848219257,24693,0.0034055996,54,10.207,8.02561,0,0,1,0,0,3,0,0,0,0,2,0
1773848255418,24760,0.029796388,67,3.612,8.020416,0,0,1,0,0,3,0,0,0,0,2,0
1773848279496,24810,0.003866325,50,4.678,8.008904,0,0,1,0,0,3,0,0,0,0,2,0
1773848319663,24875,0.024127143,65,27.476,8.448167,0,0,1,0,0,3,0,0,0,0,2,0
1773848337733,24929,0.0031635263,54,7.865,8.444568,0,0,1,0,0,3,0,0,0,0,2,0
1773848353804,24984,0.0037274158,55,5.352,8.409473,0,0,1,0,0,3,0,0,0,0,2,0
1773848394017,25036,0.0030180418,52,6.343,8.398121,0,0,1,0,0,3,0,0,0,0,2,0
1773848404050,25092,0.004341252,56,6.985,8.385061,0,0,1,0,0,3,0,0,0,0,2,0
1773848416092,25151,0.008871062,59,1.823,8.39851,0,0,1,0,0,3,0,0,0,0,2,0
1773848456235,25195,0.15225331,44,0,8.430818,0,0,1,0,0,3,0,0,0,30000,2,0
1773848460249,25213,0.15284234,18,7.103,8.429483,0,0,1,0,0,3,0,0,0,0,2,0
1773848482319,25276,0.01681587,63,5.111,8.081055,0,0,1,0,0,3,0,0,0,0,2,0
1773848522456,25321,0.15979809,45,0,8.098463,0,0,1,0,0,3,0,0,0,30000,2,0
1773848524462,25331,0.2258321,10,1.573,8.110781,0,0,1,0,0,3,0,0,0,0,2,0
1773848540602,25383,0.003405342,52,1.762,8.120008,0,0,1,0,0,3,0,0,0,0,2,0
1773848590807,25435,0.0031269628,52,4.674,8.08735,0,0,1,0,0,3,0,0,0,0,2,0
1773848608867,25488,0.006491344,53,22.046,8.307087,0,0,1,0,0,3,0,0,0,0,2,0
1773848636978,25539,0.003389413,51,3.659,8.305645,0,0,1,0,0,3,0,0,0,0,2,0
1773848661074,25590,0.0033262868,51,4.981,8.299899,0,0,1,0,0,3,0,0,0,0,2,0
1773848679110,25648,0.007347354,58,2.402,8.0697775,0,0,1,0,0,3,0,0,0,0,2,0
1773848689173,25699,0.0033573604,51,5.201,8.061317,0,0,1,0,0,3,0,0,0,0,2,0
1773848719270,25754,0.0039953208,55,3.988,8.029495,0,0,1,0,0,3,0,0,0,0,2,0
1773848731303,25817,0.017650703,63,2.137,8.034656,0,0,1,0,0,3,0,0,0,0,2,0
1773848741338,25873,0.004884408,56,3.175,8.042549,0,0,1,0,0,3,0,0,0,0,2,0
1773848759425,25923,0.0038579432,50,5.315,8.034638,0,0,1,0,0,3,0,0,0,0,2,0
1773848797633,25976,0.0031985862,53,4.043,8.030625,0,0,1,0,0,3,0,0,0,0,2,0
1773848807658,26029,0.003223748,53,3.816,8.0127945,0,0,1,0,0,3,0,0,0,0,2,0
1773848853794,26064,0.11278024,35,0,8.041833,0,0,1,0,0,3,0,0,0,30000,2,0
1773848859826,26087,0.11059254,23,3.351,8.013223,0,0,1,0,0,3,0,0,0,0,2,0
1773848869858,26144,0.005852811,57,3.588,8.019218,0,0,1,0,0,3,0,0,0,0,2,0
1773848889906,26194,0.0039806347,50,2.469,8.0250635,0,0,1,0,0,3,0,0,0,0,2,0
1773848934082,26250,0.0049001956,56,3.181,7.9973326,0,0,1,0,0,3,0,0,0,0,2,0
1773848952158,26301,0.0036485686,51,1.498,8.000889,0,0,1,0,0,3,0,0,0,0,2,0
1773848988279,26319,0.11317381,18,0,8.033151,0,0,1,0,0,3,0,0,0,30000,2,0
1773849000326,26353,0.0462728,34,7.286,7.999481,0,0,1,0,0,3,0,0,0,0,2,0
1773849018408,26404,0.010451973,51,27.485,8.426779,0,0,1,0,0,3,0,0,0,0,2,0
1773849062595,26456,0.003682584,52,4.042,5.7815523,0,0,1,0,0,3,0,0,0,0,2,0
1773849088682,26506,0.0042719604,50,7.181,5.741727,0,0,1,0,0,3,0,0,0,0,2,0
1773849132838,26556,0.0042650793,50,2.377,5.7551937,0,0,1,0,0,3,0,0,0,0,2,0
1773849154886,26607,0.0038762384,51,2.92,5.753499,0,0,1,0,0,3,0,0,0,0,2,0
1773849187016,26619,0.13495354,12,0,5.7920246,0,0,1,0,0,3,0,0,0,30000,2,0
1773849199061,26660,0.019277902,41,7.008,5.7941456,0,0,1,0,0,3,0,0,0,0,2,0
1773849217110,26711,0.0039959815,51,1.538,5.809558,0,0,1,0,0,3,0,0,0,0,2,0
1773849245211,26764,0.0038477455,53,3.418,5.8152547,0,0,1,0,0,3,0,0,0,0,2,0
1773849261263,26833,0.039572008,69,4.203,5.8125963,0,0,1,0,0,3,0,0,0,0,2,0
1773849293376,26883,0.004496046,50,9.371,5.810334,0,0,1,0,0,3,0,0,0,0,2,0
1773849341537,26950,0.031092016,67,6.11,5.8104525,0,0,1,0,0,3,0,0,0,0,2,0
1773849389729,27006,0.005430939,56,9.328,5.827949,0,0,1,0,0,3,0,0,0,0,2,0
1773849405808,27056,0.0042798636,50,2.028,5.8397875,0,0,1,0,0,3,0,0,0,0,2,0
1773849415852,27108,0.0037848612,52,2.541,5.846843,0,0,1,0,0,3,0,0,0,0,2,0
1773849454011,27124,0.11879342,16,0,5.878658,0,0,1,0,0,3,0,0,0,30000,2,0
1773849464060,27158,0.043623626,34,1.777,5.896737,0,0,1,0,0,3,0,0,0,0,2,0
1773849478153,27219,0.0141122835,61,20.058,6.1473017,0,0,1,0,0,3,0,0,0,0,2,0
1773849526769,27270,0.003893589,51,1.873,6.1561584,0,0,1,0,0,3,0,0,0,0,2,0
1773849542841,27321,0.0038332816,51,4.92,5.562849,0,0,1,0,0,3,0,0,0,0,2,0
1773849587051,27348,0.10368247,27,0,5.5791974,0,0,1,0,0,3,0,0,0,30000,2,0
1773849595060,27371,0.10716478,23,1.381,5.5845037,0,0,1,0,0,3,0,0,0,0,2,0
1773849615159,27422,0.003854765,51,6.58,5.5800524,0,0,1,0,0,3,0,0,0,0,2,0
1773849657345,27475,0.0040896223,53,1.887,5.588534,0,0,1,0,0,3,0,0,0,0,2,0
1773849671418,27526,0.0038779795,51,3.404,5.591986,0,0,1,0,0,3,0,0,0,0,2,0
1773849725656,27590,0.022206936,64,2.423,5.6008143,0,0,1,0,0,3,0,0,0,0,2,0
1773849745703,27649,0.010430044,59,1.426,5.6179833,0,0,1,0,0,3,0,0,0,0,2,0
1773849795872,27708,0.010187153,59,2.514,5.5936017,0,0,1,0,0,3,0,0,0,0,2,0
1773849805912,27764,0.00581433,56,3.575,5.5959926,0,0,1,0,0,3,0,0,0,0,2,0
1773849819990,27826,0.015979396,62,5.602,5.5576644,0,0,1,0,0,3,0,0,0,0,2,0
1773849852107,27835,0.15051562,9,0,5.5886893,0,0,1,0,0,3,0,0,0,30000,2,0
1773849866184,27891,0.0057719843,56,3.92,5.589826,0,0,1,0,0,3,0,0,0,0,2,0
1773849880254,27942,0.0042516342,51,1.064,4.825345,0,0,1,0,0,3,0,0,0,0,2,0
1773849920409,27960,0.11312648,18,0,4.836105,0,0,1,0,0,3,0,0,0,30000,2,0
1773849928454,28008,0.016131325,48,29.724,5.773201,0,0,1,0,0,3,0,0,0,0,2,0
1773849952522,28058,0.0041760397,50,4.773,5.769395,0,0,1,0,0,3,0,0,0,0,2,0
1773849994754,28113,0.005158917,55,1.579,5.774167,0,0,1,0,0,3,0,0,0,0,2,0
1773850006822,28163,0.0042355754,50,2.789,5.7682366,0,0,1,0,0,3,0,0,0,0,2,0
1773850055051,28222,0.010331759,59,1.518,5.75245,0,0,1,0,0,3,0,0,0,0,2,0
1773850065087,28279,0.0072041475,57,1.761,5.7543488,0,0,1,0,0,3,0,0,0,0,2,0
1773850079147,28331,0.0039726896,52,1.167,5.7688026,0,0,1,0,0,3,0,0,0,0,2,0
1773850123337,28382,0.0038237704,51,3.854,5.74199,0,0,1,0,0,3,0,0,0,0,2,0
1773850141419,28438,0.0061384235,56,1.312,5.7441735,0,0,1,0,0,3,0,0,0,0,2,0
1773850185607,28484,0.17698309,46,0,5.7615023,0,0,1,0,0,3,0,0,0,30000,2,0
1773850187614,28495,0.21149142,11,1.49,5.7734175,0,0,1,0,0,3,0,0,0,0,2,0
1773850199663,28548,0.0039251093,53,4.349,5.330274,0,0,1,0,0,3,0,0,0,0,2,0
1773850213726,28606,0.008913967,58,1.383,5.3410926,0,0,1,0,0,3,0,0,0,0,2,0
1773850251928,28624,0.11291196,18,0,5.3643117,0,0,1,0,0,3,0,0,0,30000,2,0
1773850259974,28657,0.048250932,33,3.506,5.360762,0,0,1,0,0,3,0,0,0,0,2,0
1773850278050,28722,0.025961334,65,1.211,5.37039,0,0,1,0,0,3,0,0,0,0,2,0
1773850316218,28743,0.10677498,21,0,5.3932943,0,0,1,0,0,3,0,0,0,30000,2,0
1773850322253,28778,0.039114162,35,2.277,5.3925905,0,0,1,0,0,3,0,0,0,0,2,0
1773850338297,28836,0.0089218225,58,1.216,5.4024158,0,0,1,0,0,3,0,0,0,0,2,0
1773850386504,28894,0.008652277,58,2.429,5.402567,0,0,1,0,0,3,0,0,0,0,2,0
1773850400561,28953,0.010544084,59,1.436,5.4109125,0,0,1,0,0,3,0,0,0,0,2,0
1773850410619,29004,0.0040510935,51,1.735,5.4171286,0,0,1,0,0,3,0,0,0,0,2,0
1773850450824,29042,0.13175045,38,0,5.4171286,0,0,1,0,0,3,0,0,0,30000,2,0
1773850452840,29058,0.16342124,16,1.799,5.42253,0,0,1,0,0,3,0,0,0,0,2,0
1773850470901,29125,0.032909587,67,1.471,5.4299917,0,0,1,0,0,3,0,0,0,0,2,0
1773850521117,29189,0.022715792,64,1.253,5.436518,0,0,1,0,0,3,0,0,0,0,2,0
1773850533167,29244,0.00521126,55,2.008,5.4402747,0,0,1,0,0,3,0,0,0,0,2,0
1773850553259,29298,0.0043843198,54,3.211,5.4335866,0,0,1,0,0,3,0,0,0,0,2,0
1773850591432,29349,0.004093387,51,1.353,5.421665,0,0,1,0,0,3,0,0,0,0,2,0
1773850605473,29407,0.008830625,58,1.588,5.4096,0,0,1,0,0,3,0,0,0,0,2,0
1773850619545,29464,0.0073759737,57,4.5,4.5028353,0,0,1,0,0,3,0,0,0,0,2,0
1773850651694,29466,0.19709997,2,0,4.520289,0,0,1,0,0,3,0,0,0,30000,2,0
1773850663737,29517,0.00411923,51,3.521,4.4930906,0,0,1,0,0,3,0,0,0,0,2,0
1773850685827,29572,0.0056688343,55,1.523,4.4967203,0,0,1,0,0,3,0,0,0,0,2,0
1773850715982,29572,0.21388988,0,0,4.513762,0,0,1,0,0,3,0,0,0,30000,2,0
1773850726031,29622,0.0045009786,50,2.041,4.4987917,0,0,1,0,0,3,0,0,0,0,2,0
1773850740081,29672,0.0045230975,50,1.812,4.475294,0,0,1,0,0,3,0,0,0,0,2,0
1773850782273,29716,0.16929834,44,0,4.487573,0,0,1,0,0,3,0,0,0,30000,2,0
1773850786284,29733,0.15352961,17,2.1,4.4888453,0,0,1,0,0,3,0,0,0,0,2,0
1773850800347,29792,0.011166062,59,1.071,4.4928193,0,0,1,0,0,3,0,0,0,0,2,0
1773850812400,29842,0.0045958855,50,1.117,4.425394,0,0,1,0,0,3,0,0,0,0,2,0
1773850848585,29859,0.11594086,17,0,4.419899,0,0,1,0,0,3,0,0,0,30000,2,0
1773850854603,29892,0.04716409,33,1.342,4.3445964,0,0,1,0,0,3,0,0,0,0,2,0
1773850872670,29950,0.009354348,58,1.8,4.345182,0,0,1,0,0,3,0,0,0,0,2,0
1773850920877,30006,0.006596023,56,2.154,4.3455615,0,0,1,0,0,3,0,0,0,0,2,0
1773850934933,30061,0.0057918658,55,1.201,4.336799,0,0,1,0,0,3,0,0,0,0,2,0
1773850979171,30107,0.18419242,46,0,4.3478923,0,0,1,0,0,3,0,0,0,30000,2,0
1773850983192,30113,0.26184392,6,1.66,3.7521338,0,0,1,0,0,3,0,0,0,0,2,0
1773850993245,30163,0.004690488,50,1.463,3.7532454,0,0,1,0,0,3,0,0,0,0,2,0
1773851011322,30217,0.004890207,54,4.795,3.751922,0,0,1,0,0,3,0,0,0,0,2,0
1773851053545,30273,0.006978983,56,1.59,3.7417696,0,0,1,0,0,3,0,0,0,0,2,0
1773851065598,30328,0.005592808,55,4.786,3.7519722,0,0,1,0,0,3,0,0,0,0,2,0
1773851077653,30380,0.004482787,52,1.39,3.716489,0,0,1,0,0,3,0,0,0,0,2,0
1773851113845,30391,0.13852134,11,0,3.7272022,0,0,1,0,0,3,0,0,0,30000,2,0
1773851125888,30448,0.008241551,57,1.592,3.7254462,0,0,1,0,0,3,0,0,0,0,2,0
1773851139952,30505,0.008088307,57,2.408,3.725435,0,0,1,0,0,3,0,0,0,0,2,0
1773851180125,30528,0.10678872,23,0,3.734565,0,0,1,0,0,3,0,0,0,30000,2,0
1773851186153,30555,0.07915671,27,2.325,3.734414,0,0,1,0,0,3,0,0,0,0,2,0
1773851200241,30606,0.004462591,51,1.415,3.7318418,0,0,1,0,0,3,0,0,0,0,2,0
1773851246475,30646,0.14860255,40,0,3.7165346,0,0,1,0,0,3,0,0,0,30000,2,0
1773851250488,30660,0.17945674,14,2.217,3.7070634,0,0,1,0,0,3,0,0,0,0,2,0
1773851264525,30719,0.0105745625,59,8.599,3.7867188,0,0,1,0,0,3,0,0,0,0,2,0
1773851312703,30768,0.21140437,49,0,3.7940574,0,0,1,0,0,3,0,0,0,30000,2,0
1773851314713,30771,0.2969514,3,1.593,3.7847757,0,0,1,0,0,3,0,0,0,0,2,0
1773851326756,30831,0.014812486,60,2.504,1.5253667,0,0,1,0,0,3,0,0,0,0,2,0
1773851340809,30883,0.0050216396,52,6.619,1.5971392,0,0,1,0,0,3,0,0,0,0,2,0
1773851378956,30896,0.13043085,13,0,1.6128752,0,0,1,0,0,3,0,0,0,30000,2,0
1773851386997,30944,0.0067039137,48,8.748,1.825253,0,0,1,0,0,3,0,0,0,0,2,0
1773851399042,30996,0.0050585275,52,1.616,1.8249781,0,0,1,0,0,3,0,0,0,0,2,0
1773851445204,31045,0.22372891,49,0,1.840012,0,0,1,0,0,3,0,0,0,30000,2,0
1773851447217,31051,0.26091585,6,4.991,1.8779755,0,0,1,0,0,3,0,0,0,0,2,0
1773851459258,31103,0.0048854975,52,3.938,1.8793501,0,0,1,0,0,3,0,0,0,0,2,0
1773851475294,31165,0.019692648,62,1.556,1.8783419,0,0,1,0,0,3,0,0,0,0,2,0
1773851517457,31225,0.014661282,60,2.081,1.8625468,0,0,1,0,0,3,0,0,0,0,2,0
1773851535512,31291,0.032493774,66,1.694,1.861905,0,0,1,0,0,3,0,0,0,0,2,0
1773851577656,31339,0.21489431,48,0,1.8531277,0,0,1,0,0,3,0,0,0,30000,2,0
1773851581659,31360,0.11780811,21,1.384,1.8531233,0,0,1,0,0,3,0,0,0,0,2,0
1773851595712,31410,0.0051535387,50,1.061,1.8407509,0,0,1,0,0,3,0,0,0,0,2,0
1773851613776,31461,0.0048909774,51,2.606,1.8319762,0,0,1,0,0,3,0,0,0,0,2,0
1773851643871,31461,0.20856346,0,0,1.8452332,0,0,1,0,0,3,0,0,0,30000,2,0
1773851659932,31517,0.007518066,56,4.946,1.8681326,0,0,1,0,0,3,0,0,0,0,2,0
1773851671990,31569,0.0050148717,52,1.913,1.8677171,0,0,1,0,0,3,0,0,0,0,2,0
1773851710162,31586,0.11810928,17,0,1.8812824,0,0,1,0,0,3,0,0,0,30000,2,0
1773851720211,31623,0.029706204,37,1.08,1.8832058,0,0,1,0,0,3,0,0,0,0,2,0
1773851736264,31678,0.0068461956,55,1.408,1.8833206,0,0,1,0,0,3,0,0,0,0,2,0
1773851778450,31712,0.12916593,34,0,1.8981491,0,0,1,0,0,3,0,0,0,30000,2,0
1773851784497,31744,0.05041753,32,1.332,1.8845861,0,0,1,0,0,3,0,0,0,0,2,0
1773851800578,31801,0.008701212,57,5.72,1.9428475,0,0,1,0,0,3,0,0,0,0,2,0
1773851842760,31834,0.12546946,33,0,1.9572655,0,0,1,0,0,3,0,0,0,30000,2,0
1773851846777,31862,0.07149955,28,1.345,1.9567888,0,0,1,0,0,3,0,0,0,0,2,0
1773851858823,31914,0.0050067073,52,1.681,1.9570543,0,0,1,0,0,3,0,0,0,0,2,0
1773851870861,31966,0.005038081,52,1.4,1.9516095,0,0,1,0,0,3,0,0,0,0,2,0
1773851915053,32020,0.005843853,54,2.42,1.951292,0,0,1,0,0,3,0,0,0,0,2,0
1773851933136,32071,0.0048557296,51,2.582,1.952448,0,0,1,0,0,3,0,0,0,0,2,0
1773851947187,32122,0.004909982,51,1.889,1.9257832,0,0,1,0,0,3,0,0,0,0,2,0
1773851987389,32172,0.00507476,50,1.904,1.9107462,0,0,1,0,0,3,0,0,0,0,2,0
1773852005503,32233,0.017169679,61,1.248,1.9020687,0,0,1,0,0,3,0,0,0,0,2,0
1773852051717,32290,0.0091162585,57,2.271,1.9020088,0,0,1,0,0,3,0,0,0,0,2,0
1773852063759,32349,0.012759181,59,1.194,1.8889674,0,0,1,0,0,3,0,0,0,0,2,0
1773852079835,32408,0.0121016735,59,4.761,1.9212805,0,0,1,0,0,3,0,0,0,0,2,0
1773852109978,32408,0.20870893,0,0,1.9367449,0,0,1,0,0,3,0,0,0,30000,2,0
1773852122072,32458,0.0050416263,50,5.497,1.9701647,0,0,1,0,0,3,0,0,0,0,2,0
1773852142153,32510,0.0049830317,52,1.877,1.9702373,0,0,1,0,0,3,0,0,0,0,2,0
1773852186362,32564,0.0056026876,54,6.345,2.0376337,0,0,1,0,0,3,0,0,0,0,2,0
1773852202446,32620,0.007338975,56,6.056,2.0913727,0,0,1,0,0,3,0,0,0,0,2,0
1773852246614,32681,0.015815044,61,8.402,2.2102685,0,0,1,0,0,3,0,0,0,0,2,0
1773852258662,32740,0.012580875,59,1.053,2.2125533,0,0,1,0,0,3,0,0,0,0,2,0
1773852272727,32790,0.004989215,50,2.085,2.2118006,0,0,1,0,0,3,0,0,0,0,2,0
1773852308901,32801,0.13838004,11,0,2.230361,0,0,1,0,0,3,0,0,0,30000,2,0
1773852318953,32850,0.005414352,49,2.066,2.2263682,0,0,1,0,0,3,0,0,0,0,2,0
1773852333025,32904,0.005867476,54,1.369,2.210703,0,0,1,0,0,3,0,0,0,0,2,0
1773852373195,32940,0.13570908,36,0,2.2279642,0,0,1,0,0,3,0,0,0,30000,2,0
1773852379222,32963,0.10537992,23,5.225,2.2547312,0,0,1,0,0,3,0,0,0,0,2,0
1773852393254,33016,0.005272035,53,1.406,2.2364745,0,0,1,0,0,3,0,0,0,0,2,0
1773852409318,33070,0.005806537,54,1.727,2.2358596,0,0,1,0,0,3,0,0,0,0,2,0
1773852449446,33127,0.009096469,57,1.394,2.216467,0,0,1,0,0,3,0,0,0,0,2,0
1773852463502,33184,0.009123465,57,1.255,2.2173476,0,0,1,0,0,3,0,0,0,0,2,0
1773852511730,33238,0.005502802,54,6.871,2.2716358,0,0,1,0,0,3,0,0,0,0,2,0
1773852523786,33289,0.0048628855,51,1.275,2.2736375,0,0,1,0,0,3,0,0,0,0,2,0
1773852541872,33344,0.0066498616,55,1.474,2.2762094,0,0,1,0,0,3,0,0,0,0,2,0
1773852574011,33354,0.14306071,10,0,2.2762094,0,0,1,0,0,3,0,0,0,30000,2,0
1773852584052,33401,0.0070224935,47,3.189,2.278673,0,0,1,0,0,3,0,0,0,0,2,0
1773852598111,33453,0.0049328795,52,1.361,2.2790284,0,0,1,0,0,3,0,0,0,0,2,0
1773852640325,33500,0.20385332,47,0,2.2790284,0,0,1,0,0,3,0,0,0,30000,2,0
1773852644336,33508,0.2400847,8,5.706,2.3166776,0,0,1,0,0,3,0,0,0,0,2,0
1773852656382,33568,0.013583266,60,7.723,2.2823565,0,0,1,0,0,3,0,0,0,0,2,0
1773852674440,33622,0.0058130505,54,1.59,2.2648122,0,0,1,0,0,3,0,0,0,0,2,0
1773852716646,33672,0.00501371,50,1.513,2.2652862,0,0,1,0,0,3,0,0,0,0,2,0
1773852730701,33722,0.004953438,50,5.519,2.2978318,0,0,1,0,0,3,0,0,0,0,2,0
1773852778904,33773,0.0048812204,51,8.094,2.346327,0,0,1,0,0,3,0,0,0,0,2,0
1773852792989,33826,0.0051216735,53,2.443,2.3254187,0,0,1,0,0,3,0,0,0,0,2,0
1773852837165,33875,0.22130597,49,0,2.2095404,0,0,1,0,0,3,0,0,0,30000,2,0
1773852839168,33877,0.30725044,2,3.181,2.2095726,0,0,1,0,0,3,0,0,0,0,2,0
1773852851227,33936,0.011790501,59,5.7,2.2255425,0,0,1,0,0,3,0,0,0,0,2,0
1773852865302,33996,0.014599175,60,1.312,2.2078214,0,0,1,0,0,3,0,0,0,0,2,0
1773852909511,34048,0.004808306,52,3.123,2.201482,0,0,1,0,0,3,0,0,0,0,2,0
1773852923574,34099,0.004784683,51,2.539,2.1987817,0,0,1,0,0,3,0,0,0,0,2,0
1773852935634,34155,0.0077517023,56,1.537,2.2012112,0,0,1,0,0,3,0,0,0,0,2,0
1773852969793,34169,0.12645932,14,0,2.2200484,0,0,1,0,0,3,0,0,0,30000,2,0
1773852977822,34206,0.029885074,37,1.564,2.2019525,0,0,1,0,0,3,0,0,0,0,2,0
1773852993891,34262,0.0073201717,56,5.028,2.2211597,0,0,1,0,0,3,0,0,0,0,2,0
1773853044061,34321,0.012514356,59,1.318,2.218806,0,0,1,0,0,3,0,0,0,0,2,0
1773853060137,34376,0.006576364,55,2.146,2.2191715,0,0,1,0,0,3,0,0,0,0,2,0
1773853072201,34427,0.0048905257,51,1.199,2.2031147,0,0,1,0,0,3,0,0,0,0,2,0
1773853102315,34427,0.20914689,0,0,2.2028468,0,0,1,0,0,3,0,0,0,30000,2,0
1773853114385,34480,0.0052725505,53,1.496,2.2049723,0,0,1,0,0,3,0,0,0,0,2,0
1773853128442,34536,0.007725211,56,1.739,2.1856105,0,0,1,0,0,3,0,0,0,0,2,0
1773853168596,34572,0.13582903,36,0,2.2002232,0,0,1,0,0,3,0,0,0,30000,2,0
1773853172615,34587,0.16800368,15,1.899,2.1974988,0,0,1,0,0,3,0,0,0,0,2,0
1773853184670,34639,0.005003549,52,1.029,2.1833196,0,0,1,0,0,3,0,0,0,0,2,0
1773853198756,34699,0.014341746,60,2.521,2.178745,0,0,1,0,0,3,0,0,0,0,2,0
1773853242954,34750,0.0049185674,51,1.083,2.146418,0,0,1,0,0,3,0,0,0,0,2,0
1773853257010,34800,0.005084007,50,1.042,2.1320527,0,0,1,0,0,3,0,0,0,0,2,0
1773853269050,34855,0.006772541,55,1.134,2.1338696,0,0,1,0,0,3,0,0,0,0,2,0
1773853315251,34919,0.02416811,64,6.599,2.1938224,0,0,1,0,0,3,0,0,0,0,2,0
1773853331334,34978,0.012394511,59,1.941,2.1906455,0,0,1,0,0,3,0,0,0,0,2,0
1773853369491,34995,0.11771105,17,0,2.212454,0,0,1,0,0,3,0,0,0,30000,2,0
1773853377509,35031,0.03429081,36,4.986,2.2344894,0,0,1,0,0,3,0,0,0,0,2,0
1773853389550,35081,0.0049885707,50,2.002,2.2340517,0,0,1,0,0,3,0,0,0,0,2,0
1773853405618,35140,0.012495069,59,1.349,2.2374241,0,0,1,0,0,3,0,0,0,0,2,0
1773853437734,35141,0.20103297,1,0,2.2535565,0,0,1,0,0,3,0,0,0,30000,2,0
1773853447782,35196,0.0066779214,55,1.354,2.2577004,0,0,1,0,0,3,0,0,0,0,2,0
1773853461855,35250,0.0058961757,54,1.044,2.2590885,0,0,1,0,0,3,0,0,0,0,2,0
1773853510058,35306,0.0074075274,56,3.84,2.2472577,0,0,1,0,0,3,0,0,0,0,2,0
1773853522108,35365,0.012430001,59,1.663,2.2284193,0,0,1,0,0,3,0,0,0,0,2,0
1773853536189,35417,0.004802527,52,3.248,2.1978834,0,0,1,0,0,3,0,0,0,0,2,0
1773853582423,35469,0.0047460888,52,5.24,2.224037,0,0,1,0,0,3,0,0,0,0,2,0
1773853598456,35540,0.05476497,71,1.71,2.1719985,0,0,1,0,0,3,0,0,0,0,2,0
1773853640628,35597,0.00890834,57,2.778,2.1235716,0,0,1,0,0,3,0,0,0,0,2,0
1773853654690,35654,0.009132771,57,1.906,1.9829806,0,0,1,0,0,3,0,0,0,0,2,0
1773853668792,35709,0.0068017947,55,1.397,1.9801681,0,0,1,0,0,3,0,0,0,0,2,0
1773853709000,35766,0.009254477,57,1.256,1.9840082,0,0,1,0,0,3,0,0,0,0,2,0
1773853723062,35816,0.0050736256,50,6.26,2.0244892,0,0,1,0,0,3,0,0,0,0,2,0
1773853737105,35866,0.004998795,50,2.965,2.025592,0,0,1,0,0,3,0,0,0,0,2,0
1773853767249,35866,0.20888135,0,0,2.0431337,0,0,1,0,0,3,0,0,0,30000,2,0
1773853777277,35920,0.005973178,54,1.182,2.0271587,0,0,1,0,0,3,0,0,0,0,2,0
1773853795365,35975,0.0067436034,55,1.723,1.9961278,0,0,1,0,0,3,0,0,0,0,2,0
1773853839554,36029,0.005944405,54,1.472,1.9956795,0,0,1,0,0,3,0,0,0,0,2,0
1773853853619,36090,0.017001666,61,1.623,1.996193,0,0,1,0,0,3,0,0,0,0,2,0
1773853869665,36143,0.0052623907,53,2.317,1.9928889,0,0,1,0,0,3,0,0,0,0,2,0
1773853911859,36202,0.011950736,59,5.463,2.025823,0,0,1,0,0,3,0,0,0,0,2,0
1773853921906,36260,0.010868107,58,1.24,1.9499571,0,0,1,0,0,3,0,0,0,0,2,0
1773853937989,36310,0.0050129048,50,4.746,1.9689432,0,0,1,0,0,3,0,0,0,0,2,0
1773853968113,36310,0.20879081,0,0,1.9876074,0,0,1,0,0,3,0,0,0,30000,2,0
1773853978172,36362,0.004966955,52,8.391,2.1030746,0,0,1,0,0,3,0,0,0,0,2,0
1773853992244,36413,0.0048877783,51,1.527,2.1041703,0,0,1,0,0,3,0,0,0,0,2,0
1773854026345,36475,0.019574063,62,1.335,2.1043794,0,0,1,0,0,3,0,0,0,0,2,0
1773854040401,36541,0.03240969,66,1.296,2.0870306,0,0,1,0,0,3,0,0,0,0,2,0
1773854058452,36594,0.005321887,53,1.578,2.0489595,0,0,1,0,0,3,0,0,0,0,2,0
1773854074514,36651,0.008787766,57,4.529,1.9551866,0,0,1,0,0,3,0,0,0,0,2,0
1773854102652,36702,0.0049505276,51,1.312,1.9571542,0,0,1,0,0,3,0,0,0,0,2,0
1773854116683,36752,0.0050913356,50,1.48,1.9573749,0,0,1,0,0,3,0,0,0,0,2,0
1773854130755,36802,0.0050685215,50,1.987,1.9161649,0,0,1,0,0,3,0,0,0,0,2,0
1773854158894,36859,0.0093406,57,1.43,1.7730744,0,0,1,0,0,3,0,0,0,0,2,0
1773854172971,36918,0.012503249,59,2.791,1.7744207,0,0,1,0,0,3,0,0,0,0,2,0
1773854189062,36974,0.008044443,56,1.19,1.7576302,0,0,1,0,0,3,0,0,0,0,2,0
1773854203111,37029,0.0069240434,55,1.301,1.7566837,0,0,1,0,0,3,0,0,0,0,2,0
1773854239340,37081,0.0049263006,52,4.68,1.7289914,0,0,1,0,0,3,0,0,0,0,2,0
1773854259622,37131,0.0050629643,50,4.103,1.7423568,0,0,1,0,0,3,0,0,0,0,2,0
1773854294162,37195,0.025601178,64,2.005,1.7385892,0,0,1,0,0,3,0,0,0,0,2,0
1773854310249,37246,0.0049516247,51,2.091,1.738031,0,0,1,0,0,3,0,0,0,0,2,0
1773854322313,37297,0.004982628,51,1.686,1.7372772,0,0,1,0,0,3,0,0,0,0,2,0
1773854338397,37351,0.006055183,54,1.543,1.7175171,0,0,1,0,0,3,0,0,0,0,2,0
1773854366482,37404,0.0054627787,53,1.474,1.7180736,0,0,1,0,0,3,0,0,0,0,2,0
1773854382543,37460,0.0075432467,56,5.801,1.7404975,0,0,1,0,0,3,0,0,0,0,2,0
1773854396593,37512,0.0049757347,52,3.028,1.739724,0,0,1,0,0,3,0,0,0,0,2,0
1773854428703,37568,0.007523246,56,5.626,1.7897046,0,0,1,0,0,3,0,0,0,0,2,0
1773854444774,37620,0.004964953,52,2.932,1.786083,0,0,1,0,0,3,0,0,0,0,2,0
1773854460840,37674,0.0057065194,54,5.799,1.813072,0,0,1,0,0,3,0,0,0,0,2,0
1773854490980,37733,0.012727858,59,1.554,1.81263,0,0,1,0,0,3,0,0,0,0,2,0
1773854501025,37789,0.007783814,56,2.647,1.8108776,0,0,1,0,0,3,0,0,0,0,2,0
1773854519089,37845,0.0079979,56,1.354,1.7902278,0,0,1,0,0,3,0,0,0,0,2,0
1773854557249,37903,0.010774224,58,2.207,1.789167,0,0,1,0,0,3,0,0,0,0,2,0
1773854577322,37956,0.0054651415,53,1.243,1.7867068,0,0,1,0,0,3,0,0,0,0,2,0
1773854593373,38009,0.005290531,53,2.917,1.7876164,0,0,1,0,0,3,0,0,0,0,2,0
1773854627487,38061,0.0051025283,52,1.331,1.7848955,0,0,1,0,0,3,0,0,0,0,2,0
1773854647756,38121,0.014788062,60,1.787,1.7780043,0,0,1,0,0,3,0,0,0,0,2,0
1773854671845,38175,0.006059786,54,1.329,1.7758696,0,0,1,0,0,3,0,0,0,0,2,0
1773854695972,38227,0.00495783,52,3.66,1.705308,0,0,1,0,0,3,0,0,0,0,2,0
1773854712051,38286,0.012162854,59,5.311,1.7409893,0,0,1,0,0,3,0,0,0,0,2,0
1773854726086,38339,0.005489101,53,1.259,1.7197871,0,0,1,0,0,3,0,0,0,0,2,0
1773854760216,38390,0.004971502,51,2.008,1.6920766,0,0,1,0,0,3,0,0,0,0,2,0
1773854782289,38446,0.007791797,56,3.073,1.6927819,0,0,1,0,0,3,0,0,0,0,2,0
1773854800341,38497,0.0049729794,51,2.005,1.6879147,0,0,1,0,0,3,0,0,0,0,2,0
1773854848560,38550,0.0052943616,53,3.602,1.6640066,0,0,1,0,0,3,0,0,0,0,2,0
1773854860621,38605,0.006917172,55,1.641,1.6611859,0,0,1,0,0,3,0,0,0,0,2,0
1773854904924,38666,0.025093174,61,4.914,1.6757985,0.09836066,0.09836066,1,0,0,3,0,0,0,0,2,1
1773854921207,38719,0.00885196,53,4.951,1.6941451,0.11320755,0.014846891,1,0,0,3,0,0,0,0,2,1
1773854961377,38769,0.009918513,50,2.57,1.6898401,0.18,0.06679246,1,0,0,3,0,0,0,0,2,2
1773854973418,38827,0.01146466,58,6.32,1.7490892,0.15517241,-0.0248276,1,0,0,3,0,0,0,0,2,2
1773854989516,38879,0.006456617,52,1.73,1.7229675,0.17307693,0.01790452,1,0,0,3,0,0,0,0,2,2
1773855030027,38933,0.006769895,54,5.506,1.7552861,0.16666667,-0.006410256,1,0,0,3,0,0,0,0,2,2
1773855050695,38984,0.010675753,51,20.587,2.8298743,0.1764706,0.009803921,1,0,0,3,0,0,0,0,2,2
1773855103739,39030,0.1199444,46,0,2.8508484,0,-0.1764706,1,0,0,3,0,0,0,30000,2,2
1773855109893,39038,0.2526485,8,2.075,2.8463566,0.16666667,0.16666667,1,0,0,3,0,0,0,0,2,2
1773855122035,39088,0.0063355505,50,1.47,2.8444908,0.18,0.0133333355,1,0,0,3,0,0,0,0,2,2
1773855166664,39130,0.08904226,42,0,2.8366933,0,-0.18,1,0,0,3,0,0,0,30000,2,2
1773855170677,39150,0.14119714,20,7.824,2.9028823,0.14516129,0.14516129,1,0,0,3,0,0,0,0,2,2
1773855188806,39201,0.0067610755,51,1.194,2.887786,0.1764706,0.031309307,1,0,0,3,0,0,0,0,2,2
1773855233289,39244,0.09621734,43,0,2.9027698,0,-0.1764706,1,0,0,3,0,0,0,30000,2,2
1773855235303,39259,0.18186179,15,1.555,2.9039364,0.15517241,0.15517241,1,0,0,3,0,0,0,0,2,2
1773855247434,39310,0.006271476,51,1.693,2.902334,0.1764706,0.021298185,1,0,0,3,0,0,0,0,2,2
1773855259467,39366,0.008090492,56,1.826,2.9010124,0.16071428,-0.015756309,1,0,0,3,0,0,0,0,2,2
1773855299837,39389,0.022308279,23,0,2.9228709,0,-0.16071428,1,0,0,3,0,0,0,30000,2,2
1773855307873,39422,0.061345972,33,2.479,2.905339,0.16071428,0.16071428,1,0,0,3,0,0,0,0,2,2
1773855324667,39473,0.006053769,51,2.195,2.8994687,0.1764706,0.015756309,1,0,0,3,0,0,0,0,2,2
1773855368846,39494,0.020887004,21,0,2.9111273,0,-0.1764706,1,0,0,3,0,0,0,30000,2,2
1773855378884,39528,0.059446275,34,9.269,2.9978626,0.16363636,0.16363636,1,0,0,3,0,0,0,0,2,2
1773855395228,39579,0.0059916424,51,1.321,2.9242282,0.1764706,0.012834236,1,0,0,3,0,0,0,0,2,2
1773855427350,39630,0.0056821248,51,2.222,2.9206684,0.1764706,0,1,0,0,3,0,0,0,0,2,2
1773855447446,39681,0.0057032607,51,1.461,2.919697,0.1764706,0,1,0,0,3,0,0,0,0,2,2
1773855461487,39740,0.012717268,59,1.796,2.916222,0.15254237,-0.023928225,1,0,0,3,0,0,0,0,2,2
1773855499650,39793,0.015604273,53,30.453,4.492515,0.16981132,0.017268956,1,0,0,3,0,0,0,0,2,2
1773855517783,39846,0.005291214,53,1.565,4.494872,0.16981132,0,1,0,0,3,0,0,0,0,2,2
1773855529830,39906,0.013490079,60,1.701,4.492506,0.15,-0.019811317,1,0,0,3,0,0,0,0,2,2
1773855566017,39958,0.005809347,52,1.412,4.4929347,0.17307693,0.023076922,1,0,0,3,0,0,0,0,2,2
1773855578070,40013,0.0063197226,55,1.588,4.49497,0.16363636,-0.009440571,1,0,0,3,0,0,0,0,2,2
1773855590094,40074,0.015527544,61,1.644,4.493693,0.14754099,-0.01609537,1,0,0,3,0,0,0,0,2,2
1773855602140,40126,0.0059408196,52,1.146,4.50097,0.17307693,0.025535941,1,0,0,3,0,0,0,0,2,2
1773855638281,40178,0.0050851875,52,2.49,4.494652,0.17307693,0,1,0,0,3,0,0,0,0,2,2
1773855650500,40238,0.013679146,60,1.272,4.494849,0.15,-0.023076922,1,0,0,3,0,0,0,0,2,2
1773855660536,40295,0.008381332,57,1.688,4.4952807,0.15789473,0.007894725,1,0,0,3,0,0,0,0,2,2
1773855696794,40346,0.005730732,51,2.023,4.4961686,0.1764706,0.018575862,1,0,0,3,0,0,0,0,2,2
1773855710846,40403,0.008495533,57,1.707,4.497526,0.15789473,-0.018575862,1,0,0,3,0,0,0,0,2,2
1773855720860,40456,0.0055288137,53,1.475,4.500472,0.16981132,0.011916593,1,0,0,3,0,0,0,0,2,2
1773855732896,40514,0.00979218,58,1.913,4.4994025,0.15517241,-0.014638916,1,0,0,3,0,0,0,0,2,2
1773855771029,40541,0.024052098,27,0,4.512112,0,-0.15517241,1,0,0,3,0,0,0,30000,2,2
1773855781055,40570,0.0830757,29,1.985,4.509618,0.16071428,0.16071428,1,0,0,3,0,0,0,0,2,2
1773855795152,40622,0.005312932,52,4.353,4.4998455,0.17307693,0.012362644,1,0,0,3,0,0,0,0,2,2
1773855831471,40677,0.015111909,55,30.633,5.6471176,0.16363636,-0.009440571,1,0,0,3,0,0,0,0,2,2
1773855845573,40731,0.005138885,54,3.462,5.6410704,0.16666667,0.003030315,1,0,0,3,0,0,0,0,2,2
1773855855613,40781,0.0057028523,50,1.577,5.6457686,0.18,0.0133333355,1,0,0,3,0,0,0,0,2,2
1773855869655,40835,0.0051244716,54,2.503,5.6395597,0.16666667,-0.0133333355,1,0,0,3,0,0,0,0,2,2
1773855883713,40889,0.005256615,54,1.647,5.6390843,0.16666667,0,1,0,0,3,0,0,0,0,2,2
1773855897850,40942,0.00486819,53,2.677,5.6390185,0.16981132,0.0031446517,1,0,0,3,0,0,0,0,2,2
1773855909896,40995,0.0048872735,53,1.776,5.636814,0.16981132,0,1,0,0,3,0,0,0,0,2,2
1773855919940,41049,0.005132643,54,2.622,5.6356153,0.16666667,-0.0031446517,1,0,0,3,0,0,0,0,2,2
1773855931997,41101,0.0049710763,52,7.35,5.648957,0.17307693,0.006410256,1,0,0,3,0,0,0,0,2,2
1773855950108,41154,0.004855495,53,1.607,5.653604,0.16981132,-0.0032656044,1,0,0,3,0,0,0,0,2,2
1773855966185,41209,0.005801614,55,1.768,5.6512012,0.16363636,-0.0061749667,1,0,0,3,0,0,0,0,2,2
1773855978229,41263,0.005223328,54,2.33,5.6489677,0.16666667,0.003030315,1,0,0,3,0,0,0,0,2,2
1773855994262,41313,0.0057055294,50,1.511,5.647894,0.18,0.0133333355,1,0,0,3,0,0,0,0,2,2
1773856008311,41366,0.0047983658,53,1.731,5.652388,0.16981132,-0.010188684,1,0,0,3,0,0,0,0,2,2
1773856030423,41421,0.0058528115,55,1.367,5.6540575,0.16363636,-0.0061749667,1,0,0,3,0,0,0,0,2,2
1773856042466,41472,0.0052182246,51,2.699,5.648111,0.1764706,0.012834236,1,0,0,3,0,0,0,0,2,2
1773856054507,41530,0.008946467,58,4.652,5.646835,0.15517241,-0.021298185,1,0,0,3,0,0,0,0,2,2
1773856072701,41584,0.0054560085,54,1.758,5.6508336,0.16666667,0.011494264,1,0,0,3,0,0,0,0,2,2
1773856088765,41637,0.0049932795,53,1.181,5.655173,0.16981132,0.0031446517,1,0,0,3,0,0,0,0,2,2
1773856104828,41693,0.0065022237,56,3.082,5.655382,0.16071428,-0.00909704,1,0,0,3,0,0,0,0,2,2
1773856114846,41748,0.005926301,55,1.34,5.657037,0.16363636,0.002922073,1,0,0,3,0,0,0,0,2,2
1773856126884,41799,0.005233543,51,2.245,5.65614,0.1764706,0.012834236,1,0,0,3,0,0,0,0,2,2
1773856138952,41852,0.0047082733,53,3.622,5.652984,0.16981132,-0.0066592693,1,0,0,3,0,0,0,0,2,2
1773856157003,41908,0.006563585,56,2.533,5.653072,0.16071428,-0.00909704,1,0,0,3,0,0,0,0,2,2
1773856171072,41959,0.0053451415,51,2.209,5.643055,0.1764706,0.015756309,1,0,0,3,0,0,0,0,2,2
1773856183122,42012,0.004724432,53,3.271,5.639371,0.16981132,-0.0066592693,1,0,0,3,0,0,0,0,2,2
1773856193163,42064,0.0048573585,52,1.516,5.63753,0.17307693,0.0032656044,1,0,0,3,0,0,0,0,2,2
1773856211251,42116,0.13512324,52,98.314,12.909775,0.17307693,0,1,0,0,3,0,0,0,0,2,2
1773856227288,42166,0.004706253,50,1.849,12.901677,0.18,0.0069230795,1,0,0,3,0,0,0,0,2,2
1773856237318,42221,0.0035180703,55,1.29,12.904404,0.16363636,-0.01636365,1,0,0,3,0,0,0,0,2,2
1773856249367,42273,0.0037685928,52,1.731,12.903472,0.17307693,0.009440571,1,0,0,3,0,0,0,0,2,2
1773856261418,42331,0.0060100076,58,1.749,12.895659,0.15517241,-0.01790452,1,0,0,3,0,0,0,0,2,2
1773856277580,42388,0.005250247,57,1.264,12.895505,0.15789473,0.002722323,1,0,0,3,0,0,0,0,2,2
1773856293636,42441,0.0037091875,53,1.707,12.893623,0.16981132,0.011916593,1,0,0,3,0,0,0,0,2,2
1773856305674,42495,0.0033186632,54,1.479,12.886894,0.16666667,-0.0031446517,1,0,0,3,0,0,0,0,2,2
1773856315684,42546,0.004139322,51,8.306,12.889949,0.1764706,0.009803921,1,0,0,3,0,0,0,0,2,2
1773856327707,42604,0.0056736786,58,3.587,12.885392,0.15517241,-0.021298185,1,0,0,3,0,0,0,0,2,2
1773856345793,42661,0.0044344882,57,6.413,12.8823,0.15789473,0.002722323,1,0,0,3,0,0,0,0,2,2
1773856363850,42720,0.007442811,59,1.458,12.8752365,0.15254237,-0.005352363,1,0,0,3,0,0,0,0,2,2
1773856375883,42778,0.0057391254,58,3.894,12.872559,0.15517241,0.00263004,1,0,0,3,0,0,0,0,2,2
1773856387901,42834,0.0045199795,56,1.245,12.876052,0.16071428,0.005541876,1,0,0,3,0,0,0,0,2,2
1773856399943,42885,0.0045086145,51,1.673,12.868094,0.1764706,0.015756309,1,0,0,3,0,0,0,0,2,2
1773856436166,42940,0.003074181,55,5.091,12.855684,0.16363636,-0.012834236,1,0,0,3,0,0,0,0,2,2
1773856450221,42992,0.0036399667,52,2.917,12.850649,0.17307693,0.009440571,1,0,0,3,0,0,0,0,2,2
1773856464292,43042,0.0046326537,50,6.177,12.847962,0.18,0.0069230795,1,0,0,3,0,0,0,0,2,2
1773856494460,43098,0.0036076477,56,5.218,12.841205,0.16071428,-0.019285724,1,0,0,3,0,0,0,0,2,2
1773856506607,43157,0.0072256406,59,2.3,12.839484,0.15254237,-0.008171916,1,0,0,3,0,0,0,0,2,2
1773856518647,43208,0.0048200567,51,3.65,12.42826,0.1764706,0.023928225,1,0,0,3,0,0,0,0,2,2
1773856536758,43260,0.0032088724,52,3.238,12.423949,0.17307693,-0.003393665,1,0,0,3,0,0,0,0,2,2
1773856572896,43317,0.004804581,57,3.144,12.420226,0.15789473,-0.015182197,1,0,0,3,0,0,0,0,2,2
1773856584969,43372,0.004019129,55,1.356,12.420445,0.16363636,0.005741626,1,0,0,3,0,0,0,0,2,2
1773856595013,43426,0.0032869363,54,3.493,12.41575,0.16666667,0.003030315,1,0,0,3,0,0,0,0,2,2
1773856611088,43477,0.00404053,51,4.53,12.410484,0.1764706,0.009803921,1,0,0,3,0,0,0,0,2,2
1773856627131,43532,0.0036081483,55,1.585,12.408715,0.16363636,-0.012834236,1,0,0,3,0,0,0,0,2,2
1773856639187,43587,0.00343209,55,4.334,12.406002,0.16363636,0,1,0,0,3,0,0,0,0,2,2
1773856651237,43646,0.007616922,59,1.347,12.405691,0.15254237,-0.011093989,1,0,0,3,0,0,0,0,2,2
1773856661289,43696,0.005826005,50,2.708,12.402599,0.18,0.02745764,1,0,0,3,0,0,0,0,2,2
1773856679361,43750,0.0029955194,54,3.313,12.399424,0.16666667,-0.0133333355,1,0,0,3,0,0,0,0,2,2
1773856693418,43803,0.0031018641,53,6.783,12.396693,0.16981132,0.0031446517,1,0,0,3,0,0,0,0,2,2
1773856707486,43854,0.004119789,51,1.369,12.39713,0.1764706,0.0066592693,1,0,0,3,0,0,0,0,2,2
1773856719515,43913,0.007719159,59,1.282,12.399605,0.15254237,-0.023928225,1,0,0,3,0,0,0,0,2,2
1773856733580,43969,0.004681705,56,1.367,12.392666,0.16071428,0.008171916,1,0,0,3,0,0,0,0,2,2
1773856765736,44023,0.0033190972,54,4.111,12.388132,0.16666667,0.005952388,1,0,0,3,0,0,0,0,2,2
1773856777780,44079,0.0042184894,56,2.082,12.392485,0.16071428,-0.005952388,1,0,0,3,0,0,0,0,2,2
1773856789842,44133,0.0035032,54,3.106,11.955613,0.16666667,0.005952388,1,0,0,3,0,0,0,0,2,2
1773856803905,44186,0.0033689255,53,2.677,11.956858,0.16981132,0.0031446517,1,0,0,3,0,0,0,0,2,2
1773856834041,44238,0.003639117,52,1.494,11.957157,0.17307693,0.0032656044,1,0,0,3,0,0,0,0,2,2
1773856846087,44291,0.0030847786,53,3.962,11.955147,0.16981132,-0.0032656044,1,0,0,3,0,0,0,0,2,2
1773856860139,44349,0.005757938,58,5.166,11.950916,0.15517241,-0.014638916,1,0,0,3,0,0,0,0,2,2
1773856884219,44400,0.0048157303,51,1.976,11.95277,0.1764706,0.021298185,1,0,0,3,0,0,0,0,2,2
1773856898295,44451,0.12778044,51,95.755,16.46744,0.1764706,0,1,0,0,3,0,0,0,0,2,2
1773856910340,44503,0.0028998388,52,3.614,16.464893,0.17307693,-0.003393665,1,0,0,3,0,0,0,0,2,2
1773856922416,44562,0.020197647,59,42.34,17.076,0.15254237,-0.02053456,1,0,0,3,0,0,0,0,2,2
1773856936486,44612,0.006160985,50,1.812,17.075127,0.18,0.02745764,1,0,0,3,0,0,0,0,2,2
1773856966616,44664,0.0028826557,52,2.139,17.073624,0.17307693,-0.0069230795,1,0,0,3,0,0,0,0,2,2
1773856978654,44716,0.0031647992,52,1.857,17.075478,0.17307693,0,1,0,0,3,0,0,0,0,2,2
1773856988695,44766,0.0048190067,50,8.409,17.066204,0.18,0.0069230795,1,0,0,3,0,0,0,0,2,2
1773857022840,44818,0.0029852015,52,1.386,17.067762,0.17307693,-0.0069230795,1,0,0,3,0,0,0,0,2,2
1773857032894,44869,0.0038954865,51,1.534,17.066992,0.1764706,0.003393665,1,0,0,3,0,0,0,0,2,2
1773857042910,44921,0.002890112,52,3.19,17.0654,0.17307693,-0.003393665,1,0,0,3,0,0,0,0,2,2
1773857054945,44974,0.002539194,53,3.737,17.067316,0.16981132,-0.0032656044,1,0,0,3,0,0,0,0,2,2
1773857091157,45024,0.0049335673,50,2.637,17.063871,0.18,0.010188684,1,0,0,3,0,0,0,0,2,2
1773857103201,45078,0.0023750537,54,2.551,17.058056,0.16666667,-0.0133333355,1,0,0,3,0,0,0,0,2,2
1773857115259,45128,0.0052021067,50,1.768,17.062958,0.18,0.0133333355,1,0,0,3,0,0,0,0,2,2
1773857129342,45179,0.0033914798,51,3.904,17.053833,0.1764706,-0.0035294145,1,0,0,3,0,0,0,0,2,2
1773857161633,45232,0.0024637303,53,3.495,17.049633,0.16981132,-0.0066592693,1,0,0,3,0,0,0,0,2,2
1773857173673,45284,0.0033174115,52,1.764,17.05617,0.17307693,0.0032656044,1,0,0,3,0,0,0,0,2,2
1773857187732,45341,0.0033505633,57,4.408,17.050909,0.15789473,-0.015182197,1,0,0,3,0,0,0,0,2,2
1773857201810,45392,0.0046701394,51,2.013,17.051706,0.1764706,0.018575862,1,0,0,3,0,0,0,0,2,2
1773857221875,45448,0.0029328086,56,2.933,17.05277,0.16071428,-0.015756309,1,0,0,3,0,0,0,0,2,2
1773857233921,45508,0.006820775,60,4.015,17.044083,0.15,-0.010714278,1,0,0,3,0,0,0,0,2,2
1773857245951,45561,0.004152583,53,1.555,12.534649,0.16981132,0.019811317,1,0,0,3,0,0,0,0,2,2
1773857257997,45611,0.0050288555,50,8.822,12.536514,0.18,0.010188684,1,0,0,3,0,0,0,0,2,2
1773857284261,45661,0.0046667834,50,9.008,12.535684,0.18,0,1,0,0,3,0,0,0,0,2,2
1773857300370,45720,0.0072237165,59,3.606,12.529506,0.15254237,-0.02745764,1,0,0,3,0,0,0,0,2,2
1773857314427,45777,0.009587059,57,27.414,12.816072,0.15789473,0.005352363,1,0,0,3,0,0,0,0,2,2
1773857330599,45830,0.00339675,53,8.561,12.808325,0.16981132,0.011916593,1,0,0,3,0,0,0,0,2,2
1773857346741,45883,0.0030746318,53,3.441,12.801387,0.16981132,0,1,0,0,3,0,0,0,0,2,2
1773857360867,45944,0.009618912,61,8.811,12.79441,0.14754099,-0.022270337,1,0,0,3,0,0,0,0,2,2
1773857372951,45997,0.004186167,53,2.052,12.800165,0.16981132,0.022270337,1,0,0,3,0,0,0,0,2,2
1773857384998,46048,0.003933685,51,3.233,12.801231,0.1764706,0.0066592693,1,0,0,3,0,0,0,0,2,2
1773857401046,46100,0.0030897073,52,4.741,12.801822,0.17307693,-0.003393665,1,0,0,3,0,0,0,0,2,2
1773857417249,46157,0.004562711,57,3.937,12.792212,0.15789473,-0.015182197,1,0,0,3,0,0,0,0,2,2
1773857437361,46216,0.0073711164,59,1.84,12.799758,0.15254237,-0.005352363,1,0,0,3,0,0,0,0,2,2
1773857451425,46276,0.008995864,60,1.626,12.7977,0.15,-0.0025423616,1,0,0,3,0,0,0,0,2,2
1773857465453,46334,0.005943701,58,3.219,12.791221,0.15517241,0.0051724017,1,0,0,3,0,0,0,0,2,2
1773857489523,46384,0.0057369648,50,1.753,12.801171,0.18,0.0248276,1,0,0,3,0,0,0,0,2,2
1773857501570,46436,0.0031143657,52,2.73,12.801858,0.17307693,-0.0069230795,1,0,0,3,0,0,0,0,2,2
1773857515916,46487,0.0037998008,51,3.27,12.8057165,0.1764706,0.003393665,1,0,0,3,0,0,0,0,2,2
1773857529985,46540,0.002969357,53,2.792,12.810939,0.16981132,-0.0066592693,1,0,0,3,0,0,0,0,2,2
1773857558293,46593,0.003272913,53,1.718,12.813591,0.16981132,0,1,0,0,3,0,0,0,0,2,2
1773857576371,46654,0.010205056,61,4.316,12.812161,0.14754099,-0.022270337,1,0,0,3,0,0,0,0,2,2
1773857596526,46709,0.0043167104,55,1.455,12.819531,0.16363636,0.01609537,1,0,0,3,0,0,0,0,2,2
1773857612574,46759,0.0051658447,50,2.227,12.822919,0.18,0.01636365,1,0,0,3,0,0,0,0,2,2
1773857632714,46812,0.003010018,53,1.843,12.82048,0.16981132,-0.010188684,1,0,0,3,0,0,0,0,2,2
1773857648918,46867,0.003608296,55,1.55,12.82801,0.16363636,-0.0061749667,1,0,0,3,0,0,0,0,2,2
1773857661575,46920,0.0034654408,53,1.809,12.836279,0.16981132,0.0061749667,1,0,0,3,0,0,0,0,2,2
1773857677693,46973,0.0031606883,53,2.565,12.832011,0.16981132,0,1,0,0,3,0,0,0,0,2,2
1773857695766,47024,0.20827046,51,121.943,19.301132,0.1764706,0.0066592693,1,0,0,3,0,0,0,0,2,2
1773857707803,47077,0.0029810413,53,1.515,19.300308,0.16981132,-0.0066592693,1,0,0,3,0,0,0,0,2,2
1773857719838,47134,0.0032002542,57,1.852,19.30392,0.15789473,-0.011916593,1,0,0,3,0,0,0,0,2,2
1773857733862,47186,0.0042769755,52,1.801,19.309938,0.17307693,0.015182197,1,0,0,3,0,0,0,0,2,2
1773857751976,47238,0.0036947874,52,1.596,19.323502,0.17307693,0,1,0,0,3,0,0,0,0,2,2
1773857764030,47288,0.0056562535,50,2.505,19.318493,0.18,0.0069230795,1,0,0,3,0,0,0,0,2,2
1773857776081,47347,0.005081614,59,1.441,19.317717,0.15254237,-0.02745764,1,0,0,3,0,0,0,0,2,2
1773857788145,47401,0.0032025455,54,2.284,19.313572,0.16666667,0.014124304,1,0,0,3,0,0,0,0,2,2
1773857806228,47454,0.0031511916,53,2.06,19.32073,0.16981132,0.0031446517,1,0,0,3,0,0,0,0,2,2
1773857822256,47510,0.0023575958,56,3.648,19.314991,0.16071428,-0.00909704,1,0,0,3,0,0,0,0,2,2
1773857834323,47565,0.0028516361,55,1.732,19.320528,0.16363636,0.002922073,1,0,0,3,0,0,0,0,2,2
1773857846378,47615,0.0063613276,50,1.294,19.326555,0.18,0.01636365,1,0,0,3,0,0,0,0,2,2
1773857860439,47676,0.0078513315,61,1.574,19.326176,0.14754099,-0.03245902,1,0,0,3,0,0,0,0,2,2
1773857900612,47732,0.0031676113,56,2.511,19.331009,0.16071428,0.013173297,1,0,0,3,0,0,0,0,2,2
1773857912645,47786,0.002627226,54,3.585,19.334787,0.16666667,0.005952388,1,0,0,3,0,0,0,0,2,2
1773857922685,47836,0.00616976,50,1.462,19.33711,0.18,0.0133333355,1,0,0,3,0,0,0,0,2,2
1773857936795,47891,0.0028798485,55,1.699,15.812483,0.16363636,-0.01636365,1,0,0,3,0,0,0,0,2,2
1773857958879,47949,0.005089758,58,2.127,15.816832,0.15517241,-0.008463949,1,0,0,3,0,0,0,0,2,2
1773857970909,48003,0.0034170514,54,2.253,15.13731,0.16666667,0.011494264,1,0,0,3,0,0,0,0,2,2
1773857980939,48055,0.0035254357,52,1.796,15.137366,0.17307693,0.006410256,1,0,0,3,0,0,0,0,2,2
1773857990968,48105,0.004768477,50,1.739,15.138708,0.18,0.0069230795,1,0,0,3,0,0,0,0,2,2
1773858025178,48159,0.0027218391,54,1.792,15.138933,0.16666667,-0.0133333355,1,0,0,3,0,0,0,0,2,2
1773858035237,48215,0.003641314,56,1.852,15.138956,0.16071428,-0.005952388,1,0,0,3,0,0,0,0,2,2
1773858047392,48271,0.0036810536,56,2.343,15.13577,0.16071428,0,1,0,0,3,0,0,0,0,2,2
1773858061480,48327,0.0036245226,56,2.636,15.132333,0.16071428,0,1,0,0,3,0,0,0,0,2,2
1773858095624,48377,0.0054613464,50,2.054,15.135246,0.18,0.019285724,1,0,0,3,0,0,0,0,2,2
1773858107667,48435,0.0051445896,58,2.517,15.137714,0.15517241,-0.0248276,1,0,0,3,0,0,0,0,2,2
1773858119710,48487,0.004144581,52,1.666,15.140639,0.17307693,0.01790452,1,0,0,3,0,0,0,0,2,2
1773858131741,48540,0.0029397046,53,1.702,15.143207,0.16981132,-0.0032656044,1,0,0,3,0,0,0,0,2,2
1773858155838,48595,0.0029442108,55,2.919,15.139983,0.16363636,-0.0061749667,1,0,0,3,0,0,0,0,2,2
1773858167863,48651,0.0037845785,56,1.494,15.1458235,0.16071428,-0.002922073,1,0,0,3,0,0,0,0,2,2
1773858179902,48706,0.0032549384,55,2.53,15.147829,0.16363636,0.002922073,1,0,0,3,0,0,0,0,2,2
1773858191944,48760,0.0031166698,54,1.99,15.147094,0.16666667,0.003030315,1,0,0,3,0,0,0,0,2,2
1773858220071,48816,0.003768914,56,1.257,15.154116,0.16071428,-0.005952388,1,0,0,3,0,0,0,0,2,2
1773858234113,48874,0.005392052,58,1.764,15.154908,0.15517241,-0.005541876,1,0,0,3,0,0,0,0,2,2
1773858250177,48932,0.0056158747,58,1.31,15.159644,0.15517241,0,1,0,0,3,0,0,0,0,2,2
1773858262239,48990,0.005339315,58,2.396,15.162515,0.15517241,0,1,0,0,3,0,0,0,0,2,2
1773858298492,49049,0.006759524,59,1.382,15.163132,0.15254237,-0.00263004,1,0,0,3,0,0,0,0,2,2
1773858308538,49102,0.003614569,53,3.129,15.15663,0.16981132,0.017268956,1,0,0,3,0,0,0,0,2,2
1773858320724,49154,0.0034307302,52,1.502,15.152831,0.17307693,0.0032656044,1,0,0,3,0,0,0,0,2,2
1773858338815,49204,0.0047640987,50,1.791,15.156562,0.18,0.0069230795,1,0,0,3,0,0,0,0,2,2
1773858366897,49259,0.0030269485,55,1.744,14.886821,0.16363636,-0.01636365,1,0,0,3,0,0,0,0,2,2
1773858376950,49310,0.004381032,51,1.448,14.880969,0.1764706,0.012834236,1,0,0,3,0,0,0,0,2,2
1773858389176,49364,0.0028551158,54,1.588,14.884149,0.16666667,-0.009803921,1,0,0,3,0,0,0,0,2,2
1773858403244,49414,0.005106374,50,1.737,14.875285,0.18,0.0133333355,1,0,0,3,0,0,0,0,2,2
1773858433412,49472,0.0054392735,58,1.575,14.876392,0.15517241,-0.0248276,1,0,0,3,0,0,0,0,2,2
1773858447464,49531,0.0068994844,59,1.183,14.880259,0.15254237,-0.00263004,1,0,0,3,0,0,0,0,2,2
1773858457494,49581,0.006082323,50,1.488,14.883146,0.18,0.02745764,1,0,0,3,0,0,0,0,2,2
1773858491604,49637,0.0030774958,56,4.877,14.883606,0.16071428,-0.019285724,1,0,0,3,0,0,0,0,2,2
1773858503639,49688,0.0045733177,51,1.269,14.885038,0.1764706,0.015756309,1,0,0,3,0,0,0,0,2,2
1773858515670,49744,0.0035173458,56,2.043,14.884113,0.16071428,-0.015756309,1,0,0,3,0,0,0,0,2,2
1773858529735,49796,0.0038243781,52,1.754,14.886343,0.17307693,0.012362644,1,0,0,3,0,0,0,0,2,2
1773858555849,49850,0.0028533114,54,2.047,14.885716,0.16666667,-0.006410256,1,0,0,3,0,0,0,0,2,2
1773858567896,49904,0.002965723,54,2.458,14.886097,0.16666667,0,1,0,0,3,0,0,0,0,2,2
1773858579933,49960,0.0036837084,56,1.88,14.888052,0.16071428,-0.005952388,1,0,0,3,0,0,0,0,2,2
1773858591981,50010,0.0054413327,50,2.07,14.889166,0.18,0.019285724,1,0,0,3,0,0,0,0,2,2
1773858628162,50063,0.019356122,53,39.985,15.543829,0.16981132,-0.010188684,1,0,0,3,0,0,0,0,2,2
1773858640199,50119,0.0035618364,56,1.592,15.547974,0.16071428,-0.00909704,1,0,0,3,0,0,0,0,2,2
1773858652256,50174,0.003235981,55,2.345,15.545691,0.16363636,0.002922073,1,0,0,3,0,0,0,0,2,2
1773858666306,50224,0.005323918,50,1.883,15.54652,0.18,0.01636365,1,0,0,3,0,0,0,0,2,2
1773858700526,50275,0.003648846,51,1.329,15.548001,0.1764706,-0.0035294145,1,0,0,3,0,0,0,0,2,2
1773858712633,50333,0.0052002706,58,1.671,15.547656,0.15517241,-0.021298185,1,0,0,3,0,0,0,0,2,2
1773858724726,50389,0.0038417284,56,2.056,15.547031,0.16071428,0.005541876,1,0,0,3,0,0,0,0,2,2
1773858758857,50439,0.005369486,50,3.568,15.545626,0.18,0.019285724,1,0,0,3,0,0,0,0,2,2
1773858772905,50496,0.008488303,57,1.34,4.758381,0.15789473,-0.022105277,1,0,0,3,0,0,0,0,2,2
1773858782956,50547,0.005686499,51,1.68,4.757845,0.1764706,0.018575862,1,0,0,3,0,0,0,0,2,2
1773858797168,50601,0.0055610123,54,1.433,4.7591405,0.16666667,-0.009803921,1,0,0,3,0,0,0,0,2,2
1773858829389,50653,0.0052005234,52,1.244,4.7610683,0.17307693,0.006410256,1,0,0,3,0,0,0,0,2,2
1773858841439,50711,0.00979973,58,1.375,4.7618546,0.15517241,-0.01790452,1,0,0,3,0,0,0,0,2,2
1773858853464,50772,0.015174852,61,1.597,4.7633758,0.14754099,-0.007631421,1,0,0,3,0,0,0,0,2,2
1773858867494,50828,0.007198461,56,2.034,4.761777,0.16071428,0.013173297,1,0,0,3,0,0,0,0,2,2
1773858899613,50885,0.0082168905,57,1.555,4.7633047,0.15789473,-0.002819553,1,0,0,3,0,0,0,0,2,2
1773858911656,50944,0.011268351,59,1.255,4.7656507,0.15254237,-0.005352363,1,0,0,3,0,0,0,0,2,2
1773858921693,50995,0.005927178,51,1.527,4.765204,0.1764706,0.023928225,1,0,0,3,0,0,0,0,2,2
1773858957839,51056,0.015757106,61,1.742,4.765179,0.14754099,-0.028929606,1,0,0,3,0,0,0,0,2,2
1773858969883,51107,0.0061919154,51,1.311,4.765111,0.1764706,0.028929606,1,0,0,3,0,0,0,0,2,2
1773858981918,51160,0.005064258,53,2.663,4.7636933,0.16981132,-0.0066592693,1,0,0,3,0,0,0,0,2,2
1773858992004,51214,0.005573599,54,1.457,4.765532,0.16666667,-0.0031446517,1,0,0,3,0,0,0,0,2,2
1773859016115,51268,0.005580601,54,1.638,4.764772,0.16666667,0,1,0,0,3,0,0,0,0,2,2
1773859030208,51326,0.00952491,58,2.339,4.763093,0.15517241,-0.011494264,1,0,0,3,0,0,0,0,2,2
1773859048287,51384,0.009241403,58,12.309,4.914869,0.15517241,0,1,0,0,3,0,0,0,0,2,2
1773859060327,51439,0.0062628645,55,1.615,4.9161415,0.16363636,0.008463949,1,0,0,3,0,0,0,0,2,2
1773859096679,51495,0.006930744,56,2.214,4.916192,0.16071428,-0.002922073,1,0,0,3,0,0,0,0,2,2
1773859108700,51551,0.0070710094,56,1.299,4.9179244,0.16071428,0,1,0,0,3,0,0,0,0,2,2
1773859120754,51606,0.0059059574,55,5.166,4.9264684,0.16363636,0.002922073,1,0,0,3,0,0,0,0,2,2
1773859148892,51662,0.0066510155,56,6.695,4.9499145,0.16071428,-0.002922073,1,0,0,3,0,0,0,0,2,2
1773859162952,51718,0.0070246374,56,1.502,4.951119,0.16071428,0,1,0,0,3,0,0,0,0,2,2
1773859175016,51773,0.0061618183,55,1.653,4.952778,0.16363636,0.002922073,1,0,0,3,0,0,0,0,2,2
1773859187053,51829,0.0069756242,56,1.752,4.9543204,0.16071428,-0.002922073,1,0,0,3,0,0,0,0,2,2
1773859223202,51887,0.009107339,58,4.222,4.9569225,0.15517241,-0.005541876,1,0,0,3,0,0,0,0,2,2
1773859235244,51945,0.009359035,58,2.208,4.957321,0.15517241,0,1,0,0,3,0,0,0,0,2,2
1773859247274,51998,0.0054380484,53,1.712,4.9571643,0.16981132,0.014638916,1,0,0,3,0,0,0,0,2,2
1773859259313,52050,0.005068263,52,1.314,4.958704,0.17307693,0.0032656044,1,0,0,3,0,0,0,0,2,2
1773859297496,52108,0.009682618,58,1.402,4.9615316,0.15517241,-0.01790452,1,0,0,3,0,0,0,0,2,2
1773859309535,52160,0.005479758,52,1.402,4.9619064,0.17307693,0.01790452,1,0,0,3,0,0,0,0,2,2
1773859319591,52210,0.0056292657,50,1.38,4.964712,0.18,0.0069230795,1,0,0,3,0,0,0,0,2,2
1773859333647,52262,0.004878417,52,2.044,4.964592,0.17307693,-0.0069230795,1,0,0,3,0,0,0,0,2,2
1773859359774,52317,0.0061416267,55,1.369,4.9640956,0.16363636,-0.009440571,1,0,0,3,0,0,0,0,2,2
1773859371913,52373,0.007041854,56,1.274,4.965947,0.16071428,-0.002922073,1,0,0,3,0,0,0,0,2,2
1773859384011,52423,0.00608388,50,1.482,4.965232,0.18,0.019285724,1,0,0,3,0,0,0,0,2,2
1773859402074,52473,0.12486867,50,92.731,12.217072,0.18,0,1,0,0,3,0,0,0,0,2,2
1773859428297,52523,0.0044235555,50,1.989,12.215171,0.18,0,1,0,0,3,0,0,0,0,2,2
1773859442385,52577,0.0031822321,54,2.066,12.217255,0.16666667,-0.0133333355,1,0,0,3,0,0,0,0,2,2
1773859454450,52628,0.004242285,51,1.605,12.216917,0.1764706,0.009803921,1,0,0,3,0,0,0,0,2,2
1773859490776,52685,0.004810566,57,3.615,12.213568,0.15789473,-0.018575862,1,0,0,3,0,0,0,0,2,2
1773859502841,52736,0.004608902,51,2.394,12.211829,0.1764706,0.018575862,1,0,0,3,0,0,0,0,2,2
1773859514892,52792,0.004251512,56,1.739,12.210872,0.16071428,-0.015756309,1,0,0,3,0,0,0,0,2,2
1773859526942,52847,0.003506955,55,4.757,12.206734,0.16363636,0.002922073,1,0,0,3,0,0,0,0,2,2
1773859543185,52902,0.0035709888,55,3.504,12.203091,0.16363636,0,1,0,0,3,0,0,0,0,2,2
1773859557261,52957,0.003519919,55,3.953,12.198525,0.16363636,0,1,0,0,3,0,0,0,0,2,2
1773859569303,53007,0.005182581,50,2.015,12.195658,0.18,0.01636365,1,0,0,3,0,0,0,0,2,2
1773859581355,53058,0.0036959762,51,2.05,12.193834,0.1764706,-0.0035294145,1,0,0,3,0,0,0,0,2,2
1773859593377,53113,0.0036918563,55,1.396,12.19892,0.16363636,-0.012834236,1,0,0,3,0,0,0,0,2,2
1773859621654,53171,0.0058000186,58,4.168,12.19315,0.15517241,-0.008463949,1,0,0,3,0,0,0,0,2,2
1773859633680,53226,0.003928554,55,2.627,12.191678,0.16363636,0.008463949,1,0,0,3,0,0,0,0,2,2
1773859645707,53279,0.0036084421,53,1.38,12.192991,0.16981132,0.0061749667,1,0,0,3,0,0,0,0,2,2
1773859657775,53329,0.0050045257,50,8.46,12.200428,0.18,0.010188684,1,0,0,3,0,0,0,0,2,2
1773859692013,53383,0.0029972012,54,3.777,12.198246,0.16666667,-0.0133333355,1,0,0,3,0,0,0,0,2,2
1773859704064,53433,0.0049685147,50,2.744,12.195908,0.18,0.0133333355,1,0,0,3,0,0,0,0,2,2
1773859716098,53489,0.004332811,56,1.322,12.1985235,0.16071428,-0.019285724,1,0,0,3,0,0,0,0,2,2
1773859728178,53546,0.005559628,57,1.427,11.3498125,0.15789473,-0.002819553,1,0,0,3,0,0,0,0,2,2
1773859746277,53601,0.004253239,55,1.312,11.350724,0.16363636,0.005741626,1,0,0,3,0,0,0,0,2,2
1773859760332,53655,0.003677543,54,2.01,11.351479,0.16666667,0.003030315,1,0,0,3,0,0,0,0,2,2
1773859772392,53707,0.0037799103,52,1.842,11.351586,0.17307693,0.006410256,1,0,0,3,0,0,0,0,2,2
1773859784455,53761,0.003434361,54,2.274,11.348967,0.16666667,-0.006410256,1,0,0,3,0,0,0,0,2,2
1773859798614,53812,0.004280559,51,1.779,11.348654,0.1764706,0.009803921,1,0,0,3,0,0,0,0,2,2
1773859816696,53863,0.0038796745,51,2.097,11.348557,0.1764706,0,1,0,0,3,0,0,0,0,2,2
1773859828746,53917,0.0034909016,54,1.513,11.352144,0.16666667,-0.009803921,1,0,0,3,0,0,0,0,2,2
1773859842802,53970,0.0036248888,53,1.402,11.351939,0.16981132,0.0031446517,1,0,0,3,0,0,0,0,2,2
1773859852836,54020,0.00481309,50,3.58,11.348856,0.18,0.010188684,1,0,0,3,0,0,0,0,2,2
1773859864875,54074,0.0033890277,54,1.975,11.34727,0.16666667,-0.0133333355,1,0,0,3,0,0,0,0,2,2
1773859886983,54126,0.0038316548,52,1.415,11.34668,0.17307693,0.006410256,1,0,0,3,0,0,0,0,2,2
1773859901441,54181,0.0038806289,55,1.74,11.345534,0.16363636,-0.009440571,1,0,0,3,0,0,0,0,2,2
1773859917479,54231,0.0052049826,50,1.93,11.344582,0.18,0.01636365,1,0,0,3,0,0,0,0,2,2
1773859957657,54288,0.0053945356,57,2.086,11.344454,0.15789473,-0.022105277,1,0,0,3,0,0,0,0,2,2
1773859973809,54342,0.0039639166,54,1.343,11.345152,0.16666667,0.008771941,1,0,0,3,0,0,0,0,2,2
1773859988071,54394,0.003790035,52,1.762,11.343519,0.17307693,0.006410256,1,0,0,3,0,0,0,0,2,2
1773860026231,54452,0.0066526434,58,1.433,11.343826,0.15517241,-0.01790452,1,0,0,3,0,0,0,0,2,2
1773860040363,54504,0.004263055,52,2.032,11.3430395,0.17307693,0.01790452,1,0,0,3,0,0,0,0,2,2
1773860056421,54555,0.0040000854,51,2.049,11.340827,0.1764706,0.003393665,1,0,0,3,0,0,0,0,2,2
1773860094789,54607,0.0034722039,52,1.859,11.342595,0.17307693,-0.003393665,1,0,0,3,0,0,0,0,2,2
1773860106838,54663,0.0045253946,56,1.711,11.3418,0.16071428,-0.012362644,1,0,0,3,0,0,0,0,2,2
1773860119006,54713,0.00535791,50,2.072,11.340601,0.18,0.019285724,1,0,0,3,0,0,0,0,2,2
1773860135070,54763,0.00450383,50,1.512,11.342802,0.18,0,1,0,0,3,0,0,0,0,2,2
1773860167213,54815,0.003427631,52,1.567,11.295784,0.17307693,-0.0069230795,1,0,0,3,0,0,0,0,2,2
1773860179318,54865,0.0047360407,50,2.093,11.294573,0.18,0.0069230795,1,0,0,3,0,0,0,0,2,2
1773860191354,54916,0.003834098,51,1.467,11.296475,0.1764706,-0.0035294145,1,0,0,3,0,0,0,0,2,2
1773860225583,54968,0.003530883,52,1.393,11.296174,0.17307693,-0.003393665,1,0,0,3,0,0,0,0,2,2
1773860239652,55026,0.006070929,58,4.948,11.295756,0.15517241,-0.01790452,1,0,0,3,0,0,0,0,2,2
1773860253714,55084,0.0067773038,58,1.267,11.293157,0.15517241,0,1,0,0,3,0,0,0,0,2,2
1773860280090,55134,0.7473567,50,227.815,30.008724,0.18,0.0248276,1,0,0,3,0,0,0,0,2,2
1773860306244,55187,0.03155554,53,1.707,30.008572,0.16981132,-0.010188684,1,0,0,3,0,0,0,0,2,2
1773860318293,55237,0.03726914,50,2.102,30.007622,0.18,0.010188684,1,0,0,3,0,0,0,0,2,2
1773860338377,55288,0.033384092,51,26.182,30.09777,0.1764706,-0.0035294145,1,0,0,3,0,0,0,0,2,2
1773860358467,55339,0.035576575,51,2.027,30.098276,0.1764706,0,1,0,0,3,0,0,0,0,2,2
1773860374521,55392,0.0314107,53,2.916,30.095045,0.16981132,-0.0066592693,1,0,0,3,0,0,0,0,2,2
1773860400618,55443,0.03624643,51,32.054,30.23755,0.1764706,0.0066592693,1,0,0,3,0,0,0,0,2,2
1773860424752,55493,0.038816296,50,1.847,30.236088,0.18,0.0035294145,1,0,0,3,0,0,0,0,2,2
1773860438822,55549,0.029544607,56,1.429,30.235996,0.16071428,-0.019285724,1,0,0,3,0,0,0,0,2,2
1773860452880,55603,0.030705275,54,2.573,30.232288,0.16666667,0.005952388,1,0,0,3,0,0,0,0,2,2
1773860467077,55658,0.030143483,55,1.388,30.234417,0.16363636,-0.003030315,1,0,0,3,0,0,0,0,2,2
1773860485158,55712,0.031217847,54,1.662,30.233437,0.16666667,0.003030315,1,0,0,3,0,0,0,0,2,2
1773860499205,55765,0.032541137,53,2.079,30.230804,0.16981132,0.0031446517,1,0,0,3,0,0,0,0,2,2
1773860513275,55821,0.028304199,56,2.955,30.226389,0.16071428,-0.00909704,1,0,0,3,0,0,0,0,2,2
1773860525318,55874,0.022985112,53,1.519,28.28724,0.16981132,0.00909704,1,0,0,3,0,0,0,0,2,2
1773860561665,55929,0.02044736,55,1.724,28.287937,0.16363636,-0.0061749667,1,0,0,3,0,0,0,0,2,2
1773860575707,55983,0.021577762,54,1.578,28.28922,0.16666667,0.003030315,1,0,0,3,0,0,0,0,2,2
1773860589761,56039,0.019690191,56,1.619,28.289185,0.16071428,-0.005952388,1,0,0,3,0,0,0,0,2,2
1773860625993,56089,0.028852208,50,1.342,28.294327,0.18,0.019285724,1,0,0,3,0,0,0,0,2,2
1773860638039,56139,0.028080026,50,2.108,28.295008,0.18,0,1,0,0,3,0,0,0,0,2,2
1773860656125,56191,0.024211578,52,2.072,28.294151,0.17307693,-0.0069230795,1,0,0,3,0,0,0,0,2,2
1773860686394,56245,0.018765269,54,8.842,28.294624,0.16666667,-0.006410256,1,0,0,3,0,0,0,0,2,2
1773860700457,56298,0.023007367,53,1.44,28.299335,0.16981132,0.0031446517,1,0,0,3,0,0,0,0,2,2
1773860714514,56355,0.018402636,57,3.247,28.300499,0.15789473,-0.011916593,1,0,0,3,0,0,0,0,2,2
1773860728592,56405,0.028801758,50,1.728,28.301243,0.18,0.022105277,1,0,0,3,0,0,0,0,2,2
1773860746673,56459,0.02134721,54,2.29,28.300661,0.16666667,-0.0133333355,1,0,0,3,0,0,0,0,2,2
1773860762712,56512,0.02305932,53,1.348,28.3008,0.16981132,0.0031446517,1,0,0,3,0,0,0,0,2,2
1773860776761,56565,0.023069996,53,1.338,28.306738,0.16981132,0,1,0,0,3,0,0,0,0,2,2
1773860790804,56615,0.027651919,50,3.658,28.304806,0.18,0.010188684,1,0,0,3,0,0,0,0,2,2
1773860810945,56667,0.024490507,52,1.565,28.304287,0.17307693,-0.0069230795,1,0,0,3,0,0,0,0,2,2
1773860827034,56722,0.020125225,55,2.573,28.307499,0.16363636,-0.009440571,1,0,0,3,0,0,0,0,2,2
1773860849165,56776,0.020734694,54,3.471,28.307978,0.16666667,0.003030315,1,0,0,3,0,0,0,0,2,2
1773860879439,56826,0.028398449,50,2.087,28.309444,0.18,0.0133333355,1,0,0,3,0,0,0,0,2,2
1773860903696,56876,0.028449323,50,1.412,28.30919,0.18,0,1,0,0,3,0,0,0,0,2,2
1773860921756,56935,0.019015823,59,2.298,28.306982,0.15254237,-0.02745764,1,0,0,3,0,0,0,0,2,2
1773860950040,56987,0.02417388,52,3.052,28.30286,0.17307693,0.02053456,1,0,0,3,0,0,0,0,2,2
1773860974167,57039,0.024474801,52,1.625,28.303856,0.17307693,0,1,0,0,3,0,0,0,0,2,2
1773860988222,57091,0.024387384,52,1.809,28.303938,0.17307693,0,1,0,0,3,0,0,0,0,2,2
1773861006267,57146,0.020223644,55,2.346,28.303776,0.16363636,-0.009440571,1,0,0,3,0,0,0,0,2,2
1773861026380,57198,0.02330817,52,4.492,28.298729,0.17307693,0.009440571,1,0,0,3,0,0,0,0,2,2
1773861048540,57252,0.020999081,54,2.839,28.297064,0.16666667,-0.006410256,1,0,0,3,0,0,0,0,2,2
1773861066663,57304,0.024616413,52,1.41,28.297354,0.17307693,0.006410256,1,0,0,3,0,0,0,0,2,2
1773861088743,57362,0.018989189,58,1.77,28.296345,0.15517241,-0.01790452,1,0,0,3,0,0,0,0,2,2
1773861102806,57414,0.024917725,52,1.305,28.301474,0.17307693,0.01790452,1,0,0,3,0,0,0,0,2,2
1773861116845,57468,0.021657303,54,1.535,28.302622,0.16666667,-0.006410256,1,0,0,3,0,0,0,0,2,2
1773861130884,57521,0.02292089,53,1.634,28.302023,0.16981132,0.0031446517,1,0,0,3,0,0,0,0,2,2
1773861152966,57571,0.02863054,50,1.343,28.303108,0.18,0.010188684,1,0,0,3,0,0,0,0,2,2
1773861169037,57621,0.028560387,50,1.135,28.305283,0.18,0,1,0,0,3,0,0,0,0,2,2
1773861183090,57672,0.026369931,51,1.409,28.307053,0.1764706,-0.0035294145,1,0,0,3,0,0,0,0,2,2
1773861201148,57726,0.021590536,54,1.747,28.30595,0.16666667,-0.009803921,1,0,0,3,0,0,0,0,2,2
1773861221233,57781,0.020510275,55,1.691,28.306139,0.16363636,-0.003030315,1,0,0,3,0,0,0,0,2,2
1773861239317,57831,0.028404737,50,2.216,28.304125,0.18,0.01636365,1,0,0,3,0,0,0,0,2,2
1773861255390,57881,0.02845638,50,1.366,28.305883,0.18,0,1,0,0,3,0,0,0,0,2,2
1773861271453,57931,0.027843606,50,2.759,28.304283,0.18,0,1,0,0,3,0,0,0,0,2,2
1773861295604,57983,0.024050245,52,2.502,28.302752,0.17307693,-0.0069230795,1,0,0,3,0,0,0,0,2,2
1773861315692,58038,0.020671837,55,1.467,28.303413,0.16363636,-0.009440571,1,0,0,3,0,0,0,0,2,2
1773861327734,58089,0.026587583,51,1.42,28.30512,0.1764706,0.012834236,1,0,0,3,0,0,0,0,2,2
1773861347810,58142,0.022779359,53,1.909,28.30408,0.16981132,-0.0066592693,1,0,0,3,0,0,0,0,2,2
1773861363877,58195,0.022976456,53,1.505,28.304245,0.16981132,0,1,0,0,3,0,0,0,0,2,2
1773861379920,58249,0.020997897,54,2.851,28.302557,0.16666667,-0.0031446517,1,0,0,3,0,0,0,0,2,2
1773861398006,58302,0.023060787,53,1.361,28.302858,0.16981132,0.0031446517,1,0,0,3,0,0,0,0,2,2
1773861426114,58355,0.02300208,53,1.442,28.30272,0.16981132,0,1,0,0,3,0,0,0,0,2,2
1773861442183,58406,0.026476724,51,1.428,28.309113,0.1764706,0.0066592693,1,0,0,3,0,0,0,0,2,2
1773861456257,58458,0.024623021,52,1.331,28.308926,0.17307693,-0.003393665,1,0,0,3,0,0,0,0,2,2
1773861474332,58509,0.2074161,51,120.797,15.402295,0.1764706,0.003393665,1,0,0,3,0,0,0,0,2,2
1773861500447,58566,0.004305671,57,1.355,15.403452,0.15789473,-0.018575862,1,0,0,3,0,0,0,0,2,2
1773861516503,58620,0.027899537,54,48.51,16.325499,0.16666667,0.008771941,1,0,0,3,0,0,0,0,2,2
1773861532579,58672,0.003571724,52,1.468,16.122656,0.17307693,0.006410256,1,0,0,3,0,0,0,0,2,2
1773861574744,58727,0.0029660135,55,1.612,16.123978,0.16363636,-0.009440571,1,0,0,3,0,0,0,0,2,2
1773861601292,58777,0.005349777,50,2.132,16.125933,0.18,0.01636365,1,0,0,3,0,0,0,0,2,2
1773861649466,58831,0.0025737814,54,2.223,15.7669735,0.16666667,-0.0133333355,1,0,0,3,0,0,0,0,2,2
1773861669565,58884,0.002960027,53,2.862,15.764681,0.16981132,0.0031446517,1,0,0,3,0,0,0,0,2,2
1773861707712,58936,0.0034186027,52,1.527,15.764373,0.17307693,0.0032656044,1,0,0,3,0,0,0,0,2,2
1773861721769,58989,0.0029559226,53,1.363,15.7675705,0.16981132,-0.0032656044,1,0,0,3,0,0,0,0,2,2
1773861741857,59040,0.0040463204,51,1.733,15.766522,0.1764706,0.0066592693,1,0,0,3,0,0,0,0,2,2
1773861780045,59098,0.005186436,58,1.48,15.767073,0.15517241,-0.021298185,1,0,0,3,0,0,0,0,2,2
1773861796118,59151,0.0037415253,53,1.325,15.769253,0.16981132,0.014638916,1,0,0,3,0,0,0,0,2,2
1773861834270,59205,0.0029597103,54,1.408,15.772963,0.16666667,-0.0031446517,1,0,0,3,0,0,0,0,2,2
1773861850326,59259,0.003002787,54,1.717,15.77238,0.16666667,0,1,0,0,3,0,0,0,0,2,2
1773861868417,59311,0.014105362,52,33.314,16.164305,0.17307693,0.006410256,1,0,0,3,0,0,0,0,2,2
1773861904569,59363,0.0032647466,52,1.635,16.164112,0.17307693,0,1,0,0,3,0,0,0,0,2,2
1773861922666,59418,0.002711463,55,2.992,16.160404,0.16363636,-0.009440571,1,0,0,3,0,0,0,0,2,2
1773861962833,59470,0.0036951953,52,1.639,16.159365,0.17307693,0.009440571,1,0,0,3,0,0,0,0,2,2
1773861978885,59524,0.0028205207,54,1.465,16.161432,0.16666667,-0.006410256,1,0,0,3,0,0,0,0,2,2
1773861996985,59577,0.0031704805,53,1.401,16.16361,0.16981132,0.0031446517,1,0,0,3,0,0,0,0,2,2
1773862027093,59627,0.004974338,50,2.158,16.160645,0.18,0.010188684,1,0,0,3,0,0,0,0,2,2
1773862049188,59685,0.0049061193,58,2.241,16.158203,0.15517241,-0.0248276,1,0,0,3,0,0,0,0,2,2
1773862069269,59739,0.00349909,54,1.463,16.162745,0.16666667,0.011494264,1,0,0,3,0,0,0,0,2,2
1773862099385,59792,0.0029922083,53,2.502,16.160597,0.16981132,0.0031446517,1,0,0,3,0,0,0,0,2,2
1773862115436,59845,0.0030174523,53,1.568,16.162727,0.16981132,0,1,0,0,3,0,0,0,0,2,2
1773862131482,59896,0.0040599406,51,1.752,16.161388,0.1764706,0.0066592693,1,0,0,3,0,0,0,0,2,2
1773862169639,59946,0.0046792417,50,1.583,16.160555,0.18,0.0035294145,1,0,0,3,0,0,0,0,2,2
1773862185683,59999,0.002696294,53,1.574,16.165293,0.16981132,-0.010188684,1,0,0,3,0,0,0,0,2,2
1773862203752,60049,0.005060811,50,1.393,16.165873,0.18,0.010188684,1,0,0,3,0,0,0,0,2,2
1773862245937,60101,0.003079546,52,1.209,16.169888,0.17307693,-0.0069230795,1,0,0,3,0,0,0,0,2,2
1773862261990,60151,0.0048455102,50,1.677,16.173943,0.18,0.0069230795,1,0,0,3,0,0,0,0,2,2
1773862306184,60204,0.0026872626,53,1.626,16.175293,0.16981132,-0.010188684,1,0,0,3,0,0,0,0,2,2
1773862326290,60255,0.004085407,51,1.566,16.17479,0.1764706,0.0066592693,1,0,0,3,0,0,0,0,2,2
1773862368489,60309,0.0027471418,54,1.391,16.177454,0.16666667,-0.009803921,1,0,0,3,0,0,0,0,2,2
1773862394648,60365,0.0035424277,56,1.479,16.181408,0.16071428,-0.005952388,1,0,0,3,0,0,0,0,2,2
1773862428789,60416,0.0045929444,51,1.593,16.18151,0.1764706,0.015756309,1,0,0,3,0,0,0,0,2,2
1773862450861,60468,0.0031290941,52,1.678,16.181904,0.17307693,-0.003393665,1,0,0,3,0,0,0,0,2,2
1773862466935,60519,0.0037522272,51,3.154,16.180256,0.1764706,0.003393665,1,0,0,3,0,0,0,0,2,2
1773862505108,60573,0.0026365588,54,2.003,16.184101,0.16666667,-0.009803921,1,0,0,3,0,0,0,0,2,2
1773862523178,60624,0.0042724404,51,1.419,16.187784,0.1764706,0.009803921,1,0,0,3,0,0,0,0,2,2
1773862561348,60676,0.003132105,52,1.657,16.187002,0.17307693,-0.003393665,1,0,0,3,0,0,0,0,2,2
1773862579451,60728,0.0033563522,52,1.056,16.189339,0.17307693,0,1,0,0,3,0,0,0,0,2,2
1773862599508,60780,0.0032645522,52,1.636,16.188274,0.17307693,0,1,0,0,3,0,0,0,0,2,2
1773862635678,60831,0.0039012474,51,1.758,16.187597,0.1764706,0.003393665,1,0,0,3,0,0,0,0,2,2
1773862653751,60886,0.0028479118,55,1.843,16.18698,0.16363636,-0.012834236,1,0,0,3,0,0,0,0,2,2
1773862671815,60937,0.0044290996,51,1.518,16.186401,0.1764706,0.012834236,1,0,0,3,0,0,0,0,2,2
1773862707960,60991,0.0027541548,54,1.35,16.185667,0.16666667,-0.009803921,1,0,0,3,0,0,0,0,2,2
1773862738092,61045,0.0029829387,54,1.648,16.184906,0.16666667,0,1,0,0,3,0,0,0,0,2,2
1773862776267,61099,0.0030052138,54,1.531,16.18557,0.16666667,0,1,0,0,3,0,0,0,0,2,2
1773862794324,61151,0.0035552755,52,1.577,16.18592,0.17307693,0.006410256,1,0,0,3,0,0,0,0,2,2
1773862830486,61201,0.004697146,50,3.402,16.183613,0.18,0.0069230795,1,0,0,3,0,0,0,0,2,2
1773862848559,61253,0.003070926,52,1.263,16.183964,0.17307693,-0.0069230795,1,0,0,3,0,0,0,0,2,2
1773862866608,61308,0.0030206419,55,1.308,16.187864,0.16363636,-0.009440571,1,0,0,3,0,0,0,0,2,2
1773862906769,61364,0.003557986,56,1.731,16.189867,0.16071428,-0.002922073,1,0,0,3,0,0,0,0,2,2
1773862924834,61418,0.0026847401,54,5.616,16.184708,0.16666667,0.005952388,1,0,0,3,0,0,0,0,2,2
1773862954975,61472,0.0030238996,54,1.435,16.184658,0.16666667,0,1,0,0,3,0,0,0,0,2,2
1773862975046,61525,0.0031210694,53,1.68,16.185333,0.16981132,0.0031446517,1,0,0,3,0,0,0,0,2,2
1773862993120,61579,0.0029275343,54,1.395,16.185696,0.16666667,-0.0031446517,1,0,0,3,0,0,0,0,2,2
1773863013209,61631,0.0035803968,52,1.419,16.189444,0.17307693,0.006410256,1,0,0,3,0,0,0,0,2,2
1773863037304,61684,0.002907976,53,1.523,16.188915,0.16981132,-0.0032656044,1,0,0,3,0,0,0,0,2,2
1773863055369,61735,0.0041238163,51,1.298,16.189394,0.1764706,0.0066592693,1,0,0,3,0,0,0,0,2,2
1773863091510,61790,0.0028971788,55,1.591,16.188873,0.16363636,-0.012834236,1,0,0,3,0,0,0,0,2,2
1773863109593,61840,0.005369776,50,2.003,16.186815,0.18,0.01636365,1,0,0,3,0,0,0,0,2,2
1773863127671,61891,0.004514244,51,1.908,6.973467,0.1764706,-0.0035294145,1,0,0,3,0,0,0,0,2,2
1773863151761,61944,0.0044494634,53,1.192,6.974092,0.16981132,-0.0066592693,1,0,0,3,0,0,0,0,2,2
1773863173859,61997,0.005432224,53,2.221,3.9678416,0.16981132,0,1,0,0,3,0,0,0,0,2,2
1773863191922,62050,0.005471291,53,1.68,3.9672647,0.16981132,0,1,0,0,3,0,0,0,0,2,2
1773863214007,62102,0.0053491793,52,1.681,3.9670956,0.17307693,0.0032656044,1,0,0,3,0,0,0,0,2,2
1773863234076,62153,0.0054425444,51,1.463,3.9683223,0.1764706,0.003393665,1,0,0,3,0,0,0,0,2,2
1773863252131,62203,0.0057683294,50,1.509,3.9694078,0.18,0.0035294145,1,0,0,3,0,0,0,0,2,2
1773863276229,62255,0.005257754,52,1.227,3.970626,0.17307693,-0.0069230795,1,0,0,3,0,0,0,0,2,2
1773863298308,62309,0.0057393922,54,3.397,3.9722912,0.16666667,-0.006410256,1,0,0,3,0,0,0,0,2,2
1773863326425,62359,0.006057746,50,1.463,3.9719615,0.18,0.0133333355,1,0,0,3,0,0,0,0,2,2
1773863352593,62412,0.005461069,53,1.137,3.973865,0.16981132,-0.010188684,1,0,0,3,0,0,0,0,2,2
1773863376684,62464,0.0053595896,52,1.489,3.973838,0.17307693,0.0032656044,1,0,0,3,0,0,0,0,2,2
1773863402831,62514,0.005849453,50,1.69,3.972779,0.18,0.0069230795,1,0,0,3,0,0,0,0,2,2
1773863428928,62572,0.010322039,58,2.128,3.9714026,0.15517241,-0.0248276,1,0,0,3,0,0,0,0,2,2
1773863451016,62623,0.0059924056,51,1.619,3.97163,0.1764706,0.021298185,1,0,0,3,0,0,0,0,2,2
1773863473101,62678,0.008243927,55,1.775,0.6817611,0.16363636,-0.012834236,1,0,0,3,0,0,0,0,2,2
1773863497202,62730,0.006651731,52,1.61,0.6818428,0.17307693,0.009440571,1,0,0,3,0,0,0,0,2,2
1773863517274,62782,0.0065539395,52,1.331,0.66607016,0.17307693,0,1,0,0,3,0,0,0,0,2,2
1773863539356,62833,0.006529734,51,1.991,0.66667527,0.1764706,0.003393665,1,0,0,3,0,0,0,0,2,2
1773863565450,62889,0.009131959,56,5.076,0.78324914,0.16071428,-0.015756309,1,0,0,3,0,0,0,0,2,2
1773863585542,62943,0.007349025,54,1.564,0.7822091,0.16666667,0.005952388,1,0,0,3,0,0,0,0,2,2
1773863617669,62993,0.11699671,50,89.591,10.91605,0.18,0.0133333355,1,0,0,3,0,0,0,0,2,2
1773863643808,63043,0.004546165,50,1.336,10.9178295,0.18,0,1,0,0,3,0,0,0,0,2,2
1773863669973,63093,0.004475681,50,2.46,10.916115,0.18,0,1,0,0,3,0,0,0,0,2,2
1773863704174,63146,0.0032680102,53,2.599,10.916028,0.16981132,-0.010188684,1,0,0,3,0,0,0,0,2,2
1773863732304,63198,0.0036899478,52,2.204,10.914853,0.17307693,0.0032656044,1,0,0,3,0,0,0,0,2,2
1773863758410,63250,0.0036503158,52,1.628,10.915117,0.17307693,0,1,0,0,3,0,0,0,0,2,2
1773863782511,63300,0.004804515,50,1.447,10.9154415,0.18,0.0069230795,1,0,0,3,0,0,0,0,2,2
1773863810649,63351,0.0038751154,51,1.477,10.915671,0.1764706,-0.0035294145,1,0,0,3,0,0,0,0,2,2
1773863836785,63403,0.0035556986,52,1.663,10.915033,0.17307693,-0.003393665,1,0,0,3,0,0,0,0,2,2
1773863862913,63453,0.004804006,50,1.454,10.914384,0.18,0.0069230795,1,0,0,3,0,0,0,0,2,2
1773863905118,63504,0.0038855372,51,1.368,10.915118,0.1764706,-0.0035294145,1,0,0,3,0,0,0,0,2,2
1773863927198,63555,0.0039769486,51,1.503,10.915402,0.1764706,0,1,0,0,3,0,0,0,0,2,2
1773863955295,63605,0.004658505,50,1.551,10.915437,0.18,0.0035294145,1,0,0,3,0,0,0,0,2,2
1773863977373,63656,0.003850327,51,1.757,10.914595,0.1764706,-0.0035294145,1,0,0,3,0,0,0,0,2,2
1773864003479,63708,0.0035497483,52,1.72,10.914047,0.17307693,-0.003393665,1,0,0,3,0,0,0,0,2,2
1773864027595,63759,0.004015409,51,2.406,10.912658,0.1764706,0.003393665,1,0,0,3,0,0,0,0,2,2
1773864049680,63809,0.004649969,50,1.668,10.91268,0.18,0.0035294145,1,0,0,3,0,0,0,0,2,2
1773864073780,63861,0.003474217,52,1.679,10.9143095,0.17307693,-0.0069230795,1,0,0,3,0,0,0,0,2,2
1773864103936,63914,0.0034291311,53,2.213,10.913987,0.16981132,-0.0032656044,1,0,0,3,0,0,0,0,2,2
1773864128023,63965,0.004176466,51,1.9,10.912938,0.1764706,0.0066592693,1,0,0,3,0,0,0,0,2,2
1773864156155,64015,0.004618217,50,2.156,10.91202,0.18,0.0035294145,1,0,0,3,0,0,0,0,2,2
1773864180260,64067,0.0034157801,52,2.303,10.909295,0.17307693,-0.0069230795,1,0,0,3,0,0,0,0,2,2
1773864226403,64118,0.0040578484,51,1.87,10.908804,0.1764706,0.003393665,1,0,0,3,0,0,0,0,2,2
1773864250489,64168,0.0046576164,50,1.568,10.909227,0.18,0.0035294145,1,0,0,3,0,0,0,0,2,2
1773864278589,64220,0.0035073825,52,1.381,10.910286,0.17307693,-0.0069230795,1,0,0,3,0,0,0,0,2,2
1773864304648,64270,0.004793464,50,1.589,10.910118,0.18,0.0069230795,1,0,0,3,0,0,0,0,2,2
1773864328797,64321,0.0038494444,51,1.775,10.909114,0.1764706,-0.0035294145,1,0,0,3,0,0,0,0,2,2
1773864360910,64371,0.0046564084,50,1.584,10.90926,0.18,0.0035294145,1,0,0,3,0,0,0,0,2,2
1773864389010,64422,0.003833886,51,1.968,10.90834,0.1764706,-0.0035294145,1,0,0,3,0,0,0,0,2,2
1773864419159,64474,0.003514002,52,2.086,10.907325,0.17307693,-0.003393665,1,0,0,3,0,0,0,0,2,2
1773864447269,64527,0.0034770307,53,1.813,10.908712,0.16981132,-0.0032656044,1,0,0,3,0,0,0,0,2,2
1773864495483,64579,0.0037794458,52,1.391,10.908369,0.17307693,0.0032656044,1,0,0,3,0,0,0,0,2,2
1773864519559,64632,0.0035269298,53,1.428,10.9080515,0.16981132,-0.0032656044,1,0,0,3,0,0,0,0,2,2
1773864555735,64683,0.0041268496,51,2.54,10.9068,0.1764706,0.0066592693,1,0,0,3,0,0,0,0,2,2
1773864595907,64734,0.0039846445,51,1.435,10.904784,0.1764706,0,1,0,0,3,0,0,0,0,2,2
1773864652141,64787,0.0034794626,53,1.272,10.905204,0.16981132,-0.0066592693,1,0,0,3,0,0,0,0,2,2
1773864700323,64838,0.0042147543,51,1.502,10.905604,0.1764706,0.0066592693,1,0,0,3,0,0,0,0,2,2
1773864728415,64892,0.0035946586,54,1.506,10.9053335,0.16666667,-0.009803921,1,0,0,3,0,0,0,0,2,2
1773864778643,64943,0.004370349,51,1.262,10.90574,0.1764706,0.009803921,1,0,0,3,0,0,0,0,2,2
1773864828849,64994,0.003985483,51,1.425,10.905975,0.1764706,0,1,0,0,3,0,0,0,0,2,2
1773864854937,65046,0.0035697697,52,1.548,10.905356,0.17307693,-0.003393665,1,0,0,3,0,0,0,0,2,2
1773864893102,65097,0.004088358,51,1.541,10.905469,0.1764706,0.003393665,1,0,0,3,0,0,0,0,2,2
1773864927265,65148,0.003948403,51,1.831,10.905773,0.1764706,0,1,0,0,3,0,0,0,0,2,2
1773864963412,65201,0.003321525,53,2.629,10.904858,0.16981132,-0.0066592693,1,0,0,3,0,0,0,0,2,2
1773864993533,65251,0.004931407,50,1.685,10.903638,0.18,0.010188684,1,0,0,3,0,0,0,0,2,2
1773865035701,65304,0.0034012028,53,1.427,10.905162,0.16981132,-0.010188684,1,0,0,3,0,0,0,0,2,2
1773865075849,65354,0.0049525383,50,1.424,10.905749,0.18,0.010188684,1,0,0,3,0,0,0,0,2,2
1773865109988,65404,0.004553881,50,1.251,10.906785,0.18,0,1,0,0,3,0,0,0,0,2,2
1773865140082,65455,0.0038670043,51,1.577,10.906521,0.1764706,-0.0035294145,1,0,0,3,0,0,0,0,2,2
1773865180242,65509,0.003609087,54,1.407,10.906765,0.16666667,-0.009803921,1,0,0,3,0,0,0,0,2,2
1773865212372,65559,0.0051161177,50,1.296,10.906581,0.18,0.0133333355,1,0,0,3,0,0,0,0,2,2
1773865250528,65610,0.003884062,51,1.391,10.908697,0.1764706,-0.0035294145,1,0,0,3,0,0,0,0,2,2
1773865288691,65661,0.003962155,51,1.671,10.908236,0.1764706,0,1,0,0,3,0,0,0,0,2,2
1773865318820,65711,0.0046552764,50,1.601,10.90707,0.18,0.0035294145,1,0,0,3,0,0,0,0,2,2
1773865367156,65762,0.0038689517,51,1.555,10.906918,0.1764706,-0.0035294145,1,0,0,3,0,0,0,0,2,2
1773865488331,65815,0.0033953937,53,1.931,10.906465,0.16981132,-0.0066592693,1,0,0,3,0,0,0,0,2,2
1773865542891,65865,0.0049516642,50,1.433,10.907802,0.18,0.010188684,1,0,0,3,0,0,0,0,2,2
1773865579061,65916,0.0038719273,51,1.521,10.908019,0.1764706,-0.0035294145,1,0,0,3,0,0,0,0,2,2
1773865611203,65966,0.0046720975,50,1.384,10.908879,0.18,0.0035294145,1,0,0,3,0,0,0,0,2,2
1773865651370,66016,0.0045145256,50,1.777,10.90854,0.18,0,1,0,0,3,0,0,0,0,2,2
1773865693572,66069,0.00339058,53,1.505,10.908116,0.16981132,-0.010188684,1,0,0,3,0,0,0,0,2,2
1773865727736,66120,0.0042122314,51,1.524,10.909023,0.1764706,0.0066592693,1,0,0,3,0,0,0,0,2,2
1773865769945,66173,0.0033966624,53,1.919,10.907159,0.16981132,-0.0066592693,1,0,0,3,0,0,0,0,2,2
1773865800082,66224,0.0040544798,51,5.299,10.908987,0.1764706,0.0066592693,1,0,0,3,0,0,0,0,2,2
1773865840258,66277,0.006893863,53,1.388,0.5643682,0.16981132,-0.0066592693,1,0,0,3,0,0,0,0,2,2
1773865878406,66328,0.0066271946,51,1.494,0.56293637,0.1764706,0.0066592693,1,0,0,3,0,0,0,0,2,2
1773865918592,66378,0.027702294,50,40.558,4.847169,0.18,0.0035294145,1,0,0,3,0,0,0,0,2,2
1773865966794,66429,0.00504085,51,2.311,4.8470583,0.1764706,-0.0035294145,1,0,0,3,0,0,0,0,2,2
1773866002982,66479,0.0055575185,50,1.479,4.848196,0.18,0.0035294145,1,0,0,3,0,0,0,0,2,2
1773866043172,66530,0.005057527,51,1.784,4.8478856,0.1764706,-0.0035294145,1,0,0,3,0,0,0,0,2,2
1773866085381,66580,0.0055565936,50,1.509,4.847716,0.18,0.0035294145,1,0,0,3,0,0,0,0,2,2
1773866125559,66631,0.005058005,51,1.778,4.847036,0.1764706,-0.0035294145,1,0,0,3,0,0,0,0,2,2
1773866169742,66683,0.026361657,52,42.112,6.91482,0.17307693,-0.003393665,1,0,0,3,0,0,0,0,2,2
1773866213918,66733,0.005250688,50,1.473,6.9147553,0.18,0.0069230795,1,0,0,3,0,0,0,0,2,2
1773866254097,66784,0.0045622205,51,1.33,6.914894,0.1764706,-0.0035294145,1,0,0,3,0,0,0,0,2,2
1773866302308,66834,0.005136774,50,1.584,6.914634,0.18,0.0035294145,1,0,0,3,0,0,0,0,2,2
1773866340491,66888,0.0047494275,54,1.478,6.914873,0.16666667,-0.0133333355,1,0,0,3,0,0,0,0,2,2
1773866386665,66941,0.0044800723,53,2.665,6.9133167,0.16981132,0.0031446517,1,0,0,3,0,0,0,0,2,2
1773866448955,66993,0.2175002,52,124.713,16.602236,0.17307693,0.0032656044,1,0,0,3,0,0,0,0,2,2
1773866491151,67043,0.004870709,50,1.787,16.603867,0.18,0.0069230795,1,0,0,3,0,0,0,0,2,2
1773866535315,67094,0.0036089146,51,1.833,16.603378,0.1764706,-0.0035294145,1,0,0,3,0,0,0,0,2,2
1773866585519,67144,0.004706617,50,1.657,16.603445,0.18,0.0035294145,1,0,0,3,0,0,0,0,2,2
1773866631738,67194,0.00454674,50,1.554,16.605305,0.18,0,1,0,0,3,0,0,0,0,2,2
1773866677930,67245,0.003592257,51,1.971,16.60511,0.1764706,-0.0035294145,1,0,0,3,0,0,0,0,2,2
1773866722144,67296,0.0037926661,51,1.549,16.606836,0.1764706,0,1,0,0,3,0,0,0,0,2,2
1773866774423,67347,0.003629912,51,2.994,16.605387,0.1764706,0,1,0,0,3,0,0,0,0,2,2
1773866824630,67397,0.0047052535,50,1.671,16.60597,0.18,0.0035294145,1,0,0,3,0,0,0,0,2,2
1773866872855,67447,0.0045570037,50,1.466,16.60629,0.18,0,1,0,0,3,0,0,0,0,2,2
1773866927076,67498,0.0036222192,51,1.727,16.60521,0.1764706,-0.0035294145,1,0,0,3,0,0,0,0,2,2
1773866987344,67548,0.0046982747,50,1.732,16.604778,0.18,0.0035294145,1,0,0,3,0,0,0,0,2,2
1773867049652,67598,0.0045338897,50,1.668,16.605093,0.18,0,1,0,0,3,0,0,0,0,2,2
1773867117931,67654,0.003313396,56,1.278,16.606089,0.16071428,-0.019285724,1,0,0,3,0,0,0,0,2,2
1773867190289,67704,0.005697195,50,1.238,16.608337,0.18,0.019285724,1,0,0,3,0,0,0,0,2,2
1773867250514,67754,0.004584006,50,1.245,16.610863,0.18,0,1,0,0,3,0,0,0,0,2,2
1773867316794,67805,0.0036660607,51,1.396,16.612135,0.1764706,-0.0035294145,1,0,0,3,0,0,0,0,2,2
1773867379064,67857,0.0031860247,52,1.298,16.612442,0.17307693,-0.003393665,1,0,0,3,0,0,0,0,2,2
1773867443316,67907,0.0048922417,50,1.607,16.611883,0.18,0.0069230795,1,0,0,3,0,0,0,0,2,2
1773867513573,67957,0.0045305095,50,1.705,16.61402,0.18,0,1,0,0,3,0,0,0,0,2,2
1773867581799,68007,0.004551905,50,1.515,16.613764,0.18,0,1,0,0,3,0,0,0,0,2,2
1773867646017,68057,0.0045054974,50,1.939,16.611736,0.18,0,1,0,0,3,0,0,0,0,2,2
1773867714283,68107,0.0045522028,50,1.511,16.611706,0.18,0,1,0,0,3,0,0,0,0,2,2
1773867786575,68158,0.0036408624,51,1.584,16.611464,0.1764706,-0.0035294145,1,0,0,3,0,0,0,0,2,2
1773867852860,68214,0.0033078277,56,1.455,16.61083,0.16071428,-0.015756309,1,0,0,3,0,0,0,0,2,2
1773867933150,68264,0.0055882055,50,2.209,16.608585,0.18,0.019285724,1,0,0,3,0,0,0,0,2,2
1773868009457,68315,0.003677133,51,1.315,16.60934,0.1764706,-0.0035294145,1,0,0,3,0,0,0,0,2,2
1773868079769,68365,0.0046775937,50,1.925,16.60821,0.18,0.0035294145,1,0,0,3,0,0,0,0,2,2
1773868152049,68415,0.0045442944,50,1.578,16.608957,0.18,0,1,0,0,3,0,0,0,0,2,2
1773868210268,68465,0.0045134127,50,1.862,16.610847,0.18,0,1,0,0,3,0,0,0,0,2,2
1773868290565,68515,0.0045353496,50,1.659,16.610918,0.18,0,1,0,0,3,0,0,0,0,2,2
1773868394949,68567,0.002849312,52,2.9,16.60718,0.17307693,-0.0069230795,1,0,0,3,0,0,0,0,2,2
1773868471273,68617,0.004851842,50,1.96,16.605576,0.18,0.0069230795,1,0,0,3,0,0,0,0,2,2
1773868551575,68667,0.004570459,50,1.352,16.605234,0.18,0,1,0,0,3,0,0,0,0,2,2
1773868641952,68718,0.003698109,51,1.166,16.606596,0.1764706,-0.0035294145,1,0,0,3,0,0,0,0,2,2
1773868730253,68768,0.0047362335,50,1.408,16.606592,0.18,0.0035294145,1,0,0,3,0,0,0,0,2,2
1773868818596,68818,0.0045466684,50,1.555,16.605747,0.18,0,1,0,0,3,0,0,0,0,2,2
1773868935055,68869,0.0036492106,51,1.519,16.605331,0.1764706,-0.0035294145,1,0,0,3,0,0,0,0,2,2
1773869037451,68919,0.0047043944,50,1.678,16.605312,0.18,0.0035294145,1,0,0,3,0,0,0,0,2,2
1773869153910,68969,0.0048913043,50,11.283,16.618813,0.18,0,1,0,0,3,0,0,0,0,2,2
1773869242255,69019,0.0045582727,50,1.464,16.619112,0.18,0,1,0,0,3,0,0,0,0,2,2
1773869344688,69069,0.004480094,50,2.202,16.618357,0.18,0,1,0,0,3,0,0,0,0,2,2
1773869455201,69119,0.004513466,50,1.866,16.616982,0.18,0,1,0,0,3,0,0,0,0,2,2
1773869557606,69170,0.0036468576,51,1.54,16.616917,0.1764706,-0.0035294145,1,0,0,3,0,0,0,0,2,2
1773869674087,69226,0.0033221974,56,1.387,16.616903,0.16071428,-0.015756309,1,0,0,3,0,0,0,0,2,2
1773869782473,69276,0.005632462,50,1.808,16.61681,0.18,0.019285724,1,0,0,3,0,0,0,0,2,2
1773869895014,69326,0.00454229,50,1.601,16.616491,0.18,0,1,0,0,3,0,0,0,0,2,2
1773870017473,69380,0.0025903266,54,1.607,16.616222,0.16666667,-0.0133333355,1,0,0,3,0,0,0,0,2,2
1773870152038,69435,0.0027031691,55,3.661,16.612497,0.16363636,-0.003030315,1,0,0,3,0,0,0,0,2,2
1773870270520,69486,0.00447182,51,1.426,16.61863,0.1764706,0.012834236,1,0,0,3,0,0,0,0,2,2
1773870399011,69536,0.0047225123,50,1.531,16.618149,0.18,0.0035294145,1,0,0,3,0,0,0,0,2,2
1773870531514,69586,0.00450506,50,1.947,16.616743,0.18,0,1,0,0,3,0,0,0,0,2,2
1773870654012,69636,0.004485243,50,1.727,16.005917,0.18,0,1,0,0,3,0,0,0,0,2,2
1773870770477,69687,0.0036370815,51,1.476,16.007965,0.1764706,-0.0035294145,1,0,0,3,0,0,0,0,2,2
1773870886964,69740,0.0027880513,53,1.658,16.007471,0.16981132,-0.0066592693,1,0,0,3,0,0,0,0,2,2
1773871021586,69790,0.00503417,50,1.497,16.008245,0.18,0.010188684,1,0,0,3,0,0,0,0,2,2
1773871152129,69842,0.0029757146,52,1.947,16.007101,0.17307693,-0.0069230795,1,0,0,3,0,0,0,0,2,2
1773871290651,69892,0.004866693,50,1.381,16.008198,0.18,0.0069230795,1,0,0,3,0,0,0,0,2,2
1773871413118,69942,0.0044573424,50,1.63,15.289371,0.18,0,1,0,0,3,0,0,0,0,2,2
1773871551680,69993,0.0036393155,51,1.389,15.289572,0.1764706,-0.0035294145,1,0,0,3,0,0,0,0,2,2
1773871692258,70045,0.0031908192,52,1.383,15.289441,0.17307693,-0.003393665,1,0,0,3,0,0,0,0,2,2
1773871806709,70095,0.004845801,50,1.135,15.290545,0.18,0.0069230795,1,0,0,3,0,0,0,0,2,2
1773871933203,70145,0.0044497726,50,1.705,15.290041,0.18,0,1,0,0,3,0,0,0,0,2,2
1773872071697,70197,0.0029367404,52,2.474,15.290276,0.17307693,-0.0069230795,1,0,0,3,0,0,0,0,2,2
1773872180074,70247,0.006619839,50,1.413,1.2629006,0.18,0.0069230795,1,0,0,3,0,0,0,0,2,2
1773872312646,70297,0.006495636,50,1.639,1.2631266,0.18,0,1,0,0,3,0,0,0,0,2,2
1773872453137,70348,0.006241637,51,1.588,1.2634989,0.1764706,-0.0035294145,1,0,0,3,0,0,0,0,2,2
1773872629848,70398,0.006552695,50,1.342,1.2647816,0.18,0.0035294145,1,0,0,3,0,0,0,0,2,2
1773872794474,70448,0.006495219,50,1.594,1.2646568,0.18,0,1,0,0,3,0,0,0,0,2,2
1773872951057,70498,0.018791325,50,31.454,3.8860886,0.18,0,1,0,0,3,0,0,0,0,2,2
1773873105654,70548,0.005711702,50,1.621,3.8858852,0.18,0,1,0,0,3,0,0,0,0,2,2
1773873280415,70598,0.0057102316,50,1.701,3.885528,0.18,0,1,0,0,3,0,0,0,0,2,2
1773873445053,70648,0.0057139685,50,1.519,3.8859391,0.18,0,1,0,0,3,0,0,0,0,2,2
1773873605671,70698,0.005708687,50,1.8,3.8850849,0.18,0,1,0,0,3,0,0,0,0,2,2
1773873784538,70749,0.005334589,51,1.99,3.8846457,0.1764706,-0.0035294145,1,0,0,3,0,0,0,0,2,2
1773873949439,70799,0.0057785693,50,2.227,3.8840482,0.18,0.0035294145,1,0,0,3,0,0,0,0,2,2
1773874102174,70849,0.041462358,50,51.795,7.264265,0.18,0,1,0,0,3,0,0,0,0,2,2
1773874280987,70899,0.0049873986,50,1.37,7.2639203,0.18,0,1,0,0,3,0,0,0,0,2,2
1773874435591,70949,0.004983601,50,1.446,7.263147,0.18,0,1,0,0,3,0,0,0,0,2,2
1773874584176,71000,0.004438619,51,2.153,7.2604523,0.1764706,-0.0035294145,1,0,0,3,0,0,0,0,2,2
1773874765047,71050,0.0050780484,50,1.589,7.25979,0.18,0.0035294145,1,0,0,3,0,0,0,0,2,2
1773874949774,71100,0.004963111,50,1.948,7.257732,0.18,0,1,0,0,3,0,0,0,0,2,2
1773875126519,71150,0.0049800836,50,1.536,7.2579656,0.18,0,1,0,0,3,0,0,0,0,2,2
1773875303246,71200,0.0049805143,50,1.525,7.258539,0.18,0,1,0,0,3,0,0,0,0,2,2
1773875485904,71250,0.004950253,50,2.422,7.256326,0.18,0,1,0,0,3,0,0,0,0,2,2
1773875676685,71301,0.0044659753,51,1.658,7.2571177,0.1764706,-0.0035294145,1,0,0,3,0,0,0,0,2,2
1773875873387,71351,0.0050595193,50,2.05,7.255576,0.18,0.0035294145,1,0,0,3,0,0,0,0,2,2
1773876072234,71402,0.0044302405,51,2.385,7.2536187,0.1764706,-0.0035294145,1,0,0,3,0,0,0,0,2,2
1773876263038,71452,0.0050420696,50,2.903,7.2506304,0.18,0.0035294145,1,0,0,3,0,0,0,0,2,2
1773876482065,71505,0.0042791055,53,1.769,7.2517257,0.16981132,-0.010188684,1,0,0,3,0,0,0,0,2,2
1773876704984,71556,0.004738663,51,1.49,7.25107,0.1764706,0.0066592693,1,0,0,3,0,0,0,0,2,2
1773876891848,71607,0.0045071235,51,2.332,7.2501764,0.1764706,0,1,0,0,3,0,0,0,0,2,2
1773877054541,71661,0.01566037,54,33.077,8.141132,0.16666667,-0.009803921,1,0,0,3,0,0,0,0,2,2
1773877277401,71711,0.005316112,50,1.636,8.1419525,0.18,0.0133333355,1,0,0,3,0,0,0,0,2,2
1773877498419,71763,0.004040833,52,1.434,8.142857,0.17307693,-0.0069230795,1,0,0,3,0,0,0,0,2,2
1773877705229,71813,0.005054714,50,1.68,8.145983,0.18,0.0069230795,1,0,0,3,0,0,0,0,2,2
1773877928139,71863,0.004822915,50,1.838,8.146384,0.18,0,1,0,0,3,0,0,0,0,2,2
1773878112936,71913,0.004838648,50,1.523,8.14567,0.18,0,1,0,0,3,0,0,0,0,2,2
1773878333965,71963,0.0048352815,50,1.591,8.143842,0.18,0,1,0,0,3,0,0,0,0,2,2
1773878558885,72013,0.004836749,50,1.565,8.143197,0.18,0,1,0,0,3,0,0,0,0,2,2
1773878801892,72063,0.004812424,50,2.117,8.141262,0.18,0,1,0,0,3,0,0,0,0,2,2
1773879066956,72113,0.0048393505,50,1.522,8.14125,0.18,0,1,0,0,3,0,0,0,0,2,2
1773879307907,72163,0.004831287,50,1.677,8.141253,0.18,0,1,0,0,3,0,0,0,0,2,2
1773879556941,72214,0.004294754,51,1.685,8.087213,0.1764706,-0.0035294145,1,0,0,3,0,0,0,0,2,2
1773879765869,72267,0.004108069,53,1.43,8.087345,0.16981132,-0.0066592693,1,0,0,3,0,0,0,0,2,2
1773879892387,72318,0.0045851697,51,1.512,8.089509,0.1764706,0.0066592693,1,0,0,3,0,0,0,0,2,2
1773880125360,72368,0.0049404474,50,1.784,8.08977,0.18,0.0035294145,1,0,0,3,0,0,0,0,2,2
1773880320155,72418,0.0048383106,50,1.693,8.08922,0.18,0,1,0,0,3,0,0,0,0,2,2
1773880563152,72468,0.0048342133,50,1.784,8.0877695,0.18,0,1,0,0,3,0,0,0,0,2,2
1773880814232,72518,0.0048360466,50,1.744,8.087981,0.18,0,1,0,0,3,0,0,0,0,2,2
1773881021102,72573,0.0048833666,55,1.706,8.087608,0.16363636,-0.01636365,1,0,0,3,0,0,0,0,2,2
1773881272084,72623,0.005462641,50,1.617,8.087573,0.18,0.01636365,1,0,0,3,0,0,0,0,2,2
1773881511050,72673,0.0048222532,50,2.065,8.089444,0.18,0,1,0,0,3,0,0,0,0,2,2
1773881749995,72723,0.004806482,50,2.636,8.086088,0.18,0,1,0,0,3,0,0,0,0,2,2
1773881991184,72773,0.06177748,50,65.027,11.1147375,0.18,0,1,0,0,3,0,0,0,0,2,2
1773882228195,72824,0.0038403033,51,1.609,11.1160145,0.1764706,-0.0035294145,1,0,0,3,0,0,0,0,2,2
1773882485318,72874,0.0046425276,50,1.593,11.116542,0.18,0.0035294145,1,0,0,3,0,0,0,0,2,2
1773882744300,72924,0.0045102853,50,1.623,11.115941,0.18,0,1,0,0,3,0,0,0,0,2,2
1773882957216,72974,0.0044997563,50,1.773,11.115497,0.18,0,1,0,0,3,0,0,0,0,2,2
1773883208343,73024,0.004545127,50,1.184,11.116869,0.18,0,1,0,0,3,0,0,0,0,2,2
1773883559869,73074,0.0045032557,50,1.72,11.117706,0.18,0,1,0,0,3,0,0,0,0,2,2
1773883829074,73124,0.00451427,50,1.568,11.116923,0.18,0,1,0,0,3,0,0,0,0,2,2
1773884017876,73176,0.0033847818,52,2.279,11.114633,0.17307693,-0.0069230795,1,0,0,3,0,0,0,0,2,2
1773884220753,73226,0.0047550495,50,1.956,11.1124,0.18,0.0069230795,1,0,0,3,0,0,0,0,2,2
1773884415554,73276,0.0045065177,50,1.68,11.111169,0.18,0,1,0,0,3,0,0,0,0,2,2
1773884632442,73326,0.0045153783,50,1.56,11.109292,0.18,0,1,0,0,3,0,0,0,0,2,2
1773884883554,73376,0.0044992613,50,1.787,11.108976,0.18,0,1,0,0,3,0,0,0,0,2,2
1773885142604,73426,0.004510423,50,1.625,11.111883,0.18,0,1,0,0,3,0,0,0,0,2,2
1773885405820,73477,0.0038015489,51,2.083,11.109305,0.1764706,-0.0035294145,1,0,0,3,0,0,0,0,2,2
1773885530294,73528,0.003955026,51,1.518,11.109802,0.1764706,0,1,0,0,3,0,0,0,0,2,2
1773885721060,73579,0.0038315025,51,3.336,11.104791,0.1764706,0,1,0,0,3,0,0,0,0,2,2
1773886010192,73631,0.0035444954,52,1.511,11.104057,0.17307693,-0.003393665,1,0,0,3,0,0,0,0,2,2
1773886277207,73681,0.004784168,50,1.568,11.104164,0.18,0.0069230795,1,0,0,3,0,0,0,0,2,2
1773886546328,73732,0.0039130407,51,1.506,10.577633,0.1764706,-0.0035294145,1,0,0,3,0,0,0,0,2,2
1773886833490,73782,0.0046519553,50,2.007,10.576357,0.18,0.0035294145,1,0,0,3,0,0,0,0,2,2
1773887096612,73832,0.004545957,50,1.702,10.576354,0.18,0,1,0,0,3,0,0,0,0,2,2
1773887343569,73882,0.004481201,50,3.211,10.572099,0.18,0,1,0,0,3,0,0,0,0,2,2
1773887588540,73932,0.0045355037,50,1.872,10.571859,0.18,0,1,0,0,3,0,0,0,0,2,2
1773887867727,73984,0.0035479858,52,1.508,10.573518,0.17307693,-0.0069230795,1,0,0,3,0,0,0,0,2,2
1773888166999,74035,0.0040007834,51,3.419,10.571299,0.1764706,0.003393665,1,0,0,3,0,0,0,0,2,2
1773888456192,74090,0.004527877,55,2.767,8.69699,0.16363636,-0.012834236,1,0,0,3,0,0,0,0,2,2
1773888735441,74140,0.0053986395,50,1.602,8.696221,0.18,0.01636365,1,0,0,3,0,0,0,0,2,2
1773889058820,74190,0.004745326,50,1.821,8.695076,0.18,0,1,0,0,3,0,0,0,0,2,2
1773889354063,74240,0.0047601596,50,1.54,8.696711,0.18,0,1,0,0,3,0,0,0,0,2,2
1773889589095,74291,0.0042094416,51,1.325,8.697596,0.1764706,-0.0035294145,1,0,0,3,0,0,0,0,2,2
1773889832094,74341,0.004867828,50,1.606,8.6985445,0.18,0.0035294145,1,0,0,3,0,0,0,0,2,2
1773890127367,74391,0.0047431844,50,1.858,8.697606,0.18,0,1,0,0,3,0,0,0,0,2,2
1773890430651,74441,0.0047776625,50,1.255,8.698543,0.18,0,1,0,0,3,0,0,0,0,2,2
1773890669577,74494,0.003874288,53,1.739,8.700055,0.16981132,-0.010188684,1,0,0,3,0,0,0,0,2,2
1773890826178,74544,0.0051197377,50,1.586,8.700273,0.18,0.010188684,1,0,0,3,0,0,0,0,2,2
1773891091374,74595,0.004168894,51,1.868,8.70071,0.1764706,-0.0035294145,1,0,0,3,0,0,0,0,2,2
1773891388605,74648,0.00395161,53,1.397,8.703201,0.16981132,-0.0066592693,1,0,0,3,0,0,0,0,2,2
1773891645709,74699,0.0044588377,51,1.852,8.704903,0.1764706,0.0066592693,1,0,0,3,0,0,0,0,2,2
1773891995139,74749,0.0048785983,50,1.416,8.705966,0.18,0.0035294145,1,0,0,3,0,0,0,0,2,2
1773892262246,74800,0.00411128,51,3.101,8.703124,0.1764706,-0.0035294145,1,0,0,3,0,0,0,0,2,2
1773892626194,74850,0.0048676725,50,1.595,8.704873,0.18,0.0035294145,1,0,0,3,0,0,0,0,2,2
1773893417859,13,1,13,0,0,0,0,1,1,0,3,0,0,0,30000,2,0
1773893435932,56,0.018507155,43,9.771,4.8855,0,0,1,0,0,3,0,0,0,0,2,0
1773893451997,110,0.0004201971,54,1.335,4.325901,0,0,1,0,0,3,0,0,0,0,2,0
1773893484184,166,0.0012864161,56,1.318,3.8859634,0,0,1,0,0,3,0,0,0,0,2,0
1773893506299,223,0.0024343133,57,7.118,3.8283093,0,0,1,0,0,3,0,0,0,0,2,0
1773893538724,275,0.0010132808,52,2.524,3.5326312,0,0,1,0,0,3,0,0,0,0,2,0
1773893556805,329,0.0009361784,54,2.959,3.280235,0,0,1,0,0,3,0,0,0,0,2,0
1773893570887,379,0.0029614011,50,4.915,3.1002166,0,0,1,0,0,3,0,0,0,0,2,0
1773893629135,431,0.0016701882,52,2.063,2.9701862,0,0,1,0,0,3,0,0,0,0,2,0
1773893681380,482,0.0024441788,51,2.847,2.82578,0,0,1,0,0,3,0,0,0,0,2,0
1773893711511,532,0.0034604946,50,1.684,2.743572,0,0,1,0,0,3,0,0,0,0,2,0
1773893761775,583,0.00273974,51,1.19,2.6920075,0,0,1,0,0,3,0,0,0,0,2,0
1773893777844,634,0.0028633538,51,3.658,2.5900257,0,0,1,0,0,3,0,0,0,0,2,0
1773893814001,693,0.0065259645,59,1.603,2.5287743,0,0,1,0,0,3,0,0,0,0,2,0
1773893830066,747,0.0023194938,54,5.023,2.49111,0,0,1,0,0,3,0,0,0,0,2,0
1773893848145,804,0.0041104513,57,6.237,2.5215113,0,0,1,0,0,3,0,0,0,0,2,0
1773893884270,858,0.002305046,54,1.491,2.4867115,0,0,1,0,0,3,0,0,0,0,2,0
1773893902326,909,0.0031826918,51,5.66,2.477449,0,0,1,0,0,3,0,0,0,0,2,0
1773893918403,961,0.0026814234,52,4.216,2.4180639,0,0,1,0,0,3,0,0,0,0,2,0
1773893964595,1012,0.003314395,51,1.652,2.3893092,0,0,1,0,0,3,0,0,0,0,2,0
1773893976619,1066,0.0025710375,54,1.24,2.3751616,0,0,1,0,0,3,0,0,0,0,2,0
1773894018905,1096,0.8399664,30,0,2.4179897,0,0,1,0,0,3,0,0,0,30000,2,0
1773894024929,1123,0.10405722,27,1.155,2.3983417,0,0,1,0,0,3,0,0,0,0,2,0
1773894043013,1175,0.0028246043,52,1.531,2.366841,0,0,1,0,0,3,0,0,0,0,2,0
1773894079227,1231,0.0035240918,56,3.68,2.3232353,0,0,1,0,0,3,0,0,0,0,2,0
1773894095280,1283,0.0029872917,52,1.884,2.2881129,0,0,1,0,0,3,0,0,0,0,2,0
1773894113358,1337,0.0028268185,54,1.633,2.2591171,0,0,1,0,0,3,0,0,0,0,2,0
1773894139439,1395,0.0057957936,58,4.533,2.2389317,0,0,1,0,0,3,0,0,0,0,2,0
1773894155540,1446,0.0037154367,51,1.922,2.2081509,0,0,1,0,0,3,0,0,0,0,2,0
1773894173650,1496,0.0046098037,50,1.55,2.1850333,0,0,1,0,0,3,0,0,0,0,2,0
1773894203736,1559,0.016217144,63,2.157,2.1532912,0,0,1,0,0,3,0,0,0,0,2,0
1773894223807,1612,0.003093092,53,4.691,2.1432824,0,0,1,0,0,3,0,0,0,0,2,0
1773894241876,1667,0.0034797883,55,2.49,2.1118085,0,0,1,0,0,3,0,0,0,0,2,0
1773894272018,1724,0.0050161863,57,1.115,2.1022878,0,0,1,0,0,3,0,0,0,0,2,0
1773894294121,1775,0.07158162,51,59.208,9.615344,0,0,1,0,0,3,0,0,0,0,2,0
1773894318208,1827,0.34583896,52,112.681,20.154032,0,0,1,0,0,3,0,0,0,0,2,0
1773894366444,1877,0.13928998,50,1.043,19.907072,0,0,1,0,0,3,0,0,0,0,2,0
1773894382530,1929,0.13335481,52,1.329,19.666561,0,0,1,0,0,3,0,0,0,0,2,0
1773894432751,1983,0.12877029,54,1.949,19.430082,0,0,1,0,0,3,0,0,0,0,2,0
1773894452839,2034,0.12620941,51,1.768,19.20306,0,0,1,0,0,3,0,0,0,0,2,0
1773894482981,2089,0.12144088,55,2.532,18.979235,0,0,1,0,0,3,0,0,0,0,2,0
1773894497019,2141,0.11840868,52,1.281,18.770557,0,0,1,0,0,3,0,0,0,0,2,0
1773894513067,2192,0.115761735,51,2.141,18.563366,0,0,1,0,0,3,0,0,0,0,2,0
1773894543223,2250,0.11390128,58,3.166,18.358051,0,0,1,0,0,3,0,0,0,0,2,0
1773894561314,2310,0.11412773,60,1.533,18.16741,0,0,1,0,0,3,0,0,0,0,2,0
1773894577401,2364,0.10530817,54,5.055,17.969837,0,0,1,0,0,3,0,0,0,0,2,0
1773894607526,2414,0.25719506,50,80.759,20.771278,0,0,1,0,0,3,0,0,0,0,2,0
1773894633625,2471,0.15017085,57,3.26,20.564451,0,0,1,0,0,3,0,0,0,0,2,0
1773894651684,2521,0.14753984,50,1.36,20.373905,0,0,1,0,0,3,0,0,0,0,2,0
1773894677800,2571,0.14412943,50,2.005,20.184732,0,0,1,0,0,3,0,0,0,0,2,0
1773894695883,2624,0.13886717,53,0.998,20.006554,0,0,1,0,0,3,0,0,0,0,2,0
1773894711976,2681,0.13695525,57,3.63,19.820114,0,0,1,0,0,3,0,0,0,0,2,0
1773894756154,2731,0.13481869,50,1.279,19.64965,0,0,1,0,0,3,0,0,0,0,2,0
1773894776232,2794,0.14255534,63,1.261,19.483553,0,0,1,0,0,3,0,0,0,0,2,0
1773894828445,2844,0.12920262,50,1.57,19.31991,0,0,1,0,0,3,0,0,0,0,2,0
1773894842510,2900,0.12480601,56,3.462,19.152464,0,0,1,0,0,3,0,0,0,0,2,0
1773894892746,2952,0.1220319,52,2.018,18.99483,0,0,1,0,0,3,0,0,0,0,2,0
1773894910843,3002,0.12117589,50,3.194,18.83648,0,0,1,0,0,3,0,0,0,0,2,0
1773894961125,3059,0.11810129,57,1.321,18.689629,0,0,1,0,0,3,0,0,0,0,2,0
1773895019406,3118,0.118368596,59,1.215,18.546635,0,0,1,0,0,3,0,0,0,0,2,0
1773895037477,3172,0.11195973,54,2.307,18.40218,0,0,1,0,0,3,0,0,0,0,2,0
1773895087752,3233,0.11769508,61,1.374,18.264862,0,0,1,0,0,3,0,0,0,0,2,0
1773895107850,3284,0.10890878,51,2.184,18.127262,0,0,1,0,0,3,0,0,0,0,2,0
1773895150157,3334,0.10787695,50,2.042,17.993235,0,0,1,0,0,3,0,0,0,0,2,0
1773895168220,3394,0.11135577,60,1.325,17.986689,0,0,1,0,0,3,0,0,0,0,2,0
1773895214461,3434,0.89252955,40,0,17.99856,0,0,1,0,0,3,0,0,0,30000,2,0
1773895222526,3447,0.361812,13,1.471,17.997995,0,0,1,0,0,3,0,0,0,0,2,0
1773895238606,3500,0.10569563,53,2.747,17.992792,0,0,1,0,0,3,0,0,0,0,2,0
1773895280848,3539,0.89690906,39,0,18.008974,0,0,1,0,0,3,0,0,0,30000,2,0
1773895284864,3562,0.2519822,23,1.495,18.012634,0,0,1,0,0,3,0,0,0,0,2,0
1773895304993,3615,0.10605985,53,2.025,18.015556,0,0,1,0,0,3,0,0,0,0,2,0
1773895341186,3669,0.106105454,54,1.505,18.023996,0,0,1,0,0,3,0,0,0,0,2,0
1773895363282,3724,0.10620629,55,3.817,18.019262,0,0,1,0,0,3,0,0,0,0,2,0
1773895415656,3783,0.110204495,59,1.278,18.02469,0,0,1,0,0,3,0,0,0,0,2,0
1773895433751,3833,0.10827821,50,3.008,18.02044,0,0,1,0,0,3,0,0,0,0,2,0
1773895494006,3888,0.1061743,55,2.096,18.016962,0,0,1,0,0,3,0,0,0,0,2,0
1773895514070,3938,0.10829577,50,2.213,18.020882,0,0,1,0,0,3,0,0,0,0,2,0
1773895550328,3946,1,8,0,18.02816,0,0,1,0,0,3,0,0,0,30000,2,0
1773895566408,3990,0.12107987,44,2.607,18.032755,0,0,1,0,0,3,0,0,0,0,2,0
1773895582522,4045,0.1064519,55,4.427,18.033766,0,0,1,0,0,3,0,0,0,0,2,0
1773895614733,4048,1,3,0,18.040491,0,0,1,0,0,3,0,0,0,30000,2,0
1773895630814,4101,0.10659659,53,1.474,18.048964,0,0,1,0,0,3,0,0,0,0,2,0
1773895685188,4159,0.10924429,58,1.497,18.056011,0,0,1,0,0,3,0,0,0,0,2,0
1773895695202,4216,0.10814567,57,1.366,18.057083,0,0,1,0,0,3,0,0,0,0,2,0
1773895753590,4266,0.108810976,50,2.061,18.054108,0,0,1,0,0,3,0,0,0,0,2,0
1773895763670,4319,0.10656838,53,1.538,18.047342,0,0,1,0,0,3,0,0,0,0,2,0
1773895815959,4362,0.8825911,43,0,18.05262,0,0,1,0,0,3,0,0,0,30000,2,0
1773895822008,4373,0.38832155,11,1.77,18.051754,0,0,1,0,0,3,0,0,0,0,2,0
1773895852204,4423,0.108795784,50,2.697,18.054008,0,0,1,0,0,3,0,0,0,0,2,0
1773895882380,4423,1,0,0,18.061954,0,0,1,0,0,3,0,0,0,30000,2,0
1773895900427,4476,0.10679736,53,1.549,18.062262,0,0,1,0,0,3,0,0,0,0,2,0
1773895950701,4535,0.11085527,59,1.751,18.06861,0,0,1,0,0,3,0,0,0,0,2,0
1773895964797,4585,0.10907013,50,1.597,18.069733,0,0,1,0,0,3,0,0,0,0,2,0
1773896009019,4635,0.10906876,50,1.586,18.069609,0,0,1,0,0,3,0,0,0,0,2,0
1773896025102,4694,0.110919036,59,1.479,18.071909,0,0,1,0,0,3,0,0,0,0,2,0
1773896043215,4745,0.108206876,51,1.374,18.07961,0,0,1,0,0,3,0,0,0,0,2,0
1773896083474,4752,1,7,0,18.089136,0,0,1,0,0,3,0,0,0,30000,2,0
1773896101603,4806,0.10704125,54,1.962,18.086117,0,0,1,0,0,3,0,0,0,0,2,0
1773896157892,4867,0.09584216,61,1.335,16.78662,0,0,1,0,0,3,0,0,0,0,2,0
1773896175991,4925,0.020550968,58,4.163,9.846037,0,0,1,0,0,3,0,0,0,0,2,0
1773896228229,4979,0.01781301,54,2.555,9.842967,0,0,1,0,0,3,0,0,0,0,2,0
1773896280520,5030,0.019024365,51,1.892,9.84164,0,0,1,0,0,3,0,0,0,0,2,0
1773896294583,5083,0.017944118,53,1.356,9.8429985,0,0,1,0,0,3,0,0,0,0,2,0
1773896354924,5139,0.018552413,56,1.999,9.842553,0,0,1,0,0,3,0,0,0,0,2,0
1773896373003,5189,0.02004839,50,1.967,9.8433075,0,0,1,0,0,3,0,0,0,0,2,0
1773896411194,5210,0.93231124,21,0,9.848255,0,0,1,0,0,3,0,0,0,30000,2,0
1773896427256,5240,0.10490586,30,1.4,9.849771,0,0,1,0,0,3,0,0,0,0,2,0
1773896445386,5292,0.018397773,52,1.423,9.851829,0,0,1,0,0,3,0,0,0,0,2,0
1773896493627,5343,0.019071382,51,2.218,9.850574,0,0,1,0,0,3,0,0,0,0,2,0
1773896511723,5394,0.019089539,51,1.439,9.8492,0,0,1,0,0,3,0,0,0,0,2,0
1773896557999,5450,0.007011643,56,10.11,1.4343213,0,0,1,0,0,3,0,0,0,0,2,0
1773896576110,5500,0.006789633,50,1.512,1.4243114,0,0,1,0,0,3,0,0,0,0,2,0
1773896614371,5561,0.01356433,61,1.219,1.4251741,0,0,1,0,0,3,0,0,0,0,2,0
1773896640479,5615,0.0050303787,54,7.25,1.5748844,0,0,1,0,0,3,0,0,0,0,2,0
1773896682741,5665,0.0063071013,50,1.613,1.5710506,0,0,1,0,0,3,0,0,0,0,2,0
1773896694790,5715,0.0063651535,50,1.369,1.5579695,0,0,1,0,0,3,0,0,0,0,2,0
1773896747077,5761,0.7660987,46,0,1.5739604,0,0,1,0,0,3,0,0,0,30000,2,0
1773896759158,5774,0.24091613,13,2.4,1.5732713,0,0,1,0,0,3,0,0,0,0,2,0
1773896813480,5813,0.79098296,39,0,1.5903779,0,0,1,0,0,3,0,0,0,30000,2,0
1773896815497,5824,0.26510832,11,1.385,1.5788288,0,0,1,0,0,3,0,0,0,0,2,0
1773896833599,5874,0.006290776,50,1.466,1.5793588,0,0,1,0,0,3,0,0,0,0,2,0
1773896881835,5924,0.0063096466,50,1.613,1.5702432,0,0,1,0,0,3,0,0,0,0,2,0
1773896901963,5984,0.0108808195,60,10.47,1.9008652,0,0,1,0,0,3,0,0,0,0,2,0
1773896948206,6037,0.00377872,53,1.261,1.9005947,0,0,1,0,0,3,0,0,0,0,2,0
1773896968335,6087,0.0053442065,50,1.467,1.9010102,0,0,1,0,0,3,0,0,0,0,2,0
1773897012610,6127,0.78533465,40,0,1.9149947,0,0,1,0,0,3,0,0,0,30000,2,0
1773897020657,6140,0.240766,13,1.423,1.9156753,0,0,1,0,0,3,0,0,0,0,2,0
1773897036753,6193,0.0036138513,53,5.928,1.9795065,0,0,1,0,0,3,0,0,0,0,2,0
1773897081000,6244,0.0043105963,51,1.73,1.9780877,0,0,1,0,0,3,0,0,0,0,2,0
1773897101108,6298,0.0036138664,54,1.577,1.9631069,0,0,1,0,0,3,0,0,0,0,2,0
1773897143349,6334,0.804055,36,0,1.9777099,0,0,1,0,0,3,0,0,0,30000,2,0
1773897147382,6354,0.16541629,20,1.448,1.9763575,0,0,1,0,0,3,0,0,0,0,2,0
1773897165461,6405,0.004329451,51,2.308,1.9613446,0,0,1,0,0,3,0,0,0,0,2,0
1773897207720,6458,0.0035896713,53,1.541,1.9611707,0,0,1,0,0,3,0,0,0,0,2,0
1773897227802,6513,0.0039405283,55,1.326,1.9629046,0,0,1,0,0,3,0,0,0,0,2,0
1773897278123,6563,0.00516303,50,1.715,1.9622809,0,0,1,0,0,3,0,0,0,0,2,0
1773897294212,6618,0.0038874683,55,5.745,2.0045226,0,0,1,0,0,3,0,0,0,0,2,0
1773897342477,6670,0.0036625757,52,3.112,2.0068913,0,0,1,0,0,3,0,0,0,0,2,0
1773897358592,6723,0.0034716325,53,1.524,2.004185,0,0,1,0,0,3,0,0,0,0,2,0
1773897374654,6774,0.0042202957,51,2.158,2.0042367,0,0,1,0,0,3,0,0,0,0,2,0
1773897420928,6824,0.0050220834,50,2.343,2.0044956,0,0,1,0,0,3,0,0,0,0,2,0
1773897441008,6877,0.003469514,53,2.608,1.9894004,0,0,1,0,0,3,0,0,0,0,2,0
1773897479182,6893,0.969948,16,0,2.0045002,0,0,1,0,0,3,0,0,0,30000,2,0
1773897493252,6931,0.03747111,38,5.368,2.0254188,0,0,1,0,0,3,0,0,0,0,2,0
1773897513357,6985,0.003470431,54,1.865,2.0092382,0,0,1,0,0,3,0,0,0,0,2,0
1773897547526,6987,1,2,0,2.024298,0,0,1,0,0,3,0,0,0,30000,2,0
1773897563610,7037,0.005012977,50,1.506,2.0242598,0,0,1,0,0,3,0,0,0,0,2,0
1773897613853,7085,0.7596879,48,0,2.0384517,0,0,1,0,0,3,0,0,0,30000,2,0
1773897617865,7093,0.30321193,8,2.761,2.040503,0,0,1,0,0,3,0,0,0,0,2,0
1773897642018,7144,0.33016258,51,126.163,15.527988,0,0,1,0,0,3,0,0,0,0,2,0
1773897684214,7195,0.07244923,51,5.18,15.520524,0,0,1,0,0,3,0,0,0,0,2,0
1773897702284,7249,0.07117318,54,1.599,15.520933,0,0,1,0,0,3,0,0,0,0,2,0
1773897742481,7305,0.071852,56,3.112,15.520449,0,0,1,0,0,3,0,0,0,0,2,0
1773897760557,7359,0.07106542,54,2.143,15.513951,0,0,1,0,0,3,0,0,0,0,2,0
1773897778628,7409,0.07329465,50,2.267,15.5123625,0,0,1,0,0,3,0,0,0,0,2,0
1773897816786,7463,0.071026154,54,2.32,15.51117,0,0,1,0,0,3,0,0,0,0,2,0
1773897834827,7515,0.07157262,52,1.476,15.511487,0,0,1,0,0,3,0,0,0,0,2,0
1773897874994,7573,0.07373615,58,1.34,15.512143,0,0,1,0,0,3,0,0,0,0,2,0
1773897893072,7629,0.07179274,56,1.385,15.512397,0,0,1,0,0,3,0,0,0,0,2,0
1773897937262,7686,0.07261968,57,1.288,15.512638,0,0,1,0,0,3,0,0,0,0,2,0
1773897953350,7737,0.07246254,51,6.868,15.507582,0,0,1,0,0,3,0,0,0,0,2,0
1773897969415,7791,0.071026966,54,1.475,15.508807,0,0,1,0,0,3,0,0,0,0,2,0
1773898013608,7843,0.07158939,52,5.702,15.50561,0,0,1,0,0,3,0,0,0,0,2,0
1773898037717,7897,0.07106665,54,1.143,15.510487,0,0,1,0,0,3,0,0,0,0,2,0
1773898077887,7953,0.07177287,56,1.746,15.512177,0,0,1,0,0,3,0,0,0,0,2,0
1773898097971,8014,0.078883566,61,3.314,15.509847,0,0,1,0,0,3,0,0,0,0,2,0
1773898140160,8067,0.07112838,53,1.595,15.509181,0,0,1,0,0,3,0,0,0,0,2,0
1773898158222,8117,0.07327224,50,1.843,15.509545,0,0,1,0,0,3,0,0,0,0,2,0
1773898172302,8167,0.07327799,50,4.81,15.507035,0,0,1,0,0,3,0,0,0,0,2,0
1773898214473,8220,0.07107431,53,1.121,15.502816,0,0,1,0,0,3,0,0,0,0,2,0
1773898232575,8271,0.07212353,51,4.384,15.498496,0,0,1,0,0,3,0,0,0,0,2,0
1773898272814,8326,0.07111254,55,5.352,15.494557,0,0,1,0,0,3,0,0,0,0,2,0
1773898292921,8376,0.07313138,50,1.398,15.496704,0,0,1,0,0,3,0,0,0,0,2,0
1773898335075,8431,0.07108852,55,1.363,15.496936,0,0,1,0,0,3,0,0,0,0,2,0
1773898353150,8491,0.07650301,60,2.17,15.4824915,0,0,1,0,0,3,0,0,0,0,2,0
1773898371268,8546,0.07088307,55,1.725,15.481918,0,0,1,0,0,3,0,0,0,0,2,0
1773898417446,8598,0.07112088,52,2.75,15.478357,0,0,1,0,0,3,0,0,0,0,2,0
1773898431549,8649,0.07185452,51,1.619,15.477352,0,0,1,0,0,3,0,0,0,0,2,0
1773898477749,8704,0.07079505,55,2.155,15.476074,0,0,1,0,0,3,0,0,0,0,2,0
1773898503879,8762,0.07344856,58,6.616,15.474641,0,0,1,0,0,3,0,0,0,0,2,0
1773900023470,53,0.773334,53,1.202,0,0,0,1,1,0,3,0,0,0,0,2,0
1773900043560,103,0.012124056,50,1.471,0.13449997,0,0,1,0,0,3,0,0,0,0,2,0
1773900077696,157,0.011008903,54,1.344,0.10987566,0,0,1,0,0,3,0,0,0,0,2,0
1773900097771,207,0.012326428,50,1.302,0.096494466,0,0,1,0,0,3,0,0,0,0,2,0
1773900139942,258,0.011641987,51,1.341,0.08642451,0,0,1,0,0,3,0,0,0,0,2,0
1773900160032,311,0.011015423,53,1.22,0.089255534,0,0,1,0,0,3,0,0,0,0,2,0
1773900180134,361,0.012358354,50,1.403,0.088391036,0,0,1,0,0,3,0,0,0,0,2,0
1773900214256,411,0.01235666,50,1.421,0.08843357,0,0,1,0,0,3,0,0,0,0,2,0
1773900234351,462,0.0116581535,51,1.323,0.08350913,0,0,1,0,0,3,0,0,0,0,2,0
1773900254430,512,0.012241174,50,1.586,0.10902479,0,0,1,0,0,3,0,0,0,0,2,0
1773900290572,563,0.011479446,51,1.137,0.12232628,0,0,1,0,0,3,0,0,0,0,2,0
1773900310697,613,0.012182307,50,1.473,0.122676715,0,0,1,0,0,3,0,0,0,0,2,0
1773900348916,665,0.008905846,52,3.35,0.54531777,0,0,1,0,0,3,0,0,0,0,2,0
1773900387062,721,0.009999402,56,1.369,0.5266579,0,0,1,0,0,3,0,0,0,0,2,0
1773900429243,774,0.008960324,53,1.445,0.508958,0,0,1,0,0,3,0,0,0,0,2,0
1773900449333,824,0.010440316,50,1.344,0.49410513,0,0,1,0,0,3,0,0,0,0,2,0
1773900503578,874,0.010500364,50,1.25,0.4824823,0,0,1,0,0,3,0,0,0,0,2,0
1773900569832,928,0.008890222,54,2.566,0.5319249,0,0,1,0,0,3,0,0,0,0,2,0
1773900626094,979,0.009521434,51,1.88,0.52359027,0,0,1,0,0,3,0,0,0,0,2,0
1773900682336,1030,0.009609681,51,1.391,0.51149005,0,0,1,0,0,3,0,0,0,0,2,0
1773900708451,1080,0.010408688,50,1.264,0.50263417,0,0,1,0,0,3,0,0,0,0,2,0
1773900748675,1091,1,11,0,0.58516854,0,0,1,0,0,3,0,0,0,30000,2,0
1773900766749,1135,0.020491928,44,1.254,0.57382023,0,0,1,0,0,3,0,0,0,0,2,0
1773900786850,1185,0.010122084,50,1.55,0.5620981,0,0,1,0,0,3,0,0,0,0,2,0
1773900817017,1185,1,0,0,0.6200416,0,0,1,0,0,3,0,0,0,30000,2,0
1773900837056,1239,0.008602196,54,1.404,0.608003,0,0,1,0,0,3,0,0,0,0,2,0
1773900883256,1279,0.79090434,40,0,0.6522718,0,0,1,0,0,3,0,0,0,30000,2,0
1773900889295,1292,0.24226566,13,2.218,0.6607314,0,0,1,0,0,3,0,0,0,0,2,0
1773900951598,1333,0.78656006,41,0,0.6960489,0,0,1,0,0,3,0,0,0,30000,2,0
1773900957668,1350,0.19780947,17,1.417,0.68453676,0,0,1,0,0,3,0,0,0,0,2,0
1773900977756,1401,0.00890371,51,1.29,0.673444,0,0,1,0,0,3,0,0,0,0,2,0
1773901029995,1455,0.008354081,54,1.426,0.6630505,0,0,1,0,0,3,0,0,0,0,2,0
1773901082297,1509,0.008394542,54,1.467,0.6533338,0,0,1,0,0,3,0,0,0,0,2,0
1773901102339,1559,0.009787506,50,1.285,0.64371324,0,0,1,0,0,3,0,0,0,0,2,0
1773901142528,1611,0.008303675,52,2.864,0.68367183,0,0,1,0,0,3,0,0,0,0,2,0
1773901182667,1661,0.009656923,50,1.279,0.67430884,0,0,1,0,0,3,0,0,0,0,2,0
1773901224842,1714,0.008267876,53,1.301,0.66524535,0,0,1,0,0,3,0,0,0,0,2,0
1773901244964,1764,0.009725374,50,1.378,0.6564341,0,0,1,0,0,3,0,0,0,0,2,0
1773901291187,1815,0.008941896,51,1.944,0.65419555,0,0,1,0,0,3,0,0,0,0,2,0
1773901345435,1869,0.00843548,54,1.349,0.64599603,0,0,1,0,0,3,0,0,0,0,2,0
1773901381570,1919,0.009794726,50,1.491,0.63826835,0,0,1,0,0,3,0,0,0,0,2,0
1773901421738,1972,0.008416414,53,1.362,0.63063884,0,0,1,0,0,3,0,0,0,0,2,0
1773901441847,2022,0.009880503,50,1.192,0.6239734,0,0,1,0,0,3,0,0,0,0,2,0
1773901490056,2074,0.00861397,52,1.9,0.62159956,0,0,1,0,0,3,0,0,0,0,2,0
1773901542378,2127,0.008484188,53,1.409,0.6146568,0,0,1,0,0,3,0,0,0,0,2,0
1773901562474,2177,0.009917634,50,1.572,0.60847485,0,0,1,0,0,3,0,0,0,0,2,0
1773901622691,2227,0.009581102,50,3.424,0.6690355,0,0,1,0,0,3,0,0,0,0,2,0
1773901674917,2280,0.008280319,53,1.307,0.662318,0,0,1,0,0,3,0,0,0,0,2,0
1773901694984,2331,0.008971633,51,1.411,0.65553844,0,0,1,0,0,3,0,0,0,0,2,0
1773901715072,2381,0.007868903,50,8.906,1.2302712,0,0,1,0,0,3,0,0,0,0,2,0
1773901775387,2432,0.0064902757,51,4.077,1.2660266,0,0,1,0,0,3,0,0,0,0,2,0
1773901831616,2484,0.0061151762,52,1.174,1.2554156,0,0,1,0,0,3,0,0,0,0,2,0
1773901881822,2536,0.0061354167,52,1.486,1.2436687,0,0,1,0,0,3,0,0,0,0,2,0
1773901901891,2586,0.007463695,50,1.341,1.2327017,0,0,1,0,0,3,0,0,0,0,2,0
1773901948167,2640,0.0060562105,54,1.567,1.2214657,0,0,1,0,0,3,0,0,0,0,2,0
1773902024438,2690,0.0074926238,50,2.055,1.2118775,0,0,1,0,0,3,0,0,0,0,2,0
1773902086704,2741,0.0067622946,51,1.879,1.201651,0,0,1,0,0,3,0,0,0,0,2,0
1773902148938,2792,0.0068349293,51,1.31,1.1919869,0,0,1,0,0,3,0,0,0,0,2,0
1773902211237,2820,0.8592642,28,0,1.2003591,0,0,1,0,0,3,0,0,0,30000,2,0
1773902219272,2846,0.113611616,26,1.146,1.191729,0,0,1,0,0,3,0,0,0,0,2,0
1773902239370,2896,0.0076480154,50,1.296,1.1825176,0,0,1,0,0,3,0,0,0,0,2,0
1773902279505,2920,0.8923758,24,0,1.1898597,0,0,1,0,0,3,0,0,0,30000,2,0
1773902295605,2947,0.105819546,27,1.458,1.1804495,0,0,1,0,0,3,0,0,0,0,2,0
1773902343809,2966,0.9403869,19,0,1.1870602,0,0,1,0,0,3,0,0,0,30000,2,0
1773902367920,2997,0.07738377,31,3.902,1.221925,0,0,1,0,0,3,0,0,0,0,2,0
1773902430181,3049,0.006174583,52,2.095,1.2235234,0,0,1,0,0,3,0,0,0,0,2,0
1773902482399,3100,0.0067154868,51,1.375,1.2234331,0,0,1,0,0,3,0,0,0,0,2,0
1773902502461,3150,0.007499467,50,1.308,1.2234116,0,0,1,0,0,3,0,0,0,0,2,0
1773902546705,3203,0.0060098567,53,1.19,1.2240311,0,0,1,0,0,3,0,0,0,0,2,0
1773902566795,3253,0.007489478,50,1.447,1.223295,0,0,1,0,0,3,0,0,0,0,2,0
1773902610997,3287,0.81837636,34,0,1.2389065,0,0,1,0,0,3,0,0,0,30000,2,0
1773902619040,3304,0.19659033,17,3.275,1.2566957,0,0,1,0,0,3,0,0,0,0,2,0
1773902675300,3328,0.8920324,24,0,1.2718107,0,0,1,0,0,3,0,0,0,30000,2,0
1773902691375,3355,0.10534529,27,5.268,1.3517482,0,0,1,0,0,3,0,0,0,0,2,0
1773902759695,3405,0.00705983,50,1.191,1.3514552,0,0,1,0,0,3,0,0,0,0,2,0
1773902821912,3456,0.006262437,51,1.346,1.3517833,0,0,1,0,0,3,0,0,0,0,2,0
1773902878144,3479,0.90072966,23,0,1.3491002,0,0,1,0,0,3,0,0,0,30000,2,0
1773902888203,3508,0.09074122,29,1.559,1.3488427,0,0,1,0,0,3,0,0,0,0,2,0
1773902908283,3558,0.007051934,50,1.408,1.3489093,0,0,1,0,0,3,0,0,0,0,2,0
1773902948457,3609,0.0062210197,51,2.13,1.350264,0,0,1,0,0,3,0,0,0,0,2,0
1773902968535,3659,0.007047526,50,1.43,1.3497312,0,0,1,0,0,3,0,0,0,0,2,0
1773903010743,3710,0.0062777423,51,1.501,1.3442372,0,0,1,0,0,3,0,0,0,0,2,0
1773903030831,3760,0.0070633735,50,1.496,1.3437438,0,0,1,0,0,3,0,0,0,0,2,0
1773903077075,3816,0.0065787756,56,1.277,1.3440611,0,0,1,0,0,3,0,0,0,0,2,0
1773903097153,3866,0.007080799,50,1.243,1.3441392,0,0,1,0,0,3,0,0,0,0,2,0
1773903139341,3920,0.005662866,54,1.486,1.329533,0,0,1,0,0,3,0,0,0,0,2,0
1773903159429,3973,0.0056337724,53,1.023,1.3307685,0,0,1,0,0,3,0,0,0,0,2,0
1773903207622,4025,0.005821072,52,1.513,1.3307946,0,0,1,0,0,3,0,0,0,0,2,0
1773903227709,4079,0.0057201763,54,1.358,1.3159957,0,0,1,0,0,3,0,0,0,0,2,0
1773903269917,4133,0.0057150917,54,1.441,1.3159121,0,0,1,0,0,3,0,0,0,0,2,0
1773903290039,4184,0.0064436537,51,1.309,1.3007655,0,0,1,0,0,3,0,0,0,0,2,0
1773903310091,4234,0.0072388262,50,1.186,1.2998176,0,0,1,0,0,3,0,0,0,0,2,0
1773903370336,4293,0.0103369625,59,1.401,1.2840946,0,0,1,0,0,3,0,0,0,0,2,0
1773903420569,4344,0.0065080444,51,1.198,1.2849741,0,0,1,0,0,3,0,0,0,0,2,0
1773903440664,4394,0.007275916,50,1.395,1.2845982,0,0,1,0,0,3,0,0,0,0,2,0
1773903474800,4402,1,8,0,1.3003457,0,0,1,0,0,3,0,0,0,30000,2,0
1773903508894,4444,0.023811089,42,1.507,1.300284,0,0,1,0,0,3,0,0,0,0,2,0
1773903561117,4495,0.0063779973,51,2.343,1.3026947,0,0,1,0,0,3,0,0,0,0,2,0
1773903609358,4545,0.0072483476,50,1.328,1.2939043,0,0,1,0,0,3,0,0,0,0,2,0
1773903661496,4598,0.005750015,53,1.229,1.2941182,0,0,1,0,0,3,0,0,0,0,2,0
1773903699643,4648,0.007253049,50,1.248,1.294331,0,0,1,0,0,3,0,0,0,0,2,0
1773903763894,4699,0.006466607,51,1.293,1.2946088,0,0,1,0,0,3,0,0,0,0,2,0
1773903806144,4751,0.005967206,52,1.264,1.294578,0,0,1,0,0,3,0,0,0,0,2,0
1773903826215,4801,0.0072302,50,1.565,1.2942139,0,0,1,0,0,3,0,0,0,0,2,0
1773903876431,4853,0.005973806,52,1.138,1.295411,0,0,1,0,0,3,0,0,0,0,2,0
1773903896536,4903,0.007247117,50,1.26,1.2957566,0,0,1,0,0,3,0,0,0,0,2,0
1773903934686,4955,0.0059661423,52,1.23,1.2955824,0,0,1,0,0,3,0,0,0,0,2,0
1773903954779,5005,0.007256732,50,1.117,1.2963111,0,0,1,0,0,3,0,0,0,0,2,0
1773904002956,5058,0.0057245307,53,1.492,1.2961812,0,0,1,0,0,3,0,0,0,0,2,0
1773904029043,5108,0.0072264136,50,1.519,1.2962036,0,0,1,0,0,3,0,0,0,0,2,0
1773904075251,5121,1,13,0,1.289635,0,0,1,0,0,3,0,0,0,30000,2,0
1773904109394,5159,0.03923171,38,1.114,1.2903703,0,0,1,0,0,3,0,0,0,0,2,0
1773904155591,5212,0.0057273502,53,1.781,1.2906821,0,0,1,0,0,3,0,0,0,0,2,0
1773904195778,5263,0.007969031,51,1.397,0.8956106,0,0,1,0,0,3,0,0,0,0,2,0
1773904241969,5314,0.0082523525,51,1.156,0.83071214,0,0,1,0,0,3,0,0,0,0,2,0
1773904346433,5370,0.0085703805,56,2.094,0.83520776,0,0,1,0,0,3,0,0,0,0,2,0
1773904396619,5424,0.0076119737,54,1.362,0.83510506,0,0,1,0,0,3,0,0,0,0,2,0
1773904416695,5474,0.008991195,50,1.218,0.83533126,0,0,1,0,0,3,0,0,0,0,2,0
1773904440802,5527,0.0074841296,53,1.959,0.8381356,0,0,1,0,0,3,0,0,0,0,2,0
1773904491013,5579,0.007723772,52,1.581,0.83424956,0,0,1,0,0,3,0,0,0,0,2,0
1773904531183,5632,0.0075503713,53,1.319,0.8318566,0,0,1,0,0,3,0,0,0,0,2,0
1773904569370,5682,0.0088776965,50,2.511,0.84382415,0,0,1,0,0,3,0,0,0,0,2,0
1773904609518,5732,0.009014822,50,1.42,0.8255717,0,0,1,0,0,3,0,0,0,0,2,0
1773904629605,5782,0.009021752,50,1.364,0.8249343,0,0,1,0,0,3,0,0,0,0,2,0
1773904669760,5836,0.0076701604,54,1.119,0.82561207,0,0,1,0,0,3,0,0,0,0,2,0
1773904703875,5888,0.0075928713,52,3.605,0.85021245,0,0,1,0,0,3,0,0,0,0,2,0
1773904752067,5945,0.009467235,57,1.278,0.85052776,0,0,1,0,0,3,0,0,0,0,2,0
1773904780163,5995,0.008811157,50,3.156,0.85581267,0,0,1,0,0,3,0,0,0,0,2,0
1773904822305,6045,0.009117112,50,1.391,0.80111915,0,0,1,0,0,3,0,0,0,0,2,0
1773904876480,6096,0.008134227,51,3.458,0.8348069,0,0,1,0,0,3,0,0,0,0,2,0
1773904928689,6149,0.0075268582,53,1.485,0.8346749,0,0,1,0,0,3,0,0,0,0,2,0
1773904976850,6201,0.0076023648,52,2.81,0.8500613,0,0,1,0,0,3,0,0,0,0,2,0
1773905018993,6252,0.008159178,51,1.371,0.8492645,0,0,1,0,0,3,0,0,0,0,2,0
1773905049142,6305,0.0074627944,53,1.534,0.84921414,0,0,1,0,0,3,0,0,0,0,2,0
1773905083295,6357,0.0077670407,52,1.359,0.82759047,0,0,1,0,0,3,0,0,0,0,2,0
1773905129481,6408,0.008365743,51,1.409,0.79844594,0,0,1,0,0,3,0,0,0,0,2,0
1773905179680,6458,0.0092170555,50,1.474,0.775346,0,0,1,0,0,3,0,0,0,0,2,0
1773905209826,6508,0.009883441,50,1.549,0.61674154,0,0,1,0,0,3,0,0,0,0,2,0
1773905233920,6559,0.009140211,51,1.478,0.61566883,0,0,1,0,0,3,0,0,0,0,2,0
1773905274116,6612,0.008350663,53,2.604,0.63083965,0,0,1,0,0,3,0,0,0,0,2,0
1773905324327,6662,0.0099692885,50,1.224,0.6028944,0,0,1,0,0,3,0,0,0,0,2,0
1773905382560,6720,0.011773335,58,1.534,0.60287905,0,0,1,0,0,3,0,0,0,0,2,0
1773905418742,6770,0.009966853,50,1.189,0.6041396,0,0,1,0,0,3,0,0,0,0,2,0
1773905450893,6821,0.0082626315,51,6.141,0.8300633,0,0,1,0,0,3,0,0,0,0,2,0
1773905499069,6871,1,50,219.897,27.08778,0,0,1,0,0,3,0,0,0,0,2,0
1773905533176,6925,0.2910293,54,1.462,27.08786,0,0,1,0,0,3,0,0,0,0,2,0
1773905553252,6975,0.29335806,50,1.354,27.088152,0,0,1,0,0,3,0,0,0,0,2,0
1773905583398,7030,0.29116353,55,1.994,27.08676,0,0,1,0,0,3,0,0,0,0,2,0
1773905607500,7080,0.29333872,50,1.17,27.08692,0,0,1,0,0,3,0,0,0,0,2,0
1773905637622,7130,0.2933503,50,1.215,27.087492,0,0,1,0,0,3,0,0,0,0,2,0
1773905681788,7183,0.29114616,53,1.188,27.087122,0,0,1,0,0,3,0,0,0,0,2,0
1773905707919,7236,0.29116952,53,1.14,27.087912,0,0,1,0,0,3,0,0,0,0,2,0
1773905750118,7288,0.29159856,52,1.205,27.088238,0,0,1,0,0,3,0,0,0,0,2,0
1773905786239,7339,0.292402,51,6.737,27.085352,0,0,1,0,0,3,0,0,0,0,2,0
1773905814333,7390,0.2922688,51,1.159,27.085684,0,0,1,0,0,3,0,0,0,0,2,0
1773905842480,7441,0.292238,51,1.429,27.085157,0,0,1,0,0,3,0,0,0,0,2,0
1773905872596,7494,0.29112577,53,1.049,27.085938,0,0,1,0,0,3,0,0,0,0,2,0
1773905892691,7544,0.29330087,50,1.287,27.08574,0,0,1,0,0,3,0,0,0,0,2,0
1773905938892,7597,0.2911164,53,1.237,27.086084,0,0,1,0,0,3,0,0,0,0,2,0
1773905983067,7647,0.29307505,50,3.833,27.07904,0,0,1,0,0,3,0,0,0,0,2,0
1773906009177,7699,0.29136136,52,1.368,27.079338,0,0,1,0,0,3,0,0,0,0,2,0
1773906039315,7753,0.29087117,54,1.315,27.081291,0,0,1,0,0,3,0,0,0,0,2,0
1773906071455,7803,0.29318193,50,1.354,27.081234,0,0,1,0,0,3,0,0,0,0,2,0
1773906115666,7856,0.29097086,53,1.419,27.08082,0,0,1,0,0,3,0,0,0,0,2,0
1773906163842,7908,0.29132003,52,2.094,27.079134,0,0,1,0,0,3,0,0,0,0,2,0
1773906208011,7958,0.29314005,50,1.23,27.079275,0,0,1,0,0,3,0,0,0,0,2,0
1773906244136,8012,0.29081875,54,1.3,27.079193,0,0,1,0,0,3,0,0,0,0,2,0
1773906298353,8064,0.2913683,52,1.368,27.07961,0,0,1,0,0,3,0,0,0,0,2,0
1773906348557,8118,0.29081723,54,1.323,27.079193,0,0,1,0,0,3,0,0,0,0,2,0
1773906390722,8169,0.2921058,51,1.188,27.079357,0,0,1,0,0,3,0,0,0,0,2,0
1773906432937,8220,0.2920329,51,1.876,27.078022,0,0,1,0,0,3,0,0,0,0,2,0
1773906465087,8277,0.29224557,57,1.475,27.077225,0,0,1,0,0,3,0,0,0,0,2,0
1773906499255,8328,0.29205456,51,1.303,27.077642,0,0,1,0,0,3,0,0,0,0,2,0
1773906547446,8382,0.2906439,54,3.404,27.074707,0,0,1,0,0,3,0,0,0,0,2,0
1773906579553,8433,0.29180178,51,2.225,27.069473,0,0,1,0,0,3,0,0,0,0,2,0
1773906615720,8483,0.2928864,50,1.21,27.069252,0,0,1,0,0,3,0,0,0,0,2,0
1773906649840,8537,0.29056424,54,1.538,27.069754,0,0,1,0,0,3,0,0,0,0,2,0
1773906675956,8587,0.2928886,50,1.383,27.069777,0,0,1,0,0,3,0,0,0,0,2,0
1773906702049,8639,0.29110014,52,1.418,27.06919,0,0,1,0,0,3,0,0,0,0,2,0
1773906758283,8690,0.2917295,51,3.535,27.067192,0,0,1,0,0,3,0,0,0,0,2,0
1773906796451,8741,0.29177147,51,1.477,27.066933,0,0,1,0,0,3,0,0,0,0,2,0
1773906816517,8791,0.29282784,50,1.211,27.066952,0,0,1,0,0,3,0,0,0,0,2,0
1773906856631,8841,0.29280144,50,1.804,27.067251,0,0,1,0,0,3,0,0,0,0,2,0
1773906898819,8898,0.29201183,57,1.354,27.067745,0,0,1,0,0,3,0,0,0,0,2,0
1773906932999,8949,0.2918267,51,1.121,27.068203,0,0,1,0,0,3,0,0,0,0,2,0
1773906969138,9002,0.29074526,53,1.07,27.071047,0,0,1,0,0,3,0,0,0,0,2,0
1773907017322,9056,0.29059425,54,1.504,27.07086,0,0,1,0,0,3,0,0,0,0,2,0
1773907055436,9107,0.29175058,51,2.961,27.068056,0,0,1,0,0,3,0,0,0,0,2,0
1773907109696,9158,0.29177627,51,1.504,27.067184,0,0,1,0,0,3,0,0,0,0,2,0
1773907143885,9208,0.29289487,50,1.527,27.070358,0,0,1,0,0,3,0,0,0,0,2,0
1773907184069,9264,0.29128775,56,1.217,27.070496,0,0,1,0,0,3,0,0,0,0,2,0
1773907216233,9315,0.29183123,51,4.914,27.069305,0,0,1,0,0,3,0,0,0,0,2,0
1773907268439,9366,0.29183704,51,1.39,27.069307,0,0,1,0,0,3,0,0,0,0,2,0
1773907306565,9418,0.2910589,52,3.123,27.069685,0,0,1,0,0,3,0,0,0,0,2,0
1773907334678,9469,0.29186702,51,1.265,27.070171,0,0,1,0,0,3,0,0,0,0,2,0
1773907376879,9519,0.2928826,50,2.217,27.071096,0,0,1,0,0,3,0,0,0,0,2,0
1773907402983,9569,0.29292044,50,1.39,27.071047,0,0,1,0,0,3,0,0,0,0,2,0
1773907441144,9619,0.29284608,50,2.242,27.069695,0,0,1,0,0,3,0,0,0,0,2,0
1773907491377,9672,0.29064682,53,1.767,27.068832,0,0,1,0,0,3,0,0,0,0,2,0
1773907531527,9727,0.2907714,55,1.132,27.069462,0,0,1,0,0,3,0,0,0,0,2,0
1773907557657,9779,0.29099715,52,2.769,27.067139,0,0,1,0,0,3,0,0,0,0,2,0
1773907603897,9830,0.2917984,51,1.326,27.06763,0,0,1,0,0,3,0,0,0,0,2,0
1773907646116,9888,0.29313695,58,1.262,27.068108,0,0,1,0,0,3,0,0,0,0,2,0
1773907672231,9940,0.29112744,52,1.427,27.070286,0,0,1,0,0,3,0,0,0,0,2,0
1773907702366,9990,0.2929295,50,1.087,27.070608,0,0,1,0,0,3,0,0,0,0,2,0
1773907742542,10040,0.29282272,50,2.407,27.068972,0,0,1,0,0,3,0,0,0,0,2,0
1773907790730,10093,0.29060405,53,1.917,27.067425,0,0,1,0,0,3,0,0,0,0,2,0
1773907814829,10143,0.2929228,50,1.44,27.071259,0,0,1,0,0,3,0,0,0,0,2,0
1773907848989,10194,0.8962973,51,200.625,24.682838,0,0,1,0,0,3,0,0,0,0,2,0
1773907889156,10245,0.23418954,51,3.14,24.680103,0,0,1,0,0,3,0,0,0,0,2,0
1773907929331,10300,0.2334352,55,7.731,24.678503,0,0,1,0,0,3,0,0,0,0,2,0
1773907967513,10352,0.23351444,52,1.31,24.679945,0,0,1,0,0,3,0,0,0,0,2,0
1773907999627,10404,0.23349775,52,1.391,24.679428,0,0,1,0,0,3,0,0,0,0,2,0
1773908027713,10455,0.23423429,51,1.244,24.67936,0,0,1,0,0,3,0,0,0,0,2,0
1773908061821,10505,0.23522563,50,1.624,24.678371,0,0,1,0,0,3,0,0,0,0,2,0
1773908081900,10556,0.23418695,51,1.411,24.677734,0,0,1,0,0,3,0,0,0,0,2,0
1773908112010,10609,0.2330351,53,1.322,24.677456,0,0,1,0,0,3,0,0,0,0,2,0
1773908140104,10663,0.23294108,54,1.826,24.679558,0,0,1,0,0,3,0,0,0,0,2,0
1773908222760,51,0.77427334,51,3.597,0,0,0,1,1,0,3,0,0,0,0,2,0
1773908264945,110,0.01132197,59,1.52,1.0385,0,0,1,0,0,3,0,0,0,0,2,0
1773908299074,160,0.0079726735,50,1.074,1.0994127,0,0,1,0,0,3,0,0,0,0,2,0
1773908345334,211,0.0076676514,51,1.684,0.9662084,0,0,1,0,0,3,0,0,0,0,2,0
1773908375484,262,0.007966712,51,1.371,0.89666927,0,0,1,0,0,3,0,0,0,0,2,0
1773908415664,312,0.008957576,50,1.326,0.84144646,0,0,1,0,0,3,0,0,0,0,2,0
1773908457854,364,0.003820425,52,7.161,2.043569,0,0,1,0,0,3,0,0,0,0,2,0
1773908493995,418,0.0031670101,54,5.49,2.147167,0,0,1,0,0,3,0,0,0,0,2,0
1773908538201,468,0.0048941504,50,3.895,2.0482392,0,0,1,0,0,3,0,0,0,0,2,0
1773908570354,521,0.0034915286,53,1.458,1.9983516,0,0,1,0,0,3,0,0,0,0,2,0
1773908620568,574,0.003609921,53,1.254,1.9603302,0,0,1,0,0,3,0,0,0,0,2,0
1773908660731,624,0.0053022793,50,1.184,1.9237887,0,0,1,0,0,3,0,0,0,0,2,0
1773908690864,674,0.0054389625,50,1.879,1.8578522,0,0,1,0,0,3,0,0,0,0,2,0
1773908731072,726,0.0031326723,52,9.27,2.4935758,0,0,1,0,0,3,0,0,0,0,2,0
1773908759221,777,0.0032149043,51,1.378,2.443246,0,0,1,0,0,3,0,0,0,0,2,0
1773908803397,827,0.004142818,50,1.071,2.406856,0,0,1,0,0,3,0,0,0,0,2,0
1773908831523,878,0.0033682324,51,3.773,2.3464615,0,0,1,0,0,3,0,0,0,0,2,0
1773908881763,928,0.0043438515,50,2.235,2.2846441,0,0,1,0,0,3,0,0,0,0,2,0
1773908909911,980,0.0030947363,52,3.611,2.2308512,0,0,1,0,0,3,0,0,0,0,2,0
1773908964097,1036,0.0038721573,56,1.206,2.2038395,0,0,1,0,0,3,0,0,0,0,2,0
1773909012335,1094,0.0059747095,58,3.302,2.1536884,0,0,1,0,0,3,0,0,0,0,2,0
1773909056512,1147,0.0031626446,53,1.787,2.1146648,0,0,1,0,0,3,0,0,0,0,2,0
1773909088654,1200,0.0032413634,53,3.347,2.0717492,0,0,1,0,0,3,0,0,0,0,2,0
1773909130860,1250,0.0049604964,50,0.968,2.0600948,0,0,1,0,0,3,0,0,0,0,2,0
1773909164974,1308,0.006339361,58,1.322,2.036499,0,0,1,0,0,3,0,0,0,0,2,0
1773909213181,1359,0.0040536416,51,6.346,2.1198964,0,0,1,0,0,3,0,0,0,0,2,0
1773909259413,1416,0.004994978,57,4.371,2.1016185,0,0,1,0,0,3,0,0,0,0,2,0
1773909291551,1466,0.0048158527,50,4.454,2.0851734,0,0,1,0,0,3,0,0,0,0,2,0
1773909335743,1518,0.22276525,52,92.963,16.559769,0,0,1,0,0,3,0,0,0,0,2,0
1773909373901,1568,0.083447054,50,2.42,16.294184,0,0,1,0,0,3,0,0,0,0,2,0
1773909418117,1618,0.08013799,50,1.965,16.04422,0,0,1,0,0,3,0,0,0,0,2,0
1773909464280,1671,0.074961506,53,1.391,15.809856,0,0,1,0,0,3,0,0,0,0,2,0
1773909498452,1724,0.071953624,53,5.516,15.568482,0,0,1,0,0,3,0,0,0,0,2,0
1773909542637,1782,0.07178181,58,1.312,15.355119,0,0,1,0,0,3,0,0,0,0,2,0
1773909590850,1833,0.06787701,51,1.049,15.152301,0,0,1,0,0,3,0,0,0,0,2,0
1773909616962,1885,0.06517218,52,8.474,14.949076,0,0,1,0,0,3,0,0,0,0,2,0
1773909665176,1939,0.061904233,54,6.01,14.745951,0,0,1,0,0,3,0,0,0,0,2,0
1773909695315,1991,0.060133144,52,1.952,14.561532,0,0,1,0,0,3,0,0,0,0,2,0
1773909745568,2041,0.39299184,50,113.706,22.355743,0,0,1,0,0,3,0,0,0,0,2,0
1773909791850,2095,0.17761825,54,3.543,22.086273,0,0,1,0,0,3,0,0,0,0,2,0
1773909829993,2150,0.17263171,55,4.524,21.822012,0,0,1,0,0,3,0,0,0,0,2,0
1773909876200,2203,0.16770202,53,2.866,21.574614,0,0,1,0,0,3,0,0,0,0,2,0
1773909920387,2257,0.16300026,54,6.807,21.322832,0,0,1,0,0,3,0,0,0,0,2,0
1773909952537,2308,0.15980509,51,1.751,21.098469,0,0,1,0,0,3,0,0,0,0,2,0
1773909996711,2358,0.15660167,50,3.218,20.873056,0,0,1,0,0,3,0,0,0,0,2,0
1773910028844,2409,0.15182206,51,1.156,20.666128,0,0,1,0,0,3,0,0,0,0,2,0
1773910070999,2460,0.14786263,51,4.129,20.450653,0,0,1,0,0,3,0,0,0,0,2,0
1773910099137,2513,0.14328893,53,1.052,20.256573,0,0,1,0,0,3,0,0,0,0,2,0
1773910151334,2567,0.13982372,54,1.106,20.06751,0,0,1,0,0,3,0,0,0,0,2,0
1773910191498,2621,0.1364648,54,6.789,19.86587,0,0,1,0,0,3,0,0,0,0,2,0
1773910225583,2674,0.13321994,53,1.751,19.684122,0,0,1,0,0,3,0,0,0,0,2,0
1773910265784,2725,0.1313612,51,1.533,19.508364,0,0,1,0,0,3,0,0,0,0,2,0
1773910299942,2782,0.1287828,57,1.245,19.338707,0,0,1,0,0,3,0,0,0,0,2,0
1773910344161,2835,0.124566816,53,1.522,19.17194,0,0,1,0,0,3,0,0,0,0,2,0
1773910388318,2892,0.12320445,57,2.297,19.0059,0,0,1,0,0,3,0,0,0,0,2,0
1773910420426,2943,0.12033983,51,6.539,18.835443,0,0,1,0,0,3,0,0,0,0,2,0
1773910468602,2993,0.118724935,50,1.375,18.682114,0,0,1,0,0,3,0,0,0,0,2,0
1773910518858,3044,0.11530215,51,1.372,18.532455,0,0,1,0,0,3,0,0,0,0,2,0
1773910546990,3095,0.112921335,51,1.949,18.383808,0,0,1,0,0,3,0,0,0,0,2,0
1773910595210,3146,0.11054707,51,3.866,18.232737,0,0,1,0,0,3,0,0,0,0,2,0
1773910625373,3196,0.10948287,50,1.11,18.094719,0,0,1,0,0,3,0,0,0,0,2,0
1773910671561,3247,0.106296785,51,1.854,17.956633,0,0,1,0,0,3,0,0,0,0,2,0
1773910699669,3300,0.10313901,53,1.593,17.822664,0,0,1,0,0,3,0,0,0,0,2,0
1773910745885,3351,0.10240599,51,6.97,17.68322,0,0,1,0,0,3,0,0,0,0,2,0
1773910794098,3404,0.10101366,53,3.532,17.683365,0,0,1,0,0,3,0,0,0,0,2,0
1773910828219,3454,0.1031136,50,2.582,17.679562,0,0,1,0,0,3,0,0,0,0,2,0
1773910870413,3505,0.1019802,51,2.993,17.672623,0,0,1,0,0,3,0,0,0,0,2,0
1773910928671,3565,0.10662332,60,1.361,17.673943,0,0,1,0,0,3,0,0,0,0,2,0
1773910964819,3615,0.10303365,50,1.716,17.67254,0,0,1,0,0,3,0,0,0,0,2,0
1773911009029,3669,0.10064684,54,4.622,17.663239,0,0,1,0,0,3,0,0,0,0,2,0
1773911051246,3719,0.10296618,50,2.301,17.669352,0,0,1,0,0,3,0,0,0,0,2,0
1773911081396,3770,0.101981506,51,3.324,17.67259,0,0,1,0,0,3,0,0,0,0,2,0
1773911127574,3820,0.10319829,50,1.109,17.681353,0,0,1,0,0,3,0,0,0,0,2,0
1773911177783,3871,0.10205459,51,2.572,17.677382,0,0,1,0,0,3,0,0,0,0,2,0
1773911211983,3921,0.10300833,50,2.579,17.672523,0,0,1,0,0,3,0,0,0,0,2,0
1773911258175,3971,0.10291227,50,2.93,17.666298,0,0,1,0,0,3,0,0,0,0,2,0
1773911288307,4027,0.10141416,56,6.223,17.65828,0,0,1,0,0,3,0,0,0,0,2,0
1773911336536,4077,0.10297472,50,6.793,17.65416,0,0,1,0,0,3,0,0,0,0,2,0
1773911382711,4128,0.10171392,51,1.695,17.652868,0,0,1,0,0,3,0,0,0,0,2,0
1773911410783,4180,0.10085645,52,3.099,17.645563,0,0,1,0,0,3,0,0,0,0,2,0
1773911460975,4230,0.10265508,50,2.538,17.648851,0,0,1,0,0,3,0,0,0,0,2,0
1773911487099,4281,0.101640455,51,2.165,17.649096,0,0,1,0,0,3,0,0,0,0,2,0
1773911533329,4331,0.102837466,50,6.637,17.646286,0,0,1,0,0,3,0,0,0,0,2,0
1773911579517,4383,0.100824706,52,2.129,17.642576,0,0,1,0,0,3,0,0,0,0,2,0
1773911613604,4434,0.10161164,51,1.975,17.646763,0,0,1,0,0,3,0,0,0,0,2,0
1773911661826,4484,0.102606796,50,2.217,17.645163,0,0,1,0,0,3,0,0,0,0,2,0
1773911712104,4535,0.1015648,51,3.835,17.644037,0,0,1,0,0,3,0,0,0,0,2,0
1773911744210,4585,0.10245204,50,4.409,17.63324,0,0,1,0,0,3,0,0,0,0,2,0
1773911792409,4635,0.10247542,50,1.248,17.633566,0,0,1,0,0,3,0,0,0,0,2,0
1773911824573,4692,0.10188006,57,1.42,17.643757,0,0,1,0,0,3,0,0,0,0,2,0
1773911868775,4744,0.10102417,52,1.213,17.65316,0,0,1,0,0,3,0,0,0,0,2,0
1773911918960,4795,0.10184675,51,1.528,17.661228,0,0,1,0,0,3,0,0,0,0,2,0
1773911953088,4849,0.051851135,54,4.054,13.860683,0,0,1,0,0,3,0,0,0,0,2,0
1773912005332,4899,0.054083128,50,2.296,13.86101,0,0,1,0,0,3,0,0,0,0,2,0
1773912067566,4952,0.05198763,53,1.463,13.862694,0,0,1,0,0,3,0,0,0,0,2,0
1773912131823,5003,0.053051416,51,2.242,13.859935,0,0,1,0,0,3,0,0,0,0,2,0
1773912182059,5055,0.05244289,52,1.249,13.866106,0,0,1,0,0,3,0,0,0,0,2,0
1773912220251,5110,0.052048024,55,3.963,13.860082,0,0,1,0,0,3,0,0,0,0,2,0
1773912272499,5160,0.05412059,50,1.101,13.859872,0,0,1,0,0,3,0,0,0,0,2,0
1773912326751,5211,0.052992947,51,4.426,13.851625,0,0,1,0,0,3,0,0,0,0,2,0
1773912374976,5261,0.053984884,50,2.739,13.852404,0,0,1,0,0,3,0,0,0,0,2,0
1773912413143,5314,0.05181218,53,3.252,13.849518,0,0,1,0,0,3,0,0,0,0,2,0
1773912459345,5364,0.005965835,50,2.184,1.6715715,0,0,1,0,0,3,0,0,0,0,2,0
1773912521591,5416,0.0046517565,52,2.384,1.6701133,0,0,1,0,0,3,0,0,0,0,2,0
1773912561784,5467,0.0051617716,51,5.474,1.6893047,0,0,1,0,0,3,0,0,0,0,2,0
1773912605955,5519,0.0045886324,52,2.429,1.6900473,0,0,1,0,0,3,0,0,0,0,2,0
1773912654145,5577,0.007646247,58,1.293,1.62427,0,0,1,0,0,3,0,0,0,0,2,0
1773912712377,5628,0.0053341417,51,1.89,1.6230361,0,0,1,0,0,3,0,0,0,0,2,0
1773912742506,5682,0.0046369596,54,1.334,1.631235,0,0,1,0,0,3,0,0,0,0,2,0
1773912790738,5732,0.006119526,50,2.228,1.6206156,0,0,1,0,0,3,0,0,0,0,2,0
1773912843005,5787,0.0049677053,55,3.161,1.6119938,0,0,1,0,0,3,0,0,0,0,2,0
1773912879171,5837,0.006182501,50,2.308,1.5992098,0,0,1,0,0,3,0,0,0,0,2,0
1773912927368,5889,0.0049395673,52,1.352,1.5955796,0,0,1,0,0,3,0,0,0,0,2,0
1773912975579,5942,0.0049055503,53,3.461,1.5149536,0,0,1,0,0,3,0,0,0,0,2,0
1773913005670,5992,0.006454705,50,2.543,1.510481,0,0,1,0,0,3,0,0,0,0,2,0
1773913057919,6043,0.005677457,51,3.015,1.5037587,0,0,1,0,0,3,0,0,0,0,2,0
1773913122210,6093,0.0065491903,50,1.206,1.5043653,0,0,1,0,0,3,0,0,0,0,2,0
1773913148325,6147,0.0049594766,54,6.739,1.5767121,0,0,1,0,0,3,0,0,0,0,2,0
1773913210641,6198,0.005455995,51,2.548,1.575758,0,0,1,0,0,3,0,0,0,0,2,0
1773913284986,6251,0.0049709114,53,1.563,1.5111814,0,0,1,0,0,3,0,0,0,0,2,0
1773913343198,6305,0.005010196,54,2.706,1.5015161,0,0,1,0,0,3,0,0,0,0,2,0
1773913413553,6360,0.005396667,55,1.381,1.5013875,0,0,1,0,0,3,0,0,0,0,2,0
1773913477776,6410,0.006410277,50,6.318,1.5614876,0,0,1,0,0,3,0,0,0,0,2,0
1773913517929,6420,1,10,0,1.5942646,0,0,1,0,0,3,0,0,0,30000,2,0
1773913537990,6460,0.030144507,40,1.265,1.5918739,0,0,1,0,0,3,0,0,0,0,2,0
1773913610359,6515,0.0050276285,55,4.721,1.6059862,0,0,1,0,0,3,0,0,0,0,2,0
1773913672618,6569,0.004709581,54,1.262,1.6104118,0,0,1,0,0,3,0,0,0,0,2,0
1773913716843,6584,0.9827605,15,0,1.5596745,0,0,1,0,0,3,0,0,0,30000,2,0
1773913738953,6621,0.043083176,37,1.453,1.5634891,0,0,1,0,0,3,0,0,0,0,2,0
1773913801209,6673,0.0050145644,52,1.403,1.5712217,0,0,1,0,0,3,0,0,0,0,2,0
1773913851445,6689,0.97121435,16,0,1.6042494,0,0,1,0,0,3,0,0,0,30000,2,0
1773913925771,6724,0.0529355,35,4.034,1.6063875,0,0,1,0,0,3,0,0,0,0,2,0
1773913994105,6782,0.007693523,58,1.155,1.6129024,0,0,1,0,0,3,0,0,0,0,2,0
1773914058368,6834,0.0048502134,52,4.179,1.6052601,0,0,1,0,0,3,0,0,0,0,2,0
1773914120659,6891,0.00652079,57,1.078,1.6161921,0,0,1,0,0,3,0,0,0,0,2,0
1773914186971,6941,0.0061655245,50,1.458,1.6197212,0,0,1,0,0,3,0,0,0,0,2,0
1773914265357,6997,0.0055747326,56,3.63,1.6143024,0,0,1,0,0,3,0,0,0,0,2,0
1773914333618,7049,0.0048514223,52,1.496,1.6202197,0,0,1,0,0,3,0,0,0,0,2,0
1773914411978,7100,0.0053004962,51,3.105,1.6214522,0,0,1,0,0,3,0,0,0,0,2,0
1773914514580,7148,0.7612067,48,0,1.6526387,0,0,1,0,0,3,0,0,0,30000,2,0
1773914522607,7154,0.33041644,6,2.221,1.5871696,0,0,1,0,0,3,0,0,0,0,2,0
1773914582961,7204,0.006396539,50,6.045,1.5579607,0,0,1,0,0,3,0,0,0,0,2,0
1773914629168,7255,0.0055457195,51,1.856,1.5568159,0,0,1,0,0,3,0,0,0,0,2,0
1773914665370,7310,0.005191703,55,1.47,1.559892,0,0,1,0,0,3,0,0,0,0,2,0
1773914715572,7360,0.0063324785,50,1.582,1.5636475,0,0,1,0,0,3,0,0,0,0,2,0
1773914759827,7413,0.0047658663,53,2.204,1.5635456,0,0,1,0,0,3,0,0,0,0,2,0
1773914789975,7465,0.005318053,52,1.642,1.4745185,0,0,1,0,0,3,0,0,0,0,2,0
1773914838295,7515,0.0066113276,50,1.535,1.4778576,0,0,1,0,0,3,0,0,0,0,2,0
1773914878572,7567,0.0052975346,52,1.725,1.479196,0,0,1,0,0,3,0,0,0,0,2,0
1773914930844,7618,0.0058041206,51,1.6,1.4820687,0,0,1,0,0,3,0,0,0,0,2,0
1773914985150,7672,0.0050855204,54,3.569,1.4782524,0,0,1,0,0,3,0,0,0,0,2,0
1773915035390,7723,0.005888822,51,1.496,1.4585849,0,0,1,0,0,3,0,0,0,0,2,0
1773915079632,7780,0.007053184,57,1.53,1.4558381,0,0,1,0,0,3,0,0,0,0,2,0
1773915131922,7831,0.0058981376,51,1.552,1.4546833,0,0,1,0,0,3,0,0,0,0,2,0
1773915196292,7887,0.0061753234,56,1.512,1.4516562,0,0,1,0,0,3,0,0,0,0,2,0
1773915248618,7937,0.006628217,50,3.215,1.4525992,0,0,1,0,0,3,0,0,0,0,2,0
1773915298840,7987,0.0067288545,50,1.749,1.4379776,0,0,1,0,0,3,0,0,0,0,2,0
1773915345114,8038,0.0059229718,51,2.094,1.4381969,0,0,1,0,0,3,0,0,0,0,2,0
1773915395374,8088,0.0067506214,50,1.37,1.439082,0,0,1,0,0,3,0,0,0,0,2,0
1773915443645,8140,0.005447938,52,1.144,1.446105,0,0,1,0,0,3,0,0,0,0,2,0
1773915505969,8190,0.0067146593,50,1.779,1.4417171,0,0,1,0,0,3,0,0,0,0,2,0
1773915546124,8243,0.005262465,53,1.246,1.4315964,0,0,1,0,0,3,0,0,0,0,2,0
1773915600381,8298,0.0056231264,55,2.287,1.4243805,0,0,1,0,0,3,0,0,0,0,2,0
1773915656687,8352,0.005410311,54,1.399,1.401726,0,0,1,0,0,3,0,0,0,0,2,0
1773915712961,8404,0.0052966345,52,8.243,1.5878997,0,0,1,0,0,3,0,0,0,0,2,0
1773915771365,8454,0.0062511684,50,1.854,1.5842373,0,0,1,0,0,3,0,0,0,0,2,0
1773915831573,8506,0.004967561,52,1.233,1.5894834,0,0,1,0,0,3,0,0,0,0,2,0
1773915867746,8561,0.0050646807,55,2.022,1.5896808,0,0,1,0,0,3,0,0,0,0,2,0
1773915913974,8613,0.0051179896,52,1.335,1.5408788,0,0,1,0,0,3,0,0,0,0,2,0
1773915968277,8666,0.0048574735,53,1.793,1.5413624,0,0,1,0,0,3,0,0,0,0,2,0
1773916030581,8717,0.005641533,51,1.063,1.5436953,0,0,1,0,0,3,0,0,0,0,2,0
1773916074824,8768,0.0056062657,51,1.432,1.5460708,0,0,1,0,0,3,0,0,0,0,2,0
1773916133180,8820,0.0050462997,52,2.666,1.5436366,0,0,1,0,0,3,0,0,0,0,2,0
1773916185468,8873,0.0048192823,53,2.522,1.5441768,0,0,1,0,0,3,0,0,0,0,2,0
1773916237778,8925,0.005107272,52,1.429,1.5421981,0,0,1,0,0,3,0,0,0,0,2,0
1773916306228,8977,0.0051044435,52,1.295,1.5458808,0,0,1,0,0,3,0,0,0,0,2,0
1773916364550,9027,0.006402189,50,1.407,1.5454504,0,0,1,0,0,3,0,0,0,0,2,0
1773916398710,9078,0.005573618,51,2.66,1.5380381,0,0,1,0,0,3,0,0,0,0,2,0
1773916456986,9131,0.0048718005,53,1.732,1.5380161,0,0,1,0,0,3,0,0,0,0,2,0
1773916503182,9182,0.005632823,51,1.541,1.5356027,0,0,1,0,0,3,0,0,0,0,2,0
1773916537330,9236,0.004837024,54,4.472,1.5589546,0,0,1,0,0,3,0,0,0,0,2,0
1773916585566,9288,0.005319834,52,3.473,1.458321,0,0,1,0,0,3,0,0,0,0,2,0
1773916637794,9340,0.00530318,52,3.187,1.4634949,0,0,1,0,0,3,0,0,0,0,2,0
1773916673967,9394,0.005176047,54,1.788,1.4624336,0,0,1,0,0,3,0,0,0,0,2,0
1773916726175,9446,0.0053235996,52,2.496,1.461348,0,0,1,0,0,3,0,0,0,0,2,0
1773916774403,9497,0.005819354,51,2.879,1.4613901,0,0,1,0,0,3,0,0,0,0,2,0
1773916812540,9550,0.0052623204,53,5.805,1.4396927,0,0,1,0,0,3,0,0,0,0,2,0
1773916872775,9600,0.0067237425,50,3.437,1.4232073,0,0,1,0,0,3,0,0,0,0,2,0
1773916924972,9651,0.0059570703,51,2.822,1.4205823,0,0,1,0,0,3,0,0,0,0,2,0
1773916977181,9701,0.0068598483,50,2.675,1.3863027,0,0,1,0,0,3,0,0,0,0,2,0
1773917009318,9752,0.0061018923,51,2.39,1.381719,0,0,1,0,0,3,0,0,0,0,2,0
1773917051477,9802,0.0069748755,50,2.493,1.3541622,0,0,1,0,0,3,0,0,0,0,2,0
1773917101674,9857,0.0059185023,55,1.263,1.3560773,0,0,1,0,0,3,0,0,0,0,2,0
1773917137837,9914,0.0074220616,57,1.501,1.355197,0,0,1,0,0,3,0,0,0,0,2,0
1773917184031,9968,0.005619126,54,2.793,1.3272934,0,0,1,0,0,3,0,0,0,0,2,0
1773917232224,10024,0.0066887257,56,1.305,1.3138962,0,0,1,0,0,3,0,0,0,0,2,0
1773917264350,10076,0.0059030354,52,1.263,1.3125789,0,0,1,0,0,3,0,0,0,0,2,0
1773917316543,10126,0.0071548405,50,3.3,1.2966676,0,0,1,0,0,3,0,0,0,0,2,0
1773917366727,10182,0.006648033,56,4.347,1.314886,0,0,1,0,0,3,0,0,0,0,2,0
1773917404866,10232,0.007122693,50,2.498,1.3111432,0,0,1,0,0,3,0,0,0,0,2,0
1773917451051,10286,0.005729557,54,2.319,1.300221,0,0,1,0,0,3,0,0,0,0,2,0
1773917503215,10337,0.0063967262,51,2.408,1.296674,0,0,1,0,0,3,0,0,0,0,2,0
1773917537386,10388,0.0064083245,51,2.469,1.2927622,0,0,1,0,0,3,0,0,0,0,2,0
1773917577575,10442,0.005856581,54,2.81,1.2621964,0,0,1,0,0,3,0,0,0,0,2,0
1773917658305,52,0.7600913,52,4.12,0,0,0,1,1,0,3,0,0,0,0,2,0
1773917698519,105,0.0006625861,53,1.115,1.5024999,0,0,1,0,0,3,0,0,0,0,2,0
1773917732623,156,0.00015012227,51,1.73,1.2961631,0,0,1,0,0,3,0,0,0,0,2,0
1773917780767,206,0.00022281446,50,3.625,1.2563962,0,0,1,0,0,3,0,0,0,0,2,0
1773917826920,263,0.0040951855,57,1.607,1.1983519,0,0,1,0,0,3,0,0,0,0,2,0
1773917863075,315,0.00037846062,52,5.68,1.6294925,0,0,1,0,0,3,0,0,0,0,2,0
1773917911237,366,0.0001528024,51,2.167,1.5351744,0,0,1,0,0,3,0,0,0,0,2,0
1773917941386,417,0.0001420127,51,2.249,1.45033,0,0,1,0,0,3,0,0,0,0,2,0
1773917981573,468,0.0001717235,51,1.533,1.4230098,0,0,1,0,0,3,0,0,0,0,2,0
1773918055949,503,1,35,0,1.5662742,0,0,1,0,0,3,0,0,0,30000,1,0
1773918114137,520,0.23257107,17,7.123,2.021716,0,0,1,0,0,3,0,0,0,0,3,0
1773918136223,573,0.29995126,53,1.595,1.9647266,0,0,1,0,0,3,0,0,0,0,3,0
1773918174360,623,0.28358966,50,1.628,1.9096209,0,0,1,0,0,3,0,0,0,0,3,0
1773918194423,676,0.29923362,53,6.504,2.0933964,0,0,1,0,0,3,0,0,0,0,3,0
1773918218530,731,0.312065,55,1.336,2.059955,0,0,1,0,0,3,0,0,0,0,3,0
1773918256721,784,0.29981744,53,2.202,1.9998026,0,0,1,0,0,3,0,0,0,0,3,0
1773918274812,835,0.28892344,51,1.124,1.9780686,0,0,1,0,0,3,0,0,0,0,3,0
1773918317004,892,0.32501137,57,1.134,1.9541436,0,0,1,0,0,3,0,0,0,0,3,0
1773918339075,948,0.31839553,56,1.286,1.923906,0,0,1,0,0,3,0,0,0,0,3,0
1773918385291,1004,0.31800842,56,3.17,1.880641,0,0,1,0,0,3,0,0,0,0,3,0
1773918405369,1055,0.28861716,51,2.678,1.8355317,0,0,1,0,0,3,0,0,0,0,3,0
1773918449639,1107,0.29436263,52,1.344,1.8109161,0,0,1,0,0,3,0,0,0,0,3,0
1773918473752,1165,0.33154693,58,2.029,1.7736883,0,0,1,0,0,3,0,0,0,0,3,0
1773918513905,1217,0.2942555,52,1.914,1.7399888,0,0,1,0,0,3,0,0,0,0,3,0
1773918534000,1267,0.28375733,50,1.329,1.7190251,0,0,1,0,0,3,0,0,0,0,3,0
1773918572162,1320,0.29927543,53,6.102,1.8291522,0,0,1,0,0,3,0,0,0,0,3,0
1773918594258,1377,0.3249767,57,1.112,1.8154129,0,0,1,0,0,3,0,0,0,0,3,0
1773918642505,1427,0.28373227,50,1.251,1.7976487,0,0,1,0,0,3,0,0,0,0,3,0
1773918672644,1427,0.24435137,0,0,1.8222132,0,0,1,0,0,3,0,0,0,30000,3,0
1773919950865,1427,1,1427,0,0,0,0,1,1,0,0,0,0,0,0,2,0
1773920069332,53,0.7588043,53,1.711,0,0,0,1,1,0,3,0,0,0,0,2,0
1773920113558,104,0.000077730074,51,2.471,0.38,0,0,1,0,0,3,0,0,0,0,2,0
1773920145723,157,0.00049551175,53,1.24,0.5071491,0,0,1,0,0,3,0,0,0,0,2,0
1773920195916,209,0.00020332295,52,1.238,0.50366306,0,0,1,0,0,3,0,0,0,0,2,0
1773920222040,259,0.00021708172,50,2.998,0.6980282,0,0,1,0,0,3,0,0,0,0,2,0
1773920272173,312,0.0005150583,53,3.81,0.94662017,0,0,1,0,0,3,0,0,0,0,2,0
1773920312340,362,0.00021605293,50,3.358,0.9590901,0,0,1,0,0,3,0,0,0,0,2,0
1773920344486,416,0.001056335,54,1.858,0.91511995,0,0,1,0,0,3,0,0,0,0,2,0
1773920390677,466,0.0002728172,50,1.391,0.9124153,0,0,1,0,0,3,0,0,0,0,2,0
1773920418782,517,0.0001628825,51,1.083,0.93154234,0,0,1,0,0,3,0,0,0,0,2,0
1773920462925,573,0.0027740984,56,2.117,0.88819087,0,0,1,0,0,3,0,0,0,0,2,0
1773920495120,623,0.00027453664,50,1.358,0.87579817,0,0,1,0,0,3,0,0,0,0,2,0
1773920547304,675,0.00062368833,52,7.654,1.7134061,0,0,1,0,0,3,0,0,0,0,2,0
1773920593457,726,0.0002097183,51,1.331,1.6775516,0,0,1,0,0,3,0,0,0,0,2,0
1773920629588,776,0.00030623787,50,5.262,1.7708118,0,0,1,0,0,3,0,0,0,0,2,0
1773920671765,826,0.0002676665,50,2.048,1.7196305,0,0,1,0,0,3,0,0,0,0,2,0
1773920713972,880,0.0012170054,54,2.107,1.6716583,0,0,1,0,0,3,0,0,0,0,2,0
1773920752095,935,0.0019914345,55,3.447,1.6380395,0,0,1,0,0,3,0,0,0,0,2,0
1773920796249,988,0.0006974336,53,0.987,1.6336633,0,0,1,0,0,3,0,0,0,0,2,0
1773920838396,1040,0.00026962135,52,3.469,1.6062889,0,0,1,0,0,3,0,0,0,0,2,0
1773920868525,1090,0.0003053855,50,1.247,1.5918326,0,0,1,0,0,3,0,0,0,0,2,0
1773920924765,1141,0.00016939729,51,1.831,1.5611887,0,0,1,0,0,3,0,0,0,0,2,0
1773920952884,1193,0.00034759473,52,5.282,1.6320674,0,0,1,0,0,3,0,0,0,0,2,0
1773920991016,1249,0.0030239567,56,1.505,1.6120318,0,0,1,0,0,3,0,0,0,0,2,0
1773921021103,1300,0.00015782646,51,4.23,1.6140712,0,0,1,0,0,3,0,0,0,0,2,0
1773921067235,1355,0.0020069105,55,4.208,1.612604,0,0,1,0,0,3,0,0,0,0,2,0
1773921113380,1409,0.0012125901,54,1.708,1.592706,0,0,1,0,0,3,0,0,0,0,2,0
1773921139459,1459,0.00029965144,50,1.323,1.5826379,0,0,1,0,0,3,0,0,0,0,2,0
1773921181577,1509,0.00023961891,50,2.614,1.5551233,0,0,1,0,0,3,0,0,0,0,2,0
1773921211694,1563,0.0012284238,54,1.205,1.5488437,0,0,1,0,0,3,0,0,0,0,2,0
1773921265886,1613,0.00031960796,50,1.02,1.5470333,0,0,1,0,0,3,0,0,0,0,2,0
1773921300022,1664,0.00019945344,51,1.263,1.5375012,0,0,1,0,0,3,0,0,0,0,2,0
1773921344151,1717,0.0010006459,53,7.676,1.7592769,0,0,1,0,0,3,0,0,0,0,2,0
1773921390295,1767,0.00027019787,50,2.014,1.7361113,0,0,1,0,0,3,0,0,0,0,2,0
1773921424394,1818,0.0002078126,51,1.439,1.7218428,0,0,1,0,0,3,0,0,0,0,2,0
1773921462525,1870,0.00028688082,52,3.653,1.7072831,0,0,1,0,0,3,0,0,0,0,2,0
1773921498635,1921,0.00017651817,51,1.962,1.6871072,0,0,1,0,0,3,0,0,0,0,2,0
1773921536747,1971,0.00029276696,50,1.513,1.6733488,0,0,1,0,0,3,0,0,0,0,2,0
1773921586957,2024,0.000673052,53,1.457,1.6606506,0,0,1,0,0,3,0,0,0,0,2,0
1773921627070,2076,0.00033805863,52,1.237,1.6518573,0,0,1,0,0,3,0,0,0,0,2,0
1773921671242,2127,0.00025137016,51,5.691,1.7049766,0,0,1,0,0,3,0,0,0,0,2,0
1773921719418,2178,0.00021037583,51,1.35,1.6946502,0,0,1,0,0,3,0,0,0,0,2,0
1773921753504,2229,0.00016232878,51,2.304,1.6751827,0,0,1,0,0,3,0,0,0,0,2,0
1773921801670,2281,0.0003051883,52,1.854,1.659074,0,0,1,0,0,3,0,0,0,0,2,0
1773921851827,2333,0.00032530355,52,1.433,1.6482269,0,0,1,0,0,3,0,0,0,0,2,0
1773921883943,2386,0.0006320089,53,3.797,1.6413524,0,0,1,0,0,3,0,0,0,0,2,0
1773921938179,2439,0.0010259998,53,7.797,1.793708,0,0,1,0,0,3,0,0,0,0,2,0
1773921988426,2489,0.00027263747,50,2.019,1.7770604,0,0,1,0,0,3,0,0,0,0,2,0
1773922024551,2540,0.00023097328,51,1.173,1.7706287,0,0,1,0,0,3,0,0,0,0,2,0
1773922076769,2593,0.000654093,53,2.411,1.7530054,0,0,1,0,0,3,0,0,0,0,2,0
1773922124894,2652,0.007461423,59,1.153,1.7470223,0,0,1,0,0,3,0,0,0,0,2,0
1773922185283,2706,0.0014374771,54,6.475,1.8119636,0,0,1,0,0,3,0,0,0,0,2,0
1773922227589,2756,0.00026736042,50,4.469,1.8121371,0,0,1,0,0,3,0,0,0,0,2,0
1773922320434,2812,0.003067101,56,2.071,1.7970657,0,0,1,0,0,3,0,0,0,0,2,0
1773922376676,2862,0.00030272116,50,1.473,1.7876328,0,0,1,0,0,3,0,0,0,0,2,0
1773922414936,2914,0.00037137777,52,5.265,1.8055731,0,0,1,0,0,3,0,0,0,0,2,0
1773922465488,2965,0.00020025282,51,1.717,1.7941216,0,0,1,0,0,3,0,0,0,0,2,0
1773922656256,51,0.7615364,51,3.601,0,0,0,1,1,0,3,0,0,0,0,2,0
1773924507460,54,0.7577922,54,1.125,0,0,0,1,1,0,3,0,0,0,0,2,0
1773924533546,104,0.0002644306,50,1.668,0.2715,0,0,1,0,0,3,0,0,0,0,2,0
1773924571681,160,0.0026160625,56,1.658,0.2536485,0,0,1,0,0,3,0,0,0,0,2,0
1773924607808,216,0.003980125,56,8.311,2.9644718,0,0,1,0,0,3,0,0,0,0,2,0
1773924647937,269,0.00093330577,53,1.435,2.7429106,0,0,1,0,0,3,0,0,0,0,2,0
1773924694132,325,0.0034224216,56,0.999,2.5961623,0,0,1,0,0,3,0,0,0,0,2,0
1773924720235,379,0.0014636923,54,1.341,2.4394834,0,0,1,0,0,3,0,0,0,0,2,0
1773924756356,431,0.00044769034,52,1.34,2.3068442,0,0,1,0,0,3,0,0,0,0,2,0
1773924782454,482,0.00023483932,51,2.017,2.175989,0,0,1,0,0,3,0,0,0,0,2,0
1773924822614,537,0.0021908274,55,4.506,2.1761656,0,0,1,0,0,3,0,0,0,0,2,0
1773924852725,590,0.0007797996,53,1.279,2.1015654,0,0,1,0,0,3,0,0,0,0,2,0
1773924894917,647,0.004439557,57,1.22,2.0355353,0,0,1,0,0,3,0,0,0,0,2,0
1773924923047,698,0.0004041273,51,6.609,2.2757573,0,0,1,0,0,3,0,0,0,0,2,0
1773924961203,754,0.0032614288,56,1.195,2.221692,0,0,1,0,0,3,0,0,0,0,2,0
1773924987304,805,0.00021313256,51,3.921,2.1762986,0,0,1,0,0,3,0,0,0,0,2,0
1773925027464,861,0.0032269007,56,1.208,2.133012,0,0,1,0,0,3,0,0,0,0,2,0
1773925053570,912,0.00025878756,51,1.353,2.0865326,0,0,1,0,0,3,0,0,0,0,2,0
1773925089691,963,0.00020842478,51,2.176,2.0285323,0,0,1,0,0,3,0,0,0,0,2,0
1773925121831,1016,0.00076690206,53,1.106,1.9957491,0,0,1,0,0,3,0,0,0,0,2,0
1773925157947,1067,0.0002453402,51,1.299,1.9584115,0,0,1,0,0,3,0,0,0,0,2,0
1773925192072,1117,0.00031397823,50,1.449,1.9195533,0,0,1,0,0,3,0,0,0,0,2,0
1773925228242,1167,0.0002724503,50,4.409,1.9286672,0,0,1,0,0,3,0,0,0,0,2,0
1773925258358,1222,0.0020624327,55,2.91,1.8897704,0,0,1,0,0,3,0,0,0,0,2,0
1773925300551,1272,0.00031674144,50,1.34,1.8614186,0,0,1,0,0,3,0,0,0,0,2,0
1773925326684,1326,0.0012454694,54,2.519,1.824194,0,0,1,0,0,3,0,0,0,0,2,0
1773925366838,1380,0.0012952534,54,1.162,1.802954,0,0,1,0,0,3,0,0,0,0,2,0
1773925392893,1431,0.09855608,51,78.302,14.463573,0,0,1,0,0,3,0,0,0,0,2,0
1773925433052,1482,0.053915747,51,2.528,14.211,0.15686275,0.15686275,1,0,0,3,0,0,0,0,2,3
1773925463231,1536,0.25079533,54,4.292,13.964455,0.3148148,0.15795206,1,0,0,3,0,0,0,0,2,6
1773925501366,1592,0.36944366,56,1.548,13.743627,0.35714287,0.04232806,1,0,0,3,0,0,0,0,2,7
1773925535466,1643,0.37826285,51,1.216,13.53558,0.39215687,0.035014004,1,0,0,3,0,0,0,0,2,7
1773925575641,1694,0.3866575,51,6.73,13.326833,0.39215687,0,1,0,0,3,0,0,0,0,2,7
1773925599767,1747,0.38701084,53,1.332,13.136955,0.3773585,-0.014798373,1,0,0,3,0,0,0,0,2,7
1773925641983,1802,0.38564128,55,1.849,12.951361,0.36363637,-0.013722122,1,0,0,3,0,0,0,0,2,7
1773925684167,1852,0.38503942,50,1.205,12.777734,0.4,0.03636363,1,0,0,3,0,0,0,0,2,7
1773925712268,1903,0.3925253,51,3.416,12.600344,0.39215687,-0.007843137,1,0,0,3,0,0,0,0,2,7
1773925736376,1953,0.39243644,50,1.162,12.440679,0.4,0.007843137,1,0,0,3,0,0,0,0,2,7
1773925776495,2006,0.3942095,53,1.908,12.282421,0.3773585,-0.02264151,1,0,0,3,0,0,0,0,2,7
1773925802629,2058,0.3902854,52,1.284,12.133571,0.3846154,0.0072568953,1,0,0,3,0,0,0,0,2,7
1773925842845,2109,0.39325538,51,1.981,11.986245,0.39215687,0.0075414777,1,0,0,3,0,0,0,0,2,7
1773925872963,2162,0.3951436,53,1.146,11.848586,0.3773585,-0.014798373,1,0,0,3,0,0,0,0,2,7
1773925909119,2213,0.39353105,51,1.17,11.715393,0.39215687,0.014798373,1,0,0,3,0,0,0,0,2,7
1773925935252,2266,0.3968313,53,1.22,11.586291,0.3773585,-0.014798373,1,0,0,3,0,0,0,0,2,7
1773925979426,2318,0.3946016,52,1.457,11.460121,0.3846154,0.0072568953,1,0,0,3,0,0,0,0,2,7
1773926021613,2368,0.39830676,50,1.285,11.33882,0.4,0.0153846145,1,0,0,3,0,0,0,0,2,7
1773926045705,2418,0.40223762,50,1.145,11.221985,0.4,0,1,0,0,3,0,0,0,0,2,7
1773926083858,2472,0.40271804,54,7.032,11.1116295,0.37037036,-0.029629648,1,0,0,3,0,0,0,0,2,7
1773926113980,2524,0.39614883,52,1.23,11.001829,0.3846154,0.014245033,1,0,0,3,0,0,0,0,2,7
1773926148118,2574,0.4012999,50,1.981,10.892136,0.4,0.0153846145,1,0,0,3,0,0,0,0,2,7
1773926176248,2632,0.4083512,58,1.624,10.786948,0.3448276,-0.055172414,1,0,0,3,0,0,0,0,2,7
1773926202380,2682,0.39574823,50,1.947,10.683601,0.4,0.055172414,1,0,0,3,0,0,0,0,2,7
1773926246565,2733,0.40594056,51,4.026,10.580461,0.39215687,-0.007843137,1,0,0,3,0,0,0,0,2,7
1773926284725,2786,0.40416905,53,3.26,10.48036,0.3773585,-0.014798373,1,0,0,3,0,0,0,0,2,7
1773926308809,2837,0.40256605,51,4.913,10.384124,0.39215687,0.014798373,1,0,0,3,0,0,0,0,2,7
1773926334878,2890,0.40545714,53,3.479,10.289347,0.3773585,-0.014798373,1,0,0,3,0,0,0,0,2,7
1773926387079,2946,0.40434915,56,5.533,10.199854,0.35714287,-0.02021563,1,0,0,3,0,0,0,0,2,7
1773926425238,2996,0.40174755,50,1.316,10.115093,0.4,0.04285714,1,0,0,3,0,0,0,0,2,7
1773926451288,3046,0.4103128,50,2.302,10.029213,0.4,0,1,0,0,3,0,0,0,0,2,7
1773926493436,3102,0.41126335,56,1.344,9.948491,0.35714287,-0.04285714,1,0,0,3,0,0,0,0,2,7
1773926521558,3155,0.4020668,53,8.265,9.882867,0.3773585,0.02021563,1,0,0,3,0,0,0,0,2,7
1773926559696,3212,0.4080345,57,1.086,9.807285,0.3508772,-0.0264813,1,0,0,3,0,0,0,0,2,7
1773926585827,3267,0.4013515,55,1.161,9.733088,0.36363637,0.012759179,1,0,0,3,0,0,0,0,2,7
1773926629972,3322,0.40440583,55,1.451,9.659437,0.36363637,0,1,0,0,3,0,0,0,0,2,7
1773926660097,3372,0.40758207,50,7.867,9.598181,0.4,0.03636363,1,0,0,3,0,0,0,0,2,7
1773926708506,3428,0.41393098,56,1.448,9.596921,0.35714287,-0.04285714,1,0,0,3,0,0,0,0,2,7
1773926767209,3482,0.40328982,54,1.105,9.599025,0.37037036,0.013227493,1,0,0,3,0,0,0,0,2,7
1773926801370,3535,0.40597644,53,3.858,9.595672,0.3773585,0.006988138,1,0,0,3,0,0,0,0,2,7
1773926839511,3592,0.40978584,57,1.498,9.581832,0.3508772,-0.0264813,1,0,0,3,0,0,0,0,2,7
1773926881852,3643,0.40368956,51,1.462,9.5817375,0.39215687,0.041279674,1,0,0,3,0,0,0,0,2,7
1773926920081,3697,0.4106776,54,1.477,9.579887,0.37037036,-0.021786511,1,0,0,3,0,0,0,0,2,7
1773926978689,3753,0.40717217,56,1.888,9.578103,0.35714287,-0.013227493,1,0,0,3,0,0,0,0,2,7
1773927022947,3813,0.41022968,60,1.394,9.577903,0.33333334,-0.023809522,1,0,0,3,0,0,0,0,2,7
1773927053133,3866,0.39973757,53,3.679,9.57577,0.3773585,0.044025153,1,0,0,3,0,0,0,0,2,7
1773927095384,3916,0.41008094,50,8.447,9.593745,0.4,0.02264151,1,0,0,3,0,0,0,0,2,7
1773927129689,3967,0.41261038,51,1.317,9.593596,0.39215687,-0.007843137,1,0,0,3,0,0,0,0,2,7
1773927182007,4026,0.41663697,59,1.753,9.591661,0.33898306,-0.05317381,1,0,0,3,0,0,0,0,2,7
1773927220234,4081,0.40033895,55,1.021,9.590384,0.36363637,0.024653316,1,0,0,3,0,0,0,0,2,7
1773927254368,4131,0.40685305,50,1.958,9.587823,0.4,0.03636363,1,0,0,3,0,0,0,0,2,7
1773927302592,4183,0.41239342,52,4.115,9.587938,0.3846154,-0.0153846145,1,0,0,3,0,0,0,0,2,7
1773927330760,4235,0.40897706,52,1.515,9.586797,0.3846154,0,1,0,0,3,0,0,0,0,2,7
1773927379055,4286,0.4101189,51,6.913,9.590772,0.39215687,0.0075414777,1,0,0,3,0,0,0,0,2,7
1773927419219,4337,0.411671,51,7.491,9.599897,0.39215687,0,1,0,0,3,0,0,0,0,2,7
1773927457437,4389,0.41050592,52,2.445,9.595416,0.3846154,-0.0075414777,1,0,0,3,0,0,0,0,2,7
1773927528086,4440,0.43867558,51,49.08,11.10812,0.39215687,0.0075414777,1,0,0,3,0,0,0,0,2,7
1773927566404,4490,0.40146086,50,2.755,11.103532,0.4,0.007843137,1,0,0,3,0,0,0,0,2,7
1773927618727,4544,0.5258708,54,96.241,15.88786,0.37037036,-0.029629648,1,0,0,3,0,0,0,0,2,7
1773927701449,4598,0.3663636,54,3.72,15.885683,0.37037036,0,1,0,0,3,0,0,0,0,2,7
1773927753733,4649,0.3667913,51,2.663,15.880391,0.39215687,0.021786511,1,0,0,3,0,0,0,0,2,7
1773927781923,4699,0.37170887,50,4.148,15.875974,0.4,0.007843137,1,0,0,3,0,0,0,0,2,7
1773927836381,4754,0.37348074,55,1.21,15.875741,0.36363637,-0.03636363,1,0,0,3,0,0,0,0,2,7
1773927888789,4804,0.38353965,50,1.765,13.017478,0.4,0.03636363,1,0,0,3,0,0,0,0,2,7
1773927912882,4854,0.39027086,50,1.501,13.021033,0.4,0,1,0,0,3,0,0,0,0,2,7
1773927965124,4905,0.3896206,51,1.09,13.029387,0.39215687,-0.007843137,1,0,0,3,0,0,0,0,2,7
1773927993234,4955,0.38861933,50,1.106,13.031249,0.4,0.007843137,1,0,0,3,0,0,0,0,2,7
1773928037441,5007,0.38943142,52,1.526,13.029961,0.3846154,-0.0153846145,1,0,0,3,0,0,0,0,2,7
1773928077627,5058,0.38646117,51,2.197,13.031809,0.39215687,0.0075414777,1,0,0,3,0,0,0,0,2,7
1773928101685,5113,0.38858116,55,1.456,13.031307,0.36363637,-0.028520495,1,0,0,3,0,0,0,0,2,7
1773928127791,5164,0.3825426,51,1.978,13.030866,0.39215687,0.028520495,1,0,0,3,0,0,0,0,2,7
1773928171980,5219,0.38865042,55,2.459,13.026429,0.36363637,-0.028520495,1,0,0,3,0,0,0,0,2,7
1773928212124,5278,0.386838,59,1.289,13.032609,0.33898306,-0.024653316,1,0,0,3,0,0,0,0,2,7
1773928240254,5331,0.37807766,53,7.504,13.028996,0.3773585,0.038375437,1,0,0,3,0,0,0,0,2,7
1773928286412,5386,0.38518065,55,2.089,13.028375,0.36363637,-0.013722122,1,0,0,3,0,0,0,0,2,7
1773928310517,5437,0.38253495,51,1.23,13.028608,0.39215687,0.028520495,1,0,0,3,0,0,0,0,2,7
1773928360764,5488,0.3879622,51,1.344,13.031046,0.39215687,0,1,0,0,3,0,0,0,0,2,7
1773928392883,5544,0.38953412,56,1.615,13.029094,0.35714287,-0.035014004,1,0,0,3,0,0,0,0,2,7
1773928433037,5599,0.3808543,55,1.604,13.027286,0.36363637,0.006493509,1,0,0,3,0,0,0,0,2,7
1773928489238,5652,0.3817777,53,1.98,13.024303,0.3773585,0.013722122,1,0,0,3,0,0,0,0,2,7
1773928519379,5704,0.38478693,52,2.975,13.01944,0.3846154,0.0072568953,1,0,0,3,0,0,0,0,2,7
1773928565577,5754,0.38725835,50,1.64,13.017974,0.4,0.0153846145,1,0,0,3,0,0,0,0,2,7
1773928591711,5804,0.39031628,50,1.801,13.015268,0.4,0,1,0,0,3,0,0,0,0,2,7
1773928653974,5856,0.389581,52,2.76,13.015194,0.3846154,-0.0153846145,1,0,0,3,0,0,0,0,2,7
1773928710294,5908,0.38620943,52,1.225,13.015216,0.3846154,0,1,0,0,3,0,0,0,0,2,7
1773928752488,5959,0.38654843,51,1.826,13.015762,0.39215687,0.0075414777,1,0,0,3,0,0,0,0,2,7
1773928782629,6015,0.38984254,56,4.234,13.009693,0.35714287,-0.035014004,1,0,0,3,0,0,0,0,2,7
1773928826815,6067,0.38093722,52,1.139,13.01293,0.3846154,0.027472526,1,0,0,3,0,0,0,0,2,7
1773928854918,6121,0.3865392,54,4.163,13.012803,0.37037036,-0.014245033,1,0,0,3,0,0,0,0,2,7
1773928895049,6172,0.38385275,51,2.172,13.015612,0.39215687,0.021786511,1,0,0,3,0,0,0,0,2,7
1773928921141,6222,0.38866714,50,1.134,13.023803,0.4,0.007843137,1,0,0,3,0,0,0,0,2,7
1773928963283,6276,0.38993943,54,3.074,13.024542,0.37037036,-0.029629648,1,0,0,3,0,0,0,0,2,7
1773929005515,6327,0.38386035,51,3.247,13.0256,0.39215687,0.021786511,1,0,0,3,0,0,0,0,2,7
1773929047755,6380,0.38769412,53,1.063,13.026684,0.3773585,-0.014798373,1,0,0,3,0,0,0,0,2,7
1773929087905,6435,0.38519397,55,2.195,13.027004,0.36363637,-0.013722122,1,0,0,3,0,0,0,0,2,7
1773929120039,6487,0.38203683,52,1.458,13.026546,0.3846154,0.020979017,1,0,0,3,0,0,0,0,2,7
1773929158165,6539,0.3861459,52,1.385,13.025517,0.3846154,0,1,0,0,3,0,0,0,0,2,7
1773929186302,6590,0.38655743,51,2.62,13.020354,0.39215687,0.0075414777,1,0,0,3,0,0,0,0,2,7
1773929228480,6641,0.3880337,51,1.297,13.0197935,0.39215687,0,1,0,0,3,0,0,0,0,2,7
1773929254620,6691,0.3889029,50,4.006,13.013768,0.4,0.007843137,1,0,0,3,0,0,0,0,2,7
1773929304886,6743,0.3906447,52,9.102,13.019346,0.3846154,-0.0153846145,1,0,0,3,0,0,0,0,2,7
1773929347059,6796,0.38647097,53,5.37,13.012972,0.3773585,-0.0072568953,1,0,0,3,0,0,0,0,2,7
1773929379313,6846,0.38628182,50,4.937,13.004677,0.4,0.02264151,1,0,0,3,0,0,0,0,2,7
1773929421615,6896,0.5781384,50,115.536,18.907095,0.4,0,1,0,0,3,0,0,0,0,2,7
1773929449715,6948,1,52,229.648,33.492188,0.3846154,-0.0153846145,1,0,0,3,0,0,0,0,2,7
1773929504323,7001,0.3101295,53,4.35,33.48238,0.3773585,-0.0072568953,1,0,0,3,0,0,0,0,2,7
1773929558579,7054,0.309089,53,1.239,33.48336,0.3773585,0,1,0,0,3,0,0,0,0,2,7
1773929590719,7106,0.30972752,52,3.275,33.47842,0.3846154,0.0072568953,1,0,0,3,0,0,0,0,2,7
1773929632850,7159,0.31008065,53,1.64,33.477417,0.3773585,-0.0072568953,1,0,0,3,0,0,0,0,2,7
1773929660921,7213,0.30884627,54,1.863,33.483727,0.37037036,-0.006988138,1,0,0,3,0,0,0,0,2,7
1773929701096,7263,0.31160715,50,1.089,33.502182,0.4,0.029629648,1,0,0,3,0,0,0,0,2,7
1773929745397,7314,0.31368202,51,2.536,33.497536,0.39215687,-0.007843137,1,0,0,3,0,0,0,0,2,7
1773929793668,7367,0.31119308,53,3.916,33.490185,0.3773585,-0.014798373,1,0,0,3,0,0,0,0,2,7
1773929846220,7418,0.40988505,51,79.269,34.546616,0.39215687,0.014798373,1,0,0,3,0,0,0,0,2,7
1773929923223,7474,0.31103843,56,2.774,34.5433,0.35714287,-0.035014004,1,0,0,3,0,0,0,0,2,7
1773929963500,7526,0.30666327,52,1.257,34.554493,0.3846154,0.027472526,1,0,0,3,0,0,0,0,2,7
1773929995651,7578,0.30978903,52,3.182,34.547718,0.3846154,0,1,0,0,3,0,0,0,0,2,7
1773930043847,7635,0.31077155,57,1.182,34.566544,0.3508772,-0.033738196,1,0,0,3,0,0,0,0,2,7
1773930083999,7685,0.30919835,50,1.444,34.58499,0.4,0.04912281,1,0,0,3,0,0,0,0,2,7
1773930118113,7741,0.3123884,56,1.459,34.589092,0.35714287,-0.04285714,1,0,0,3,0,0,0,0,2,7
1773930170378,7800,0.30935505,59,1.684,34.275177,0.33898306,-0.018159807,1,0,0,3,0,0,0,0,2,7
1773930216628,7852,0.30518037,52,1.392,34.280354,0.3846154,0.045632333,1,0,0,3,0,0,0,0,2,7
1773930254795,7903,0.3126552,51,2.937,32.53824,0.39215687,0.0075414777,1,0,0,3,0,0,0,0,2,7
1773930375064,51,0.76152694,51,1.84,0,0,0,1,1,0,3,0,0,0,0,2,0
1773930421409,103,0.00025069676,52,4.389,1.2744999,0,0,1,0,0,3,0,0,0,0,2,0
1773930463561,153,0.00028117537,50,1.413,1.3138707,0,0,1,0,0,3,0,0,0,0,2,0
1773930503722,207,0.0011420115,54,1.44,1.2347479,0,0,1,0,0,3,0,0,0,0,2,0
1773930557904,257,0.00024312804,50,2.023,1.1088204,0,0,1,0,0,3,0,0,0,0,2,0
1773930620170,311,0.0011116418,54,1.325,1.0658664,0,0,1,0,0,3,0,0,0,0,2,0
1773930652291,361,0.0002619603,50,1.595,1.0007982,0,0,1,0,0,3,0,0,0,0,2,0
1773930696490,411,0.00027542957,50,1.359,0.96012485,0,0,1,0,0,3,0,0,0,0,2,0
1773930728654,464,0.00054442586,53,1.397,0.92018425,0,0,1,0,0,3,0,0,0,0,2,0
1773930776879,515,0.00016122904,51,1.083,0.9039026,0,0,1,0,0,3,0,0,0,0,2,0
1773930817026,572,0.009518424,57,18.058,4.756487,0,0,1,0,0,3,0,0,0,0,2,0
1773930845111,626,0.0022367933,54,1.766,4.572812,0,0,1,0,0,3,0,0,0,0,2,0
1773930899319,680,0.0022012813,54,1.269,4.4216337,0,0,1,0,0,3,0,0,0,0,2,0
1773930953512,734,0.0021264132,54,1.468,4.2789435,0,0,1,0,0,3,0,0,0,0,2,0
1773930993672,784,0.00058540603,50,2.738,4.1340203,0,0,1,0,0,3,0,0,0,0,2,0
1773931039861,836,0.0008119038,52,3.859,4.009792,0,0,1,0,0,3,0,0,0,0,2,0
1773931088065,895,0.008682063,59,1.248,3.9103615,0,0,1,0,0,3,0,0,0,0,2,0
1773931120195,949,0.001956811,54,1.179,3.8191738,0,0,1,0,0,3,0,0,0,0,2,0
1773931162390,1002,0.0012585559,53,1.161,3.7341459,0,0,1,0,0,3,0,0,0,0,2,0
1773931206578,1052,0.00052949996,50,1.741,3.6451468,0,0,1,0,0,3,0,0,0,0,2,0
1773931236685,1102,0.0005096967,50,1.806,3.5614946,0,0,1,0,0,3,0,0,0,0,2,0
1773931288898,1153,0.00051460235,51,1.388,3.4884412,0,0,1,0,0,3,0,0,0,0,2,0
1773931315024,1203,0.0005176333,50,1.304,3.420834,0,0,1,0,0,3,0,0,0,0,2,0
1773931361220,1254,0.0004721122,51,1.567,3.3536844,0,0,1,0,0,3,0,0,0,0,2,0
1773931409422,1304,0.00041455126,50,3.111,3.2886033,0,0,1,0,0,3,0,0,0,0,2,0
1773931443548,1354,0.00046716633,50,1.55,3.229497,0,0,1,0,0,3,0,0,0,0,2,0
1773931495893,1411,0.04970362,57,52.346,9.945923,0,0,1,0,0,3,0,0,0,0,2,0
1773931542244,1462,0.0032791316,51,1.587,9.779431,0,0,1,0,0,3,0,0,0,0,2,0
1773931576434,1514,0.0036248385,52,2.279,9.615593,0,0,1,0,0,3,0,0,0,0,2,0
1773931634664,1565,0.003068509,51,1.681,9.464052,0,0,1,0,0,3,0,0,0,0,2,0
1773931688893,1617,0.0035066784,52,1.262,9.323013,0,0,1,0,0,3,0,0,0,0,2,0
1773931747167,1670,0.0040814863,53,1.685,9.184592,0,0,1,0,0,3,0,0,0,0,2,0
1773931787363,1721,0.0028179088,51,1.639,9.052461,0,0,1,0,0,3,0,0,0,0,2,0
1773931835627,1774,0.0038205911,53,4.799,8.919924,0,0,1,0,0,3,0,0,0,0,2,0
1773931877814,1824,0.0023370602,50,2.956,8.79279,0,0,1,0,0,3,0,0,0,0,2,0
1773931917966,1876,0.0029571457,52,3.666,8.669839,0,0,1,0,0,3,0,0,0,0,2,0
1773931990425,1927,0.7345204,51,209.667,34.46102,0,0,1,0,0,3,0,0,0,0,2,0
1773932093584,1984,0.052146334,57,1.465,34.02809,0,0,1,0,0,3,0,0,0,0,2,0
1773932149838,2038,0.043508127,54,1.461,33.611042,0,0,1,0,0,3,0,0,0,0,2,0
1773932182009,2088,0.03514199,50,4.873,33.19439,0,0,1,0,0,3,0,0,0,0,2,0
1773932230280,2138,0.034537528,50,2.68,32.80094,0,0,1,0,0,3,0,0,0,0,2,0
1773932278569,2188,0.033531066,50,4.212,32.41536,0,0,1,0,0,3,0,0,0,0,2,0
1773932306683,2242,0.039550282,54,3.516,32.04539,0,0,1,0,0,3,0,0,0,0,2,0
1773932362902,2292,0.031987384,50,4.407,31.684977,0,0,1,0,0,3,0,0,0,0,2,0
1773932405409,2342,0.031718425,50,1.297,31.348392,0,0,1,0,0,3,0,0,0,0,2,0
1773932449901,2399,0.04470265,57,1.66,31.0206,0,0,1,0,0,3,0,0,0,0,2,0
1773932516622,2457,0.046848744,58,1.29,30.70451,0,0,1,0,0,3,0,0,0,0,2,0
1773932587044,2513,0.04046507,56,2.909,30.391506,0,0,1,0,0,3,0,0,0,0,2,0
1773932637326,2563,0.028882068,50,3.283,30.086699,0,0,1,0,0,3,0,0,0,0,2,0
1773932703899,2613,0.028435016,50,2.333,29.79396,0,0,1,0,0,3,0,0,0,0,2,0
1773932760324,2648,1,0,0,0,0,0,0,0,0,0,0,0,0,0,0,0
1773932762336,2648,1,0,0,0,0,0,0,0,0,0,0,0,0,0,0,0
1773932768424,2668,0.036132988,55,3.075,29.507206,0,0,1,0,0,3,0,0,0,0,2,0
1773932828626,2713,1,0,0,0,0,0,0,0,0,0,0,0,0,0,0,0
1773932830632,2718,0.027215017,50,3.343,29.227821,0,0,1,0,0,3,0,0,0,0,2,0
1773932894896,2761,1,0,0,0,0,0,0,0,0,0,0,0,0,0,0,0
1773932898928,2769,0.028250773,51,12.008,28.95736,0,0,1,0,0,3,0,0,0,0,2,0
1773932965216,2825,0.03701287,56,11.402,28.692661,0,0,1,0,0,3,0,0,0,0,2,0
1773932993344,2875,0.026069667,50,1.098,28.444006,0,0,1,0,0,3,0,0,0,0,2,0
1773933053621,2926,0.026783967,51,1.086,28.201723,0,0,1,0,0,3,0,0,0,0,2,0
1773933093778,2939,1,0,0,0,0,0,0,0,0,0,0,0,0,0,0,0
1773933109844,2979,0.029237714,53,1.455,27.964119,0,0,1,0,0,3,0,0,0,0,2,0
1773933176098,3031,0.027112275,52,2.007,27.730524,0,0,1,0,0,3,0,0,0,0,2,0
1773933226360,3052,1,0,0,0,0,0,0,0,0,0,0,0,0,0,0,0
1773933244482,3081,0.024279317,50,1.513,27.504309,0,0,1,0,0,3,0,0,0,0,2,0
1773933292716,3105,1,0,0,0,0,0,0,0,0,0,0,0,0,0,0,0
1773933302769,3134,0.027882226,53,1.648,27.28308,0,0,1,0,0,3,0,0,0,0,2,0
1773933357001,3163,1,0,0,0,0,0,0,0,0,0,0,0,0,0,0,0
1773933359016,3163,1,0,0,0,0,0,0,0,0,0,0,0,0,0,0,0
1773933371064,3184,0.023472866,50,1.684,27.066975,0,0,1,0,0,3,0,0,0,0,2,0
1773933423302,3220,1,0,0,0,0,0,0,0,0,0,0,0,0,0,0,0
1773933431329,3241,0.035502184,57,1.284,26.857206,0,0,1,0,0,3,0,0,0,0,2,0
1773933489606,3271,1,0,0,0,0,0,0,0,0,0,0,0,0,0,0,0
1773933501652,3293,0.02517628,52,1.479,26.651604,0,0,1,0,0,3,0,0,0,0,2,0
1773933561855,3343,0.022310536,50,2.253,26.448442,0,0,1,0,0,3,0,0,0,0,2,0
1773933622135,3394,0.023510696,51,1.456,26.449581,0,0,1,0,0,3,0,0,0,0,2,0
1773933696482,3452,0.037207115,58,1.931,26.454657,0,0,1,0,0,3,0,0,0,0,2,0
1773933752728,3497,1,0,0,0,0,0,0,0,0,0,0,0,0,0,0,0
1773933754743,3497,1,0,0,0,0,0,0,0,0,0,0,0,0,0,0,0
1773933758760,3503,0.023129426,51,5.659,26.446802,0,0,1,0,0,3,0,0,0,0,2,0
1773933823014,3554,0.023285279,51,3.048,26.44256,0,0,1,0,0,3,0,0,0,0,2,0
1773933847094,3609,0.030040689,55,1.383,26.444452,0,0,1,0,0,3,0,0,0,0,2,0
1773933905269,3659,0.022034336,50,5.237,26.436443,0,0,1,0,0,3,0,0,0,0,2,0
1773933951419,3679,1,0,0,0,0,0,0,0,0,0,0,0,0,0,0,0
1773933953422,3679,1,0,0,0,0,0,0,0,0,0,0,0,0,0,0,0
1773933965474,3713,0.028093642,54,1.196,26.437714,0,0,1,0,0,3,0,0,0,0,2,0
1773934019691,3763,0.022265311,50,2.414,26.434662,0,0,1,0,0,3,0,0,0,0,2,0
1773934049787,3816,0.026295256,53,1.512,26.434303,0,0,1,0,0,3,0,0,0,0,2,0
1773934116079,3866,0.022436632,50,1.263,26.433708,0,0,1,0,0,3,0,0,0,0,2,0
1773934170266,3919,0.025889771,53,5.137,26.396194,0,0,1,0,0,3,0,0,0,0,2,0
1773934232566,3969,0.022159703,50,2.695,26.393791,0,0,1,0,0,3,0,0,0,0,2,0
1773934301585,4021,0.024401968,52,4.046,26.38727,0,0,1,0,0,3,0,0,0,0,2,0
1773934392435,4071,0.050123934,50,46.537,26.83722,0,0,1,0,0,3,0,0,0,0,2,0
1773934487283,4124,0.027070701,53,1.444,26.84117,0,0,1,0,0,3,0,0,0,0,2,0
1773934557754,4182,0.038112916,58,1.396,26.847889,0,0,1,0,0,3,0,0,0,0,2,0
1773934628492,4233,0.024047492,51,2.626,26.84358,0,0,1,0,0,3,0,0,0,0,2,0
1773934682811,4288,0.030780915,55,1.682,26.841862,0,0,1,0,0,3,0,0,0,0,2,0
1773934753087,4337,1,0,0,0,0,0,0,0,0,0,0,0,0,0,0,0
1773934755101,4339,0.023906559,51,3.844,26.834301,0,0,1,0,0,3,0,0,0,0,2,0
1773934783210,4390,0.023953235,51,9.309,26.825932,0,0,1,0,0,3,0,0,0,0,2,0
1773934829448,4445,0.030787276,55,1.443,26.827173,0,0,1,0,0,3,0,0,0,0,2,0
1773934879574,4497,0.0251792,52,4.18,26.819508,0,0,1,0,0,3,0,0,0,0,2,0
1773934903670,4547,0.023095159,50,1.332,26.819405,0,0,1,0,0,3,0,0,0,0,2,0
1773934967864,4597,0.022966089,50,2.142,26.8175,0,0,1,0,0,3,0,0,0,0,2,0
1773935024070,4652,0.03078833,55,1.38,26.82282,0,0,1,0,0,3,0,0,0,0,2,0
1773935092303,4704,0.025516504,52,1.331,26.823591,0,0,1,0,0,3,0,0,0,0,2,0
1773935150586,4758,0.027645087,54,1.53,26.22985,0,0,1,0,0,3,0,0,0,0,2,0
1773935182665,4811,0.025571495,53,7.004,26.22194,0,0,1,0,0,3,0,0,0,0,2,0
1773935231018,4862,0.023107883,51,1.488,26.224241,0,0,1,0,0,3,0,0,0,0,2,0
1773935285263,4899,1,0,0,0,0,0,0,0,0,0,0,0,0,0,0,0
1773935287277,4899,1,0,0,0,0,0,0,0,0,0,0,0,0,0,0,0
1773935291292,4919,0.034199975,57,1.275,26.225529,0,0,1,0,0,3,0,0,0,0,2,0
1773935359644,4970,0.023135426,51,1.329,26.225307,0,0,1,0,0,3,0,0,0,0,2,0
1773935427914,5022,0.02404927,52,7.291,26.217531,0,0,1,0,0,3,0,0,0,0,2,0
1773935451982,5073,0.023060968,51,1.712,26.217304,0,0,1,0,0,3,0,0,0,0,2,0
1773935520282,5124,0.022804257,51,4.021,26.218443,0,0,1,0,0,3,0,0,0,0,2,0
1773935550392,5124,1,0,0,0,0,0,0,0,0,0,0,0,0,0,0,0
1773935578522,5177,0.025730357,53,2.76,26.218906,0,0,1,0,0,3,0,0,0,0,2,0
1773935631324,5228,0.022809733,51,3.946,26.218395,0,0,1,0,0,3,0,0,0,0,2,0
1773935689939,5279,0.0011680673,51,3.138,5.8713326,0,0,1,0,0,3,0,0,0,0,2,0
1773935746487,5329,0.0011527723,50,1.384,5.871806,0,0,1,0,0,3,0,0,0,0,2,0
1773935811505,5381,0.0014907311,52,3.839,5.8655396,0,0,1,0,0,3,0,0,0,0,2,0
1773935886073,5434,0.002120644,53,1.474,5.869688,0,0,1,0,0,3,0,0,0,0,2,0
1773935952418,5488,0.0028601727,54,1.96,5.872141,0,0,1,0,0,3,0,0,0,0,2,0
1773936024786,5540,0.0014993023,52,4.276,5.872251,0,0,1,0,0,3,0,0,0,0,2,0
1773936056938,5593,0.0020529241,53,2.941,5.872805,0,0,1,0,0,3,0,0,0,0,2,0
1773936107132,5643,0.0013215871,50,7.752,5.894722,0,0,1,0,0,3,0,0,0,0,2,0
1773936167423,5697,0.0029234975,54,5.878,5.893671,0,0,1,0,0,3,0,0,0,0,2,0
1773936239671,5748,0.001281659,51,1.199,5.896453,0,0,1,0,0,3,0,0,0,0,2,0
1773936283849,5765,1,0,0,0,0,0,0,0,0,0,0,0,0,0,0,0
1773936307919,5799,0.0012259696,51,5.565,5.8929563,0,0,1,0,0,3,0,0,0,0,2,0
1773936366384,5856,0.006544605,57,1.416,5.899268,0,0,1,0,0,3,0,0,0,0,2,0
1773936432855,5912,0.0051099374,56,1.497,5.905614,0,0,1,0,0,3,0,0,0,0,2,0
1773936501506,5963,0.0011911689,51,2.756,5.9042964,0,0,1,0,0,3,0,0,0,0,2,0
1773936730938,53,1,53,6.05,0,0,0,1,1,0,3,0,0,0,0,3,0
1773936771101,107,0.30615056,54,1.109,2.4705,0,0,1,0,0,3,0,0,0,0,3,0
1773936807246,157,0.28358978,50,1.339,2.276935,0,0,1,0,0,3,0,0,0,0,3,0
1773936855442,216,0.24849643,59,1.21,2.093328,0.033898305,0.033898305,1,0,0,3,0,0,0,0,3,1
1773936909716,269,0.21165346,53,5.21,2.1782634,0.03773585,0.0038375445,1,0,0,3,0,0,0,0,3,1
1773936949873,321,0.20705976,52,1.219,2.0943975,0.03846154,0.0007256903,1,0,0,3,0,0,0,0,3,1
1773936994092,373,0.20644142,52,1.752,1.9665908,0.03846154,0,1,0,0,3,0,0,0,0,3,1
1773937040300,424,1,51,2.125,1.8450804,1.4509804,1.4125189,1,0,0,3,0,0,0,0,3,26
1773937072497,483,1,59,0.837,1.81653,1.2542373,-0.19674313,1,0,0,3,0,0,0,0,3,26
1773937118689,535,1,52,6.127,2.067947,1.4230769,0.16883957,1,0,0,3,0,0,0,0,3,26
1773937150811,585,1,50,2.498,1.9725465,9.12,7.6969233,1,0,0,3,0,0,0,0,3,154
1773937190975,637,1,52,1.304,1.9264607,10.673077,1.5530767,1,0,0,3,0,0,0,0,3,211
1773937229154,687,1,50,1.361,1.8784839,14.1,3.4269238,1,0,0,3,0,0,0,0,3,237
1773937267331,739,1,52,1.653,1.8224112,16.846153,2.7461529,1,0,0,3,0,0,0,0,3,294
1773937317519,792,1,53,6.182,1.9958099,16.528301,-0.31785202,1,0,0,3,0,0,0,0,3,294
1773937361715,842,1,50,1.896,1.9413809,17.52,0.9916992,1,0,0,3,0,0,0,0,3,294
1773937395842,898,1,56,1.114,1.9163306,15.642858,-1.8771429,1,0,0,3,0,0,0,0,3,294
1773937438065,949,1,51,2.376,1.8626664,17.17647,1.5336123,1,0,0,3,0,0,0,0,3,294
1773937466193,999,1,50,0.998,1.8445704,17.52,0.34353065,1,0,0,3,0,0,0,0,3,294
1773937508374,1050,1,51,1.74,1.8043262,17.17647,-0.34353065,1,0,0,3,0,0,0,0,3,294
1773937538509,1100,1,50,1.059,1.7840204,17.52,0.34353065,1,0,0,3,0,0,0,0,3,294
1773937576682,1150,1,50,1.954,1.7448653,17.52,0,1,0,0,3,0,0,0,0,3,294
1773937606805,1206,1,56,1.376,1.717412,15.642858,-1.8771429,1,0,0,3,0,0,0,0,3,294
1773937669066,1257,1,51,4.318,1.7297717,17.17647,1.5336123,1,0,0,3,0,0,0,0,3,294
1773937713274,1311,1,54,3.306,1.7047836,16.222221,-0.9542484,1,0,0,3,0,0,0,0,3,294
1773937763583,1366,1,55,4.569,1.7227211,15.927273,-0.29494858,1,0,0,3,0,0,0,0,3,294
1773937793690,1420,1,54,3.772,1.7078265,16.222221,0.29494858,1,0,0,3,0,0,0,0,3,294
1773937833872,1473,1,53,3.073,1.6800181,16.528301,0.30607986,1,0,0,3,0,0,0,0,3,294
1773937861973,1525,1,52,2.354,1.6512035,16.846153,0.31785202,1,0,0,3,0,0,0,0,3,294
1773937906126,1576,1,51,1.784,1.6292269,17.17647,0.33031654,1,0,0,3,0,0,0,0,3,294
1773937940268,1627,1,51,5.948,1.7132231,17.17647,0,1,0,0,3,0,0,0,0,3,294
1773937982498,1677,1,50,1.424,1.699305,17.52,0.34353065,1,0,0,3,0,0,0,0,3,294
1773938030861,1729,1,52,1.96,1.6768953,16.846153,-0.6738472,1,0,0,3,0,0,0,0,3,294
1773938064978,1779,1,50,1.131,1.6699853,17.52,0.6738472,1,0,0,3,0,0,0,0,3,294
1773938109186,1831,1,52,1.304,1.6586455,16.846153,-0.6738472,1,0,0,3,0,0,0,0,3,294
1773938143327,1888,1,57,1.164,1.6500752,15.368421,-1.4777327,1,0,0,3,0,0,0,0,3,294
1773938185534,1938,1,50,1.453,1.6358113,17.52,2.1515799,1,0,0,3,0,0,0,0,3,294
1773938227686,1992,1,54,1.511,1.6208885,16.222221,-1.2977791,1,0,0,3,0,0,0,0,3,294
1773938261797,2042,1,50,2.301,1.6000648,17.52,1.2977791,1,0,0,3,0,0,0,0,3,294
1773938316029,2092,1,50,2.996,1.582614,17.52,0,1,0,0,3,0,0,0,0,3,294
1773938362226,2145,1,53,1.652,1.5676941,16.528301,-0.9916992,1,0,0,3,0,0,0,0,3,294
1773938400393,2195,1,50,1.406,1.5563536,17.52,0.9916992,1,0,0,3,0,0,0,0,3,294
1773938446549,2248,1,53,1.718,1.5413722,16.528301,-0.9916992,1,0,0,3,0,0,0,0,3,294
1773938496754,2304,1,56,2.095,1.5242813,15.642858,-0.8854437,1,0,0,3,0,0,0,0,3,294
1773938530919,2358,1,54,1.167,1.5174303,16.222221,0.5793638,1,0,0,3,0,0,0,0,3,294
1773938587111,2411,1,53,5.394,1.5659056,16.528301,0.30607986,1,0,0,3,0,0,0,0,3,294
1773938635345,2463,1,52,3.768,1.5617287,16.846153,0.31785202,1,0,0,3,0,0,0,0,3,294
1773938671508,2515,1,52,23.784,3.4194984,16.846153,0,1,0,0,3,0,0,0,0,3,294
1773938721720,2568,1,53,1.181,3.3928573,16.528301,-0.31785202,1,0,0,3,0,0,0,0,3,294
1773938777962,2618,1,50,4.534,3.3671477,17.52,0.9916992,1,0,0,3,0,0,0,0,3,294
1773938840221,2674,1,56,3.376,3.3347077,15.642858,-1.8771429,1,0,0,3,0,0,0,0,3,294
1773938872367,2726,1,52,1.128,3.3112514,16.846153,1.2032957,1,0,0,3,0,0,0,0,3,294
1773938922572,2780,1,54,4.443,3.2870421,16.222221,-0.6239319,1,0,0,3,0,0,0,0,3,294
1773938970764,2832,1,52,2.426,3.257033,16.846153,0.6239319,1,0,0,3,0,0,0,0,3,294
1773939004896,2883,1,51,4.216,3.2323017,17.17647,0.33031654,1,0,0,3,0,0,0,0,3,294
1773939065175,2940,1,57,1.124,3.211872,15.368421,-1.8080492,1,0,0,3,0,0,0,0,3,294
1773939109380,2994,1,54,4.405,3.1900125,16.222221,0.8538008,1,0,0,3,0,0,0,0,3,294
1773939137461,3047,1,53,1.773,3.1657276,16.528301,0.30607986,1,0,0,3,0,0,0,0,3,294
1773939185612,3101,1,54,2.444,3.1392658,16.222221,-0.30607986,1,0,0,3,0,0,0,0,3,294
1773939239875,3156,1,55,1.408,3.1185596,15.927273,-0.29494858,1,0,0,3,0,0,0,0,3,294
1773939271988,3208,1,52,3.238,3.0933084,16.846153,0.91888046,1,0,0,3,0,0,0,0,3,294
1773939326236,3261,1,53,2.52,3.0685337,16.528301,-0.31785202,1,0,0,3,0,0,0,0,3,294
1773939378488,3313,1,52,2.842,3.044083,16.846153,0.31785202,1,0,0,3,0,0,0,0,3,294
1773939428734,3364,1,51,3.334,3.0208294,17.17647,0.33031654,1,0,0,3,0,0,0,0,3,294
1773939462868,3419,1,55,4.696,3.003015,15.927273,-1.249197,1,0,0,3,0,0,0,0,3,294
1773939509082,3469,1,50,1.177,3.0024192,17.52,1.5927277,1,0,0,3,0,0,0,0,3,294
1773939563291,3520,1,51,1.963,2.998581,17.17647,-0.34353065,1,0,0,3,0,0,0,0,3,294
1773939593413,3577,1,57,1.339,2.9975297,15.368421,-1.8080492,1,0,0,3,0,0,0,0,3,294
1773939653660,3627,1,50,1.806,2.985163,17.52,2.1515799,1,0,0,3,0,0,0,0,3,294
1773939707905,3679,1,52,1.823,2.9811463,16.846153,-0.6738472,1,0,0,3,0,0,0,0,3,294
1773939758098,3731,1,52,1.103,2.9857786,16.846153,0,1,0,0,3,0,0,0,0,3,294
1773939792243,3789,1,58,1.277,2.9905565,15.103448,-1.7427053,1,0,0,3,0,0,0,0,3,294
1773939848516,3841,1,52,5.863,3.0046725,16.846153,1.7427053,1,0,0,3,0,0,0,0,3,294
1773939906741,3894,1,53,5.799,2.9993541,16.528301,-0.31785202,1,0,0,3,0,0,0,0,3,294
1773939954971,3944,1,50,1.407,3.0043762,17.52,0.9916992,1,0,0,3,0,0,0,0,3,294
1773939987121,4003,1,59,1.021,3.006823,14.847458,-2.6725426,1,0,0,3,0,0,0,0,3,294
1773940037313,4053,1,50,1.649,3.0048454,17.52,2.6725426,1,0,0,3,0,0,0,0,3,294
1773940087514,4110,1,57,1.477,3.006,15.368421,-2.1515799,1,0,0,3,0,0,0,0,3,294
1773940117617,4164,1,54,1.113,2.9832146,16.222221,0.8538008,1,0,0,3,0,0,0,0,3,294
1773940173883,4219,1,55,1.02,2.9890893,15.927273,-0.29494858,1,0,0,3,0,0,0,0,3,294
1773940218054,4272,1,53,1.067,2.9894924,16.528301,0.60102844,1,0,0,3,0,0,0,0,3,294
1773940248177,4322,1,50,3.329,2.9900558,17.52,0.9916992,1,0,0,3,0,0,0,0,3,294
1773940302417,4373,1,51,1.278,2.9876976,17.17647,-0.34353065,1,0,0,3,0,0,0,0,3,294
1773940350641,4423,1,50,1.565,2.9887018,17.52,0.34353065,1,0,0,3,0,0,0,0,3,294
1773940386772,4475,1,52,2.468,2.9813557,16.846153,-0.6738472,1,0,0,3,0,0,0,0,3,294
1773940439073,4526,1,51,3.334,2.9803622,17.17647,0.33031654,1,0,0,3,0,0,0,0,3,294
1773940483245,4581,1,55,1.209,2.981674,15.927273,-1.249197,1,0,0,3,0,0,0,0,3,294
1773940529436,4632,1,51,3.758,2.977995,17.17647,1.249197,1,0,0,3,0,0,0,0,3,294
1773940571617,4683,1,51,1.478,2.981584,17.17647,0,1,0,0,3,0,0,0,0,3,294
1773940629897,4737,1,54,3.999,2.9769912,16.222221,-0.9542484,1,0,0,3,0,0,0,0,3,294
1773940661979,4787,1,50,1.487,2.9781415,17.52,1.2977791,1,0,0,3,0,0,0,0,3,294
1773940712129,4841,1,54,1.719,2.9802792,16.222221,-1.2977791,1,0,0,3,0,0,0,0,3,294
1773940760353,4891,1,50,1.524,2.9835014,17.52,1.2977791,1,0,0,3,0,0,0,0,3,294
1773940796535,4941,1,50,1.449,2.9853506,17.52,0,1,0,0,3,0,0,0,0,3,294
1773940844734,4994,1,53,1.636,2.959113,16.528301,-0.9916992,1,0,0,3,0,0,0,0,3,294
1773940899004,5045,1,51,77.094,9.697604,17.17647,0.64816856,1,0,0,3,0,0,0,0,3,294
1773940947278,5098,1,53,1.893,9.697804,16.528301,-0.64816856,1,0,0,3,0,0,0,0,3,294
1773940975385,5149,1,51,1.237,9.697361,17.17647,0.64816856,1,0,0,3,0,0,0,0,3,294
1773941019601,5199,1,50,2.287,9.6942,17.52,0.34353065,1,0,0,3,0,0,0,0,3,294
1773941047720,5252,1,53,1.618,9.692434,16.528301,-0.9916992,1,0,0,3,0,0,0,0,3,294
1773941093901,5307,1,55,1.091,9.693912,15.927273,-0.60102844,1,0,0,3,0,0,0,0,3,294
1773941126011,5358,1,51,1.335,9.694586,17.17647,1.249197,1,0,0,3,0,0,0,0,3,294
1773941180204,5413,1,55,6.063,9.696736,15.927273,-1.249197,1,0,0,3,0,0,0,0,3,294
1773941244474,5466,1,53,1.679,9.699938,16.528301,0.60102844,1,0,0,3,0,0,0,0,3,294
1773941298688,5518,1,52,1.423,9.700786,16.846153,0.31785202,1,0,0,3,0,0,0,0,3,294
1773941370996,5571,1,53,79.809,13.516908,16.528301,-0.31785202,1,0,0,3,0,0,0,0,3,294
1773941419222,5621,1,50,1.062,13.519685,17.52,0.9916992,1,0,0,3,0,0,0,0,3,294
1773941453375,5676,1,55,4.409,13.514835,15.927273,-1.5927277,1,0,0,3,0,0,0,0,3,294
1773941509634,5726,1,50,4.993,13.505837,17.52,1.5927277,1,0,0,3,0,0,0,0,3,294
1773941569906,5779,1,53,3.337,13.507649,16.528301,-0.9916992,1,0,0,3,0,0,0,0,3,294
1773941626151,5829,1,50,2.812,13.509656,17.52,0.9916992,1,0,0,3,0,0,0,0,3,294
1773941652249,5879,1,50,1.147,13.3106165,17.52,0,1,0,0,3,0,0,0,0,3,294
1773941712511,5932,1,53,1.298,13.310137,16.528301,-0.9916992,1,0,0,3,0,0,0,0,3,294
1773941764706,5982,1,50,4.332,13.310209,17.52,0.9916992,1,0,0,3,0,0,0,0,3,294
1773941822992,6033,1,51,1.333,13.315893,17.17647,-0.34353065,1,0,0,3,0,0,0,0,3,294
1773941887291,6084,1,51,1.515,13.314354,17.17647,0,1,0,0,3,0,0,0,0,3,294
1773941917398,6142,1,58,1.533,13.320172,15.103448,-2.073022,1,0,0,3,0,0,0,0,3,294
1773941973569,6192,1,50,3.239,13.318415,17.52,2.4165525,1,0,0,3,0,0,0,0,3,294
1773942023754,6248,1,56,3.07,13.319799,15.642858,-1.8771429,1,0,0,3,0,0,0,0,3,294
1773942057931,6301,1,53,1.416,13.318635,16.528301,0.8854437,1,0,0,3,0,0,0,0,3,294
1773942106149,6357,1,56,1.484,13.324468,15.642858,-0.8854437,1,0,0,3,0,0,0,0,3,294
1773942166451,6411,1,54,2.48,13.322392,16.222221,0.5793638,1,0,0,3,0,0,0,0,3,294
1773942216698,6467,1,56,1.181,13.326556,15.642858,-0.5793638,1,0,0,3,0,0,0,0,3,294
1773942250825,6518,1,51,114.85,19.083149,17.17647,1.5336123,1,0,0,3,0,0,0,0,3,294
1773942298975,6569,1,51,1.606,19.088428,17.17647,0,1,0,0,3,0,0,0,0,3,294
1773942353212,6619,1,50,1.444,19.09228,17.52,0.34353065,1,0,0,3,0,0,0,0,3,294
1773942383342,6674,1,55,2.386,19.09367,15.927273,-1.5927277,1,0,0,3,0,0,0,0,3,294
1773942437523,6733,1,59,0.969,19.101734,14.847458,-1.0798149,1,0,0,3,0,0,0,0,3,294
1773942483712,6787,1,54,1.347,19.110643,16.222221,1.3747635,1,0,0,3,0,0,0,0,3,294
1773942515883,6837,1,50,1.011,19.111343,17.52,1.2977791,1,0,0,3,0,0,0,0,3,294
1773942566140,6887,1,50,1.019,19.11501,17.52,0,1,0,0,3,0,0,0,0,3,294
1773942614419,6937,1,50,1.832,19.113136,17.52,0,1,0,0,3,0,0,0,0,3,294
1773942644536,6990,1,53,1.212,19.115429,16.528301,-0.9916992,1,0,0,3,0,0,0,0,3,294
1773942700771,7040,1,50,2.522,19.113106,17.52,0.9916992,1,0,0,3,0,0,0,0,3,294
1773942748959,7090,1,50,1.183,19.112774,17.52,0,1,0,0,3,0,0,0,0,3,294
1773942779066,7144,1,54,27.025,19.27434,16.222221,-1.2977791,1,0,0,3,0,0,0,0,3,294
1773942821240,7196,1,52,3.211,19.278826,16.846153,0.6239319,1,0,0,3,0,0,0,0,3,294
1773942863410,7252,1,56,2.169,19.286446,15.642858,-1.2032957,1,0,0,3,0,0,0,0,3,294
1773942901555,7308,1,56,1.115,19.287693,15.642858,0,1,0,0,3,0,0,0,0,3,294
1773942953758,7363,1,55,3.786,19.278374,15.927273,0.28441525,1,0,0,3,0,0,0,0,3,294
1773942981886,7416,1,53,1.322,19.279728,16.528301,0.60102844,1,0,0,3,0,0,0,0,3,294
1773943026116,7468,1,52,3.357,19.27336,16.846153,0.31785202,1,0,0,3,0,0,0,0,3,294
1773943072318,7521,1,53,1.244,19.272781,16.528301,-0.31785202,1,0,0,3,0,0,0,0,3,294
1773943104496,7572,1,51,2.438,19.267155,17.17647,0.64816856,1,0,0,3,0,0,0,0,3,294
1773943150672,7624,1,52,2.106,19.262897,16.846153,-0.33031654,1,0,0,3,0,0,0,0,3,294
1773943192843,7676,1,52,2.981,19.263882,16.846153,0,1,0,0,3,0,0,0,0,3,294
1773943226931,7731,1,55,0.878,19.265688,15.927273,-0.91888046,1,0,0,3,0,0,0,0,3,294
1773943273188,7781,1,50,1.74,19.26498,17.52,1.5927277,1,0,0,3,0,0,0,0,3,294
1773943303348,7835,1,54,1.344,19.269287,16.222221,-1.2977791,1,0,0,3,0,0,0,0,3,294
1773943349523,7887,1,52,2.879,19.270584,16.846153,0.6239319,1,0,0,3,0,0,0,0,3,294
1773943375629,7938,1,51,1.657,19.268702,17.17647,0.33031654,1,0,0,3,0,0,0,0,3,294
1773943429851,7988,1,50,67.658,20.696995,17.52,0.34353065,1,0,0,3,0,0,0,0,3,294
1773943472019,8043,1,55,1.193,20.698345,15.927273,-1.5927277,1,0,0,3,0,0,0,0,3,294
1773943504139,8097,1,54,1.916,20.705648,16.222221,0.29494858,1,0,0,3,0,0,0,0,3,294
1773943552325,8148,1,51,3.657,20.697407,17.17647,0.9542484,1,0,0,3,0,0,0,0,3,294
1773943598503,8199,1,51,2.711,20.69336,17.17647,0,1,0,0,3,0,0,0,0,3,294
1773943634665,8251,1,52,2.176,20.690508,16.846153,-0.33031654,1,0,0,3,0,0,0,0,3,294
1773943682917,8301,1,50,1.868,20.688612,17.52,0.6738472,1,0,0,3,0,0,0,0,3,294
1773943739159,8336,1,0,0,0,0,0,0,0,0,0,0,0,0,0,0,0
1773943741172,8336,1,0,0,0,0,0,0,0,0,0,0,0,0,0,0,0
1773943751232,8351,1,50,4.792,20.677975,17.52,0,1,0,0,3,0,0,0,0,3,294
1773943805460,8403,1,52,1.509,18.749378,16.846153,-0.6738472,1,0,0,3,0,0,0,0,3,294
1773943839601,8456,1,53,4.497,18.742125,16.528301,-0.31785202,1,0,0,3,0,0,0,0,3,294
1773943875737,8463,1,0,0,0,0,0,0,0,0,0,0,0,0,0,0,0
1773943899845,8506,1,50,1.432,18.74127,17.52,0.9916992,1,0,0,3,0,0,0,0,3,294
1773943964143,8558,1,52,4.055,18.736254,16.846153,-0.6738472,1,0,0,3,0,0,0,0,3,294
1773944034408,8612,1,54,1.407,18.737144,16.222221,-0.6239319,1,0,0,3,0,0,0,0,3,294
1773944096673,8663,1,51,2.719,18.73077,17.17647,0.9542484,1,0,0,3,0,0,0,0,3,294
1773944164972,8713,1,50,3.11,18.72425,17.52,0.34353065,1,0,0,3,0,0,0,0,3,294
1773944225219,8767,1,54,5.396,18.724754,16.222221,-1.2977791,1,0,0,3,0,0,0,0,3,294
1773944287486,8819,1,52,2.31,18.72231,16.846153,0.6239319,1,0,0,3,0,0,0,0,3,294
1773944333691,8878,1,59,1.959,18.720097,14.847458,-1.9986954,1,0,0,3,0,0,0,0,3,294
1773944408090,8929,1,51,1.451,16.30125,17.17647,2.329012,1,0,0,3,0,0,0,0,3,294
1773944472309,8983,1,54,2.692,16.295689,16.222221,-0.9542484,1,0,0,3,0,0,0,0,3,294
1773944536583,9029,1,0,0,0,0,0,0,0,0,0,0,0,0,0,0,0
1773944540594,9036,1,53,0.968,16.304703,16.528301,0.30607986,1,0,0,3,0,0,0,0,3,294
1773944600856,9079,1,0,0,0,0,0,0,0,0,0,0,0,0,0,0,0
1773944602868,9079,1,0,0,0,0,0,0,0,0,0,0,0,0,0,0,0
1773944608882,9088,1,52,1.1,16.313347,16.846153,0.31785202,1,0,0,3,0,0,0,0,3,294
1773944673193,9140,1,52,4.389,16.31186,16.846153,0,1,0,0,3,0,0,0,0,3,294
1773944737490,9196,1,56,1.128,16.317291,15.642858,-1.2032957,1,0,0,3,0,0,0,0,3,294
1773944805792,9247,1,51,1.799,16.314884,17.17647,1.5336123,1,0,0,3,0,0,0,0,3,294
1773944849976,9299,1,52,2.657,16.310495,16.846153,-0.33031654,1,0,0,3,0,0,0,0,3,294
1773944886123,9352,1,53,1.431,16.317308,16.528301,-0.31785202,1,0,0,3,0,0,0,0,3,294
1773944950425,9402,1,50,2.395,16.313793,17.52,0.9916992,1,0,0,3,0,0,0,0,3,294
1773944996580,9454,1,52,1.071,16.315512,16.846153,-0.6738472,1,0,0,3,0,0,0,0,3,294
1773945032716,9506,1,52,1.465,16.315758,16.846153,0,1,0,0,3,0,0,0,0,3,294
1773945094984,9557,1,51,1.691,16.31997,17.17647,0.33031654,1,0,0,3,0,0,0,0,3,294
1773945157247,9610,1,53,1.664,16.323893,16.528301,-0.64816856,1,0,0,3,0,0,0,0,3,294
1773945209504,9661,1,51,2.194,16.32131,17.17647,0.64816856,1,0,0,3,0,0,0,0,3,294
1773945249647,9712,1,51,1.049,16.322983,17.17647,0,1,0,0,3,0,0,0,0,3,294
1773945293840,9763,1,51,4.902,16.319258,17.17647,0,1,0,0,3,0,0,0,0,3,294
1773945340013,9814,1,51,5.153,16.310968,17.17647,0,1,0,0,3,0,0,0,0,3,294
1773945380235,9865,1,51,2.394,8.709055,17.17647,0,1,0,0,3,0,0,0,0,3,294
1773945416406,9915,1,50,1.146,8.710906,17.52,0.34353065,1,0,0,3,0,0,0,0,3,294
1773945452582,9965,1,50,0.932,8.713128,17.52,0,1,0,0,3,0,0,0,0,3,294
1773945484716,10016,1,51,4.746,8.712881,17.17647,-0.34353065,1,0,0,3,0,0,0,0,3,294
1773945532916,10066,1,50,2.852,8.706981,17.52,0.34353065,1,0,0,3,0,0,0,0,3,294
1773945567038,10117,1,51,2.785,8.702807,17.17647,-0.34353065,1,0,0,3,0,0,0,0,3,294
1773945603208,10169,1,52,1.491,8.700697,16.846153,-0.33031654,1,0,0,3,0,0,0,0,3,294
1773945645401,10222,1,53,1.524,8.698489,16.528301,-0.31785202,1,0,0,3,0,0,0,0,3,294
1773945679562,10274,1,52,1.131,8.701287,16.846153,0.31785202,1,0,0,3,0,0,0,0,3,294
1773945723733,10325,1,51,1.977,8.698388,17.17647,0.33031654,1,0,0,3,0,0,0,0,3,294
1773945767957,10376,1,51,1.404,8.701881,17.17647,0,1,0,0,3,0,0,0,0,3,294
1773945810119,10427,1,51,4.083,8.696239,17.17647,0,1,0,0,3,0,0,0,0,3,294
1773945858326,10477,1,50,2.546,8.187055,17.52,0.34353065,1,0,0,3,0,0,0,0,3,294
1773945898521,10528,1,51,2.791,8.187337,17.17647,-0.34353065,1,0,0,3,0,0,0,0,3,294
1773945940745,10580,1,52,5.831,8.191679,16.846153,-0.33031654,1,0,0,3,0,0,0,0,3,294
1773945982976,10631,1,51,1.896,8.188838,17.17647,0.33031654,1,0,0,3,0,0,0,0,3,294
1773946015110,10684,1,53,1.382,8.192581,16.528301,-0.64816856,1,0,0,3,0,0,0,0,3,294
1773946065281,10734,1,50,3.467,8.188474,17.52,0.9916992,1,0,0,3,0,0,0,0,3,294
1773946101364,10784,1,50,2.033,8.190268,17.52,0,1,0,0,3,0,0,0,0,3,294
1773946137482,10835,1,51,2.417,8.186747,17.17647,-0.34353065,1,0,0,3,0,0,0,0,3,294
1773946177651,10887,1,52,2.08,8.187531,16.846153,-0.33031654,1,0,0,3,0,0,0,0,3,294
1773946211768,10939,1,52,1.124,8.190875,16.846153,0,1,0,0,3,0,0,0,0,3,294
1773946259945,10989,1,50,1.125,8.19556,17.52,0.6738472,1,0,0,3,0,0,0,0,3,294
1773946296150,11045,1,56,3.224,8.189612,15.642858,-1.8771429,1,0,0,3,0,0,0,0,3,294
1773946340310,11101,1,56,1.552,8.19024,15.642858,0,1,0,0,3,0,0,0,0,3,294
1773946380479,11152,1,51,6.635,8.195808,17.17647,1.5336123,1,0,0,3,0,0,0,0,3,294
1773946425009,11202,1,50,1.608,8.198775,17.52,0.34353065,1,0,0,3,0,0,0,0,3,294
1773946479246,11258,1,56,1.516,8.19928,15.642858,-1.8771429,1,0,0,3,0,0,0,0,3,294
1773946533530,11310,1,52,4.693,1.37177,16.846153,1.2032957,1,0,0,3,0,0,0,0,3,294
1773946595926,11363,1,53,7.51,1.4975914,16.528301,-0.31785202,1,0,0,3,0,0,0,0,3,294
1773946662262,11416,1,53,1.118,1.5062981,16.528301,0,1,0,0,3,0,0,0,0,3,294
1773946724517,11467,1,51,3.835,1.5084845,17.17647,0.64816856,1,0,0,3,0,0,0,0,3,294
1773946758684,11517,1,50,1.975,1.5101117,17.52,0.34353065,1,0,0,3,0,0,0,0,3,294
1773946818969,11571,1,54,1.813,1.512189,16.222221,-1.2977791,1,0,0,3,0,0,0,0,3,294
1773946887479,11621,1,50,1.196,1.5191714,17.52,1.2977791,1,0,0,3,0,0,0,0,3,294
1773946986250,11677,1,56,2.083,1.4932036,15.642858,-1.8771429,1,0,0,3,0,0,0,0,3,294
1773947054658,11730,1,53,1.611,1.4922073,16.528301,0.8854437,1,0,0,3,0,0,0,0,3,294
1773947120971,11782,1,52,3.014,1.4723039,16.846153,0.31785202,1,0,0,3,0,0,0,0,3,294
1773947191626,11836,1,54,2.045,1.4675014,16.222221,-0.6239319,1,0,0,3,0,0,0,0,3,294
1773947242261,11891,1,55,1.747,1.4566804,15.927273,-0.29494858,1,0,0,3,0,0,0,0,3,294
1773947282591,11942,1,51,2.276,1.4509876,17.17647,1.249197,1,0,0,3,0,0,0,0,3,294
1773947345148,11993,1,51,1.164,1.4594058,17.17647,0,1,0,0,3,0,0,0,0,3,294
1773947407584,12046,1,53,5.271,1.4991246,16.528301,-0.64816856,1,0,0,3,0,0,0,0,3,294
1773947449793,12097,1,51,1.311,1.4595107,17.17647,0.64816856,1,0,0,3,0,0,0,0,3,294
1773947573389,12147,1,50,3.835,1.4701998,17.52,0.34353065,1,0,0,3,0,0,0,0,3,294
1773947642308,12199,1,52,1.563,1.4729881,16.846153,-0.6738472,1,0,0,3,0,0,0,0,3,294
1773947682481,12252,1,53,1.054,1.4778883,16.528301,-0.31785202,1,0,0,3,0,0,0,0,3,294
1773947726672,12302,1,50,3.999,1.4905521,17.52,0.9916992,1,0,0,3,0,0,0,0,3,294
1773947762943,12353,1,51,1.14,1.4880573,17.17647,-0.34353065,1,0,0,3,0,0,0,0,3,294
1773947797095,12407,1,54,1.646,1.481914,16.222221,-0.9542484,1,0,0,3,0,0,0,0,3,294
1773947843314,12458,1,51,3.796,1.4715577,17.17647,0.9542484,1,0,0,3,0,0,0,0,3,294
1773947881488,12508,1,50,10.13,1.7445827,17.52,0.34353065,1,0,0,3,0,0,0,0,3,294
1773947931641,12563,1,55,4.618,1.7598796,15.927273,-1.5927277,1,0,0,3,0,0,0,0,3,294
1773947971808,12615,1,52,5.373,1.7926539,16.846153,0.91888046,1,0,0,3,0,0,0,0,3,294
1773948011914,12665,1,50,1.316,1.7939466,17.52,0.6738472,1,0,0,3,0,0,0,0,3,294
1773948060119,12718,1,53,1.279,1.8018695,16.528301,-0.9916992,1,0,0,3,0,0,0,0,3,294
1773948100327,12774,1,56,1.487,1.7969227,15.642858,-0.8854437,1,0,0,3,0,0,0,0,3,294
1773948142532,12827,1,53,133.493,16.323069,16.528301,0.8854437,1,0,0,3,0,0,0,0,3,294
1773948194744,12885,1,58,1.814,16.32272,15.103448,-1.4248533,1,0,0,3,0,0,0,0,3,294
1773948230935,12936,1,51,7.177,16.32093,17.17647,2.073022,1,0,0,3,0,0,0,0,3,294
1773948277195,12986,1,50,1.704,16.322268,17.52,0.34353065,1,0,0,3,0,0,0,0,3,294
1773948323469,13043,1,57,1.26,16.321531,15.368421,-2.1515799,1,0,0,3,0,0,0,0,3,294
1773948365630,13094,1,51,1.224,16.327541,17.17647,1.8080492,1,0,0,3,0,0,0,0,3,294
1773948399876,13145,1,51,1.259,16.333145,17.17647,0,1,0,0,3,0,0,0,0,3,294
1773948436369,13201,1,56,2.476,16.33297,15.642858,-1.5336123,1,0,0,3,0,0,0,0,3,294
1773948480524,13252,1,51,2.003,16.330416,17.17647,1.5336123,1,0,0,3,0,0,0,0,3,294
1773948520655,13307,1,55,1.587,16.32826,15.927273,-1.249197,1,0,0,3,0,0,0,0,3,294
1773948562806,13357,1,50,1.363,16.333515,17.52,1.5927277,1,0,0,3,0,0,0,0,3,294
1773948600934,13408,1,51,2.02,16.335274,17.17647,-0.34353065,1,0,0,3,0,0,0,0,3,294
1773948643184,13459,1,51,2.38,16.336071,17.17647,0,1,0,0,3,0,0,0,0,3,294
1773948695741,13513,1,54,1.478,16.336107,16.222221,-0.9542484,1,0,0,3,0,0,0,0,3,294
1773948750289,13569,1,56,2.879,16.332945,15.642858,-0.5793638,1,0,0,3,0,0,0,0,3,294
1773948798821,13622,1,53,65.121,17.963884,16.528301,0.8854437,1,0,0,3,0,0,0,0,3,294
1773948855184,13672,1,50,1.987,17.96385,17.52,0.9916992,1,0,0,3,0,0,0,0,3,294
1773948905627,13723,1,51,4.023,17.957106,17.17647,-0.34353065,1,0,0,3,0,0,0,0,3,294
1773948961996,13776,1,53,1.263,17.964462,16.528301,-0.64816856,1,0,0,3,0,0,0,0,3,294
1773949010420,13826,1,50,1.246,17.968699,17.52,0.9916992,1,0,0,3,0,0,0,0,3,294
1773949062896,13879,1,53,1.263,17.97347,16.528301,-0.9916992,1,0,0,3,0,0,0,0,3,294
1773949125416,13929,1,50,2.886,17.976604,17.52,0.9916992,1,0,0,3,0,0,0,0,3,294
1773949183962,13981,1,52,1.788,17.976954,16.846153,-0.6738472,1,0,0,3,0,0,0,0,3,294
1773949232330,14034,1,53,1.71,17.975807,16.528301,-0.31785202,1,0,0,3,0,0,0,0,3,294
1773949296967,14084,1,50,3.087,17.97656,17.52,0.9916992,1,0,0,3,0,0,0,0,3,294
1773949347463,14135,1,51,744.868,93.426704,17.17647,-0.34353065,1,0,0,3,0,0,0,0,3,294
1773949397925,14185,1,50,2.472,93.42657,17.52,0.34353065,1,0,0,3,0,0,0,0,3,294
1773949434145,14237,1,52,2.919,93.42451,16.846153,-0.6738472,1,0,0,3,0,0,0,0,3,294
1773949486711,14287,1,50,1.285,93.42408,17.52,0.6738472,1,0,0,3,0,0,0,0,3,294
1773949539003,14337,1,50,1.907,93.42203,17.52,0,1,0,0,3,0,0,0,0,3,294
1773949577187,14387,1,50,3.222,93.422035,17.52,0,1,0,0,3,0,0,0,0,3,294
1773949629576,14437,1,50,10.764,93.404915,17.52,0,1,0,0,3,0,0,0,0,3,294
1773949677838,14487,1,50,1.987,93.41502,17.52,0,1,0,0,3,0,0,0,0,3,294
1773949718073,14541,1,54,4.033,93.40914,16.222221,-1.2977791,1,0,0,3,0,0,0,0,3,294
1773949770276,14593,1,52,3.447,93.40435,16.846153,0.6239319,1,0,0,3,0,0,0,0,3,294
1773949822532,14643,1,50,2.277,93.40994,17.52,0.6738472,1,0,0,3,0,0,0,0,3,294
1773949858691,14694,1,51,1.768,93.422066,17.17647,-0.34353065,1,0,0,3,0,0,0,0,3,294
1773949902872,14745,1,51,4.816,93.413246,17.17647,0,1,0,0,3,0,0,0,0,3,294
1773949963122,14799,1,54,10.239,93.40223,16.222221,-0.9542484,1,0,0,3,0,0,0,0,3,294
1773950015422,14851,1,52,1.68,93.403,16.846153,0.6239319,1,0,0,3,0,0,0,0,3,294
1773950063651,14905,1,54,1.254,93.40448,16.222221,-0.6239319,1,0,0,3,0,0,0,0,3,294
1773950118167,14957,1,52,1.842,93.40277,16.846153,0.6239319,1,0,0,3,0,0,0,0,3,294
1773950172602,15009,1,52,3.493,93.39933,16.846153,0,1,0,0,3,0,0,0,0,3,294
1773950218990,15064,1,55,1.573,93.399414,15.927273,-0.91888046,1,0,0,3,0,0,0,0,3,294
1773950265485,15114,1,50,4.364,93.396324,17.52,1.5927277,1,0,0,3,0,0,0,0,3,294
1773950324183,15165,1,51,1.165,93.39864,17.17647,-0.34353065,1,0,0,3,0,0,0,0,3,294
1773950372639,15218,1,53,7.866,93.385735,16.528301,-0.64816856,1,0,0,3,0,0,0,0,3,294
1773950433301,15274,1,56,1.204,93.38855,15.642858,-0.8854437,1,0,0,3,0,0,0,0,3,294
1773950493818,15327,1,53,1.215,93.388405,16.528301,0.8854437,1,0,0,3,0,0,0,0,3,294
1773950546294,15378,1,51,3.567,93.392136,17.17647,0.64816856,1,0,0,3,0,0,0,0,3,294
1773950600663,15429,1,51,1.304,93.39214,17.17647,0,1,0,0,3,0,0,0,0,3,294
1773950657202,15479,1,50,2.528,93.39526,17.52,0.34353065,1,0,0,3,0,0,0,0,3,294
1773950716429,15535,1,56,3.331,93.390816,15.642858,-1.8771429,1,0,0,3,0,0,0,0,3,294
1773950792986,15586,1,51,1.705,93.389084,17.17647,1.5336123,1,0,0,3,0,0,0,0,3,294
1773950841377,15643,1,57,1.2,93.39603,15.368421,-1.8080492,1,0,0,3,0,0,0,0,3,294
1773950912104,15695,1,52,8.631,93.38026,16.846153,1.4777327,1,0,0,3,0,0,0,0,3,294
1773950978905,15749,1,54,8.695,93.3656,16.222221,-0.6239319,1,0,0,3,0,0,0,0,3,294
1773951043476,15799,1,50,2.216,93.36947,17.52,1.2977791,1,0,0,3,0,0,0,0,3,294
1773951114093,15852,1,53,1.238,93.38712,16.528301,-0.9916992,1,0,0,3,0,0,0,0,3,294
1773951176793,15910,1,58,1.284,93.3952,15.103448,-1.4248533,1,0,0,3,0,0,0,0,3,294
1773951239372,15960,1,50,2.358,93.40205,17.52,2.4165525,1,0,0,3,0,0,0,0,3,294
1773951297851,16012,1,52,1.208,93.402336,16.846153,-0.6738472,1,0,0,3,0,0,0,0,3,294
1773951352398,16063,1,51,2.411,93.3994,17.17647,0.33031654,1,0,0,3,0,0,0,0,3,294
1773951427408,16118,1,55,3.067,93.39538,15.927273,-1.249197,1,0,0,3,0,0,0,0,3,294
1773951496310,16170,1,52,25.992,92.252426,16.846153,0.91888046,1,0,0,3,0,0,0,0,3,294
1773951573316,16220,1,50,563.278,114.520096,17.52,0.6738472,1,0,0,3,0,0,0,0,3,294
1773951615680,16272,1,52,2.129,114.53374,16.846153,-0.6738472,1,0,0,3,0,0,0,0,3,294
1773951659969,16323,1,51,6.089,114.521416,17.17647,0.33031654,1,0,0,3,0,0,0,0,3,294
1773951712576,16375,1,52,1.855,114.519554,16.846153,-0.33031654,1,0,0,3,0,0,0,0,3,294
1773951756979,16393,1,0,0,0,0,0,0,0,0,0,0,0,0,0,0,0
1773951758993,16393,1,0,0,0,0,0,0,0,0,0,0,0,0,0,0,0
1773951783166,16427,1,52,6.708,114.50414,16.846153,0,1,0,0,3,0,0,0,0,3,294
1773951855702,16480,1,53,1.53,114.50331,16.528301,-0.31785202,1,0,0,3,0,0,0,0,3,294
1773951889951,16482,1,0,0,0,0,0,0,0,0,0,0,0,0,0,0,0
1773951928259,16536,1,56,1.632,114.50591,15.642858,-0.8854437,1,0,0,3,0,0,0,0,3,294
1773951958561,16536,1,0,0,0,0,0,0,0,0,0,0,0,0,0,0,0
1773951960574,16536,1,0,0,0,0,0,0,0,0,0,0,0,0,0,0,0
1773952027163,16597,1,61,2.093,114.50562,14.360656,-1.2822018,1,0,0,3,0,0,0,0,3,294
1773952091767,16648,1,51,1.643,114.505424,17.17647,2.815814,1,0,0,3,0,0,0,0,3,294
1773952158656,16699,1,51,1.508,114.50498,17.17647,0,1,0,0,3,0,0,0,0,3,294
1773952221713,16751,1,52,1.36,114.50704,16.846153,-0.33031654,1,0,0,3,0,0,0,0,3,294
1773952253924,16801,1,50,5.965,114.49705,17.52,0.6738472,1,0,0,3,0,0,0,0,3,294
1773952290542,16812,1,0,0,0,0,0,0,0,0,0,0,0,0,0,0,0
1773952292572,16812,1,0,0,0,0,0,0,0,0,0,0,0,0,0,0,0
1773952300612,16812,1,0,0,0,0,0,0,0,0,0,0,0,0,0,0,0
1773952302655,16812,1,0,0,0,0,0,0,0,0,0,0,0,0,0,0,0
1773952357861,16853,1,52,1.991,114.495445,16.846153,-0.6738472,1,0,0,3,0,0,0,0,3,294
1773952430388,16907,1,54,11.81,114.47425,16.222221,-0.6239319,1,0,0,3,0,0,0,0,3,294
1773952501292,16961,1,54,1.317,114.39647,16.222221,0,1,0,0,3,0,0,0,0,3,294
1773952568237,17011,1,50,16.036,114.36789,17.52,1.2977791,1,0,0,3,0,0,0,0,3,294
1773952624615,17040,1,0,0,0,0,0,0,0,0,0,0,0,0,0,0,0
1773952626631,17040,1,0,0,0,0,0,0,0,0,0,0,0,0,0,0,0
1773952640694,17062,1,51,3.139,114.37035,17.17647,-0.34353065,1,0,0,3,0,0,0,0,3,294
1773952690890,17113,1,51,1.062,114.371,17.17647,0,1,0,0,3,0,0,0,0,3,294
1773952724985,17163,1,50,1.563,114.370026,17.52,0.34353065,1,0,0,3,0,0,0,0,3,294
1773952779262,17216,1,53,1.594,114.36899,16.528301,-0.9916992,1,0,0,3,0,0,0,0,3,294
1773952835481,17267,1,51,4.671,114.364044,17.17647,0.64816856,1,0,0,3,0,0,0,0,3,294
1773952891723,17318,1,51,2.138,114.36299,17.17647,0,1,0,0,3,0,0,0,0,3,294
1773952925871,17372,1,54,1.27,114.36435,16.222221,-0.9542484,1,0,0,3,0,0,0,0,3,294
1773952988142,17425,1,53,2.49,114.36609,16.528301,0.30607986,1,0,0,3,0,0,0,0,3,294
1773953024302,17435,1,0,0,0,0,0,0,0,0,0,0,0,0,0,0,0
1773953052396,17476,1,51,1.274,69.52407,17.17647,0.64816856,1,0,0,3,0,0,0,0,3,294
1773953104620,17526,1,50,1.235,69.527,17.52,0.34353065,1,0,0,3,0,0,0,0,3,294
1773953156887,17553,1,0,0,0,0,0,0,0,0,0,0,0,0,0,0,0
1773953158894,17553,1,0,0,0,0,0,0,0,0,0,0,0,0,0,0,0
1773953180968,17582,1,56,2.164,69.52867,15.642858,-1.8771429,1,0,0,3,0,0,0,0,3,294
1773953223184,17595,1,0,0,0,0,0,0,0,0,0,0,0,0,0,0,0
1773953225192,17595,1,0,0,0,0,0,0,0,0,0,0,0,0,0,0,0
1773953233227,17595,1,0,0,0,0,0,0,0,0,0,0,0,0,0,0,0
1773953255329,17632,1,50,4.251,69.52226,17.52,1.8771429,1,0,0,3,0,0,0,0,3,294
1773953291467,17644,1,0,0,0,0,0,0,0,0,0,0,0,0,0,0,0
1773953293479,17644,1,0,0,0,0,0,0,0,0,0,0,0,0,0,0,0
1773953319614,17683,1,51,1.315,69.52368,17.17647,-0.34353065,1,0,0,3,0,0,0,0,3,294
1773953357801,17691,1,0,0,0,0,0,0,0,0,0,0,0,0,0,0,0
1773953359819,17691,1,0,0,0,0,0,0,0,0,0,0,0,0,0,0,0
1773953393982,17733,1,50,2.268,69.525764,17.52,0.34353065,1,0,0,3,0,0,0,0,3,294
1773953460248,17786,1,53,2.798,69.535706,16.528301,-0.9916992,1,0,0,3,0,0,0,0,3,294
1773953518511,17845,1,59,1.305,69.537315,14.847458,-1.6808434,1,0,0,3,0,0,0,0,3,294
1773953588871,17900,1,55,5.184,69.53535,15.927273,1.0798149,1,0,0,3,0,0,0,0,3,294
1773953625070,17907,1,0,0,0,0,0,0,0,0,0,0,0,0,0,0,0
1773953627083,17907,1,0,0,0,0,0,0,0,0,0,0,0,0,0,0,0
1773953655231,17951,1,51,9.496,69.5274,17.17647,1.249197,1,0,0,3,0,0,0,0,3,294
1773953689392,17960,1,0,0,0,0,0,0,0,0,0,0,0,0,0,0,0
1773953691400,17960,1,0,0,0,0,0,0,0,0,0,0,0,0,0,0,0
1773953721527,18004,1,53,4.639,69.52265,16.528301,-0.64816856,1,0,0,3,0,0,0,0,3,294
1773953775759,18055,1,51,4.141,69.517586,17.17647,0.64816856,1,0,0,3,0,0,0,0,3,294
1773953832021,18111,1,56,2.034,69.523224,15.642858,-1.5336123,1,0,0,3,0,0,0,0,3,294
1773953892270,18147,1,0,0,0,0,0,0,0,0,0,0,0,0,0,0,0
1773953894283,18147,1,0,0,0,0,0,0,0,0,0,0,0,0,0,0,0
1773953902316,18164,1,53,1.31,69.53638,16.528301,0.8854437,1,0,0,3,0,0,0,0,3,294
1773953954535,18199,1,0,0,0,0,0,0,0,0,0,0,0,0,0,0,0
1773953956538,18199,1,0,0,0,0,0,0,0,0,0,0,0,0,0,0,0
1773953968591,18221,1,57,7.159,69.52667,15.368421,-1.1598806,1,0,0,3,0,0,0,0,3,294
1773954018826,18250,1,0,0,0,0,0,0,0,0,0,0,0,0,0,0,0
1773954022839,18274,1,53,1.773,69.5254,16.528301,1.1598806,1,0,0,3,0,0,0,0,3,294
1773954087083,18317,1,0,0,0,0,0,0,0,0,0,0,0,0,0,0,0
1773954089092,18317,1,0,0,0,0,0,0,0,0,0,0,0,0,0,0,0
1773954095128,18326,1,52,2.859,69.52312,16.846153,0.31785202,1,0,0,3,0,0,0,0,3,294
1773954125210,18377,1,51,1.866,69.526665,17.17647,0.33031654,1,0,0,3,0,0,0,0,3,294
1773954157369,18378,1,0,0,0,0,0,0,0,0,0,0,0,0,0,0,0
1773954159374,18378,1,0,0,0,0,0,0,0,0,0,0,0,0,0,0,0
1773954219650,18421,1,0,0,0,0,0,0,0,0,0,0,0,0,0,0,0
1773954221654,18432,1,55,2.556,69.52439,15.927273,-1.249197,1,0,0,3,0,0,0,0,3,294
1773954255804,18488,1,56,2.719,69.52763,15.642858,-0.28441525,1,0,0,3,0,0,0,0,3,294
1773954287924,18489,1,0,0,0,0,0,0,0,0,0,0,0,0,0,0,0
1773954289926,18489,1,0,0,0,0,0,0,0,0,0,0,0,0,0,0,0
1773954356285,18535,1,0,0,0,0,0,0,0,0,0,0,0,0,0,0,0
1773954358286,18535,1,0,0,0,0,0,0,0,0,0,0,0,0,0,0,0
1773954360303,18539,1,51,3.354,69.522675,17.17647,1.5336123,1,0,0,3,0,0,0,0,3,294
1773954422523,18586,1,0,0,0,0,0,0,0,0,0,0,0,0,0,0,0
1773954424530,18586,1,0,0,0,0,0,0,0,0,0,0,0,0,0,0,0
1773954430559,18591,1,52,7.61,69.52294,16.846153,-0.33031654,1,0,0,3,0,0,0,0,3,294
1773954488758,18630,1,0,0,0,0,0,0,0,0,0,0,0,0,0,0,0
1773954490780,18630,1,0,0,0,0,0,0,0,0,0,0,0,0,0,0,0
1773954498823,18630,1,0,0,0,0,0,0,0,0,0,0,0,0,0,0,0
1773954508858,18641,1,50,1.571,69.52203,17.52,0.6738472,1,0,0,3,0,0,0,0,3,294
1773954561061,18693,1,52,1.405,69.52156,16.846153,-0.6738472,1,0,0,3,0,0,0,0,3,294
1773954621293,18725,1,0,0,0,0,0,0,0,0,0,0,0,0,0,0,0
1773954623313,18725,1,0,0,0,0,0,0,0,0,0,0,0,0,0,0,0
1773954631323,18743,1,50,3.724,69.52124,17.52,0.6738472,1,0,0,3,0,0,0,0,3,294
1773954689604,18777,1,0,0,0,0,0,0,0,0,0,0,0,0,0,0,0
1773954691612,18777,1,0,0,0,0,0,0,0,0,0,0,0,0,0,0,0
1773954703671,18799,1,56,8.164,69.50939,15.642858,-1.8771429,1,0,0,3,0,0,0,0,3,294
1773954755909,18827,1,0,0,0,0,0,0,0,0,0,0,0,0,0,0,0
1773954757911,18827,1,0,0,0,0,0,0,0,0,0,0,0,0,0,0,0
1773954775991,18857,1,58,1.233,69.51248,15.103448,-0.53940964,1,0,0,3,0,0,0,0,3,294
1773954846353,18907,1,50,2.145,69.51507,17.52,2.4165525,1,0,0,3,0,0,0,0,3,294
1773954888574,18928,1,0,0,0,0,0,0,0,0,0,0,0,0,0,0,0
1773954890584,18928,1,0,0,0,0,0,0,0,0,0,0,0,0,0,0,0
1773954906649,18959,1,52,3.987,69.510124,16.846153,-0.6738472,1,0,0,3,0,0,0,0,3,294
1773954954840,18984,1,0,0,0,0,0,0,0,0,0,0,0,0,0,0,0
1773954962871,19010,1,51,1.285,69.50991,17.17647,0.33031654,1,0,0,3,0,0,0,0,3,294
1773955017122,19070,1,60,2.387,69.51964,14.6,-2.5764694,1,0,0,3,0,0,0,0,3,294
1773955051289,19121,1,51,2.341,69.52936,17.17647,2.5764694,1,0,0,3,0,0,0,0,3,294
1773955097461,19172,1,51,1.447,69.53118,17.17647,0,1,0,0,3,0,0,0,0,3,294
1773955147705,19224,1,52,1.544,69.5304,16.846153,-0.33031654,1,0,0,3,0,0,0,0,3,294
1773955183820,19277,1,53,1.577,69.52971,16.528301,-0.31785202,1,0,0,3,0,0,0,0,3,294
1773955221941,19286,1,0,0,0,0,0,0,0,0,0,0,0,0,0,0,0
1773955223953,19286,1,0,0,0,0,0,0,0,0,0,0,0,0,0,0,0
1773955258092,19330,1,53,1.285,69.53222,16.528301,0,1,0,0,3,0,0,0,0,3,294
1773955288289,19330,1,0,0,0,0,0,0,0,0,0,0,0,0,0,0,0
1773955290294,19330,1,0,0,0,0,0,0,0,0,0,0,0,0,0,0,0
1773955368650,19384,1,54,1.52,69.53147,16.222221,-0.30607986,1,0,0,3,0,0,0,0,3,294
1773955422878,19414,1,0,0,0,0,0,0,0,0,0,0,0,0,0,0,0
1773955424885,19414,1,0,0,0,0,0,0,0,0,0,0,0,0,0,0,0
1773955446973,19435,1,51,4.231,69.5278,17.17647,0.9542484,1,0,0,3,0,0,0,0,3,294
1773955489152,19486,1,51,1.451,69.53145,17.17647,0,1,0,0,3,0,0,0,0,3,294
1773955525297,19536,1,50,1.354,69.52264,17.52,0.34353065,1,0,0,3,0,0,0,0,3,294
1773955565429,19589,1,53,3.498,2.7402213,16.528301,-0.9916992,1,0,0,3,0,0,0,0,3,294
1773955619656,19647,1,58,1.651,2.7436197,15.103448,-1.4248533,1,0,0,3,0,0,0,0,3,294
1773955669896,19697,1,50,2.75,2.7185636,17.52,2.4165525,1,0,0,3,0,0,0,0,3,294
1773955722084,19751,1,54,5.605,2.7318711,16.222221,-1.2977791,1,0,0,3,0,0,0,0,3,294
1773955774308,19804,1,53,2.205,2.6968439,16.528301,0.30607986,1,0,0,3,0,0,0,0,3,294
1773955832566,19855,1,51,1.263,2.6994276,17.17647,0.64816856,1,0,0,3,0,0,0,0,3,294
1773955890808,19905,1,50,5.446,2.709198,17.52,0.34353065,1,0,0,3,0,0,0,0,3,294
1773955947073,19956,1,51,5.47,2.7214336,17.17647,-0.34353065,1,0,0,3,0,0,0,0,3,294
1773955981207,20008,1,52,6.505,2.745275,16.846153,-0.33031654,1,0,0,3,0,0,0,0,3,294
1773956019367,20020,1,0,0,0,0,0,0,0,0,0,0,0,0,0,0,0
1773956043481,20062,1,54,1.204,2.748553,16.222221,-0.6239319,1,0,0,3,0,0,0,0,3,294
1773956087679,20078,1,0,0,0,0,0,0,0,0,0,0,0,0,0,0,0
1773956089688,20078,1,0,0,0,0,0,0,0,0,0,0,0,0,0,0,0
1773956097726,20078,1,0,0,0,0,0,0,0,0,0,0,0,0,0,0,0
1773956155993,20114,1,52,1.757,2.7447271,16.846153,0.6239319,1,0,0,3,0,0,0,0,3,294
1773956212257,20164,1,50,2.251,2.7260287,17.52,0.6738472,1,0,0,3,0,0,0,0,3,294
1773956244398,20218,1,54,1.324,2.7318904,16.222221,-1.2977791,1,0,0,3,0,0,0,0,3,294
1773956298598,20268,1,50,2.48,2.5075934,17.52,1.2977791,1,0,0,3,0,0,0,0,3,294
1773956381031,20318,1,50,1.23,2.5085511,17.52,0,1,0,0,3,0,0,0,0,3,294
1773956415146,20329,1,0,0,0,0,0,0,0,0,0,0,0,0,0,0,0
1773956417152,20329,1,0,0,0,0,0,0,0,0,0,0,0,0,0,0,0
1773956449272,20374,1,56,1.73,1.9054387,15.642858,-1.8771429,1,0,0,3,0,0,0,0,3,294
1773956521562,20424,1,50,1.204,1.9154078,17.52,1.8771429,1,0,0,3,0,0,0,0,3,294
1773956551729,20424,1,0,0,0,0,0,0,0,0,0,0,0,0,0,0,0
1773956553738,20424,1,0,0,0,0,0,0,0,0,0,0,0,0,0,0,0
1773956622078,20474,1,50,5.019,1.9226024,17.52,0,1,0,0,3,0,0,0,0,3,294
1773956682332,20531,1,57,1.219,1.926664,15.368421,-2.1515799,1,0,0,3,0,0,0,0,3,294
1773956750594,20582,1,51,2.21,1.9219347,17.17647,1.8080492,1,0,0,3,0,0,0,0,3,294
1773956808841,20633,1,51,2.454,1.9087781,17.17647,0,1,0,0,3,0,0,0,0,3,294
1773956865069,20684,1,51,1.353,1.9156165,17.17647,0,1,0,0,3,0,0,0,0,3,294
1773956919275,20740,1,56,1.65,1.9114324,15.642858,-1.5336123,1,0,0,3,0,0,0,0,3,294
1773956959444,20792,1,52,1.313,1.9200785,16.846153,1.2032957,1,0,0,3,0,0,0,0,3,294
1773957017717,20848,1,56,1.835,1.9143963,15.642858,-1.2032957,1,0,0,3,0,0,0,0,3,294
1773957090069,20900,1,52,1.85,1.9080406,16.846153,1.2032957,1,0,0,3,0,0,0,0,3,294
1773957162371,20950,1,50,2.402,1.9070069,17.52,0.6738472,1,0,0,3,0,0,0,0,3,294
1773957196492,20962,1,0,0,0,0,0,0,0,0,0,0,0,0,0,0,0
1773957226590,21003,1,53,2.282,1.8994614,16.528301,-0.9916992,1,0,0,3,0,0,0,0,3,294
1773957278821,21054,1,51,1.884,1.8938863,17.17647,0.64816856,1,0,0,3,0,0,0,0,3,294
1773957331045,21109,1,55,1.348,1.9012957,15.927273,-1.249197,1,0,0,3,0,0,0,0,3,294
1773957365179,21165,1,56,1.322,1.9098557,15.642858,-0.28441525,1,0,0,3,0,0,0,0,3,294
1773957415397,21183,1,0,0,0,0,0,0,0,0,0,0,0,0,0,0,0
1773957417411,21183,1,0,0,0,0,0,0,0,0,0,0,0,0,0,0,0
1773957463593,21217,1,52,4.897,1.9191535,16.846153,1.2032957,1,0,0,3,0,0,0,0,3,294
1773957493724,21272,1,55,1.019,1.9081992,15.927273,-0.91888046,1,0,0,3,0,0,0,0,3,294
1773957533913,21278,1,0,0,0,0,0,0,0,0,0,0,0,0,0,0,0
1773957549950,21322,1,50,1.323,1.7160571,17.52,1.5927277,1,0,0,3,0,0,0,0,3,294
1773957606159,21378,1,56,2.513,1.6971083,15.642858,-1.8771429,1,0,0,3,0,0,0,0,3,294
1773957662411,21428,1,50,11.652,2.0280282,17.52,1.8771429,1,0,0,3,0,0,0,0,3,294
1773957696517,21478,1,50,1.355,2.033271,17.52,0,1,0,0,3,0,0,0,0,3,294
1773957730665,21487,1,0,0,0,0,0,0,0,0,0,0,0,0,0,0,0
1773957732679,21487,1,0,0,0,0,0,0,0,0,0,0,0,0,0,0,0
1773957758806,21529,1,51,2.079,2.0273283,17.17647,-0.34353065,1,0,0,3,0,0,0,0,3,294
1773957819086,21582,1,53,3.616,1.9519106,16.528301,-0.64816856,1,0,0,3,0,0,0,0,3,294
1773957867366,21595,1,0,0,0,0,0,0,0,0,0,0,0,0,0,0,0
1773957869381,21595,1,0,0,0,0,0,0,0,0,0,0,0,0,0,0,0
1773957895484,21633,1,51,2.734,1.9488058,17.17647,0.64816856,1,0,0,3,0,0,0,0,3,294
1773957949691,21686,1,53,2.125,1.9497857,16.528301,-0.64816856,1,0,0,3,0,0,0,0,3,294
1773958011970,21736,1,50,2.636,1.9472675,17.52,0.9916992,1,0,0,3,0,0,0,0,3,294
1773958066178,21787,1,51,1.88,1.9496613,17.17647,-0.34353065,1,0,0,3,0,0,0,0,3,294
1773958110376,21839,1,52,3.789,1.9547254,16.846153,-0.33031654,1,0,0,3,0,0,0,0,3,294
1773958160586,21890,1,51,2.029,1.9543991,17.17647,0.33031654,1,0,0,3,0,0,0,0,3,294
1773958196790,21893,1,0,0,0,0,0,0,0,0,0,0,0,0,0,0,0
1773958198802,21893,1,0,0,0,0,0,0,0,0,0,0,0,0,0,0,0
1773958224918,21941,1,51,6.089,1.9025034,17.17647,0,1,0,0,3,0,0,0,0,3,294
1773958263061,21952,1,0,0,0,0,0,0,0,0,0,0,0,0,0,0,0
1773958265069,21952,1,0,0,0,0,0,0,0,0,0,0,0,0,0,0,0
1773958285132,21995,1,54,5.083,1.9218168,16.222221,-0.9542484,1,0,0,3,0,0,0,0,3,294
1773958349403,22053,1,58,1.199,1.9241232,15.103448,-1.1187735,1,0,0,3,0,0,0,0,3,294
1773958393571,22076,1,0,0,0,0,0,0,0,0,0,0,0,0,0,0,0
1773958395584,22076,1,0,0,0,0,0,0,0,0,0,0,0,0,0,0,0
1773958415665,22103,1,50,1.471,1.9252777,17.52,2.4165525,1,0,0,3,0,0,0,0,3,294
1773958459853,22154,1,51,1.963,1.7967373,17.17647,-0.34353065,1,0,0,3,0,0,0,0,3,294
1773958495995,22205,1,51,1.512,1.793882,17.17647,0,1,0,0,3,0,0,0,0,3,294
1773958540183,22255,1,50,1.375,1.7991359,17.52,0.34353065,1,0,0,3,0,0,0,0,3,294
1773958592407,22284,1,0,0,0,0,0,0,0,0,0,0,0,0,0,0,0
1773958594422,22284,1,0,0,0,0,0,0,0,0,0,0,0,0,0,0,0
1773958604457,22307,1,52,1.672,1.7929103,16.846153,-0.6738472,1,0,0,3,0,0,0,0,3,294
1773958658675,22346,1,0,0,0,0,0,0,0,0,0,0,0,0,0,0,0
1773958660680,22346,1,0,0,0,0,0,0,0,0,0,0,0,0,0,0,0
1773958668703,22360,1,53,3.083,1.7876952,16.528301,-0.31785202,1,0,0,3,0,0,0,0,3,294
1773958722948,22404,1,0,0,0,0,0,0,0,0,0,0,0,0,0,0,0
1773958724960,22404,1,0,0,0,0,0,0,0,0,0,0,0,0,0,0,0
1773958732995,22412,1,52,4.31,1.8011427,16.846153,0.31785202,1,0,0,3,0,0,0,0,3,294
1773958757094,22464,1,52,1.645,1.8045326,16.846153,0,1,0,0,3,0,0,0,0,3,294
1773958809314,22522,1,58,1.803,1.801672,15.103448,-1.7427053,1,0,0,3,0,0,0,0,3,294
1773958855463,22544,1,0,0,0,0,0,0,0,0,0,0,0,0,0,0,0
1773958857468,22544,1,0,0,0,0,0,0,0,0,0,0,0,0,0,0,0
1773958873502,22572,1,50,2.875,1.7975576,17.52,2.4165525,1,0,0,3,0,0,0,0,3,294
1773958927728,22624,1,52,5.321,1.8248124,16.846153,-0.6738472,1,0,0,3,0,0,0,0,3,294
1773958955843,22676,1,52,1.388,1.8236668,16.846153,0,1,0,0,3,0,0,0,0,3,294
1773959010116,22729,1,53,5.854,1.8610522,16.528301,-0.31785202,1,0,0,3,0,0,0,0,3,294
1773959062320,22780,1,51,2.917,1.8513128,17.17647,0.64816856,1,0,0,3,0,0,0,0,3,294
1773959118571,22832,1,52,3.815,1.849942,16.846153,-0.33031654,1,0,0,3,0,0,0,0,3,294
1773959152694,22888,1,56,2.329,1.8426288,15.642858,-1.2032957,1,0,0,3,0,0,0,0,3,294
1773959188857,22897,1,0,0,0,0,0,0,0,0,0,0,0,0,0,0,0
1773959190860,22897,1,0,0,0,0,0,0,0,0,0,0,0,0,0,0,0
1773959214965,22942,1,54,5.4,1.8698262,16.222221,0.5793638,1,0,0,3,0,0,0,0,3,294
1773959275249,22994,1,52,5.879,1.90368,16.846153,0.6239319,1,0,0,3,0,0,0,0,3,294
1773959323518,23019,1,0,0,0,0,0,0,0,0,0,0,0,0,0,0,0
1773959325525,23019,1,0,0,0,0,0,0,0,0,0,0,0,0,0,0,0
1773959337550,23046,1,52,1.885,1.9072754,16.846153,0,1,0,0,3,0,0,0,0,3,294
1773959393754,23106,1,60,3.003,1.8748834,14.6,-2.2461529,1,0,0,3,0,0,0,0,3,294
1773959421899,23158,1,52,1.45,1.8808112,16.846153,2.2461529,1,0,0,3,0,0,0,0,3,294
1773959458054,23161,1,0,0,0,0,0,0,0,0,0,0,0,0,0,0,0
1773959460062,23161,1,0,0,0,0,0,0,0,0,0,0,0,0,0,0,0
1773959484156,23208,1,50,1.481,1.8782833,17.52,0.6738472,1,0,0,3,0,0,0,0,3,294
1773959522364,23221,1,0,0,0,0,0,0,0,0,0,0,0,0,0,0,0
1773959524368,23221,1,0,0,0,0,0,0,0,0,0,0,0,0,0,0,0
1773959544441,23264,1,56,2.98,1.848014,15.642858,-1.8771429,1,0,0,3,0,0,0,0,3,294
1773959596727,23315,1,51,2.551,1.8155651,17.17647,1.5336123,1,0,0,3,0,0,0,0,3,294
1773959624875,23373,1,58,1.444,1.7567005,15.103448,-2.073022,1,0,0,3,0,0,0,0,3,294
1773959655004,23373,1,0,0,0,0,0,0,0,0,0,0,0,0,0,0,0
1773959657019,23373,1,0,0,0,0,0,0,0,0,0,0,0,0,0,0,0
1773959719281,23425,1,52,1.797,1.7508389,16.846153,1.7427053,1,0,0,3,0,0,0,0,3,294
1773959747381,23476,1,51,1.492,1.7531738,17.17647,0.33031654,1,0,0,3,0,0,0,0,3,294
1773959789585,23486,1,0,0,0,0,0,0,0,0,0,0,0,0,0,0,0
1773959791596,23486,1,0,0,0,0,0,0,0,0,0,0,0,0,0,0,0
1773959811658,23529,1,53,2.516,1.7526329,16.528301,-0.64816856,1,0,0,3,0,0,0,0,3,294
1773959853822,23547,1,0,0,0,0,0,0,0,0,0,0,0,0,0,0,0
1773959855832,23547,1,0,0,0,0,0,0,0,0,0,0,0,0,0,0,0
1773959881939,23585,1,56,1.259,1.7533993,15.642858,-0.8854437,1,0,0,3,0,0,0,0,3,294
1773959920116,23594,1,0,0,0,0,0,0,0,0,0,0,0,0,0,0,0
1773959922126,23594,1,0,0,0,0,0,0,0,0,0,0,0,0,0,0,0
1773959954278,23638,1,53,10.009,1.9785959,16.528301,0.8854437,1,0,0,3,0,0,0,0,3,294
1773960014544,23689,1,51,3.181,1.9702427,17.17647,0.64816856,1,0,0,3,0,0,0,0,3,294
1773960066751,23741,1,52,2.011,1.9682505,16.846153,-0.33031654,1,0,0,3,0,0,0,0,3,294
1773960122989,23792,1,51,1.675,1.9632702,17.17647,0.33031654,1,0,0,3,0,0,0,0,3,294
1773960149112,23844,1,52,1.306,1.9508792,16.846153,-0.33031654,1,0,0,3,0,0,0,0,3,294
1773960207370,23895,1,51,1.59,1.946971,17.17647,0.33031654,1,0,0,3,0,0,0,0,3,294
1773960255563,23919,1,0,0,0,0,0,0,0,0,0,0,0,0,0,0,0
1773960257574,23919,1,0,0,0,0,0,0,0,0,0,0,0,0,0,0,0
1773960269635,23945,1,50,1.336,1.9535637,17.52,0.34353065,1,0,0,3,0,0,0,0,3,294
1773960333882,23995,1,50,1.147,1.9629174,17.52,0,1,0,0,3,0,0,0,0,3,294
1773960390110,24049,1,54,4.708,1.9713669,16.222221,-1.2977791,1,0,0,3,0,0,0,0,3,294
1773960450414,24093,1,0,0,0,0,0,0,0,0,0,0,0,0,0,0,0
1773960452420,24093,1,0,0,0,0,0,0,0,0,0,0,0,0,0,0,0
1773960460448,24103,1,54,1.486,1.9728875,16.222221,0,1,0,0,3,0,0,0,0,3,294
1773960518752,24145,1,0,0,0,0,0,0,0,0,0,0,0,0,0,0,0
1773960528800,24156,1,53,1.245,1.9736725,16.528301,0.30607986,1,0,0,3,0,0,0,0,3,294
1773960585022,24196,1,0,0,0,0,0,0,0,0,0,0,0,0,0,0,0
1773960587027,24196,1,0,0,0,0,0,0,0,0,0,0,0,0,0,0,0
1773960595071,24211,1,55,1.32,1.9783739,15.927273,-0.60102844,1,0,0,3,0,0,0,0,3,294
1773960653343,24256,1,0,0,0,0,0,0,0,0,0,0,0,0,0,0,0
1773960655357,24256,1,0,0,0,0,0,0,0,0,0,0,0,0,0,0,0
1773960661385,24268,1,57,1.558,1.9807286,15.368421,-0.5588522,1,0,0,3,0,0,0,0,3,294
1773960719629,24305,1,0,0,0,0,0,0,0,0,0,0,0,0,0,0,0
1773960721643,24305,1,0,0,0,0,0,0,0,0,0,0,0,0,0,0,0
1773960731671,24322,1,54,1.278,1.9884685,16.222221,0.8538008,1,0,0,3,0,0,0,0,3,294
1773960785882,24376,1,54,4.206,1.9963616,16.222221,0,1,0,0,3,0,0,0,0,3,294
1773960818005,24429,1,53,2.032,1.9954591,16.528301,0.30607986,1,0,0,3,0,0,0,0,3,294
1773960854204,24433,1,0,0,0,0,0,0,0,0,0,0,0,0,0,0,0
1773960856217,24433,1,0,0,0,0,0,0,0,0,0,0,0,0,0,0,0
1773960882332,24484,1,55,1.888,1.9906987,15.927273,-0.60102844,1,0,0,3,0,0,0,0,3,294
1773960920522,24491,1,0,0,0,0,0,0,0,0,0,0,0,0,0,0,0
1773960922543,24491,1,0,0,0,0,0,0,0,0,0,0,0,0,0,0,0
1773960952676,24534,1,50,2.875,1.9826341,17.52,1.5927277,1,0,0,3,0,0,0,0,3,294
1773960986866,24540,1,0,0,0,0,0,0,0,0,0,0,0,0,0,0,0
1773960988876,24540,1,0,0,0,0,0,0,0,0,0,0,0,0,0,0,0
1773961012996,24585,1,51,1.284,1.9727055,17.17647,-0.34353065,1,0,0,3,0,0,0,0,3,294
1773961053233,24592,1,0,0,0,0,0,0,0,0,0,0,0,0,0,0,0
1773961055244,24592,1,0,0,0,0,0,0,0,0,0,0,0,0,0,0,0
1773961077343,24635,1,50,1.389,1.9682658,17.52,0.34353065,1,0,0,3,0,0,0,0,3,294
1773961137608,24687,1,52,1.993,1.9625797,16.846153,-0.6738472,1,0,0,3,0,0,0,0,3,294
1773961179747,24740,1,53,1.062,1.9733151,16.528301,-0.31785202,1,0,0,3,0,0,0,0,3,294
1773961217956,24793,1,53,6.537,1.6931485,16.528301,0,1,0,0,3,0,0,0,0,3,294
1773961274231,24843,1,50,4.909,1.7086926,17.52,0.9916992,1,0,0,3,0,0,0,0,3,294
1773961330505,24894,1,51,1.294,1.7157916,17.17647,-0.34353065,1,0,0,3,0,0,0,0,3,294
1773961404753,24946,1,52,3.434,1.714374,16.846153,-0.33031654,1,0,0,3,0,0,0,0,3,294
1773961485069,24998,1,52,3.003,1.7148588,16.846153,0,1,0,0,3,0,0,0,0,3,294
1773961515188,24998,1,0,0,0,0,0,0,0,0,0,0,0,0,0,0,0
1773961517197,24998,1,0,0,0,0,0,0,0,0,0,0,0,0,0,0,0
1773961609613,25049,1,51,6.906,1.791781,17.17647,0.33031654,1,0,0,3,0,0,0,0,3,294
1773961740178,25101,1,52,1.702,1.7964269,16.846153,-0.33031654,1,0,0,3,0,0,0,0,3,294
1773961786357,25121,1,0,0,0,0,0,0,0,0,0,0,0,0,0,0,0
1773961788361,25121,1,0,0,0,0,0,0,0,0,0,0,0,0,0,0,0
1773961796401,25121,1,0,0,0,0,0,0,0,0,0,0,0,0,0,0,0
1773961798403,25121,1,0,0,0,0,0,0,0,0,0,0,0,0,0,0,0
1773961852646,25147,1,0,0,0,0,0,0,0,0,0,0,0,0,0,0,0
1773961854659,25147,1,0,0,0,0,0,0,0,0,0,0,0,0,0,0,0
1773961862694,25147,1,0,0,0,0,0,0,0,0,0,0,0,0,0,0,0
1773961864706,25147,1,0,0,0,0,0,0,0,0,0,0,0,0,0,0,0
1773961870727,25152,1,51,1.843,1.7967072,17.17647,0.33031654,1,0,0,3,0,0,0,0,3,294
1773961918957,25169,1,0,0,0,0,0,0,0,0,0,0,0,0,0,0,0
1773961920970,25169,1,0,0,0,0,0,0,0,0,0,0,0,0,0,0,0
1773961928997,25169,1,0,0,0,0,0,0,0,0,0,0,0,0,0,0,0
1773961931002,25169,1,0,0,0,0,0,0,0,0,0,0,0,0,0,0,0
1773961981217,25193,1,0,0,0,0,0,0,0,0,0,0,0,0,0,0,0
1773961983235,25193,1,0,0,0,0,0,0,0,0,0,0,0,0,0,0,0
1773961993280,25203,1,51,3.57,1.7948991,17.17647,0,1,0,0,3,0,0,0,0,3,294
1773962049495,25240,1,0,0,0,0,0,0,0,0,0,0,0,0,0,0,0
1773962051503,25240,1,0,0,0,0,0,0,0,0,0,0,0,0,0,0,0
1773962059545,25240,1,0,0,0,0,0,0,0,0,0,0,0,0,0,0,0
1773962061550,25240,1,0,0,0,0,0,0,0,0,0,0,0,0,0,0,0
1773962075614,25253,1,50,1.231,1.8024733,17.52,0.34353065,1,0,0,3,0,0,0,0,3,294
1773962145924,25304,1,51,2.984,1.752127,17.17647,-0.34353065,1,0,0,3,0,0,0,0,3,294
1773962212213,25356,1,52,3.401,1.7281547,16.846153,-0.33031654,1,0,0,3,0,0,0,0,3,294
1773962242359,25356,1,0,0,0,0,0,0,0,0,0,0,0,0,0,0,0
1773962244375,25356,1,0,0,0,0,0,0,0,0,0,0,0,0,0,0,0
1773962252410,25356,1,0,0,0,0,0,0,0,0,0,0,0,0,0,0,0
1773962254416,25356,1,0,0,0,0,0,0,0,0,0,0,0,0,0,0,0
1773962262459,25356,1,0,0,0,0,0,0,0,0,0,0,0,0,0,0,0
1773962264473,25356,1,0,0,0,0,0,0,0,0,0,0,0,0,0,0,0
1773962328791,25414,1,58,1.321,1.7266289,15.103448,-1.7427053,1,0,0,3,0,0,0,0,3,294
1773962379008,25444,1,0,0,0,0,0,0,0,0,0,0,0,0,0,0,0
1773962381028,25444,1,0,0,0,0,0,0,0,0,0,0,0,0,0,0,0
1773962395118,25467,1,53,3.803,1.7261071,16.528301,1.4248533,1,0,0,3,0,0,0,0,3,294
1773962445289,25493,1,0,0,0,0,0,0,0,0,0,0,0,0,0,0,0
1773962461325,25519,1,52,1.089,1.7351589,16.846153,0.31785202,1,0,0,3,0,0,0,0,3,294
1773962513507,25548,1,0,0,0,0,0,0,0,0,0,0,0,0,0,0,0
1773962515519,25548,1,0,0,0,0,0,0,0,0,0,0,0,0,0,0,0
1773962523537,25548,1,0,0,0,0,0,0,0,0,0,0,0,0,0,0,0
1773962525544,25548,1,0,0,0,0,0,0,0,0,0,0,0,0,0,0,0
1773962547634,25569,1,50,1.341,1.7370647,17.52,0.6738472,1,0,0,3,0,0,0,0,3,294
1773962605876,25619,1,50,1.337,1.7375116,17.52,0,1,0,0,3,0,0,0,0,3,294
1773962674164,25670,1,51,1.217,1.7424757,17.17647,-0.34353065,1,0,0,3,0,0,0,0,3,294
1773962742499,25723,1,53,3.845,1.7479479,16.528301,-0.64816856,1,0,0,3,0,0,0,0,3,294
1773962806754,25777,1,54,1.334,1.7432215,16.222221,-0.30607986,1,0,0,3,0,0,0,0,3,294
1773962907156,25832,1,55,1.564,1.7439591,15.927273,-0.29494858,1,0,0,3,0,0,0,0,3,294
1773962943242,25884,1,52,2.667,1.7409235,16.846153,0.91888046,1,0,0,3,0,0,0,0,3,294
1773963003476,25937,1,53,1.506,1.7462277,16.528301,-0.31785202,1,0,0,3,0,0,0,0,3,294
1773963069792,25987,1,50,5.649,1.7546313,17.52,0.9916992,1,0,0,3,0,0,0,0,3,294
1773963101928,25992,1,0,0,0,0,0,0,0,0,0,0,0,0,0,0,0
1773963103937,25992,1,0,0,0,0,0,0,0,0,0,0,0,0,0,0,0
1773963138092,26039,1,52,5.613,1.7863328,16.846153,-0.6738472,1,0,0,3,0,0,0,0,3,294
1773963206380,26089,1,50,89.756,10.944343,17.52,0.6738472,1,0,0,3,0,0,0,0,3,294
1773963266642,26141,1,52,1.21,10.949015,16.846153,-0.6738472,1,0,0,3,0,0,0,0,3,294
1773963336979,26191,1,50,3.046,10.949596,17.52,0.6738472,1,0,0,3,0,0,0,0,3,294
1773963407252,26243,1,52,2.631,10.94896,16.846153,-0.6738472,1,0,0,3,0,0,0,0,3,294
1773963469552,26295,1,52,4.587,10.947754,16.846153,0,1,0,0,3,0,0,0,0,3,294
1773963501711,26302,1,0,0,0,0,0,0,0,0,0,0,0,0,0,0,0
1773963537844,26346,1,51,1.196,10.95025,17.17647,0.33031654,1,0,0,3,0,0,0,0,3,294
1773963602108,26400,1,54,1.284,10.952209,16.222221,-0.9542484,1,0,0,3,0,0,0,0,3,294
1773963704561,26453,1,53,1.311,10.9563,16.528301,0.30607986,1,0,0,3,0,0,0,0,3,294
1773963770846,26509,1,56,1.186,10.957247,15.642858,-0.8854437,1,0,0,3,0,0,0,0,3,294
1773963833151,26560,1,51,6.827,10.959365,17.17647,1.5336123,1,0,0,3,0,0,0,0,3,294
1773963867322,26617,1,57,1.386,10.963279,15.368421,-1.8080492,1,0,0,3,0,0,0,0,3,294
1773963937583,26669,1,52,3.016,10.962541,16.846153,1.4777327,1,0,0,3,0,0,0,0,3,294
1773964001823,26724,1,55,1.645,10.961865,15.927273,-0.91888046,1,0,0,3,0,0,0,0,3,294
1773964031943,26724,1,0,0,0,0,0,0,0,0,0,0,0,0,0,0,0
1773964066103,26775,1,51,1.108,10.964267,17.17647,1.249197,1,0,0,3,0,0,0,0,3,294
1773964128358,26826,1,51,1.303,10.96494,17.17647,0,1,0,0,3,0,0,0,0,3,294
1773964194695,26876,1,50,7.246,10.97137,17.52,0.34353065,1,0,0,3,0,0,0,0,3,294
1773964228855,26881,1,0,0,0,0,0,0,0,0,0,0,0,0,0,0,0
1773964265040,26927,1,51,1.541,10.970338,17.17647,-0.34353065,1,0,0,3,0,0,0,0,3,294
1773964323300,26981,1,54,1.118,10.949236,16.222221,-0.9542484,1,0,0,3,0,0,0,0,3,294
1773964389575,27032,1,51,4.72,10.949476,17.17647,0.9542484,1,0,0,3,0,0,0,0,3,294
1773964451770,27083,1,51,3.198,10.947345,17.17647,0,1,0,0,3,0,0,0,0,3,294
1773964520088,27136,1,53,1.315,10.948564,16.528301,-0.64816856,1,0,0,3,0,0,0,0,3,294
1773964584339,27187,1,51,1.687,10.947274,17.17647,0.64816856,1,0,0,3,0,0,0,0,3,294
1773964650551,27238,1,51,2.83,10.944315,17.17647,0,1,0,0,3,0,0,0,0,3,294
1773964704807,27289,1,51,1.425,10.943996,17.17647,0,1,0,0,3,0,0,0,0,3,294
1773964759062,27332,1,0,0,0,0,0,0,0,0,0,0,0,0,0,0,0
1773964765086,27344,1,55,4.483,10.938736,15.927273,-1.249197,1,0,0,3,0,0,0,0,3,294
1773964829301,27395,1,51,3.488,10.938455,17.17647,1.249197,1,0,0,3,0,0,0,0,3,294
1773964861460,27448,1,53,1.442,10.938609,16.528301,-0.64816856,1,0,0,3,0,0,0,0,3,294
1773964927739,27504,1,56,6.558,10.938113,15.642858,-0.8854437,1,0,0,3,0,0,0,0,3,294
1773964957890,27504,1,0,0,0,0,0,0,0,0,0,0,0,0,0,0,0
1773964959901,27504,1,0,0,0,0,0,0,0,0,0,0,0,0,0,0,0
1773965026141,27554,1,50,1.121,10.938905,17.52,1.8771429,1,0,0,3,0,0,0,0,3,294
1773965062308,27604,1,50,4.056,10.934559,17.52,0,1,0,0,3,0,0,0,0,3,294
1773965122544,27660,1,56,1.388,10.934134,15.642858,-1.8771429,1,0,0,3,0,0,0,0,3,294
1773965196868,27710,1,50,1.52,10.938592,17.52,1.8771429,1,0,0,3,0,0,0,0,3,294
1773965249112,27760,1,50,1.995,10.938698,17.52,0,1,0,0,3,0,0,0,0,3,294
1773965317362,27816,1,56,2.711,10.936686,15.642858,-1.8771429,1,0,0,3,0,0,0,0,3,294
1773965373613,27866,1,50,2.796,10.93682,17.52,1.8771429,1,0,0,3,0,0,0,0,3,294
1773965433863,27917,1,51,4.438,10.931507,17.17647,-0.34353065,1,0,0,3,0,0,0,0,3,294
1773965498130,27971,1,54,1.645,10.930574,16.222221,-0.9542484,1,0,0,3,0,0,0,0,3,294
1773965562345,28023,1,52,7.965,10.937949,16.846153,0.6239319,1,0,0,3,0,0,0,0,3,294
1773965626584,28073,1,50,1.214,10.937292,17.52,0.6738472,1,0,0,3,0,0,0,0,3,294
1773965684826,28123,1,50,2.529,10.934999,17.52,0,1,0,0,3,0,0,0,0,3,294
1773965747067,28173,1,50,1.367,10.939734,17.52,0,1,0,0,3,0,0,0,0,3,294
1773965783177,28223,1,50,3.139,10.934874,17.52,0,1,0,0,3,0,0,0,0,3,294
1773965845438,28274,1,51,1.173,10.940538,17.17647,-0.34353065,1,0,0,3,0,0,0,0,3,294
1773965901675,28325,1,51,1.384,10.944776,17.17647,0,1,0,0,3,0,0,0,0,3,294
1773965957900,28376,1,51,1.632,10.942547,17.17647,0,1,0,0,3,0,0,0,0,3,294
1773966024137,28426,1,50,1.647,10.942724,17.52,0.34353065,1,0,0,3,0,0,0,0,3,294
1773966086347,28476,1,50,1.411,10.944143,17.52,0,1,0,0,3,0,0,0,0,3,294
1773966120471,28528,1,52,1.693,10.947568,16.846153,-0.6738472,1,0,0,3,0,0,0,0,3,294
1773966180709,28584,1,56,4.164,10.942458,15.642858,-1.2032957,1,0,0,3,0,0,0,0,3,294
1773966236947,28634,1,50,1.761,10.94518,17.52,1.8771429,1,0,0,3,0,0,0,0,3,294
1773966305267,28685,1,51,2.142,10.947228,17.17647,-0.34353065,1,0,0,3,0,0,0,0,3,294
1773966365538,28739,1,54,4.207,10.942447,16.222221,-0.9542484,1,0,0,3,0,0,0,0,3,294
1773966427757,28793,1,54,1.525,10.946561,16.222221,0,1,0,0,3,0,0,0,0,3,294
1773966490069,28846,1,53,2.041,10.943361,16.528301,0.30607986,1,0,0,3,0,0,0,0,3,294
1773966556332,28897,1,51,2.768,10.939526,17.17647,0.64816856,1,0,0,3,0,0,0,0,3,294
1773966612530,28950,1,53,1.283,10.939731,16.528301,-0.64816856,1,0,0,3,0,0,0,0,3,294
1773966672830,29009,1,59,1.352,10.939215,14.847458,-1.6808434,1,0,0,3,0,0,0,0,3,294
1773966739117,29062,1,53,5.802,10.941615,16.528301,1.6808434,1,0,0,3,0,0,0,0,3,294
1773966775273,29113,1,51,1.729,10.940231,17.17647,0.64816856,1,0,0,3,0,0,0,0,3,294
1773966835521,29168,1,55,7.639,10.945156,15.927273,-1.249197,1,0,0,3,0,0,0,0,3,294
1773966893720,29218,1,50,1.084,10.950111,17.52,1.5927277,1,0,0,3,0,0,0,0,3,294
1773966954007,29268,1,50,1.419,10.950434,17.52,0,1,0,0,3,0,0,0,0,3,294
1773967006259,29318,1,50,1.005,10.955017,17.52,0,1,0,0,3,0,0,0,0,3,294
1773967050422,29368,1,50,1.518,10.957269,17.52,0,1,0,0,3,0,0,0,0,3,294
1773967114711,29422,1,54,3.507,1.7671945,16.222221,-1.2977791,1,0,0,3,0,0,0,0,3,294
1773967174942,29473,1,51,1.387,1.7651994,17.17647,0.9542484,1,0,0,3,0,0,0,0,3,294
1773967229186,29525,1,52,4.976,1.789327,16.846153,-0.33031654,1,0,0,3,0,0,0,0,3,294
1773967291460,29576,1,51,3.714,1.7946143,17.17647,0.33031654,1,0,0,3,0,0,0,0,3,294
1773967353786,29626,1,50,1.774,1.7803171,17.52,0.34353065,1,0,0,3,0,0,0,0,3,294
1773967416029,29676,1,50,1.165,1.7806971,17.52,0,1,0,0,3,0,0,0,0,3,294
1773967472323,29729,1,53,1.426,1.7791728,16.528301,-0.9916992,1,0,0,3,0,0,0,0,3,294
1773967510459,29786,1,57,3.024,1.772772,15.368421,-1.1598806,1,0,0,3,0,0,0,0,3,294
1773967574667,29837,1,51,2.213,1.7644782,17.17647,1.8080492,1,0,0,3,0,0,0,0,3,294
1773967628907,29889,1,52,2.058,1.6841807,16.846153,-0.33031654,1,0,0,3,0,0,0,0,3,294
1773967693150,29947,1,58,1.31,1.6850258,15.103448,-1.7427053,1,0,0,3,0,0,0,0,3,294
1773967753376,29998,1,51,3.665,1.6897702,17.17647,2.073022,1,0,0,3,0,0,0,0,3,294
1773967813619,30048,1,50,1.567,1.690455,17.52,0.34353065,1,0,0,3,0,0,0,0,3,294
1773967871856,30102,1,54,4.014,1.6900102,16.222221,-1.2977791,1,0,0,3,0,0,0,0,3,294
1773967938120,30154,1,52,1.126,1.692274,16.846153,0.6239319,1,0,0,3,0,0,0,0,3,294
1773968008477,30204,1,50,1.56,1.5921948,17.52,0.6738472,1,0,0,3,0,0,0,0,3,294
1773968066724,30259,1,55,3.004,1.588636,15.927273,-1.5927277,1,0,0,3,0,0,0,0,3,294
1773968106914,30312,1,53,0.984,1.5905849,16.528301,0.60102844,1,0,0,3,0,0,0,0,3,294
1773968163151,30363,1,51,1.368,1.5726776,17.17647,0.64816856,1,0,0,3,0,0,0,0,3,294
1773968223419,30413,1,50,3.46,1.574888,17.52,0.34353065,1,0,0,3,0,0,0,0,3,294
1773968279692,30463,1,50,2.167,1.5685629,17.52,0,1,0,0,3,0,0,0,0,3,294
1773968333869,30513,1,50,1.529,1.5699552,17.52,0,1,0,0,3,0,0,0,0,3,294
1773968376057,30563,1,50,1.917,1.5709672,17.52,0,1,0,0,3,0,0,0,0,3,294
1773968436286,30614,1,51,3.533,1.5706486,17.17647,-0.34353065,1,0,0,3,0,0,0,0,3,294
1773968496533,30664,1,50,1.895,1.5525594,17.52,0.34353065,1,0,0,3,0,0,0,0,3,294
1773968552721,30714,1,50,2.034,1.5481317,17.52,0,1,0,0,3,0,0,0,0,3,294
1773968608948,30764,1,50,1.409,1.5484722,17.52,0,1,0,0,3,0,0,0,0,3,294
1773968665173,30822,1,58,1.155,1.4671915,15.103448,-2.4165525,1,0,0,3,0,0,0,0,3,294
1773968703319,30874,1,52,4.868,1.4910463,16.846153,1.7427053,1,0,0,3,0,0,0,0,3,294
1773968761560,30926,1,52,1.592,1.4801064,16.846153,0,1,0,0,3,0,0,0,0,3,294
1773968821837,30984,1,58,1.008,1.4848387,15.103448,-1.7427053,1,0,0,3,0,0,0,0,3,294
1773968876051,31034,1,50,1.313,1.4869252,17.52,2.4165525,1,0,0,3,0,0,0,0,3,294
1773968930272,31085,1,51,1.924,1.4872336,17.17647,-0.34353065,1,0,0,3,0,0,0,0,3,294
1773968994526,31139,1,54,1.708,1.4888661,16.222221,-0.9542484,1,0,0,3,0,0,0,0,3,294
1773969034671,31189,1,50,1.846,1.4891474,17.52,1.2977791,1,0,0,3,0,0,0,0,3,294
1773969127056,31243,1,54,1.72,1.4673587,16.222221,-1.2977791,1,0,0,3,0,0,0,0,3,294
1773969159184,31295,1,52,2.248,1.4650611,16.846153,0.6239319,1,0,0,3,0,0,0,0,3,294
1773969229467,31352,1,57,1.143,1.2870064,15.368421,-1.4777327,1,0,0,3,0,0,0,0,3,294
1773969263626,31356,1,0,0,0,0,0,0,0,0,0,0,0,0,0,0,0
1773969265636,31356,1,0,0,0,0,0,0,0,0,0,0,0,0,0,0,0
1773969333919,31398,1,0,0,0,0,0,0,0,0,0,0,0,0,0,0,0
1773969337923,31403,1,51,1.419,1.2847964,17.17647,1.8080492,1,0,0,3,0,0,0,0,3,294
1773969400223,31449,1,0,0,0,0,0,0,0,0,0,0,0,0,0,0,0
1773969404258,31453,1,50,2.481,1.2846212,17.52,0.34353065,1,0,0,3,0,0,0,0,3,294
1773969466551,31497,1,0,0,0,0,0,0,0,0,0,0,0,0,0,0,0
1773969472564,31510,1,57,1.458,1.2837433,15.368421,-2.1515799,1,0,0,3,0,0,0,0,3,294
1773969530788,31552,1,0,0,0,0,0,0,0,0,0,0,0,0,0,0,0
1773969532805,31552,1,0,0,0,0,0,0,0,0,0,0,0,0,0,0,0
1773969540826,31560,1,50,2.253,1.2783738,17.52,2.1515799,1,0,0,3,0,0,0,0,3,294
1773969605087,31610,1,50,1.187,1.2782007,17.52,0,1,0,0,3,0,0,0,0,3,294
1773969663288,31645,1,0,0,0,0,0,0,0,0,0,0,0,0,0,0,0
1773969665299,31645,1,0,0,0,0,0,0,0,0,0,0,0,0,0,0,0
1773969683370,31663,1,53,3.353,1.2820626,16.528301,-0.9916992,1,0,0,3,0,0,0,0,3,294
1773969741652,31716,1,53,1.232,1.2858988,16.528301,0,1,0,0,3,0,0,0,0,3,294
1773969801911,31771,1,55,1.319,1.2888104,15.927273,-0.60102844,1,0,0,3,0,0,0,0,3,294
1773969866163,31812,1,0,0,0,0,0,0,0,0,0,0,0,0,0,0,0
1773969878223,31821,1,50,1.187,1.2912823,17.52,1.5927277,1,0,0,3,0,0,0,0,3,294
1773969948581,31876,1,55,1.958,1.2900475,15.927273,-1.5927277,1,0,0,3,0,0,0,0,3,294
1773969996774,31901,1,0,0,0,0,0,0,0,0,0,0,0,0,0,0,0
1773969998778,31901,1,0,0,0,0,0,0,0,0,0,0,0,0,0,0,0
1773970014851,31928,1,52,1.339,1.270703,16.846153,0.91888046,1,0,0,3,0,0,0,0,3,294
1773970063044,31950,1,0,0,0,0,0,0,0,0,0,0,0,0,0,0,0
1773970089146,31978,1,50,1.291,1.2743883,17.52,0.6738472,1,0,0,3,0,0,0,0,3,294
1773970129315,31995,1,0,0,0,0,0,0,0,0,0,0,0,0,0,0,0
1773970131317,31995,1,0,0,0,0,0,0,0,0,0,0,0,0,0,0,0
1773970155406,32032,1,54,4.18,1.2987462,16.222221,-1.2977791,1,0,0,3,0,0,0,0,3,294
1773970215618,32084,1,52,23.891,2.9808028,16.846153,0.6239319,1,0,0,3,0,0,0,0,3,294
1773970261803,32103,1,0,0,0,0,0,0,0,0,0,0,0,0,0,0,0
1773970287938,32137,1,53,7.357,3.0381837,16.528301,-0.31785202,1,0,0,3,0,0,0,0,3,294
1773970348184,32188,1,51,6.309,3.0720208,17.17647,0.64816856,1,0,0,3,0,0,0,0,3,294
1773970392366,32207,1,0,0,0,0,0,0,0,0,0,0,0,0,0,0,0
1773970394373,32207,1,0,0,0,0,0,0,0,0,0,0,0,0,0,0,0
1773970426501,32238,1,50,1.59,3.0748358,17.52,0.34353065,1,0,0,3,0,0,0,0,3,294
1773970458658,32242,1,0,0,0,0,0,0,0,0,0,0,0,0,0,0,0
1773970460662,32242,1,0,0,0,0,0,0,0,0,0,0,0,0,0,0,0
1773970494793,32291,1,53,3.105,3.0705733,16.528301,-0.9916992,1,0,0,3,0,0,0,0,3,294
1773970555032,32344,1,53,8.249,3.14267,16.528301,0,1,0,0,3,0,0,0,0,3,294
1773970623322,32395,1,51,4.547,3.1276066,17.17647,0.64816856,1,0,0,3,0,0,0,0,3,294
1773970659488,32400,1,0,0,0,0,0,0,0,0,0,0,0,0,0,0,0
1773970723753,32451,1,56,1.267,3.1305015,15.642858,-1.5336123,1,0,0,3,0,0,0,0,3,294
1773970792090,32492,1,0,0,0,0,0,0,0,0,0,0,0,0,0,0,0
1773970796111,32502,1,51,1.897,3.0707884,17.17647,1.5336123,1,0,0,3,0,0,0,0,3,294
1773970856325,32553,1,51,2.241,3.06486,17.17647,0,1,0,0,3,0,0,0,0,3,294
1773970918635,32594,1,0,0,0,0,0,0,0,0,0,0,0,0,0,0,0
1773970920642,32594,1,0,0,0,0,0,0,0,0,0,0,0,0,0,0,0
1773970928689,32603,1,50,1.224,3.0662065,17.52,0.34353065,1,0,0,3,0,0,0,0,3,294
1773970996973,32662,1,59,2.025,3.060132,14.847458,-2.6725426,1,0,0,3,0,0,0,0,3,294
1773971063301,32715,1,53,1.433,3.0606592,16.528301,1.6808434,1,0,0,3,0,0,0,0,3,294
1773971121563,32749,1,0,0,0,0,0,0,0,0,0,0,0,0,0,0,0
1773971123568,32749,1,0,0,0,0,0,0,0,0,0,0,0,0,0,0,0
1773971143668,32767,1,52,2.99,3.0591712,16.846153,0.31785202,1,0,0,3,0,0,0,0,3,294
1773971187848,32791,1,0,0,0,0,0,0,0,0,0,0,0,0,0,0,0
1773971189856,32791,1,0,0,0,0,0,0,0,0,0,0,0,0,0,0,0
1773971217965,32822,1,55,35.779,5.1147237,15.927273,-0.91888046,1,0,0,3,0,0,0,0,3,294
1773971284243,32876,1,54,2.136,5.1116014,16.222221,0.29494858,1,0,0,3,0,0,0,0,3,294
1773971342492,32930,1,54,5.638,5.120339,16.222221,0,1,0,0,3,0,0,0,0,3,294
1773971388672,32953,1,0,0,0,0,0,0,0,0,0,0,0,0,0,0,0
1773971408743,32980,1,50,2.7,5.1175847,17.52,1.2977791,1,0,0,3,0,0,0,0,3,294
1773971452937,33002,1,0,0,0,0,0,0,0,0,0,0,0,0,0,0,0
1773971454946,33002,1,0,0,0,0,0,0,0,0,0,0,0,0,0,0,0
1773971477037,33031,1,51,1.913,5.1137347,17.17647,-0.34353065,1,0,0,3,0,0,0,0,3,294
1773971539325,33081,1,50,1.04,5.1160855,17.52,0.34353065,1,0,0,3,0,0,0,0,3,294
1773971595589,33134,1,53,1.101,5.122816,16.528301,-0.9916992,1,0,0,3,0,0,0,0,3,294
1773971657871,33189,1,55,1.991,5.123554,15.927273,-0.60102844,1,0,0,3,0,0,0,0,3,294
1773971720196,33228,1,0,0,0,0,0,0,0,0,0,0,0,0,0,0,0
1773971736266,33242,1,53,118.281,15.162395,16.528301,0.60102844,1,0,0,3,0,0,0,0,3,294
1773971800556,33292,1,50,1.773,15.16074,17.52,0.9916992,1,0,0,3,0,0,0,0,3,294
1773971864880,33347,1,55,1.793,15.165118,15.927273,-1.5927277,1,0,0,3,0,0,0,0,3,294
1773971931129,33398,1,51,2.947,15.161225,17.17647,1.249197,1,0,0,3,0,0,0,0,3,294
1773971981375,33428,1,0,0,0,0,0,0,0,0,0,0,0,0,0,0,0
1773971983385,33428,1,0,0,0,0,0,0,0,0,0,0,0,0,0,0,0
1773971991433,33428,1,0,0,0,0,0,0,0,0,0,0,0,0,0,0,0
1773971993438,33428,1,0,0,0,0,0,0,0,0,0,0,0,0,0,0,0
1773972007504,33450,1,52,2.187,15.164787,16.846153,-0.33031654,1,0,0,3,0,0,0,0,3,294
1773972067780,33500,1,50,1.854,15.162166,17.52,0.6738472,1,0,0,3,0,0,0,0,3,294
1773972127979,33550,1,50,3.361,15.157446,17.52,0,1,0,0,3,0,0,0,0,3,294
1773972198281,33600,1,50,1.847,15.160525,17.52,0,1,0,0,3,0,0,0,0,3,294
1773972276637,33652,1,52,2.575,15.155224,16.846153,-0.6738472,1,0,0,3,0,0,0,0,3,294
1773972346953,33709,1,57,1.571,15.154482,15.368421,-1.4777327,1,0,0,3,0,0,0,0,3,294
1773972415214,33765,1,56,1.539,15.159456,15.642858,0.27443695,1,0,0,3,0,0,0,0,3,294
1773972473426,33815,1,50,6.555,15.1564245,17.52,1.8771429,1,0,0,3,0,0,0,0,3,294
1773972515632,33829,1,0,0,0,0,0,0,0,0,0,0,0,0,0,0,0
1773972545746,33865,1,50,1.641,15.156022,17.52,0,1,0,0,3,0,0,0,0,3,294
1773972609988,33917,1,52,1.177,15.158703,16.846153,-0.6738472,1,0,0,3,0,0,0,0,3,294
1773972644135,33924,1,0,0,0,0,0,0,0,0,0,0,0,0,0,0,0
1773972680302,33973,1,56,8.172,15.16234,15.642858,-1.2032957,1,0,0,3,0,0,0,0,3,294
1773972784711,34029,1,56,1.342,15.164335,15.642858,0,1,0,0,3,0,0,0,0,3,294
1773972846981,34069,1,0,0,0,0,0,0,0,0,0,0,0,0,0,0,0
1773972848996,34069,1,0,0,0,0,0,0,0,0,0,0,0,0,0,0,0
1773972855032,34079,1,50,1.368,15.166677,17.52,1.8771429,1,0,0,3,0,0,0,0,3,294
1773972913286,34114,1,0,0,0,0,0,0,0,0,0,0,0,0,0,0,0
1773972921312,34131,1,52,2.806,15.162343,16.846153,-0.6738472,1,0,0,3,0,0,0,0,3,294
1773972975513,34181,1,50,1.234,15.162021,17.52,0.6738472,1,0,0,3,0,0,0,0,3,294
1773973009629,34233,1,52,2.075,15.1667385,16.846153,-0.6738472,1,0,0,3,0,0,0,0,3,294
1773973043789,34237,1,0,0,0,0,0,0,0,0,0,0,0,0,0,0,0
1773973045792,34237,1,0,0,0,0,0,0,0,0,0,0,0,0,0,0,0
1773973053836,34237,1,0,0,0,0,0,0,0,0,0,0,0,0,0,0,0
1773973108078,34271,1,0,0,0,0,0,0,0,0,0,0,0,0,0,0,0
1773973110085,34271,1,0,0,0,0,0,0,0,0,0,0,0,0,0,0,0
1773973126160,34283,1,50,52.951,16.27847,17.52,0.6738472,1,0,0,3,0,0,0,0,3,294
1773973176358,34306,1,0,0,0,0,0,0,0,0,0,0,0,0,0,0,0
1773973178367,34306,1,0,0,0,0,0,0,0,0,0,0,0,0,0,0,0
1773973186401,34306,1,0,0,0,0,0,0,0,0,0,0,0,0,0,0,0
1773973204467,34341,1,58,1.271,16.27727,15.103448,-2.4165525,1,0,0,3,0,0,0,0,3,294
1773973244620,34352,1,0,0,0,0,0,0,0,0,0,0,0,0,0,0,0
1773973246624,34352,1,0,0,0,0,0,0,0,0,0,0,0,0,0,0,0
1773973308886,34395,1,54,1.402,16.276882,16.222221,1.1187735,1,0,0,3,0,0,0,0,3,294
1773973347025,34445,1,50,1.501,16.27858,17.52,1.2977791,1,0,0,3,0,0,0,0,3,294
1773973405301,34497,1,52,2.444,16.27588,16.846153,-0.6738472,1,0,0,3,0,0,0,0,3,294
1773973445473,34509,1,0,0,0,0,0,0,0,0,0,0,0,0,0,0,0
1773973471552,34547,1,50,1.241,16.27841,17.52,0.6738472,1,0,0,3,0,0,0,0,3,294
1773973537807,34599,1,52,4.04,16.27166,16.846153,-0.6738472,1,0,0,3,0,0,0,0,3,294
1773973590041,34651,1,52,3.194,16.26874,16.846153,0,1,0,0,3,0,0,0,0,3,294
1773973642245,34670,1,0,0,0,0,0,0,0,0,0,0,0,0,0,0,0
1773973668369,34705,1,54,1.66,16.266481,16.222221,-0.6239319,1,0,0,3,0,0,0,0,3,294
1773973708563,34720,1,0,0,0,0,0,0,0,0,0,0,0,0,0,0,0
1773973710565,34720,1,0,0,0,0,0,0,0,0,0,0,0,0,0,0,0
1773973736692,34758,1,53,1.46,16.266304,16.528301,0.30607986,1,0,0,3,0,0,0,0,3,294
1773973776878,34766,1,0,0,0,0,0,0,0,0,0,0,0,0,0,0,0
1773973811026,34808,1,50,1.546,16.269835,17.52,0.9916992,1,0,0,3,0,0,0,0,3,294
1773973843175,34809,1,0,0,0,0,0,0,0,0,0,0,0,0,0,0,0
1773973909509,34843,1,0,0,0,0,0,0,0,0,0,0,0,0,0,0,0
1773973911511,34843,1,0,0,0,0,0,0,0,0,0,0,0,0,0,0,0
1773973923540,34862,1,54,6.782,16.260326,16.222221,-1.2977791,1,0,0,3,0,0,0,0,3,294
1773973973766,34886,1,0,0,0,0,0,0,0,0,0,0,0,0,0,0,0
1773973975780,34886,1,0,0,0,0,0,0,0,0,0,0,0,0,0,0,0
1773973991881,34914,1,52,1.973,16.26138,16.846153,0.6239319,1,0,0,3,0,0,0,0,3,294
1773974038079,34936,1,0,0,0,0,0,0,0,0,0,0,0,0,0,0,0
1773974040084,34936,1,0,0,0,0,0,0,0,0,0,0,0,0,0,0,0
1773974066180,34964,1,50,7.589,16.25105,17.52,0.6738472,1,0,0,3,0,0,0,0,3,294
1773974108339,34977,1,0,0,0,0,0,0,0,0,0,0,0,0,0,0,0
1773974138474,35014,1,50,3.183,16.251516,17.52,0,1,0,0,3,0,0,0,0,3,294
1773974174597,35019,1,0,0,0,0,0,0,0,0,0,0,0,0,0,0,0
1773974238877,35052,1,0,0,0,0,0,0,0,0,0,0,0,0,0,0,0
1773974240892,35052,1,0,0,0,0,0,0,0,0,0,0,0,0,0,0,0
1773974246919,35068,1,54,1.734,16.24928,16.222221,-1.2977791,1,0,0,3,0,0,0,0,3,294
1773974311179,35125,1,57,1.515,16.24839,15.368421,-0.8538008,1,0,0,3,0,0,0,0,3,294
1773974371457,35166,1,0,0,0,0,0,0,0,0,0,0,0,0,0,0,0
1773974373469,35166,1,0,0,0,0,0,0,0,0,0,0,0,0,0,0,0
1773974377491,35179,1,54,1.357,16.2476,16.222221,0.8538008,1,0,0,3,0,0,0,0,3,294
1773974435736,35230,1,51,1.289,16.250496,17.17647,0.9542484,1,0,0,3,0,0,0,0,3,294
1773974473907,35280,1,50,1.266,16.250832,17.52,0.34353065,1,0,0,3,0,0,0,0,3,294
1773974536190,35331,1,51,2.437,16.24614,17.17647,-0.34353065,1,0,0,3,0,0,0,0,3,294
1773974570320,35341,1,0,0,0,0,0,0,0,0,0,0,0,0,0,0,0
1773974572324,35341,1,0,0,0,0,0,0,0,0,0,0,0,0,0,0,0
1773974640653,35375,1,0,0,0,0,0,0,0,0,0,0,0,0,0,0,0
1773974644674,35382,1,51,2.374,16.251074,17.17647,0,1,0,0,3,0,0,0,0,3,294
1773974725069,35433,1,51,1.908,16.103163,17.17647,0,1,0,0,3,0,0,0,0,3,294
1773974775326,35483,1,50,1.477,16.110569,17.52,0.34353065,1,0,0,3,0,0,0,0,3,294
1773974827571,35534,1,51,2.21,16.11605,17.17647,-0.34353065,1,0,0,3,0,0,0,0,3,294
1773974857736,35588,1,54,2.213,16.11381,16.222221,-0.9542484,1,0,0,3,0,0,0,0,3,294
1773974899908,35639,1,51,3.562,16.112797,17.17647,0.9542484,1,0,0,3,0,0,0,0,3,294
1773974936057,35691,1,52,1.16,16.118727,16.846153,-0.33031654,1,0,0,3,0,0,0,0,3,294
1773974978293,35741,1,50,4.982,16.118412,17.52,0.6738472,1,0,0,3,0,0,0,0,3,294
1773975030520,35791,1,50,2.751,16.113344,17.52,0,1,0,0,3,0,0,0,0,3,294
1773975072656,35841,1,50,1.007,16.116865,17.52,0,1,0,0,3,0,0,0,0,3,294
1773975108861,35892,1,51,1.162,16.12086,17.17647,-0.34353065,1,0,0,3,0,0,0,0,3,294
1773975159075,35945,1,53,1.162,16.12112,16.528301,-0.64816856,1,0,0,3,0,0,0,0,3,294
1773975195213,35995,1,50,1.719,16.122198,17.52,0.9916992,1,0,0,3,0,0,0,0,3,294
1773975239368,36045,1,50,1.611,16.121511,17.52,0,1,0,0,3,0,0,0,0,3,294
1773975293633,36095,1,50,2.489,16.122852,17.52,0,1,0,0,3,0,0,0,0,3,294
1773975319712,36146,1,51,2.291,15.66871,17.17647,-0.34353065,1,0,0,3,0,0,0,0,3,294
1773975367882,36197,1,51,3.85,15.665297,17.17647,0,1,0,0,3,0,0,0,0,3,294
1773975426094,36254,1,57,1.383,15.671493,15.368421,-1.8080492,1,0,0,3,0,0,0,0,3,294
1773975458200,36304,1,50,1.339,15.675437,17.52,2.1515799,1,0,0,3,0,0,0,0,3,294
1773975504374,36356,1,52,2.06,15.67501,16.846153,-0.6738472,1,0,0,3,0,0,0,0,3,294
1773975558527,36408,1,52,2.347,15.67079,16.846153,0,1,0,0,3,0,0,0,0,3,294
1773975594710,36462,1,54,1.163,15.670555,16.222221,-0.6239319,1,0,0,3,0,0,0,0,3,294
1773975636877,36512,1,50,2.698,15.668721,17.52,1.2977791,1,0,0,3,0,0,0,0,3,294
1773975695085,36570,1,58,1.782,6.4551477,15.103448,-2.4165525,1,0,0,3,0,0,0,0,3,294
1773975753365,36621,1,51,2.675,6.4531517,17.17647,2.073022,1,0,0,3,0,0,0,0,3,294
1773975779469,36673,1,52,2.469,6.451485,16.846153,-0.33031654,1,0,0,3,0,0,0,0,3,294
1773975835687,36730,1,57,2.548,6.451875,15.368421,-1.4777327,1,0,0,3,0,0,0,0,3,294
1773975895920,36781,1,51,1.13,6.4556694,17.17647,1.8080492,1,0,0,3,0,0,0,0,3,294
1773975958176,36837,1,56,1.767,6.4559455,15.642858,-1.5336123,1,0,0,3,0,0,0,0,3,294
1773976020498,36888,1,51,3.179,6.4558854,17.17647,1.5336123,1,0,0,3,0,0,0,0,3,294
1773976046588,36939,1,51,6.895,6.4705696,17.17647,0,1,0,0,3,0,0,0,0,3,294
1773976106786,36990,1,51,5.179,6.474653,17.17647,0,1,0,0,3,0,0,0,0,3,294
1773976161066,37042,1,52,3.364,6.4712157,16.846153,-0.33031654,1,0,0,3,0,0,0,0,3,294
1773976229381,37094,1,52,6.874,6.4826565,16.846153,0,1,0,0,3,0,0,0,0,3,294
1773976295705,37144,1,50,1.314,6.4748683,17.52,0.6738472,1,0,0,3,0,0,0,0,3,294
1773976331834,37199,1,55,3.406,6.4715986,15.927273,-1.5927277,1,0,0,3,0,0,0,0,3,294
1773976379995,37253,1,54,2.437,6.46701,16.222221,0.29494858,1,0,0,3,0,0,0,0,3,294
1773976438196,37304,1,51,4.883,6.4413013,17.17647,0.9542484,1,0,0,3,0,0,0,0,3,294
1773976488376,37355,1,51,1.085,6.4425845,17.17647,0,1,0,0,3,0,0,0,0,3,294
1773976546579,37405,1,50,1.107,6.443869,17.52,0.34353065,1,0,0,3,0,0,0,0,3,294
1773976602850,37461,1,56,5.555,6.449826,15.642858,-1.8771429,1,0,0,3,0,0,0,0,3,294
1773976653051,37513,1,52,3.606,6.4446135,16.846153,1.2032957,1,0,0,3,0,0,0,0,3,294
1773976707280,37564,1,51,8.252,6.471071,17.17647,0.33031654,1,0,0,3,0,0,0,0,3,294
1773976759502,37618,1,54,3.852,1.7288946,16.222221,-0.9542484,1,0,0,3,0,0,0,0,3,294
1773976823766,37668,1,50,1.473,1.7265126,17.52,1.2977791,1,0,0,3,0,0,0,0,3,294
1773976884019,37720,1,52,1.356,1.7270527,16.846153,-0.6738472,1,0,0,3,0,0,0,0,3,294
1773976912134,37774,1,54,1.586,1.7261807,16.222221,-0.6239319,1,0,0,3,0,0,0,0,3,294
1773976970345,37828,1,54,2.406,1.7262676,16.222221,0,1,0,0,3,0,0,0,0,3,294
1773977036588,37878,1,50,2.727,1.7167567,17.52,1.2977791,1,0,0,3,0,0,0,0,3,294
1773977092853,37930,1,52,4.996,1.7324318,16.846153,-0.6738472,1,0,0,3,0,0,0,0,3,294
1773977157118,37984,1,54,3.128,1.7321664,16.222221,-0.6239319,1,0,0,3,0,0,0,0,3,294
1773977199271,38037,1,53,1.284,1.7363663,16.528301,0.30607986,1,0,0,3,0,0,0,0,3,294
1773977265533,38090,1,53,1.666,1.7342379,16.528301,0,1,0,0,3,0,0,0,0,3,294
1773977303674,38140,1,50,2.258,1.728998,17.52,0.9916992,1,0,0,3,0,0,0,0,3,294
1773977347836,38158,1,0,0,0,0,0,0,0,0,0,0,0,0,0,0,0
1773977349845,38158,1,0,0,0,0,0,0,0,0,0,0,0,0,0,0,0
1773977371930,38191,1,51,1.218,1.6612839,17.17647,-0.34353065,1,0,0,3,0,0,0,0,3,294
1773977442286,38242,1,51,2.435,1.6593891,17.17647,0,1,0,0,3,0,0,0,0,3,294
1773977496589,38295,1,53,3.252,1.540325,16.528301,-0.64816856,1,0,0,3,0,0,0,0,3,294
1773977552800,38352,1,57,1.132,1.5486695,15.368421,-1.1598806,1,0,0,3,0,0,0,0,3,294
1773977619057,38403,1,51,3.368,1.5485805,17.17647,1.8080492,1,0,0,3,0,0,0,0,3,294
1773977677315,38457,1,54,4.117,1.5545158,16.222221,-0.9542484,1,0,0,3,0,0,0,0,3,294
1773977711466,38510,1,53,2.316,1.5469712,16.528301,0.30607986,1,0,0,3,0,0,0,0,3,294
1773977769683,38565,1,55,3.963,1.5464394,15.927273,-0.60102844,1,0,0,3,0,0,0,0,3,294
1773977817921,38615,1,50,1.276,1.5462983,17.52,1.5927277,1,0,0,3,0,0,0,0,3,294
1773977878216,38646,1,0,0,0,0,0,0,0,0,0,0,0,0,0,0,0
1773977890296,38669,1,54,1.453,1.5533822,16.222221,-1.2977791,1,0,0,3,0,0,0,0,3,294
1773977956491,38722,1,53,3.206,1.5544877,16.528301,0.30607986,1,0,0,3,0,0,0,0,3,294
1773978008707,38777,1,55,1.527,1.5580978,15.927273,-0.60102844,1,0,0,3,0,0,0,0,3,294
1773978044844,38828,1,51,1.582,1.5569081,17.17647,1.249197,1,0,0,3,0,0,0,0,3,294
1773978101091,38881,1,53,1.387,1.5639551,16.528301,-0.64816856,1,0,0,3,0,0,0,0,3,294
1773978157335,38931,1,50,3.899,1.5706052,17.52,0.9916992,1,0,0,3,0,0,0,0,3,294
1773978207531,38967,1,0,0,0,0,0,0,0,0,0,0,0,0,0,0,0
1773978209540,38967,1,0,0,0,0,0,0,0,0,0,0,0,0,0,0,0
1773978217580,38967,1,0,0,0,0,0,0,0,0,0,0,0,0,0,0,0
1773978229646,38983,1,52,4.669,1.5863115,16.846153,-0.6738472,1,0,0,3,0,0,0,0,3,294
1773978279830,39037,1,54,1.485,1.5819168,16.222221,-0.6239319,1,0,0,3,0,0,0,0,3,294
1773978338090,39089,1,52,1.243,1.5653664,16.846153,0.6239319,1,0,0,3,0,0,0,0,3,294
1773978372255,39141,1,52,1.24,1.5748423,16.846153,0,1,0,0,3,0,0,0,0,3,294
1773978420440,39194,1,53,4.891,1.5865438,16.528301,-0.31785202,1,0,0,3,0,0,0,0,3,294
1773978472630,39249,1,55,1.802,1.5789773,15.927273,-0.60102844,1,0,0,3,0,0,0,0,3,294
1773978506766,39300,1,51,8.429,1.7203654,17.17647,1.249197,1,0,0,3,0,0,0,0,3,294
1773978564996,39350,1,50,1.615,1.7214328,17.52,0.34353065,1,0,0,3,0,0,0,0,3,294
1773978647348,39400,1,50,1.538,1.7222418,17.52,0,1,0,0,3,0,0,0,0,3,294
1773978697603,39450,1,50,1.303,1.7317926,17.52,0,1,0,0,3,0,0,0,0,3,294
1773978749868,39506,1,56,1.784,1.7351532,15.642858,-1.8771429,1,0,0,3,0,0,0,0,3,294
1773978806131,39556,1,50,1.413,1.7377484,17.52,1.8771429,1,0,0,3,0,0,0,0,3,294
1773978840331,39608,1,52,1.644,1.7348845,16.846153,-0.6738472,1,0,0,3,0,0,0,0,3,294
1773978894725,39659,1,51,2.055,1.7281425,17.17647,0.33031654,1,0,0,3,0,0,0,0,3,294
1773978948975,39710,1,51,2.174,1.727493,17.17647,0,1,0,0,3,0,0,0,0,3,294
1773979007289,39764,1,54,142.07,17.363958,16.222221,-0.9542484,1,0,0,3,0,0,0,0,3,294
1773979075544,39816,1,52,5.131,17.357477,16.846153,0.6239319,1,0,0,3,0,0,0,0,3,294
1773979123772,39867,1,51,3.419,17.356216,17.17647,0.33031654,1,0,0,3,0,0,0,0,3,294
1773979159912,39920,1,53,6.72,17.352697,16.528301,-0.64816856,1,0,0,3,0,0,0,0,3,294
1773979212121,39972,1,52,2.177,17.353886,16.846153,0.31785202,1,0,0,3,0,0,0,0,3,294
1773979244235,40022,1,50,2.045,17.35496,17.52,0.6738472,1,0,0,3,0,0,0,0,3,294
1773979296421,40075,1,53,1.349,17.358316,16.528301,-0.9916992,1,0,0,3,0,0,0,0,3,294
1773979346676,40127,1,52,3.591,17.352318,16.846153,0.31785202,1,0,0,3,0,0,0,0,3,294
1773979384798,40177,1,50,1.595,17.352846,17.52,0.6738472,1,0,0,3,0,0,0,0,3,294
1773979426927,40230,1,53,1.492,17.356998,16.528301,-0.9916992,1,0,0,3,0,0,0,0,3,294
1773979473148,40281,1,51,4.49,17.355585,18.17647,1.6481686,1,0,0,3,0,0,0,0,3,311
1773979505256,40331,1,50,1.18,17.362097,19.6,1.4235306,1,0,0,3,0,0,0,0,3,329
1773979551427,40383,1,52,3.219,17.362316,19.711538,0.11153793,1,0,0,3,0,0,0,0,3,344
1773979601691,40433,1,50,4.273,17.36082,20.5,0.7884617,1,0,0,3,0,0,0,0,3,344
1773979631781,40483,1,50,1.334,17.360756,22.3,1.7999992,1,0,0,3,0,0,0,0,3,374
1773979681995,40533,1,50,1.213,17.365864,28.74,6.4400005,1,0,0,3,0,0,0,0,3,494
1773979722167,40586,1,53,1.164,17.36938,32.4717,3.731699,1,0,0,3,0,0,0,0,3,599
1773979768427,40636,1,50,1.507,17.37436,36.56,4.0883026,1,0,0,3,0,0,0,0,3,637
1773979814699,40688,1,52,5.41,17.368156,35.615383,-0.9446182,1,0,0,3,0,0,0,0,3,647
1773979856805,40741,1,53,5.263,17.361715,35.622643,0.007259369,1,0,0,3,0,0,0,0,3,659
1773979915039,40792,1,51,2.522,17.36411,37.843136,2.2204933,1,0,0,3,0,0,0,0,3,677
1773979957197,40844,1,52,1.112,17.369755,37.73077,-0.11236572,1,0,0,3,0,0,0,0,3,689
1773980005400,40894,1,50,4.777,17.364477,39.96,2.229229,1,0,0,3,0,0,0,0,3,700
1773980039533,40946,1,52,1.134,17.370068,38.884617,-1.0753822,1,0,0,3,0,0,0,0,3,708
1773980087817,40996,1,50,1.81,17.369118,41.04,2.155384,1,0,0,3,0,0,0,0,3,719
1773980132027,41046,1,50,4.665,17.363827,41.22,0.1800003,1,0,0,3,0,0,0,0,3,722
1773980166184,41096,1,50,1.584,17.363834,41.58,0.3600006,1,0,0,3,0,0,0,0,3,728
1773980210429,41146,1,50,3.156,17.362457,42.24,0.65999985,1,0,0,3,0,0,0,0,3,740
1773980270716,41202,1,56,3.643,17.361097,38.42857,-3.811432,1,0,0,3,0,0,0,0,3,758
1773980304836,41254,1,52,8.527,17.367111,41.98077,3.5522003,1,0,0,3,0,0,0,0,3,767
1773980347016,41306,1,52,1.565,17.370684,42.51923,0.5384598,1,0,0,3,0,0,0,0,3,778
1773980409292,41356,1,50,2.639,17.36712,45,2.48077,1,0,0,3,0,0,0,0,3,795
1773980441429,41408,1,52,8.107,17.366796,43.692307,-1.3076935,1,0,0,3,0,0,0,0,3,804
1773980483619,41458,1,50,5.11,17.363377,45.74,2.0476952,1,0,0,3,0,0,0,0,3,808
1773980533819,41515,1,57,2.398,17.359938,40.122807,-5.617195,1,0,0,3,0,0,0,0,3,808
1773980573958,41569,1,54,6.025,17.357182,42.351852,2.2290459,1,0,0,3,0,0,0,0,3,808
1773980622234,41625,1,56,1.343,17.36199,40.839287,-1.5125656,1,0,0,3,0,0,0,0,3,808
1773980684488,41677,1,52,1.377,17.361145,43.98077,3.1414833,1,0,0,3,0,0,0,0,3,808
1773980730634,41730,1,53,1.583,17.365316,43.150944,-0.82982635,1,0,0,3,0,0,0,0,3,808
1773980764749,41781,1,51,1.357,17.371029,44.843136,1.6921921,1,0,0,3,0,0,0,0,3,808
1773980810942,41835,1,54,6.97,17.369316,42.351852,-2.4912834,1,0,0,3,0,0,0,0,3,808
1774036401459,51,1,51,1.649,0,0,0,1,1,0,3,0,0,0,0,2,0
1774036443640,101,0.0008333761,50,1.962,0.15649998,0,0,1,0,0,3,0,0,0,0,2,0
1774036481792,156,0.00090941426,55,6.64,2.2825844,0,0,1,0,0,3,0,0,0,0,2,0
1774036531968,209,0.000541425,53,1.812,2.0953875,0,0,1,0,0,3,0,0,0,0,2,0
1774036580218,260,0.00089022476,51,1.113,2.0228179,0,0,1,0,0,3,0,0,0,0,2,0
1774036618404,313,0.025530333,53,24.545,8.371497,0,0,1,0,0,3,0,0,0,0,2,0
1774036660574,365,0.0009903162,52,1.545,7.9261284,0,0,1,0,0,3,0,0,0,0,2,0
1774036696772,415,0.0010653737,50,2.25,7.496996,0,0,1,0,0,3,0,0,0,0,2,0
1774036720876,465,0.0012351454,50,1.516,7.1618967,0,0,1,0,0,3,0,0,0,0,2,0
1774036765025,520,0.0010487237,55,1.121,6.882536,0,0,1,0,0,3,0,0,0,0,2,0
1774036799137,570,0.0012716348,50,1.289,6.6235003,0,0,1,0,0,3,0,0,0,0,2,0
1774037385373,50,1,50,1.001,0,0,0,1,1,0,3,0,0,0,0,4,0
1774037405458,100,1,50,2.165,0.58199996,0,0,1,0,0,3,0,0,0,0,4,0
1774037435540,156,1,56,1.051,0.5373176,0,0,1,0,0,3,0,0,0,0,4,0
1774037453618,210,1,54,2.452,0.64946914,0,0,1,0,0,3,0,0,0,0,4,0
1774037471716,261,1,51,1.373,0.5927068,0,0,1,0,0,3,0,0,0,0,4,0
1774037505861,313,1,52,1.529,0.5418734,0,0,1,0,0,3,0,0,0,0,4,0
1774037525941,371,1,58,1.108,0.52985,0,0,1,0,0,3,0,0,0,0,4,0
1774037546017,424,1,53,1.421,0.49683446,0,0,1,0,0,3,0,0,0,0,4,0
1774037588175,474,1,50,1.323,0.47219062,0,0,1,0,0,3,0,0,0,0,4,0
1774037610223,527,1,53,6.033,1.4342186,0,0,1,0,0,3,0,0,0,0,4,0
1774037652346,582,1,55,2.827,1.390751,0,0,1,0,0,3,0,0,0,0,4,0
1774037672413,639,1,57,1.436,1.3414814,0,0,1,0,0,3,0,0,0,0,4,0
1774037714593,694,1,55,6.285,1.7260324,0,0,1,0,0,3,0,0,0,0,4,0
1774037730664,747,1,53,1.307,1.6831067,0,0,1,0,0,3,0,0,0,0,4,0
1774037772854,797,1,50,3.991,1.6839026,0,0,1,0,0,3,0,0,0,0,4,0
1774037790914,850,1,53,1.43,1.645684,0,0,1,0,0,3,0,0,0,0,4,0
1774037813004,902,1,52,1.201,1.6171942,0,0,1,0,0,3,0,0,0,0,4,0
1774037855149,952,1,50,5.847,1.7764982,0,0,1,0,0,3,0,0,0,0,4,0
1774037873190,1007,1,55,3.62,1.7493395,0,0,1,0,0,3,0,0,0,0,4,0
1774037917361,1066,1,59,2.362,1.7052907,0,0,1,0,0,3,0,0,0,0,4,0
1774037939446,1116,1,50,1.241,1.6852515,0,0,1,0,0,3,0,0,0,0,4,0
1774037983604,1169,1,53,4.513,1.7027826,0,0,1,0,0,3,0,0,0,0,4,0
1774038003667,1227,1,58,1.075,1.6913476,0,0,1,0,0,3,0,0,0,0,4,0
1774038043818,1280,1,53,1.322,1.6712923,0,0,1,0,0,3,0,0,0,0,4,0
1774038061894,1331,1,51,6.303,1.806253,0,0,1,0,0,3,0,0,0,0,4,0
1774038094002,1385,1,54,1.593,1.7810864,0,0,1,0,0,3,0,0,0,0,4,0
1774038110062,1435,1,50,1.618,1.7562789,0,0,1,0,0,3,0,0,0,0,4,0
1774038132130,1486,1,51,3.483,1.7343053,0,0,1,0,0,3,0,0,0,0,4,0
1774038160240,1536,1,50,1.425,1.7160809,0,0,1,0,0,3,0,0,0,0,4,0
1774038180307,1590,1,54,1.834,1.6913954,0,0,1,0,0,3,0,0,0,0,4,0
1774038202342,1648,1,58,1.407,1.6745034,0,0,1,0,0,3,0,0,0,0,4,0
1774038236482,1703,1,55,2.381,1.6481614,0,0,1,0,0,3,0,0,0,0,4,0
1774038256544,1759,1,56,1.94,1.6252241,0,0,1,0,0,3,0,0,0,0,4,0
1774038274626,1810,1,51,1.402,1.6103773,0,0,1,0,0,3,0,0,0,0,4,0
1774038304725,1864,0.0004123395,54,2.329,1.587239,0,0,1,0,0,3,0,0,0,0,2,0
1774038326834,1918,0.0003458492,54,3.026,1.5685319,0,0,1,0,0,3,0,0,0,0,2,0
1774038346896,1969,0.0008315355,51,1.256,1.558409,0,0,1,0,0,3,0,0,0,0,2,0
1774038378963,2021,0.0006189179,52,1.671,1.5419018,0,0,1,0,0,3,0,0,0,0,2,0
1774038397053,2075,0.00043929348,54,4.743,1.5680192,0,0,1,0,0,3,0,0,0,0,2,0
1774038429208,2130,0.00067041896,55,1.248,1.5590435,0,0,1,0,0,3,0,0,0,0,2,0
1774038449271,2180,0.0009052783,50,4.389,1.570505,0,0,1,0,0,3,0,0,0,0,2,0
1774038469333,2235,0.00059325725,55,1.54,1.5577248,0,0,1,0,0,3,0,0,0,0,2,0
1774038511476,2288,0.0005246301,53,1.783,1.5424646,0,0,1,0,0,3,0,0,0,0,2,0
1774038529532,2344,0.00078220665,56,1.174,1.5357784,0,0,1,0,0,3,0,0,0,0,2,0
1774038569724,2395,0.00060551235,51,3.104,1.5224254,0,0,1,0,0,3,0,0,0,0,2,0
1774038589772,2451,0.0008240729,56,1.036,1.5186825,0,0,1,0,0,3,0,0,0,0,2,0
1774038607860,2501,0.0008010562,50,3.264,1.5080818,0,0,1,0,0,3,0,0,0,0,2,0
1774038645967,2554,0.0005900457,53,1.466,1.4979892,0,0,1,0,0,3,0,0,0,0,2,0
1774038668057,2611,0.00052953965,57,3.605,1.4930221,0,0,1,0,0,3,0,0,0,0,2,0
