timestamp_ms,batch_height,score,block_height_delta,commit_latency_ms,commit_latency_stddev,tps,tps_acceleration,base_fee,base_fee_delta,equivocation_count,validator_set_size,total_gas_used,block_fullness,empty_block_ratio,time_since_finality_ms,peer_count,mempool_size
1773767831129,54,0,54,1.651,0,0,0,1,1,0,3,0,0,0,0,3,0
1773767843175,110,0,56,3.451,0.9,0,0,1,0,0,3,0,0,0,0,3,0
1773767857229,171,0,61,1.468,0.894786,0,0,1,0,0,3,0,0,0,0,3,0
1773767871270,233,0,62,1.873,0.78697085,0,0,1,0,0,3,0,0,0,0,3,0
1773767895410,285,0,52,4.889,1.3154643,0,0,1,0,0,3,0,0,0,0,3,0
1773767909447,335,0,50,5.347,1.562063,0,0,1,0,0,3,0,0,0,0,3,0
1773767921461,387,0,52,2.968,1.4470812,0,0,1,0,0,3,0,0,0,0,3,0
1773767933502,441,0,54,1.009,1.5188975,0,0,1,0,0,3,0,0,0,0,3,0
1773767979675,491,0,50,3.209,1.4369231,0,0,1,0,0,3,0,0,0,0,3,0
1773767991739,542,0,51,8.111,2.0800803,0,0,1,0,0,3,0,0,0,0,3,0
1773768003805,595,0,53,5.793,2.0994294,0,0,1,0,0,3,0,0,0,0,3,0
1773768033904,658,0,63,4.17,2.0158875,0,0,1,0,0,3,0,0,0,0,3,0
1773768047983,711,0,53,4.015,1.9390905,0,0,1,0,0,3,0,0,0,0,3,0
1773768062036,765,0,54,3.483,1.8693055,0,0,1,0,0,3,0,0,0,0,3,0
1773768086118,822,0,57,5.982,1.8954626,0,0,1,0,0,3,0,0,0,0,3,0
1773768102179,873,0,51,25.552,5.5696206,0,0,1,0,0,3,0,0,0,0,3,0
1773768120256,930,0,57,9.55,5.5000405,0,0,1,0,0,3,0,0,0,0,3,0
1773768132297,981,0,51,3.697,5.36001,0,0,1,0,0,3,0,0,0,0,3,0
1773768166427,1002,0.1,21,0,5.351855,0,0,1,0,0,3,0,0,0,30000,3,0
1773768174454,1039,0,37,3.575,5.2264295,0,0,1,0,0,3,0,0,0,0,3,0
1773768192504,1097,0,58,5.861,5.1038465,0,0,1,0,0,3,0,0,0,0,3,0
1773768232732,1129,0.1,32,0,5.095436,0,0,1,0,0,3,0,0,0,30000,3,0
1773768238764,1155,0,26,1.231,5.0363765,0,0,1,0,0,3,0,0,0,0,3,0
1773768252824,1209,0,54,2.788,4.9443126,0,0,1,0,0,3,0,0,0,0,3,0
1773768270869,1260,0,51,4.1,4.8452916,0,0,1,0,0,3,0,0,0,0,3,0
1773768313058,1312,0,52,5.605,4.7555223,0,0,1,0,0,3,0,0,0,0,3,0
1773768329104,1368,0,56,3.685,4.669764,0,0,1,0,0,3,0,0,0,0,3,0
1773768371258,1421,0,53,3.628,4.5888634,0,0,1,0,0,3,0,0,0,0,3,0
1773768592429,7,0.1,7,0,0,0,0,1,1,0,3,0,0,0,30000,3,0
1773768606459,50,0,43,3.172,1.586,0,0,1,0,0,3,0,0,0,0,3,0
1773768628550,103,0,53,5.509,2.2576349,0,0,1,0,0,3,0,0,0,0,3,0
1773768658687,158,0,55,2.137,1.9824324,0,0,1,0,0,3,0,0,0,0,3,0
1773768688800,214,0,56,2.98,1.7765626,0,0,1,0,0,3,0,0,0,0,3,0
1773768722951,264,0,50,3.1,1.6267264,0,0,1,0,0,3,0,0,0,0,3,0
1773768741041,315,0,51,3.865,1.5501167,0,0,1,0,0,3,0,0,0,0,3,0
1773768777204,371,0,56,20.852,6.090319,0.05357143,0.05357143,1,0,0,3,0,0,0,0,3,1
1773768795251,423,0,52,4.559,5.745561,0.26923078,0.21565935,1,0,0,4,0,0,0,0,3,2
1773768815360,474,0,51,18.369,6.744158,0.27450982,0.0052790344,1,0,0,4,0,0,0,0,3,2
1773768847481,528,0,54,2.252,6.5428004,0.42592594,0.15141612,1,0,0,4,0,0,0,0,3,3
1773768869598,578,0,50,2.414,6.345329,0.46,0.034074068,1,0,0,4,0,0,0,0,3,3
1773768887704,631,0,53,2.935,6.142937,0.43396226,-0.026037753,1,0,0,4,0,0,0,0,3,3
1773768923867,644,0.1,13,0,6.089577,0,-0.43396226,1,0,0,4,0,0,0,30000,3,3
1773768933903,685,0,41,3.825,5.892411,0.42592594,0.42592594,1,0,0,4,0,0,0,0,3,3
1773768951976,735,0,50,12.934,6.014902,0.46,0.034074068,1,0,0,4,0,0,0,0,3,3
1773768990127,751,0.1,16,0,5.979979,0,-0.46,1,0,0,4,0,0,0,30000,3,3
1773769000154,787,0,36,7.719,5.8394036,0.44230768,0.44230768,1,0,0,4,0,0,0,0,3,3
1773769018230,837,0,50,11.997,5.8732567,0.46,0.017692327,1,0,0,4,0,0,0,0,3,3
1773769064388,890,0,53,2.515,5.7669168,0.43396226,-0.026037753,1,0,0,4,0,0,0,0,3,3
1773769084481,945,0,55,1.588,5.691042,0.4181818,-0.015780449,1,0,0,4,0,0,0,0,3,3
1773769124627,958,0.1,13,0,5.671499,0,-0.4181818,1,0,0,4,0,0,0,30000,3,3
1773769142693,999,0,41,3.451,5.5573144,0.42592594,0.42592594,1,0,0,4,0,0,0,0,3,3
1773769176845,1052,0,53,2.988,5.4559016,0.43396226,0.008036315,1,0,0,4,0,0,0,0,3,3
1773769198967,1105,0,53,4.503,5.3464365,0.43396226,0,1,0,0,4,0,0,0,0,3,3
1773769221048,1156,0,51,1.845,5.2764335,0.4509804,0.01701814,1,0,0,4,0,0,0,0,3,3
1773769255236,1208,0,52,3.7,5.182174,0.44230768,-0.008672714,1,0,0,4,0,0,0,0,3,3
1773769277343,1259,0,51,3.843,5.0917993,0.4509804,0.008672714,1,0,0,4,0,0,0,0,3,3
1773769317543,1309,0,50,3.225,5.01099,0.46,0.009019613,1,0,0,4,0,0,0,0,3,3
1773769339650,1359,0,50,3.356,4.932662,0.46,0,1,0,0,4,0,0,0,0,3,3
1773769373750,1411,0,52,3.469,4.8569694,0.44230768,-0.017692327,1,0,0,4,0,0,0,0,3,3
1773769393851,1465,0,54,3.679,4.783257,0.42592594,-0.01638174,1,0,0,4,0,0,0,0,3,3
1773769415966,1521,0,56,8.566,4.759357,0.4107143,-0.015211642,1,0,0,4,0,0,0,0,3,3
1773769450144,1573,0,52,4.948,4.689021,0.44230768,0.031593382,1,0,0,4,0,0,0,0,3,3
1773769472266,1625,0,52,2.771,4.632878,0.44230768,0,1,0,0,4,0,0,0,0,3,3
1773769510441,1677,0,52,2.931,4.5768976,0.44230768,0,1,0,0,4,0,0,0,0,3,3
1773769540571,1728,0,51,66.175,10.956691,0.4509804,0.008672714,1,0,0,4,0,0,0,0,3,3
1773769582774,1780,0,52,5.709,10.811941,0.44230768,-0.008672714,1,0,0,4,0,0,0,0,3,3
1773769602854,1830,0,50,3.236,10.683125,0.46,0.017692327,1,0,0,4,0,0,0,0,3,3
1773769647072,1882,0,52,4.031,10.554087,0.44230768,-0.017692327,1,0,0,4,0,0,0,0,3,3
1773769667159,1936,0,54,3.144,10.434746,0.42592594,-0.01638174,1,0,0,4,0,0,0,0,3,3
1773769687252,1986,0,50,3.204,10.318939,0.46,0.034074068,1,0,0,4,0,0,0,0,3,3
1773769721392,2037,0,51,4.039,10.202476,0.4509804,-0.009019613,1,0,0,4,0,0,0,0,3,3
1773769743452,2091,0,54,2.949,10.095736,0.42592594,-0.025054455,1,0,0,4,0,0,0,0,3,3
1773769777601,2143,0,52,3.222,9.990583,0.44230768,0.01638174,1,0,0,4,0,0,0,0,3,3
1773769797674,2194,0,51,3.064,9.889539,0.4509804,0.008672714,1,0,0,4,0,0,0,0,3,3
1773769843874,2244,0,50,1.547,9.802599,0.46,0.009019613,1,0,0,4,0,0,0,0,3,3
1773769870023,2298,0,54,3.288,9.705897,0.42592594,-0.034074068,1,0,0,4,0,0,0,0,3,3
1773769906199,2349,0,51,1.378,9.625024,0.4509804,0.025054455,1,0,0,4,0,0,0,0,3,3
1773769926347,2400,0,51,2.42,9.538232,0.4509804,0,1,0,0,4,0,0,0,0,3,3
1773769944419,2450,0,50,1.139,9.463312,0.46,0.009019613,1,0,0,4,0,0,0,0,3,3
1773769992823,2501,0,51,3.674,9.374815,0.4509804,-0.009019613,1,0,0,4,0,0,0,0,3,3
1773770020951,2551,0,50,10.098,9.308393,0.46,0.009019613,1,0,0,4,0,0,0,0,3,3
1773770061191,2601,0,50,1.241,9.23916,0.46,0,1,0,0,4,0,0,0,0,3,3
1773770083261,2656,0,55,2.405,9.163304,0.4181818,-0.0418182,1,0,0,4,0,0,0,0,3,3
1773770119432,2708,0,52,4.686,9.081493,0.44230768,0.024125874,1,0,0,4,0,0,0,0,3,3
1773770141503,2761,0,53,2.174,9.010814,0.43396226,-0.008345425,1,0,0,4,0,0,0,0,3,3
1773770177804,2812,0,51,1.342,8.947214,0.4509804,0.01701814,1,0,0,4,0,0,0,0,3,3
1773770197872,2862,0,50,4.253,8.871865,0.46,0.009019613,1,0,0,4,0,0,0,0,3,3
1773770217965,2915,0,53,3.926,8.799038,0.43396226,-0.026037753,1,0,0,4,0,0,0,0,3,3
1773770260113,2966,0,51,2.19,8.734648,0.5686275,0.13466522,1,0,0,4,0,0,0,0,3,4
1773770306303,3020,0,54,3.501,8.666234,0.6481481,0.07952064,1,0,0,4,0,0,0,0,3,5
1773770376849,3070,0,50,3.501,8.599402,0.7,0.05185187,1,0,0,4,0,0,0,0,3,5
1773770439096,3120,0,50,3.501,8.534092,0.7,0,1,0,0,4,0,0,0,0,3,5
1773770505388,3173,0,53,3.501,8.512957,0.6603774,-0.039622605,1,0,0,4,0,0,0,0,3,5
1773770567704,3223,0,50,3.501,8.511907,0.7,0.039622605,1,0,0,4,0,0,0,0,3,5
1773770611850,3273,0,50,3.501,8.513954,0.7,0,1,0,0,4,0,0,0,0,3,5
1773770674107,3324,0,51,3.501,8.508356,0.6862745,-0.01372546,1,0,0,4,0,0,0,0,3,5
1773770746456,3374,0,50,3.501,8.506603,0.7,0.01372546,1,0,0,4,0,0,0,0,3,5
1773770851295,3424,0,50,3.501,8.505293,0.7,0,1,0,0,4,0,0,0,0,3,5
1773770931612,3476,0,52,3.501,8.506229,0.6730769,-0.02692306,1,0,0,4,0,0,0,0,3,5
1773770995859,3527,0,51,3.501,8.272344,0.6862745,0.013197601,1,0,0,4,0,0,0,0,3,5
1773771058095,3577,0,50,3.501,8.273871,0.7,0.01372546,1,0,0,4,0,0,0,0,3,5
1773771122356,3628,0,51,3.501,8.096079,0.6862745,-0.01372546,1,0,0,4,0,0,0,0,3,5
1773771184629,3678,0,50,3.501,8.09201,0.7,0.01372546,1,0,0,4,0,0,0,0,3,5
1773771252912,3728,0,50,3.501,8.0885935,0.7,0,1,0,0,4,0,0,0,0,3,5
1773771325235,3779,0,51,3.501,8.0870905,0.6862745,-0.01372546,1,0,0,4,0,0,0,0,3,5
1773771395550,3829,0,50,3.501,8.067606,0.7,0.01372546,1,0,0,4,0,0,0,0,3,5
1773771476045,3880,0,51,3.501,8.068225,0.6862745,-0.01372546,1,0,0,4,0,0,0,0,3,5
1773771572564,3935,0,55,3.501,8.001429,0.6363636,-0.049910903,1,0,0,4,0,0,0,0,3,5
1773771636800,3986,0,51,3.501,7.982406,0.6862745,0.049910903,1,0,0,4,0,0,0,0,3,5
1773771674961,3995,0.1,9,0,7.9920273,0,-0.6862745,1,0,0,4,0,0,0,30000,3,5
1773806723026,12,0.1,12,0,0,0,0,1,1,0,3,0,0,0,30000,3,0
1773806737086,56,0,44,78.199,39.0995,0,0,1,0,0,3,0,0,0,0,3,0
1773806757159,115,0,59,8.905,34.954,0,0,1,0,0,3,0,0,0,0,3,0
1773806799308,165,0,50,2.755,32.339268,0,0,1,0,0,3,0,0,0,0,3,0
1773806813334,217,0,52,2.027,30.058191,0,0,1,0,0,3,0,0,0,0,3,0
1773806861514,276,0,59,3.154,28.01962,0,0,1,0,0,3,0,0,0,0,3,0
1773806877565,338,0,62,3.725,26.28525,0,0,1,0,0,3,0,0,0,0,3,0
1773806925799,389,0,51,3.468,24.838186,0,0,1,0,0,3,0,0,0,0,3,0
1773806945892,441,0,52,5.939,23.516123,0,0,1,0,0,3,0,0,0,0,3,0
1773806994250,496,0,55,3.172,22.466679,0,0,1,0,0,3,0,0,0,0,3,0
1773807010317,549,0,53,4.058,21.517517,0,0,1,0,0,3,0,0,0,0,3,0
1773807056475,579,0.1,30,0,20.804506,0,0,1,0,0,3,0,0,0,30000,3,0
1773807060496,603,0,24,2.749,20.071926,0,0,1,0,0,3,0,0,0,0,3,0
1773807086575,653,0,50,3.027,19.404688,0,0,1,0,0,3,0,0,0,0,3,0
1773807118726,670,0.1,17,0,18.870632,0,0,1,0,0,3,0,0,0,30000,3,0
1773807128755,717,0,47,1.96,18.33134,0,0,1,0,0,3,0,0,0,0,3,0
1773807152891,770,0,53,5.175,17.793903,0,0,1,0,0,3,0,0,0,0,3,0
1773807183031,832,0,62,3.746,17.314478,0,0,1,0,0,3,0,0,0,0,3,0
1773807209129,886,0,54,1.895,16.896425,0,0,1,0,0,3,0,0,0,0,3,0
1773807247323,937,0,51,2.431,16.499338,0,0,1,0,0,3,0,0,0,0,3,0
1773807259361,999,0,62,4.343,16.11034,0,0,1,0,0,3,0,0,0,0,3,0
1773807269407,1052,0,53,8.89,15.746537,0,0,1,0,0,3,0,0,0,0,3,0
1773807339761,1106,0,54,2.2,15.428973,0,0,1,0,0,3,0,0,0,0,3,0
1773807353829,1156,0,50,17.116,15.249572,0,0,1,0,0,3,0,0,0,0,3,0
1773807386065,1163,0.1,7,0,15.005002,0,0,1,0,0,3,0,0,0,30000,3,0
1773807402101,1207,0,44,1.578,14.747288,0,0,1,0,0,3,0,0,0,0,3,0
1773807452326,1262,0,55,5.97,14.47204,0,0,1,0,0,3,0,0,0,0,3,0
1773807470361,1313,0,51,17.422,14.354121,0,0,1,0,0,3,0,0,0,0,3,0
1773807530590,1368,0,55,3.167,14.121127,0,0,1,0,0,3,0,0,0,0,3,0
1773807546690,1419,0,51,6.22,13.884163,0,0,1,0,0,3,0,0,0,0,3,0
1773807614979,1474,0,55,1.898,13.685557,0,0,1,0,0,3,0,0,0,0,3,0
1773807659167,1530,0,56,13.078,13.516825,0,0,1,0,0,3,0,0,0,0,3,0
1773807677234,1580,0,50,2.844,13.327893,0,0,1,0,0,3,0,0,0,0,3,0
1773807725555,1633,0,53,2.078,13.153638,0,0,1,0,0,3,0,0,0,0,3,0
1773807741612,1687,0,54,2.121,12.985482,0,0,1,0,0,3,0,0,0,0,3,0
1773807795994,1740,0,53,1.987,12.824734,0,0,1,0,0,3,0,0,0,0,3,0
1773807816093,1795,0,55,11.451,12.677637,0,0,1,0,0,3,0,0,0,0,3,0
1773807864314,1847,0,52,3.416,12.519155,0,0,1,0,0,3,0,0,0,0,3,0
1773807918536,1890,0.1,43,0,12.398595,0,0,1,0,0,3,0,0,0,30000,3,0
1773807928603,1900,0,10,6.565,12.24276,0,0,1,0,0,3,0,0,0,0,3,0
1773807944691,1951,0,51,8.413,12.097272,0,0,1,0,0,3,0,0,0,0,3,0
1773807996896,2007,0,56,8.231,11.956122,0,0,1,0,0,3,0,0,0,0,3,0
1773808014934,2057,0,50,5.475,11.816963,0,0,1,0,0,3,0,0,0,0,3,0
1773808065201,2107,0,50,2.851,11.693203,0,0,1,0,0,3,0,0,0,0,3,0
1773808117461,2157,0,50,1.304,11.585239,0,0,1,0,0,3,0,0,0,0,3,0
1773808139526,2207,0,50,2.853,11.468467,0,0,1,0,0,3,0,0,0,0,3,0
1773808189746,2258,0,51,4.33,11.348487,0,0,1,0,0,3,0,0,0,0,3,0
1773808213854,2309,0,51,3.367,11.235967,0,0,1,0,0,3,0,0,0,0,3,0
1773808266076,2361,0,52,2.174,11.133525,0,0,1,0,0,3,0,0,0,0,3,0
1773808318366,2405,0.1,44,0,11.052244,0,0,1,0,0,3,0,0,0,30000,3,0
1773808326390,2414,0,9,1.092,10.962428,0,0,1,0,0,3,0,0,0,0,3,0
1773808344484,2465,0,51,4.892,10.857026,0,0,1,0,0,3,0,0,0,0,3,0
1773808388626,2515,0,50,1.025,10.772495,0,0,1,0,0,3,0,0,0,0,3,0
1773808410731,2565,0,50,2.493,10.680297,0,0,1,0,0,3,0,0,0,0,3,0
1773808446926,2587,0.1,22,0,10.608279,0,0,1,0,0,3,0,0,0,30000,3,0
1773808458983,2618,0,31,3.399,10.516489,0,0,1,0,0,3,0,0,0,0,3,0
1773808475089,2673,0,55,5.823,10.424,0,0,1,0,0,3,0,0,0,0,3,0
1773808527302,2736,0,63,1.421,10.346565,0,0,1,0,0,3,0,0,0,0,3,0
1773808541337,2792,0,56,7.456,10.262254,0,0,1,0,0,3,0,0,0,0,3,0
1773808585517,2817,0.1,25,0,10.199354,0,0,1,0,0,3,0,0,0,30000,3,0
1773808599559,2845,0,28,4.534,10.115821,0,0,1,0,0,3,0,0,0,0,3,0
1773808631707,2897,0,52,131.915,18.849552,0,0,1,0,0,3,0,0,0,0,3,0
1773808661822,2950,0,53,1.966,18.711176,0,0,1,0,0,3,0,0,0,0,3,0
1773808683919,3007,0,57,16.804,18.602571,0,0,1,0,0,3,0,0,0,0,3,0
1773808724069,3065,0,58,4.039,18.584364,0,0,1,0,0,3,0,0,0,0,3,0
1773808740117,3117,0,52,1.97,16.313707,0,0,1,0,0,3,0,0,0,0,3,0
1773808792300,3175,0,58,3.041,16.314861,0,0,1,0,0,3,0,0,0,0,3,0
1773808816408,3230,0,55,2.39,16.316105,0,0,1,0,0,3,0,0,0,0,3,0
1773808866553,3280,0,50,4.458,16.309345,0,0,1,0,0,3,0,0,0,0,3,0
1773808916760,3338,0,58,2.861,16.31023,0,0,1,0,0,3,0,0,0,0,3,0
1773808936841,3388,0,50,5.799,16.307419,0,0,1,0,0,3,0,0,0,0,3,0
1773808978979,3441,0,53,33.089,16.64046,0,0,1,0,0,3,0,0,0,0,3,0
1773808995067,3498,0,57,3.249,16.645613,0,0,1,0,0,3,0,0,0,0,3,0
1773809047287,3552,0,54,1.123,16.654171,0,0,1,0,0,3,0,0,0,0,3,0
1773809067347,3605,0,53,2.177,16.660257,0,0,1,0,0,3,0,0,0,0,3,0
1773809115527,3659,0,54,3.284,16.645046,0,0,1,0,0,3,0,0,0,0,3,0
1773809137609,3713,0,54,1.771,16.649027,0,0,1,0,0,3,0,0,0,0,3,0
1773809183777,3767,0,54,1.451,16.65544,0,0,1,0,0,3,0,0,0,0,3,0
1773809205886,3818,0,51,8.733,16.636873,0,0,1,0,0,3,0,0,0,0,3,0
1773809248080,3871,0,53,3.672,16.630606,0,0,1,0,0,3,0,0,0,0,3,0
1773809264128,3923,0,52,2.739,16.636898,0,0,1,0,0,3,0,0,0,0,3,0
1773809324380,3976,0,53,6.18,16.63291,0,0,1,0,0,3,0,0,0,0,3,0
1773809378556,4036,0,60,3.78,16.625994,0,0,1,0,0,3,0,0,0,0,3,0
1773809392613,4091,0,55,1.533,16.630018,0,0,1,0,0,3,0,0,0,0,3,0
1773809410691,4142,0,51,4.151,16.630468,0,0,1,0,0,3,0,0,0,0,3,0
1773809454893,4192,0,50,3.138,16.634148,0,0,1,0,0,3,0,0,0,0,3,0
1773809478960,4243,0,51,3.25,16.630268,0,0,1,0,0,3,0,0,0,0,3,0
1773809511083,4294,0,51,2.199,16.586643,0.078431375,0.078431375,1,0,0,3,0,0,0,0,3,1
1773809527128,4357,0,63,1.776,16.577341,0.15873016,0.08029879,1,0,0,3,0,0,0,0,3,2
1773809541200,4407,0,50,1.605,16.577215,0.2,0.04126984,1,0,0,3,0,0,0,0,3,2
1773809569296,4458,0,51,3.281,16.581812,0.19607843,-0.0039215684,1,0,0,3,0,0,0,0,3,2
1773809591395,4512,0,54,3.027,16.52858,0.18518518,-0.0108932555,1,0,0,3,0,0,0,0,3,2
1773809611496,4567,0,55,3.1,16.528776,0.18181819,-0.0033669919,1,0,0,3,0,0,0,0,3,2
1773809641647,4621,0,54,8.401,16.531046,0.18518518,0.0033669919,1,0,0,3,0,0,0,0,3,2
1773809651680,4679,0,58,4.298,16.523903,0.1724138,-0.012771383,1,0,0,3,0,0,0,0,3,2
1773809661694,4730,0,51,4.268,16.503254,0.19607843,0.023664638,1,0,0,3,0,0,0,0,3,2
1773809713880,4786,0,56,1.488,16.508326,0.17857143,-0.017507002,1,0,0,3,0,0,0,0,3,2
1773809731946,4837,0,51,4.065,16.502584,0.19607843,0.017507002,1,0,0,3,0,0,0,0,3,2
1773809741986,4894,0,57,2.702,16.500534,0.1754386,-0.020639837,1,0,0,3,0,0,0,0,3,2
1773809786142,4945,0,51,3.589,16.495422,0.19607843,0.020639837,1,0,0,3,0,0,0,0,3,2
1773809804222,4997,0,52,3.65,16.484772,0.1923077,-0.0037707388,1,0,0,3,0,0,0,0,3,2
1773809828299,5048,0,51,4.759,16.48226,0.19607843,0.0037707388,1,0,0,3,0,0,0,0,3,2
1773809844360,5105,0,57,2.646,16.470293,0.1754386,-0.020639837,1,0,0,3,0,0,0,0,3,2
1773809862437,5162,0,57,8.116,16.472092,0.1754386,0,1,0,0,3,0,0,0,0,3,2
1773809892569,5212,0,50,4.209,16.471258,0.2,0.024561405,1,0,0,3,0,0,0,0,3,2
1773809910652,5265,0,53,8.264,16.471325,0.18867925,-0.011320755,1,0,0,3,0,0,0,0,3,2
1773809924691,5316,0,51,2.861,16.475992,0.19607843,0.0073991865,1,0,0,3,0,0,0,0,3,2
1773809940768,5367,0,51,1.353,16.481556,0.19607843,0,1,0,0,3,0,0,0,0,3,2
1773809962887,5419,0,52,2.936,16.475521,0.1923077,-0.0037707388,1,0,0,3,0,0,0,0,3,2
1773809988981,5469,0,50,1.735,16.479471,0.2,0.0076923072,1,0,0,3,0,0,0,0,3,2
1773810009105,5520,0,51,3.823,16.480402,0.19607843,-0.0039215684,1,0,0,3,0,0,0,0,3,2
1773810041234,5572,0,52,3.457,16.480179,0.1923077,-0.0037707388,1,0,0,3,0,0,0,0,3,2
1773810055292,5627,0,55,2.424,16.479301,0.18181819,-0.0104895085,1,0,0,3,0,0,0,0,3,2
1773810065323,5681,0,54,4.489,16.463112,0.18518518,0.0033669919,1,0,0,3,0,0,0,0,3,2
1773810075340,5732,0,51,2.634,16.456915,0.19607843,0.0108932555,1,0,0,3,0,0,0,0,3,2
1773810107473,5786,0,54,13.955,16.484837,0.18518518,-0.0108932555,1,0,0,3,0,0,0,0,3,2
1773810121525,5836,0,50,3.218,16.47622,0.2,0.014814824,1,0,0,3,0,0,0,0,3,2
1773810133562,5892,0,56,5.455,16.46967,0.17857143,-0.02142857,1,0,0,3,0,0,0,0,3,2
1773810179736,5942,0,50,2.3,16.458336,0.2,0.02142857,1,0,0,3,0,0,0,0,3,2
1773810207843,5993,0,51,8.173,16.455545,0.19607843,-0.0039215684,1,0,0,3,0,0,0,0,3,2
1773810248011,6044,0,51,2.942,16.461107,0.19607843,0,1,0,0,3,0,0,0,0,3,2
1773810270092,6096,0,52,14.475,16.479095,0.1923077,-0.0037707388,1,0,0,3,0,0,0,0,3,2
1773810296201,6146,0,50,3.364,16.48358,0.2,0.0076923072,1,0,0,3,0,0,0,0,3,2
1773810312267,6198,0,52,2.416,16.471336,0.1923077,-0.0076923072,1,0,0,3,0,0,0,0,3,2
1773810322295,6254,0,56,5.409,16.470003,0.17857143,-0.013736263,1,0,0,3,0,0,0,0,3,2
1773810332322,6305,0,51,3.062,4.687118,0.19607843,0.017507002,1,0,0,3,0,0,0,0,3,2
1773810360416,6356,0,51,12.157,4.768305,0.19607843,0,1,0,0,3,0,0,0,0,3,2
1773810378494,6408,0,52,3.493,4.5210423,0.1923077,-0.0037707388,1,0,0,3,0,0,0,0,3,2
1773810402573,6467,0,59,16.829,4.7710133,0.16949153,-0.022816166,1,0,0,3,0,0,0,0,3,2
1773810446727,6527,0,60,6.125,4.7613754,0.16666667,-0.0028248578,1,0,0,3,0,0,0,0,3,2
1773810468792,6585,0,58,4.087,4.7571464,0.1724138,0.0057471246,1,0,0,3,0,0,0,0,3,2
1773810502920,6603,0.1,18,0,4.785246,0,-0.1724138,1,0,0,3,0,0,0,30000,3,2
1773810512960,6635,0,32,27.519,5.5548162,0.2,0.2,1,0,0,3,0,0,0,0,3,2
1773810535083,6689,0,54,6.877,5.5515494,0.18518518,-0.014814824,1,0,0,3,0,0,0,0,3,2
1773810561185,6744,0,55,1.991,5.565088,0.18181819,-0.0033669919,1,0,0,3,0,0,0,0,3,2
1773810579261,6799,0,55,2.289,4.318633,0.18181819,0,1,0,0,3,0,0,0,0,3,2
1773810597322,6851,0,52,10.038,4.366066,0.1923077,0.0104895085,1,0,0,3,0,0,0,0,3,2
1773810635486,6882,0.1,31,0,4.3828516,0,-0.1923077,1,0,0,3,0,0,0,30000,3,2
1773810641508,6907,0,25,1.112,4.3945465,0.17857143,0.17857143,1,0,0,3,0,0,0,0,3,2
1773810663604,6957,0,50,3.876,4.3921356,0.2,0.02142857,1,0,0,3,0,0,0,0,3,2
1773810691720,7018,0,61,2.756,4.3834567,0.16393442,-0.03606558,1,0,0,3,0,0,0,0,3,2
1773810715816,7074,0,56,20.331,4.7700763,0.17857143,0.014637008,1,0,0,3,0,0,0,0,3,2
1773810727865,7127,0,53,6.17,4.7496214,0.18867925,0.010107815,1,0,0,3,0,0,0,0,3,2
1773810774096,7177,0,50,1.233,4.7698674,0.2,0.011320755,1,0,0,3,0,0,0,0,3,2
1773810796178,7236,0,59,6.343,4.76456,0.16949153,-0.030508474,1,0,0,3,0,0,0,0,3,2
1773810842346,7300,0,64,5.593,4.76288,0.15625,-0.013241529,1,0,0,3,0,0,0,0,3,2
1773810864433,7350,0,50,4.7,4.7605357,0.2,0.043750003,1,0,0,3,0,0,0,0,3,2
1773810910618,7404,0,54,2.825,4.748414,0.18518518,-0.014814824,1,0,0,3,0,0,0,0,3,2
1773810934691,7455,0,51,1.542,4.767068,0.19607843,0.0108932555,1,0,0,3,0,0,0,0,3,2
1773810982884,7519,0,64,3.889,4.763385,0.15625,-0.039828435,1,0,0,3,0,0,0,0,3,2
1773811002934,7571,0,52,3.628,4.761427,0.1923077,0.036057696,1,0,0,3,0,0,0,0,3,2
1773811047094,7625,0,54,7.16,4.7552366,0.18518518,-0.0071225166,1,0,0,3,0,0,0,0,3,2
1773811063145,7676,0,51,5.816,4.7374973,0.19607843,0.0108932555,1,0,0,3,0,0,0,0,3,2
1773811107317,7729,0,53,15.905,4.8989644,0.18867925,-0.0073991865,1,0,0,3,0,0,0,0,3,2
1773811129413,7788,0,59,1.841,4.9118657,0.16949153,-0.019187719,1,0,0,3,0,0,0,0,3,2
1773811175625,7846,0,58,9.189,4.9255195,0.1724138,0.0029222667,1,0,0,3,0,0,0,0,3,2
1773811187656,7903,0,57,7.015,4.9201555,0.1754386,0.0030248016,1,0,0,3,0,0,0,0,3,2
1773811199690,7956,0,53,1.954,4.9261284,0.18867925,0.01324065,1,0,0,3,0,0,0,0,3,2
1773811241883,8008,0,52,1.183,4.9522834,0.1923077,0.0036284477,1,0,0,3,0,0,0,0,3,2
1773811253918,8065,0,57,3.948,4.953555,0.1754386,-0.016869098,1,0,0,3,0,0,0,0,3,2
1773811263926,8119,0,54,3.562,4.934832,0.18518518,0.009746581,1,0,0,3,0,0,0,0,3,2
1773811306087,8172,0,53,2.945,4.941509,0.18867925,0.003494069,1,0,0,3,0,0,0,0,3,2
1773811328168,8224,0,52,13.237,5.0243244,0.1923077,0.0036284477,1,0,0,3,0,0,0,0,3,2
1773811364317,8244,0.1,20,0,5.0657005,0,-0.1923077,1,0,0,3,0,0,0,30000,3,2
1773811370326,8277,0,33,6.562,5.062057,0.18867925,0.18867925,1,0,0,3,0,0,0,0,3,2
1773811392405,8328,0,51,2.45,5.0756636,0.19607843,0.0073991865,1,0,0,3,0,0,0,0,3,2
1773811402462,8378,0,50,5.305,5.063013,0.2,0.0039215684,1,0,0,3,0,0,0,0,3,2
1773811432609,8378,0.35,0,0,5.098415,0,-0.2,1,0,0,3,0,0,0,30000,3,2
1773811442681,8429,0,51,3.449,5.1020894,0.19607843,0.19607843,1,0,0,3,0,0,0,0,3,2
1773811464725,8488,0,59,1.678,5.1097207,0.16949153,-0.026586905,1,0,0,3,0,0,0,0,3,2
1773811488816,8539,0,51,2.767,5.110434,0.19607843,0.026586905,1,0,0,3,0,0,0,0,3,2
1773811504872,8591,0,52,1.141,5.113057,0.1923077,-0.0037707388,1,0,0,3,0,0,0,0,3,2
1773811516922,8647,0,56,1.086,5.1314993,0.17857143,-0.013736263,1,0,0,3,0,0,0,0,3,2
1773811528977,8697,0,50,3.208,5.1189055,0.2,0.02142857,1,0,0,3,0,0,0,0,3,2
1773811565122,8721,0.1,24,0,5.157805,0,-0.2,1,0,0,3,0,0,0,30000,3,2
1773811571138,8756,0,35,3.248,5.158991,0.16949153,0.16949153,1,0,0,3,0,0,0,0,3,2
1773811591198,8807,0,51,5.6,5.1470747,0.19607843,0.026586905,1,0,0,3,0,0,0,0,3,2
1773811639462,8869,0,62,4.371,5.1473775,0.16129032,-0.034788117,1,0,0,3,0,0,0,0,3,2
1773811657526,8921,0,52,2.877,5.1455193,0.1923077,0.031017378,1,0,0,3,0,0,0,0,3,2
1773811713747,8980,0,59,8.396,5.044202,0.16949153,-0.022816166,1,0,0,3,0,0,0,0,3,2
1773811773988,9037,0,57,3.564,5.0422716,0.22807017,0.05857864,1,0,0,3,0,0,0,0,3,3
1773811786027,9096,0,59,2.178,5.055988,0.22033899,-0.0077311844,1,0,0,3,0,0,0,0,3,3
1773811798094,9153,0,57,1.476,5.0642548,0.22807017,0.0077311844,1,0,0,3,0,0,0,0,3,3
1773811830235,9156,0.1,3,0,5.088911,0,-0.22807017,1,0,0,3,0,0,0,30000,3,3
1773811846287,9213,0,57,2.421,5.092616,0.21666667,0.21666667,1,0,0,3,0,0,0,0,3,3
1773811856306,9264,0,51,3.62,4.952897,0.25490198,0.038235307,1,0,0,3,0,0,0,0,3,3
1773811896446,9284,0.1,20,0,4.985865,0,-0.25490198,1,0,0,3,0,0,0,30000,3,3
1773811910487,9316,0,32,1.309,4.995921,0.25,0.25,1,0,0,3,0,0,0,0,3,3
1773811928542,9375,0,59,5.764,4.996841,0.22033899,-0.029661015,1,0,0,3,0,0,0,0,3,3
1773811962675,9378,0.1,3,0,5.027442,0,-0.22033899,1,0,0,3,0,0,0,30000,3,3
1773811982743,9428,0,50,0.987,4.959414,0.24528302,0.24528302,1,0,0,3,0,0,0,0,3,3
1773812028930,9461,0.1,33,0,4.989745,0,-0.24528302,1,0,0,3,0,0,0,30000,3,3
1773812038959,9491,0,30,1.666,4.752283,0.20634921,0.20634921,1,0,0,3,0,0,0,0,3,3
1773812059049,9541,0,50,6.616,4.755703,0.26,0.05365078,1,0,0,3,0,0,0,0,3,3
1773812095201,9557,0.1,16,0,4.7848754,0,-0.26,1,0,0,3,0,0,0,30000,3,3
1773812113261,9595,0,38,4.884,4.756292,0.24074075,0.24074075,1,0,0,3,0,0,0,0,3,3
1773812171487,9652,0,57,4.251,3.7473214,0.22807017,-0.012670577,1,0,0,3,0,0,0,0,3,3
1773812183532,9709,0,57,1.951,3.7360275,0.22807017,0,1,0,0,3,0,0,0,0,3,3
1773812227723,9746,0.1,37,0,3.7593982,0,-0.22807017,1,0,0,3,0,0,0,30000,3,3
1773812237772,9772,0,26,2.584,3.7577295,0.20634921,0.20634921,1,0,0,3,0,0,0,0,3,3
1773812257877,9829,0,57,3.299,3.674963,0.22807017,0.02172096,1,0,0,3,0,0,0,0,3,3
1773812291997,9851,0.1,22,0,3.6749628,0,-0.22807017,1,0,0,3,0,0,0,30000,3,3
1773812306064,9889,0,38,6.378,3.6751683,0.21666667,0.21666667,1,0,0,3,0,0,0,0,3,3
1773812320099,9939,0,50,3.637,3.6751869,0.26,0.04333332,1,0,0,3,0,0,0,0,3,3
1773812360303,9973,0.1,34,0,3.7028959,0,-0.26,1,0,0,3,0,0,0,30000,3,3
1773812372330,10003,0,30,2.96,3.0563033,0.203125,0.203125,1,0,0,3,0,0,0,0,3,3
1773812394417,10053,0,50,7.197,3.073146,0.26,0.05687499,1,0,0,3,0,0,0,0,3,3
1773812426588,10059,0.1,6,0,3.0909524,0,-0.26,1,0,0,3,0,0,0,30000,3,3
1773812446673,10103,0,44,2.281,3.0726602,0.26,0.26,1,0,0,3,0,0,0,0,3,3
1773812492812,10149,0.1,46,0,3.0883172,0,-0.26,1,0,0,3,0,0,0,30000,3,3
1773812500853,10153,0,4,1.966,3.08763,0.26,0.26,1,0,0,3,0,0,0,0,3,3
1773812508889,10206,0,53,5.631,3.1010077,0.24528302,-0.014716968,1,0,0,3,0,0,0,0,3,3
1773812522930,10258,0,52,6.315,3.1150544,0.25,0.0047169775,1,0,0,3,0,0,0,0,3,3
1773812581131,10309,0,51,10.138,3.2254465,0.25490198,0.0049019754,1,0,0,3,0,0,0,0,3,3
1773812595204,10368,0,59,2.401,3.2281432,0.22033899,-0.03456299,1,0,0,3,0,0,0,0,3,3
1773812625337,10368,0.35,0,0,3.2220016,0,-0.22033899,1,0,0,3,0,0,0,30000,3,3
1773812643422,10420,0,52,10.652,3.333786,0.25,0.25,1,0,0,3,0,0,0,0,3,3
1773812653452,10472,0,52,4.23,2.9421904,0.25,0,1,0,0,3,0,0,0,0,3,3
1773812705624,10527,0,55,4.725,2.9425018,0.23636363,-0.0136363655,1,0,0,3,0,0,0,0,3,3
1773812725691,10581,0,54,3.604,2.8473992,0.24074075,0.004377112,1,0,0,3,0,0,0,0,3,3
1773812757815,10588,0.1,7,0,2.8333378,0,-0.24074075,1,0,0,3,0,0,0,30000,3,3
1773812781895,10638,0,50,5.164,2.8412147,0.22807017,0.22807017,1,0,0,3,0,0,0,0,3,3
1773812793935,10689,0,51,2.903,2.8307064,0.25490198,0.026831806,1,0,0,3,0,0,0,0,3,3
1773812842123,10747,0,58,1.378,2.8375397,0.22413793,-0.030764043,1,0,0,3,0,0,0,0,3,3
1773812898310,10800,0,53,2.711,2.8374553,0.24528302,0.02114509,1,0,0,3,0,0,0,0,3,3
1773812910339,10858,0,58,3.796,2.8386354,0.22413793,-0.02114509,1,0,0,3,0,0,0,0,3,3
1773812958514,10895,0.1,37,0,2.56321,0,-0.22413793,1,0,0,3,0,0,0,30000,3,3
1773812966548,10916,0,21,2.987,2.5367036,0.22413793,0.22413793,1,0,0,3,0,0,0,0,3,3
1773812982627,10966,0,50,7.261,2.553615,0.26,0.03586206,1,0,0,3,0,0,0,0,3,3
1773813022821,10986,0.1,20,0,2.579446,0,-0.26,1,0,0,3,0,0,0,30000,3,3
1773813034883,11028,0,42,1.374,2.5691261,0.20967741,0.20967741,1,0,0,3,0,0,0,0,3,3
1773813052925,11079,0,51,14.349,2.9116154,0.25490198,0.045224562,1,0,0,3,0,0,0,0,3,3
1773813089060,11091,0.1,12,0,2.9364774,0,-0.25490198,1,0,0,3,0,0,0,30000,3,3
1773813109127,11129,0,38,3.341,2.9316065,0.26,0.26,1,0,0,3,0,0,0,0,3,3
1773813155324,11167,0.1,38,0,2.9560947,0,-0.26,1,0,0,3,0,0,0,30000,3,3
1773813161341,11187,0,20,3.21,2.9465656,0.22413793,0.22413793,1,0,0,3,0,0,0,0,3,3
1773813177416,11242,0,55,7.763,2.9926128,0.23636363,0.012225702,1,0,0,3,0,0,0,0,3,3
1773813221610,11270,0.1,28,0,3.018246,0,-0.23636363,1,0,0,3,0,0,0,30000,3,3
1773813233683,11293,0,23,3.584,2.9930587,0.25490198,0.25490198,1,0,0,3,0,0,0,0,3,3
1773813285905,11340,0.1,47,0,3.018763,0,-0.25490198,1,0,0,3,0,0,0,30000,3,3
1773813301946,11357,0,17,2.857,3.0026932,0.203125,0.203125,1,0,0,3,0,0,0,0,3,3
1773813312010,11408,0,51,3.894,3.0000658,0.25490198,0.051776975,1,0,0,3,0,0,0,0,3,3
1773813356219,11437,0.1,29,0,3.0240915,0,-0.25490198,1,0,0,3,0,0,0,30000,3,3
1773813366282,11466,0,29,3.897,2.9498203,0.22413793,0.22413793,1,0,0,3,0,0,0,0,3,3
1773813386326,11517,0,51,3.973,2.9515743,0.25490198,0.030764043,1,0,0,3,0,0,0,0,3,3
1773813422491,11524,0.1,7,0,2.9728954,0,-0.25490198,1,0,0,3,0,0,0,30000,3,3
1773813440533,11570,0,46,4.738,2.975528,0.24528302,0.24528302,1,0,0,3,0,0,0,0,3,3
1773813488760,11608,0.1,38,0,2.975528,0,-0.24528302,1,0,0,3,0,0,0,30000,3,3
1773813500808,11630,0,22,1.151,2.983407,0.21666667,0.21666667,1,0,0,3,0,0,0,0,3,3
1773813516891,11680,0,50,1.229,2.9898593,0.26,0.04333332,1,0,0,3,0,0,0,0,3,3
1773813563087,11735,0,55,9.32,3.069909,0.23636363,-0.023636356,1,0,0,3,0,0,0,0,3,3
1773813573136,11785,0,50,1.179,3.0711148,0.26,0.023636356,1,0,0,3,0,0,0,0,3,3
1773813621329,11845,0,60,7.296,3.0979106,0.21666667,-0.04333332,1,0,0,3,0,0,0,0,3,3
1773813641415,11895,0,50,1.944,3.0769317,0.26,0.04333332,1,0,0,3,0,0,0,0,3,3
1773813689606,11949,0,54,4.554,3.0700965,0.24074075,-0.019259244,1,0,0,3,0,0,0,0,3,3
1773813709677,12006,0,57,3.543,3.0441744,0.22807017,-0.012670577,1,0,0,3,0,0,0,0,3,3
1773813753863,12040,0.1,34,0,3.0644982,0,-0.22807017,1,0,0,3,0,0,0,30000,3,3
1773813763886,12056,0,16,1.306,3.0428212,0.26,0.26,1,0,0,3,0,0,0,0,3,3
1773813783926,12109,0,53,4.277,3.0204115,0.24528302,-0.014716968,1,0,0,3,0,0,0,0,3,3
1773813830111,12167,0,58,3.034,3.0128896,0.22413793,-0.02114509,1,0,0,3,0,0,0,0,3,3
1773813840153,12218,0,51,2.825,3.0100071,0.25490198,0.030764043,1,0,0,3,0,0,0,0,3,3
1773813854214,12273,0,55,3.064,3.006316,0.23636363,-0.01853834,1,0,0,3,0,0,0,0,3,3
1773813884318,12273,0.35,0,0,3.0063157,0,-0.23636363,1,0,0,3,0,0,0,30000,3,3
1773813902367,12323,0,50,4.33,3.0089352,0.26,0.26,1,0,0,3,0,0,0,0,3,3
1773813918431,12381,0,58,3.585,3.0093174,0.22413793,-0.03586206,1,0,0,3,0,0,0,0,3,3
1773813966674,12436,0,55,1.847,2.9873977,0.23636363,0.012225702,1,0,0,3,0,0,0,0,3,3
1773814018840,12489,0,53,9.391,3.0597324,0.24528302,0.008919388,1,0,0,3,0,0,0,0,3,3
1773814040895,12540,0,51,3.845,3.060239,0.25490198,0.009618953,1,0,0,3,0,0,0,0,3,3
1773814085062,12591,0,51,4.608,3.0366764,0.25490198,0,1,0,0,3,0,0,0,0,3,3
1773814101115,12650,0,59,34.754,4.9390364,0.22033899,-0.03456299,1,0,0,3,0,0,0,0,3,3
1773814153309,12712,0,62,5.418,4.92502,0.20967741,-0.010661572,1,0,0,3,0,0,0,0,3,3
1773814177417,12778,0,66,2.505,4.9045234,0.1969697,-0.01270771,1,0,0,3,0,0,0,0,3,3
1773814231687,12829,0,51,4.767,4.901821,0.25490198,0.057932273,1,0,0,3,0,0,0,0,3,3
1773814249735,12887,0,58,4.682,4.878181,0.22413793,-0.030764043,1,0,0,3,0,0,0,0,3,3
1773814301952,12944,0,57,1.128,4.8846297,0.22807017,0.0039322376,1,0,0,3,0,0,0,0,3,3
1773814315991,12995,0,51,2.961,4.881449,0.25490198,0.026831806,1,0,0,3,0,0,0,0,3,3
1773814362181,13048,0,53,4.793,4.873341,0.24528302,-0.009618953,1,0,0,3,0,0,0,0,3,3
1773814386276,13099,0,51,12.758,4.9363427,0.25490198,0.009618953,1,0,0,3,0,0,0,0,3,3
1773814438469,13153,0,54,9.141,4.974559,0.24074075,-0.014161229,1,0,0,3,0,0,0,0,3,3
1773814490628,13203,0,50,3.3,4.9496074,0.26,0.019259244,1,0,0,3,0,0,0,0,3,3
1773814498655,13257,0,54,5.36,4.882828,0.24074075,-0.019259244,1,0,0,3,0,0,0,0,3,3
1773814518723,13309,0,52,3.012,4.884246,0.25,0.009259254,1,0,0,3,0,0,0,0,3,3
1773814564915,13366,0,57,9.101,4.9247255,0.22807017,-0.02192983,1,0,0,3,0,0,0,0,3,3
1773814617132,13413,0.1,47,0,4.9499717,0,-0.22807017,1,0,0,3,0,0,0,30000,3,3
1773814627163,13426,0,13,1.043,4.9385214,0.21666667,0.21666667,1,0,0,3,0,0,0,0,3,3
1773814641224,13477,0,51,5.786,4.9414053,0.25490198,0.038235307,1,0,0,3,0,0,0,0,3,3
1773814683403,13497,0.1,20,0,4.9646587,0,-0.25490198,1,0,0,3,0,0,0,30000,3,3
1773814697483,13535,0,38,30.332,5.9328494,0.22413793,0.22413793,1,0,0,3,0,0,0,0,3,3
1773814749681,13590,0,55,14.812,6.066678,0.23636363,0.012225702,1,0,0,3,0,0,0,0,3,3
1773814769731,13642,0,52,4.536,6.0658216,0.25,0.0136363655,1,0,0,3,0,0,0,0,3,3
1773814813866,13688,0.1,46,0,6.0658216,0,-0.25,1,0,0,3,0,0,0,30000,3,3
1773814827909,13703,0,15,3.396,6.0643115,0.21311475,0.21311475,1,0,0,3,0,0,0,0,3,3
1773814845990,13753,0,50,3.403,6.0570035,0.26,0.046885237,1,0,0,3,0,0,0,0,3,3
1773814896202,13804,0,51,11.282,6.0856247,0.25490198,-0.005098015,1,0,0,3,0,0,0,0,3,3
1773814946409,13855,0,51,2.09,6.0800757,0.25490198,0,1,0,0,3,0,0,0,0,3,3
1773814966484,13906,0,51,2.681,5.963467,0.25490198,0,1,0,0,3,0,0,0,0,3,3
1773815012643,13958,0,52,6.224,5.9388094,0.25,-0.0049019754,1,0,0,3,0,0,0,0,3,3
1773815024691,14010,0,52,3.816,5.937442,0.25,0,1,0,0,3,0,0,0,0,3,3
1773815090984,14063,0,53,2.595,5.91418,0.24528302,-0.0047169775,1,0,0,3,0,0,0,0,3,3
1773815099022,14115,0,52,3.617,5.912773,0.25,0.0047169775,1,0,0,3,0,0,0,0,3,3
1773815115091,14167,0,52,3.904,5.9011393,0.25,0,1,0,0,3,0,0,0,0,3,3
1773815145216,14167,0.35,0,0,5.9011393,0,-0.25,1,0,0,3,0,0,0,30000,3,3
1773815173316,14226,0,59,4.478,5.899625,0.22033899,0.22033899,1,0,0,3,0,0,0,0,3,3
1773815211464,14242,0.1,16,0,5.899625,0,-0.22033899,1,0,0,3,0,0,0,30000,3,3
1773815229529,14277,0,35,2.424,5.901957,0.25490198,0.25490198,1,0,0,3,0,0,0,0,3,3
1773815281704,14335,0,58,3.456,5.9031067,0.22413793,-0.030764043,1,0,0,3,0,0,0,0,3,3
1773815295739,14391,0,56,4.48,5.873876,0.23214285,0.008004919,1,0,0,3,0,0,0,0,3,3
1773815345981,14446,0,55,7.88,5.8857675,0.23636363,0.0042207837,1,0,0,3,0,0,0,0,3,3
1773815360064,14505,0,59,3.486,5.8871417,0.22033899,-0.01602465,1,0,0,3,0,0,0,0,3,3
1773815370089,14558,0,53,7.696,5.866666,0.24528302,0.024944037,1,0,0,3,0,0,0,0,3,3
1773815414242,14618,0,60,3.235,5.8703103,0.21666667,-0.028616354,1,0,0,3,0,0,0,0,3,3
1773815430298,14671,0,53,4.126,5.8388767,0.24528302,0.028616354,1,0,0,3,0,0,0,0,3,3
1773815478489,14729,0,58,5.7,5.8198566,0.22413793,-0.02114509,1,0,0,3,0,0,0,0,3,3
1773815496533,14781,0,52,3.789,5.802431,0.25,0.025862068,1,0,0,3,0,0,0,0,3,3
1773815508589,14834,0,53,4.529,5.7778506,0.24528302,-0.0047169775,1,0,0,3,0,0,0,0,3,3
1773815558830,14888,0,54,6.579,5.7610455,0.24074075,-0.0045422763,1,0,0,3,0,0,0,0,3,3
1773815613078,14946,0,58,2.567,5.762352,0.22413793,-0.016602814,1,0,0,3,0,0,0,0,3,3
1773815637176,15001,0,55,28.885,6.4651756,0.23636363,0.012225702,1,0,0,3,0,0,0,0,3,3
1773815689397,15061,0,60,30.988,7.1994944,0.21666667,-0.019696966,1,0,0,3,0,0,0,0,3,3
1773815743623,15113,0,52,4.828,7.194878,0.25,0.03333333,1,0,0,3,0,0,0,0,3,3
1773815759690,15163,0,50,3.105,7.1656723,0.26,0.00999999,1,0,0,3,0,0,0,0,3,3
1773815811854,15223,0,60,3.325,7.1498094,0.21666667,-0.04333332,1,0,0,3,0,0,0,0,3,3
1773815827911,15274,0,51,2.52,7.1594725,0.25490198,0.038235307,1,0,0,3,0,0,0,0,3,3
1773815878071,15328,0,54,12.645,7.1984067,0.24074075,-0.014161229,1,0,0,3,0,0,0,0,3,3
1773815900158,15378,0,50,1.97,7.2051754,0.26,0.019259244,1,0,0,3,0,0,0,0,3,3
1773815942388,15414,0.1,36,0,7.2349086,0,-0.26,1,0,0,3,0,0,0,30000,3,3
1773815950413,15432,0,18,1.681,7.216134,0.24074075,0.24074075,1,0,0,3,0,0,0,0,3,3
1773815976510,15484,0,52,22.623,7.5002923,0.25,0.009259254,1,0,0,3,0,0,0,0,3,3
1773816026702,15535,0,51,3.508,7.5007353,0.25490198,0.0049019754,1,0,0,3,0,0,0,0,3,3
1773816076886,15587,0,52,9.168,7.4877195,0.25,-0.0049019754,1,0,0,3,0,0,0,0,3,3
1773816092937,15639,0,52,7.659,7.4800496,0.25,0,1,0,0,3,0,0,0,0,3,3
1773816143107,15692,0,53,4.055,7.478978,0.24528302,-0.0047169775,1,0,0,3,0,0,0,0,3,3
1773816157150,15745,0,53,4.328,7.480103,0.24528302,0,1,0,0,3,0,0,0,0,3,3
1773816213358,15800,0,55,3.054,6.58097,0.23636363,-0.008919388,1,0,0,3,0,0,0,0,3,3
1773816233467,15854,0,54,1.743,6.6008735,0.24074075,0.004377112,1,0,0,3,0,0,0,0,3,3
1773816281716,15905,0,51,6.949,6.588825,0.25490198,0.014161229,1,0,0,3,0,0,0,0,3,3
1773816305813,15955,0,50,4.019,6.5914993,0.26,0.005098015,1,0,0,3,0,0,0,0,3,3
1773816351990,16005,0,50,18.315,6.766837,0.26,0,1,0,0,3,0,0,0,0,3,3
1773816366057,16056,0,51,1.667,6.7609677,0.25490198,-0.005098015,1,0,0,3,0,0,0,0,3,3
1773816414229,16111,0,55,1.555,6.773455,0.23636363,-0.01853834,1,0,0,3,0,0,0,0,3,3
1773816430303,16166,0,55,4.334,6.775071,0.23636363,0,1,0,0,3,0,0,0,0,3,3
1773816442356,16216,0,50,3.047,6.7325687,0.26,0.023636356,1,0,0,3,0,0,0,0,3,3
1773816470478,16268,0,52,7.432,6.723181,0.25,-0.00999999,1,0,0,3,0,0,0,0,3,3
1773816494533,16322,0,54,3.791,6.7204804,0.24074075,-0.009259254,1,0,0,3,0,0,0,0,3,3
1773816506596,16378,0,56,3.428,6.727245,0.23214285,-0.0085978955,1,0,0,3,0,0,0,0,3,3
1773816532692,16435,0,57,1.891,6.7361574,0.22807017,-0.004072681,1,0,0,3,0,0,0,0,3,3
1773816546752,16487,0,52,3.874,6.728148,0.25,0.02192983,1,0,0,3,0,0,0,0,3,3
1773816568875,16541,0,54,8.028,6.693846,0.24074075,-0.009259254,1,0,0,3,0,0,0,0,3,3
1773816601007,16592,0,51,2.268,6.6816373,0.25490198,0.014161229,1,0,0,3,0,0,0,0,3,3
1773816617087,16647,0,55,3.803,6.6868343,0.23636363,-0.01853834,1,0,0,3,0,0,0,0,3,3
1773816659245,16699,0,52,3.744,6.6512437,0.25,0.0136363655,1,0,0,3,0,0,0,0,3,3
1773816685347,16750,0,51,3.895,5.9036117,0.25490198,0.0049019754,1,0,0,3,0,0,0,0,3,3
1773816721522,16808,0,58,2.611,5.797336,0.22413793,-0.030764043,1,0,0,3,0,0,0,0,3,3
1773816739610,16860,0,52,3.942,5.7991147,0.25,0.025862068,1,0,0,3,0,0,0,0,3,3
1773816763720,16913,0,53,3.304,5.7659097,0.24528302,-0.0047169775,1,0,0,3,0,0,0,0,3,3
1773816797846,16969,0,56,2.229,5.7740498,0.23214285,-0.013140172,1,0,0,3,0,0,0,0,3,3
1773816807892,17020,0,51,4.521,5.7697344,0.25490198,0.022759125,1,0,0,3,0,0,0,0,3,3
1773816829949,17071,0,51,3.337,5.7270784,0.25490198,0,1,0,0,3,0,0,0,0,3,3
1773816858083,17121,0,50,5.497,5.713069,0.26,0.005098015,1,0,0,3,0,0,0,0,3,3
1773816872153,17176,0,55,2.694,5.7129745,0.23636363,-0.023636356,1,0,0,3,0,0,0,0,3,3
1773816892244,17234,0,58,3.109,5.718381,0.22413793,-0.012225702,1,0,0,3,0,0,0,0,3,3
1773816906284,17284,0,50,2.414,5.7266145,0.26,0.03586206,1,0,0,3,0,0,0,0,3,3
1773816934360,17334,0,50,3.611,5.720624,0.26,0,1,0,0,3,0,0,0,0,3,3
1773816956442,17388,0,54,13.403,5.804542,0.24074075,-0.019259244,1,0,0,3,0,0,0,0,3,3
1773816970492,17443,0,55,3.24,5.807842,0.23636363,-0.004377112,1,0,0,3,0,0,0,0,3,3
1773816998602,17500,0,57,2.636,5.7785783,0.22807017,-0.008293465,1,0,0,3,0,0,0,0,3,3
1773817014682,17553,0,53,7.677,5.7837467,0.24528302,0.017212853,1,0,0,3,0,0,0,0,3,3
1773817038753,17604,0,51,2.898,5.7517295,0.25490198,0.009618953,1,0,0,3,0,0,0,0,3,3
1773817062861,17655,0,51,3.485,5.7442193,0.25490198,0,1,0,0,3,0,0,0,0,3,3
1773817080922,17706,0,51,6.279,5.7386804,0.25490198,0,1,0,0,3,0,0,0,0,3,3
1773817102988,17757,0,51,6.353,5.7376156,0.25490198,0,1,0,0,3,0,0,0,0,3,3
1773817131118,17807,0,50,3.593,5.736097,0.26,0.005098015,1,0,0,3,0,0,0,0,3,3
1773817157214,17859,0,52,19.134,5.970634,0.25,-0.00999999,1,0,0,3,0,0,0,0,3,3
1773817175277,17912,0,53,9.063,5.9797535,0.24528302,-0.0047169775,1,0,0,3,0,0,0,0,3,3
1773817199353,17979,0,67,2.636,5.984289,0.19402985,-0.05125317,1,0,0,3,0,0,0,0,3,3
1773817225485,18030,0,51,1.894,6.0005965,0.25490198,0.060872123,1,0,0,3,0,0,0,0,3,3
1773817255596,18083,0,53,2.936,6.011059,0.24528302,-0.009618953,1,0,0,3,0,0,0,0,3,3
1773817271675,18139,0,56,3.346,6.013569,0.23214285,-0.013140172,1,0,0,3,0,0,0,0,3,3
1773817293734,18193,0,54,10.183,6.036552,0.24074075,0.0085978955,1,0,0,3,0,0,0,0,3,3
1773817321874,18243,0,50,4.956,6.036772,0.26,0.019259244,1,0,0,3,0,0,0,0,3,3
1773817339924,18294,0,51,6.685,6.0238233,0.25490198,-0.005098015,1,0,0,3,0,0,0,0,3,3
1773817361984,18345,0,51,7.612,5.286598,0.25490198,0,1,0,0,3,0,0,0,0,3,3
1773817388075,18396,0,51,5.538,4.203654,0.25490198,0,1,0,0,3,0,0,0,0,3,3
1773817408226,18446,0,50,12.845,4.3105316,0.26,0.005098015,1,0,0,3,0,0,0,0,3,3
1773817426282,18519,0,73,3.39,4.3084426,0.1780822,-0.08191779,1,0,0,3,0,0,0,0,3,3
1773817456379,18570,0,51,2.854,4.3121614,0.25490198,0.07681978,1,0,0,3,0,0,0,0,3,3
1773817474464,18620,0,50,3.291,4.305551,0.26,0.005098015,1,0,0,3,0,0,0,0,3,3
1773817496561,18670,0,50,1.439,4.2295046,0.26,0,1,0,0,3,0,0,0,0,3,3
1773817524659,18724,0,54,6.544,4.214613,0.24074075,-0.019259244,1,0,0,3,0,0,0,0,3,3
1773817542713,18779,0,55,7.735,4.1752753,0.23636363,-0.004377112,1,0,0,3,0,0,0,0,3,3
1773817570800,18830,0,51,3.448,4.1570997,0.25490198,0.01853834,1,0,0,3,0,0,0,0,3,3
1773817594901,18885,0,55,1.898,3.5612023,0.23636363,-0.01853834,1,0,0,3,0,0,0,0,3,3
1773817606928,18935,0,50,3.584,3.560718,0.26,0.023636356,1,0,0,3,0,0,0,0,3,3
1773817635075,18988,0,53,2.749,3.532144,0.24528302,-0.014716968,1,0,0,3,0,0,0,0,3,3
1773817663161,19041,0,53,6.149,3.5186403,0.24528302,0,1,0,0,3,0,0,0,0,3,3
1773817685262,19093,0,52,11.626,3.615051,0.25,0.0047169775,1,0,0,3,0,0,0,0,3,3
1773817721375,19146,0,53,10.374,3.6749477,0.24528302,-0.0047169775,1,0,0,3,0,0,0,0,3,3
1773817735442,19205,0,59,2.989,3.6755183,0.22033899,-0.024944037,1,0,0,3,0,0,0,0,3,3
1773817753537,19257,0,52,17.193,3.9454744,0.25,0.029661015,1,0,0,3,0,0,0,0,3,3
1773817771625,19309,0,52,3.759,3.9448252,0.25,0,1,0,0,3,0,0,0,0,3,3
1773817793722,19361,0,52,2.529,3.9565644,0.25,0,1,0,0,3,0,0,0,0,3,3
1773817817824,19413,0,52,3.35,3.6043186,0.25,0,1,0,0,3,0,0,0,0,3,3
1773817839904,19468,0,55,6.095,3.5817075,0.23636363,-0.0136363655,1,0,0,3,0,0,0,0,3,3
1773817862003,19518,0,50,5.135,3.5539136,0.26,0.023636356,1,0,0,3,0,0,0,0,3,3
1773817884112,19568,0,50,3.589,3.5577712,0.26,0,1,0,0,3,0,0,0,0,3,3
1773817906175,19625,0,57,19.151,3.9492104,0.22807017,-0.03192982,1,0,0,3,0,0,0,0,3,3
1773817928279,19677,0,52,13.231,4.060089,0.25,0.02192983,1,0,0,3,0,0,0,0,3,3
1773817954353,19733,0,56,4.568,4.056191,0.23214285,-0.01785715,1,0,0,3,0,0,0,0,3,3
1773817980462,19785,0,52,3.477,4.0558066,0.25,0.01785715,1,0,0,3,0,0,0,0,3,3
1773818004561,19838,0,53,10.99,4.086544,0.24528302,-0.0047169775,1,0,0,3,0,0,0,0,3,3
1773818028660,19907,0,69,1.384,4.114845,0.1884058,-0.056877226,1,0,0,3,0,0,0,0,3,3
1773818052743,19958,0,51,1.855,4.1289506,0.25490198,0.06649618,1,0,0,3,0,0,0,0,3,3
1773818072852,20011,0,53,2.375,4.127664,0.24528302,-0.009618953,1,0,0,3,0,0,0,0,3,3
1773818100953,20066,0,55,39.942,5.9339294,0.23636363,-0.008919388,1,0,0,3,0,0,0,0,3,3
1773818127074,20118,0,52,2.317,5.9452686,0.25,0.0136363655,1,0,0,3,0,0,0,0,3,3
1773818139107,20173,0,55,2.934,5.951877,0.23636363,-0.0136363655,1,0,0,3,0,0,0,0,3,3
1773818163203,20229,0,56,5.411,5.936893,0.23214285,-0.0042207837,1,0,0,3,0,0,0,0,3,3
1773818193307,20281,0,52,2.112,5.951457,0.25,0.01785715,1,0,0,3,0,0,0,0,3,3
1773818219491,20334,0,53,2.856,5.954933,0.24528302,-0.0047169775,1,0,0,3,0,0,0,0,3,3
1773818233550,20386,0,52,2.524,5.9521003,0.25,0.0047169775,1,0,0,3,0,0,0,0,3,3
1773818251626,20440,0,54,3.287,5.958977,0.24074075,-0.009259254,1,0,0,3,0,0,0,0,3,3
1773818269699,20497,0,57,2.933,5.962028,0.22807017,-0.012670577,1,0,0,3,0,0,0,0,3,3
1773818289761,20560,0,63,2.829,5.974799,0.20634921,-0.02172096,1,0,0,3,0,0,0,0,3,3
1773818315882,20615,0,55,4.894,5.962164,0.23636363,0.030014426,1,0,0,3,0,0,0,0,3,3
1773818333950,20668,0,53,3.364,5.9603124,0.24528302,0.008919388,1,0,0,3,0,0,0,0,3,3
1773818350016,20721,0,53,3.321,5.9528217,0.24528302,0,1,0,0,3,0,0,0,0,3,3
1773818360072,20782,0,61,1.325,5.974008,0.21311475,-0.03216827,1,0,0,3,0,0,0,0,3,3
1773818390186,20832,0,50,1.702,5.9230947,0.26,0.046885237,1,0,0,3,0,0,0,0,3,3
1773818408277,20892,0,60,2.188,5.931642,0.21666667,-0.04333332,1,0,0,3,0,0,0,0,3,3
1773818424358,20943,0,51,98.194,12.892607,0.25490198,0.038235307,1,0,0,3,0,0,0,0,3,3
1773818450466,20994,0,51,3.184,12.90249,0.25490198,0,1,0,0,3,0,0,0,0,3,3
1773818468542,21045,0,51,14.467,12.9218235,0.25490198,0,1,0,0,3,0,0,0,0,3,3
1773818492643,21097,0,52,2.335,12.928043,0.25,-0.0049019754,1,0,0,3,0,0,0,0,3,3
1773818518717,21149,0,52,5.636,12.929139,0.25,0,1,0,0,3,0,0,0,0,3,3
1773818532765,21206,0,57,2.273,12.944016,0.22807017,-0.02192983,1,0,0,3,0,0,0,0,3,3
1773818552854,21267,0,61,1.905,12.9532585,0.21311475,-0.014955416,1,0,0,3,0,0,0,0,3,3
1773818566904,21317,0,50,4.925,12.869571,0.26,0.046885237,1,0,0,3,0,0,0,0,3,3
1773818591014,21373,0,56,14.73,12.90256,0.23214285,-0.02785714,1,0,0,3,0,0,0,0,3,3
1773818617122,21423,0,50,2.252,12.904742,0.26,0.02785714,1,0,0,3,0,0,0,0,3,3
1773818639208,21475,0,52,4.64,12.891807,0.25,-0.00999999,1,0,0,3,0,0,0,0,3,3
1773818667332,21525,0,50,4.133,12.886507,0.26,0.00999999,1,0,0,3,0,0,0,0,3,3
1773818689412,21580,0,55,6.471,12.877745,0.23636363,-0.023636356,1,0,0,3,0,0,0,0,3,3
1773818711530,21633,0,53,2.871,12.883602,0.24528302,0.008919388,1,0,0,3,0,0,0,0,3,3
1773818733638,21684,0,51,3.303,12.889591,0.25490198,0.009618953,1,0,0,3,0,0,0,0,3,3
1773818751709,21735,0,51,4.793,12.892689,0.25490198,0,1,0,0,3,0,0,0,0,3,3
1773818773774,21789,0,54,3.381,12.900612,0.24074075,-0.014161229,1,0,0,3,0,0,0,0,3,3
1773818797901,21841,0,52,3.87,12.90524,0.25,0.009259254,1,0,0,3,0,0,0,0,3,3
1773818813942,21895,0,54,8.651,12.885941,0.24074075,-0.009259254,1,0,0,3,0,0,0,0,3,3
1773818826000,21948,0,53,4.235,12.882751,0.24528302,0.0045422763,1,0,0,3,0,0,0,0,3,3
1773818846085,22001,0,53,2.165,12.886441,0.24528302,0,1,0,0,3,0,0,0,0,3,3
1773818866154,22059,0,58,4.447,12.88215,0.22413793,-0.02114509,1,0,0,3,0,0,0,0,3,3
1773818882213,22109,0,50,3.52,12.870853,0.26,0.03586206,1,0,0,3,0,0,0,0,3,3
1773818904283,22159,0,50,4.719,12.873787,0.26,0,1,0,0,3,0,0,0,0,3,3
1773818930351,22211,0,52,6.539,12.873487,0.25,-0.00999999,1,0,0,3,0,0,0,0,3,3
1773818956473,22274,0,63,3.298,12.874137,0.20634921,-0.04365079,1,0,0,3,0,0,0,0,3,3
1773818974516,22327,0,53,1.385,12.87742,0.24528302,0.038933814,1,0,0,3,0,0,0,0,3,3
1773819002618,22378,0,51,11.13,12.880948,0.25490198,0.009618953,1,0,0,3,0,0,0,0,3,3
1773819028738,22429,0,51,2.73,12.881046,0.25490198,0,1,0,0,3,0,0,0,0,3,3
1773819054836,22479,0,50,3.856,12.886638,0.26,0.005098015,1,0,0,3,0,0,0,0,3,3
1773819072907,22531,0,52,5.017,12.875583,0.25,-0.00999999,1,0,0,3,0,0,0,0,3,3
1773819101020,22583,0,52,3.17,12.876134,0.25,0,1,0,0,3,0,0,0,0,3,3
1773819123114,22634,0,51,4.179,12.871507,0.25490198,0.0049019754,1,0,0,3,0,0,0,0,3,3
1773819149188,22690,0,56,1.863,12.818349,0.23214285,-0.022759125,1,0,0,3,0,0,0,0,3,3
1773819165243,22740,0,50,3.148,12.82066,0.26,0.02785714,1,0,0,3,0,0,0,0,3,3
1773819189315,22795,0,55,123.806,19.37422,0.23636363,-0.023636356,1,0,0,3,0,0,0,0,3,3
1773819213405,22847,0,52,1.967,19.380657,0.25,0.0136363655,1,0,0,3,0,0,0,0,3,3
1773819237511,22898,0,51,3.656,19.38759,0.25490198,0.0049019754,1,0,0,3,0,0,0,0,3,3
1773819263646,22949,0,51,2.716,19.396246,0.25490198,0,1,0,0,3,0,0,0,0,3,3
1773819285764,23002,0,53,2.35,19.4016,0.24528302,-0.009618953,1,0,0,3,0,0,0,0,3,3
1773819301830,23053,0,51,2.348,19.367002,0.25490198,0.009618953,1,0,0,3,0,0,0,0,3,3
1773819323918,23108,0,55,4.88,19.359879,0.23636363,-0.01853834,1,0,0,3,0,0,0,0,3,3
1773819352026,23158,0,50,125.459,24.225548,0.26,0.023636356,1,0,0,3,0,0,0,0,3,3
1773819372118,23210,0,52,6.331,24.216452,0.25,-0.00999999,1,0,0,3,0,0,0,0,3,3
1773819396221,23263,0,53,4.086,24.226583,0.24528302,-0.0047169775,1,0,0,3,0,0,0,0,3,3
1773819420321,23316,0,53,6.083,24.208204,0.24528302,0,1,0,0,3,0,0,0,0,3,3
1773819448426,23370,0,54,2.958,24.202911,0.24074075,-0.0045422763,1,0,0,3,0,0,0,0,3,3
1773819474546,23420,0,50,7.31,24.18683,0.26,0.019259244,1,0,0,3,0,0,0,0,3,3
1773819500682,23470,0,50,3.428,23.901054,0.26,0,1,0,0,3,0,0,0,0,3,3
1773819562928,23521,0,51,1.966,23.902706,0.25490198,-0.005098015,1,0,0,3,0,0,0,0,3,3
1773819585008,23574,0,53,6.119,23.892609,0.24528302,-0.009618953,1,0,0,3,0,0,0,0,3,3
1773819603103,23629,0,55,5.27,23.892986,0.23636363,-0.008919388,1,0,0,3,0,0,0,0,3,3
1773819621144,23680,0,51,3.743,23.88607,0.25490198,0.01853834,1,0,0,3,0,0,0,0,3,3
1773819637232,23738,0,58,1.883,23.890553,0.22413793,-0.030764043,1,0,0,3,0,0,0,0,3,3
1773819663328,23791,0,53,2.67,23.889902,0.24528302,0.02114509,1,0,0,3,0,0,0,0,3,3
1773819685425,23842,0,51,3.615,23.88862,0.25490198,0.009618953,1,0,0,3,0,0,0,0,3,3
1773819705490,23895,0,53,3.613,23.885885,0.24528302,-0.009618953,1,0,0,3,0,0,0,0,3,3
1773819731568,23949,0,54,2.122,23.8891,0.24074075,-0.0045422763,1,0,0,3,0,0,0,0,3,3
1773819751672,23999,0,50,2.594,23.8976,0.26,0.019259244,1,0,0,3,0,0,0,0,3,3
1773819777715,24051,0,52,5.853,23.889807,0.25,-0.00999999,1,0,0,3,0,0,0,0,3,3
1773819805850,24102,0,51,4.683,23.884968,0.25490198,0.0049019754,1,0,0,3,0,0,0,0,3,3
1773819829937,24154,0,52,3.247,23.875956,0.25,-0.0049019754,1,0,0,3,0,0,0,0,3,3
1773819852019,24210,0,56,3.22,23.868977,0.23214285,-0.01785715,1,0,0,3,0,0,0,0,3,3
1773819866084,24260,0,50,3.746,23.862312,0.26,0.02785714,1,0,0,3,0,0,0,0,3,3
1773819882133,24312,0,52,2.696,21.096058,0.25,-0.00999999,1,0,0,3,0,0,0,0,3,3
1773819904222,24365,0,53,4.126,21.093004,0.24528302,-0.0047169775,1,0,0,3,0,0,0,0,3,3
1773819928317,24416,0,51,3.156,21.085798,0.25490198,0.009618953,1,0,0,3,0,0,0,0,3,3
1773819950451,24469,0,53,4.439,21.078793,0.24528302,-0.009618953,1,0,0,3,0,0,0,0,3,3
1773819970513,24522,0,53,4.188,21.081985,0.24528302,0,1,0,0,3,0,0,0,0,3,3
1773819996615,24574,0,52,6.64,21.07081,0.25,0.0047169775,1,0,0,3,0,0,0,0,3,3
1773820018709,24624,0,50,2.995,21.066366,0.26,0.00999999,1,0,0,3,0,0,0,0,3,3
1773820040785,24675,0,51,1.617,21.077799,0.25490198,-0.005098015,1,0,0,3,0,0,0,0,3,3
1773820060880,24727,0,52,3.163,21.068111,0.25,-0.0049019754,1,0,0,3,0,0,0,0,3,3
1773820084971,24785,0,58,2.404,21.067505,0.22413793,-0.025862068,1,0,0,3,0,0,0,0,3,3
1773820113087,24837,0,52,3.369,21.071007,0.25,0.025862068,1,0,0,3,0,0,0,0,3,3
1773820129139,24888,0,51,3.214,21.07375,0.25490198,0.0049019754,1,0,0,3,0,0,0,0,3,3
1773820153228,24942,0,54,5.889,21.074404,0.24074075,-0.014161229,1,0,0,3,0,0,0,0,3,3
1773820179335,24993,0,51,3.336,21.072823,0.25490198,0.014161229,1,0,0,3,0,0,0,0,3,3
1773820205437,25043,0,50,24.765,21.170834,0.26,0.005098015,1,0,0,3,0,0,0,0,3,3
1773820231553,25094,0,51,3.654,21.174023,0.25490198,-0.005098015,1,0,0,3,0,0,0,0,3,3
1773820259679,25146,0,52,4.429,21.170845,0.25,-0.0049019754,1,0,0,3,0,0,0,0,3,3
1773820277714,25196,0,50,3.741,21.171244,0.26,0.00999999,1,0,0,3,0,0,0,0,3,3
1773820303833,25247,0,51,4.375,21.17591,0.25490198,-0.005098015,1,0,0,3,0,0,0,0,3,3
1773820321901,25299,0,52,3.473,21.178215,0.25,-0.0049019754,1,0,0,3,0,0,0,0,3,3
1773820352011,25351,0,52,9.631,21.166607,0.25,0,1,0,0,3,0,0,0,0,3,3
1773820378106,25403,0,52,4.417,21.166687,0.25,0,1,0,0,3,0,0,0,0,3,3
1773820396161,25453,0,50,4.721,21.163183,0.26,0.00999999,1,0,0,3,0,0,0,0,3,3
1773820416261,25505,0,52,3.56,21.166548,0.25,-0.00999999,1,0,0,3,0,0,0,0,3,3
1773820444364,25559,0,54,4.928,21.169304,0.24074075,-0.009259254,1,0,0,3,0,0,0,0,3,3
1773820462441,25626,0,67,4.358,21.166006,0.19402985,-0.046710894,1,0,0,3,0,0,0,0,3,3
1773820486519,25682,0,56,3.463,21.15734,0.23214285,0.038112998,1,0,0,3,0,0,0,0,3,3
1773820512612,25733,0,51,3.012,21.16305,0.25490198,0.022759125,1,0,0,3,0,0,0,0,3,3
1773820530686,25786,0,53,9.642,21.153719,0.24528302,-0.009618953,1,0,0,3,0,0,0,0,3,3
1773820554819,25837,0,51,11.551,21.151304,0.25490198,0.009618953,1,0,0,3,0,0,0,0,3,3
1773820576923,25887,0,50,9.02,21.147749,0.26,0.005098015,1,0,0,3,0,0,0,0,3,3
1773820601018,25937,0,50,4.793,21.142616,0.26,0,1,0,0,3,0,0,0,0,3,3
1773820625103,25988,0,51,4.956,21.140486,0.25490198,-0.005098015,1,0,0,3,0,0,0,0,3,3
1773820651169,26040,0,52,12.078,21.129934,0.25,-0.0049019754,1,0,0,3,0,0,0,0,3,3
1773820673239,26094,0,54,16.926,21.145016,0.24074075,-0.009259254,1,0,0,3,0,0,0,0,3,3
1773820689290,26144,0,50,4.187,15.387573,0.26,0.019259244,1,0,0,3,0,0,0,0,3,3
1773820719414,26196,0,52,5.859,15.376066,0.25,-0.00999999,1,0,0,3,0,0,0,0,3,3
1773820733473,26254,0,58,4.3,15.374178,0.22413793,-0.025862068,1,0,0,3,0,0,0,0,3,3
1773820751557,26319,0,65,3.494,15.3712,0.2,-0.02413793,1,0,0,3,0,0,0,0,3,3
1773820771635,26377,0,58,9.195,15.363138,0.22413793,0.02413793,1,0,0,3,0,0,0,0,3,3
1773820791718,26427,0,50,9.468,15.3549385,0.26,0.03586206,1,0,0,3,0,0,0,0,3,3
1773820811801,26478,0,51,3.619,15.358581,0.25490198,-0.005098015,1,0,0,3,0,0,0,0,3,3
1773820835913,26530,0,52,6.117,3.666745,0.25,-0.0049019754,1,0,0,3,0,0,0,0,3,3
1773820864048,26584,0,54,4.082,3.6666198,0.24074075,-0.009259254,1,0,0,3,0,0,0,0,3,3
1773820894182,26638,0,54,4.479,3.665118,0.24074075,0,1,0,0,3,0,0,0,0,3,3
1773820916277,26693,0,55,3.931,3.6665692,0.23636363,-0.004377112,1,0,0,3,0,0,0,0,3,3
1773820936365,26745,0,52,2.715,3.6689606,0.25,0.0136363655,1,0,0,3,0,0,0,0,3,3
1773820956470,26798,0,53,2.98,3.6683285,0.24528302,-0.0047169775,1,0,0,3,0,0,0,0,3,3
1773820982543,26858,0,60,10.092,3.7143366,0.21666667,-0.028616354,1,0,0,3,0,0,0,0,3,3
1773821000637,26909,0,51,20.648,4.157823,0.25490198,0.038235307,1,0,0,3,0,0,0,0,3,3
1773821026733,26959,0,50,3.185,4.1666126,0.26,0.005098015,1,0,0,3,0,0,0,0,3,3
1773821050816,27018,0,59,6.399,4.1683,0.22033899,-0.039661005,1,0,0,3,0,0,0,0,3,3
1773821074907,27070,0,52,87.05,10.940225,0.25,0.029661015,1,0,0,3,0,0,0,0,3,3
1773821098976,27120,0,50,21.489,11.073441,0.26,0.00999999,1,0,0,3,0,0,0,0,3,3
1773821119042,27173,0,53,25.318,11.287539,0.24528302,-0.014716968,1,0,0,3,0,0,0,0,3,3
1773821139119,27232,0,59,2.781,11.292389,0.22033899,-0.024944037,1,0,0,3,0,0,0,0,3,3
1773821165224,27282,0,50,1.772,11.30432,0.26,0.039661005,1,0,0,3,0,0,0,0,3,3
1773821183281,27332,0,50,1.515,11.3089695,0.26,0,1,0,0,3,0,0,0,0,3,3
1773821207356,27383,0,51,1.457,11.317326,0.25490198,-0.005098015,1,0,0,3,0,0,0,0,3,3
1773821233489,27438,0,55,5.13,11.319161,0.23636363,-0.01853834,1,0,0,3,0,0,0,0,3,3
1773821259524,27488,0,50,26.989,11.572975,0.26,0.023636356,1,0,0,3,0,0,0,0,3,3
1773821287633,27539,0,51,12.929,11.577387,0.25490198,-0.005098015,1,0,0,3,0,0,0,0,3,3
1773821309714,27590,0,51,3.269,11.577084,0.25490198,0,1,0,0,3,0,0,0,0,3,3
1773821335810,27642,0,52,6.996,11.566195,0.25,-0.0049019754,1,0,0,3,0,0,0,0,3,3
1773821359912,27692,0,50,3.577,11.560543,0.26,0.00999999,1,0,0,3,0,0,0,0,3,3
1773821382040,27745,0,53,2.182,11.572945,0.24528302,-0.014716968,1,0,0,3,0,0,0,0,3,3
1773821402109,27796,0,51,3.121,11.573166,0.25490198,0.009618953,1,0,0,3,0,0,0,0,3,3
1773821428216,27849,0,53,2.906,11.581805,0.24528302,-0.009618953,1,0,0,3,0,0,0,0,3,3
1773821450328,27910,0,61,6.228,11.574526,0.21311475,-0.03216827,1,0,0,3,0,0,0,0,3,3
1773821474455,27966,0,56,10.523,11.578105,0.23214285,0.019028097,1,0,0,3,0,0,0,0,3,3
1773821500522,28018,0,52,2.945,11.578438,0.25,0.01785715,1,0,0,3,0,0,0,0,3,3
1773821530673,28071,0,53,12.787,11.56617,0.24528302,-0.0047169775,1,0,0,3,0,0,0,0,3,3
1773821550711,28121,0,50,16.002,11.590069,0.26,0.014716968,1,0,0,3,0,0,0,0,3,3
1773821576800,28172,0,51,3.047,11.585228,0.25490198,-0.005098015,1,0,0,3,0,0,0,0,3,3
1773821602912,28225,0,53,2.719,11.589841,0.24528302,-0.009618953,1,0,0,3,0,0,0,0,3,3
1773821628999,28280,0,55,5.294,11.578434,0.23636363,-0.008919388,1,0,0,3,0,0,0,0,3,3
1773821655113,28331,0,51,7.317,11.575072,0.25490198,0.01853834,1,0,0,3,0,0,0,0,3,3
1773821685233,28385,0,54,2.032,11.585039,0.24074075,-0.014161229,1,0,0,3,0,0,0,0,3,3
1773821707315,28435,0,50,4.66,11.406548,0.26,0.019259244,1,0,0,3,0,0,0,0,3,3
1773821733439,28490,0,55,1.97,11.418534,0.23636363,-0.023636356,1,0,0,3,0,0,0,0,3,3
1773821753509,28541,0,51,3.098,11.426224,0.25490198,0.01853834,1,0,0,3,0,0,0,0,3,3
1773821781584,28605,0,64,3.361,11.42852,0.203125,-0.051776975,1,0,0,3,0,0,0,0,3,3
1773821809689,28657,0,52,5.872,11.422668,0.25,0.046875,1,0,0,3,0,0,0,0,3,3
1773821833825,28713,0,56,12.854,11.423904,0.23214285,-0.01785715,1,0,0,3,0,0,0,0,3,3
1773821861916,28765,0,52,3.04,11.4397,0.25,0.01785715,1,0,0,3,0,0,0,0,3,3
1773821882005,28821,0,56,2.272,11.453393,0.23214285,-0.01785715,1,0,0,3,0,0,0,0,3,3
1773821906101,28873,0,52,15.554,11.483631,0.25,0.01785715,1,0,0,3,0,0,0,0,3,3
1773821918243,28925,0,52,9.126,11.469432,0.25,0,1,0,0,3,0,0,0,0,3,3
1773821938314,28977,0,52,3.833,11.475207,0.25,0,1,0,0,3,0,0,0,0,3,3
1773821964388,29042,0,65,1.985,11.491521,0.2,-0.049999997,1,0,0,3,0,0,0,0,3,3
1773821982458,29093,0,51,1.741,11.504603,0.25490198,0.054901972,1,0,0,3,0,0,0,0,3,3
1773822000516,29148,0,55,3.334,11.502414,0.23636363,-0.01853834,1,0,0,3,0,0,0,0,3,3
1773822020620,29198,0,50,2.687,11.520967,0.26,0.023636356,1,0,0,3,0,0,0,0,3,3
1773822048706,29253,0,55,10.213,11.515853,0.23636363,-0.023636356,1,0,0,3,0,0,0,0,3,3
1773822064773,29304,0,51,3.331,11.530006,0.25490198,0.01853834,1,0,0,3,0,0,0,0,3,3
1773822088874,29355,0,51,5.246,11.528197,0.25490198,0,1,0,0,3,0,0,0,0,3,3
1773822110947,29410,0,55,15.355,11.557777,0.23636363,-0.01853834,1,0,0,3,0,0,0,0,3,3
1773822135070,29467,0,57,2.978,11.564372,0.22807017,-0.008293465,1,0,0,3,0,0,0,0,3,3
1773822163179,29517,0,50,32.945,11.922805,0.26,0.03192982,1,0,0,3,0,0,0,0,3,3
1773822183241,29572,0,55,2.716,11.932018,0.23636363,-0.023636356,1,0,0,3,0,0,0,0,3,3
1773822203312,29628,0,56,4.62,11.936836,0.23214285,-0.0042207837,1,0,0,3,0,0,0,0,3,3
1773822227403,29680,0,52,3.974,11.938569,0.25,0.01785715,1,0,0,3,0,0,0,0,3,3
1773822247482,29736,0,56,8.997,11.924205,0.23214285,-0.01785715,1,0,0,3,0,0,0,0,3,3
1773822269519,29789,0,53,4.802,11.931393,0.24528302,0.013140172,1,0,0,3,0,0,0,0,3,3
1773822297678,29844,0,55,12.772,11.943851,0.23636363,-0.008919388,1,0,0,3,0,0,0,0,3,3
1773822319760,29894,0,50,2.847,11.948926,0.26,0.023636356,1,0,0,3,0,0,0,0,3,3
1773822347860,29944,0,50,11.818,11.953919,0.26,0,1,0,0,3,0,0,0,0,3,3
1773822371915,29995,0,51,1.218,11.975124,0.25490198,-0.005098015,1,0,0,3,0,0,0,0,3,3
1773822397995,30046,0,51,2.475,11.987681,0.25490198,0,1,0,0,3,0,0,0,0,3,3
1773822430107,30108,0,62,33.42,12.372751,0.20967741,-0.045224562,1,0,0,3,0,0,0,0,3,3
1773822458230,30158,0,50,1.664,12.381414,0.26,0.050322577,1,0,0,3,0,0,0,0,3,3
1773822492327,30218,0,60,5.775,12.366044,0.21666667,-0.04333332,1,0,0,3,0,0,0,0,3,3
1773822508403,30269,0,51,128.246,19.302383,0.25490198,0.038235307,1,0,0,3,0,0,0,0,3,3
1773822532507,30319,0,50,3.592,19.279547,0.26,0.005098015,1,0,0,3,0,0,0,0,3,3
1773822558609,30370,0,51,35.484,19.507212,0.25490198,-0.005098015,1,0,0,3,0,0,0,0,3,3
1773822582684,30421,0,51,3.316,19.521914,0.25490198,0,1,0,0,3,0,0,0,0,3,3
1773822608781,30472,0,51,3.23,17.01219,0.25490198,0,1,0,0,3,0,0,0,0,3,3
1773822634884,30523,0,51,2.558,16.965336,0.25490198,0,1,0,0,3,0,0,0,0,3,3
1773822662962,30580,0,57,5.292,16.849167,0.22807017,-0.026831806,1,0,0,3,0,0,0,0,3,3
1773822687062,30631,0,51,26.647,16.973883,0.25490198,0.026831806,1,0,0,3,0,0,0,0,3,3
1773822705112,30681,0,50,3.395,16.963907,0.26,0.005098015,1,0,0,3,0,0,0,0,3,3
1773822723193,30733,0,52,3.387,16.952122,0.25,-0.00999999,1,0,0,3,0,0,0,0,3,3
1773822755308,30792,0,59,3.981,16.93676,0.22033899,-0.029661015,1,0,0,3,0,0,0,0,3,3
1773822775388,30847,0,55,3.165,16.94614,0.23636363,0.01602465,1,0,0,3,0,0,0,0,3,3
1773822801508,30904,0,57,4.851,16.807074,0.22807017,-0.008293465,1,0,0,3,0,0,0,0,3,3
1773822825591,30955,0,51,4.563,16.808245,0.25490198,0.026831806,1,0,0,3,0,0,0,0,3,3
1773822847644,31005,0,50,4.975,16.800755,0.26,0.005098015,1,0,0,3,0,0,0,0,3,3
1773822869713,31058,0,53,33.922,17.083616,0.24528302,-0.014716968,1,0,0,3,0,0,0,0,3,3
1773822901828,31115,0,57,10.39,17.068974,0.22807017,-0.017212853,1,0,0,3,0,0,0,0,3,3
1773822929917,31166,0,51,2.455,17.06721,0.25490198,0.026831806,1,0,0,3,0,0,0,0,3,3
1773822956032,31216,0,50,4.987,17.058067,0.26,0.005098015,1,0,0,3,0,0,0,0,3,3
1773822978113,31269,0,53,11.214,17.039612,0.24528302,-0.014716968,1,0,0,3,0,0,0,0,3,3
1773822994198,31319,0,50,2.048,17.060215,0.26,0.014716968,1,0,0,3,0,0,0,0,3,3
1773823024290,31376,0,57,5.768,17.065876,0.22807017,-0.03192982,1,0,0,3,0,0,0,0,3,3
1773823050361,31433,0,57,7.303,17.048634,0.22807017,0,1,0,0,3,0,0,0,0,3,3
1773823088521,31484,0,51,2.671,17.064098,0.25490198,0.026831806,1,0,0,3,0,0,0,0,3,3
1773823104599,31534,0,50,1.458,17.070427,0.26,0.005098015,1,0,0,3,0,0,0,0,3,3
1773823118709,31589,0,55,3.064,17.070332,0.23636363,-0.023636356,1,0,0,3,0,0,0,0,3,3
1773823134766,31642,0,53,28.081,17.211592,0.24528302,0.008919388,1,0,0,3,0,0,0,0,3,3
1773823160878,31693,0,51,3.002,17.22266,0.25490198,0.009618953,1,0,0,3,0,0,0,0,3,3
1773823184936,31744,0,51,1.835,17.246683,0.25490198,0,1,0,0,3,0,0,0,0,3,3
1773823203000,31798,0,54,3.872,17.235962,0.24074075,-0.014161229,1,0,0,3,0,0,0,0,3,3
1773823227092,31849,0,51,31.133,17.43388,0.25490198,0.014161229,1,0,0,3,0,0,0,0,3,3
1773823251170,31901,0,52,3.492,17.424204,0.25,-0.0049019754,1,0,0,3,0,0,0,0,3,3
1773823265210,31953,0,52,6.133,17.409935,0.25,0,1,0,0,3,0,0,0,0,3,3
1773823293316,32006,0,53,6.918,17.394705,0.24528302,-0.0047169775,1,0,0,3,0,0,0,0,3,3
1773823313420,32057,0,51,2.875,17.40961,0.25490198,0.009618953,1,0,0,3,0,0,0,0,3,3
1773823323455,32110,0,53,3.243,17.424831,0.24528302,-0.009618953,1,0,0,3,0,0,0,0,3,3
1773823357586,32174,0,64,1.116,17.438017,0.203125,-0.042158023,1,0,0,3,0,0,0,0,3,3
1773823377671,32228,0,54,4.384,17.425907,0.24074075,0.037615746,1,0,0,3,0,0,0,0,3,3
1773823399727,32289,0,61,1.451,17.440178,0.21311475,-0.027625993,1,0,0,3,0,0,0,0,3,3
1773823425820,32345,0,56,2.76,17.46029,0.23214285,0.019028097,1,0,0,3,0,0,0,0,3,3
1773823443870,32402,0,57,3.586,17.461557,0.22807017,-0.004072681,1,0,0,3,0,0,0,0,3,3
1773823465917,32453,0,51,3.681,17.451536,0.25490198,0.026831806,1,0,0,3,0,0,0,0,3,3
1773823492034,32506,0,53,1.991,17.44984,0.24528302,-0.009618953,1,0,0,3,0,0,0,0,3,3
1773823516113,32564,0,58,3.35,17.449753,0.22413793,-0.02114509,1,0,0,3,0,0,0,0,3,3
1773823534185,32614,0,50,7.788,17.430326,0.26,0.03586206,1,0,0,3,0,0,0,0,3,3
1773823556266,32665,0,51,5.001,17.439112,0.25490198,-0.005098015,1,0,0,3,0,0,0,0,3,3
1773823582332,32717,0,52,4.622,17.43277,0.25,-0.0049019754,1,0,0,3,0,0,0,0,3,3
1773823604411,32767,0,50,4.894,17.434158,0.26,0.00999999,1,0,0,3,0,0,0,0,3,3
1773823634516,32822,0,55,3.858,17.431738,0.23636363,-0.023636356,1,0,0,3,0,0,0,0,3,3
1773823644548,32877,0,55,5.404,17.420622,0.23636363,0,1,0,0,3,0,0,0,0,3,3
1773823654596,32930,0,53,13.448,17.173542,0.24528302,0.008919388,1,0,0,3,0,0,0,0,3,3
1773823674691,32980,0,50,6.896,17.1574,0.26,0.014716968,1,0,0,3,0,0,0,0,3,3
1773823704800,33030,0,50,3.986,17.160158,0.26,0,1,0,0,3,0,0,0,0,3,3
1773823732911,33082,0,52,3.25,17.163752,0.25,-0.00999999,1,0,0,3,0,0,0,0,3,3
1773823771063,33134,0,52,1.538,17.189085,0.25,0,1,0,0,3,0,0,0,0,3,3
1773823789115,33193,0,59,2.45,17.200409,0.22033899,-0.029661015,1,0,0,3,0,0,0,0,3,3
1773823831283,33245,0,52,8.582,17.193544,0.25,0.029661015,1,0,0,3,0,0,0,0,3,3
1773823853372,33301,0,56,3.205,17.191648,0.23214285,-0.01785715,1,0,0,3,0,0,0,0,3,3
1773823873473,33351,0,50,5.299,17.193054,0.26,0.02785714,1,0,0,3,0,0,0,0,3,3
1773823915634,33402,0,51,13.056,17.174757,0.25490198,-0.005098015,1,0,0,3,0,0,0,0,3,3
1773823929676,33454,0,52,8.185,17.155817,0.25,-0.0049019754,1,0,0,3,0,0,0,0,3,3
1773823971814,33519,0,65,4.844,16.88465,0.2,-0.049999997,1,0,0,3,0,0,0,0,3,3
1773823997911,33571,0,52,3.309,16.875362,0.25,0.049999997,1,0,0,3,0,0,0,0,3,3
1773824040047,33630,0,59,5.095,16.877352,0.22033899,-0.029661015,1,0,0,3,0,0,0,0,3,3
1773824060102,33681,0,51,52.641,9.489515,0.25490198,0.03456299,1,0,0,3,0,0,0,0,3,3
1773824104274,33710,0.1,29,0,9.52247,0,-0.25490198,1,0,0,3,0,0,0,30000,3,3
1773824108281,33741,0,31,3.609,8.847609,0.21666667,0.21666667,1,0,0,3,0,0,0,0,3,3
1773824136385,33799,0,58,11.492,8.85466,0.22413793,0.0074712634,1,0,0,3,0,0,0,0,3,3
1773824184593,33857,0,58,4.534,8.847507,0.22413793,0,1,0,0,3,0,0,0,0,3,3
1773824236763,33919,0,62,8.166,8.830837,0.20967741,-0.014460519,1,0,0,3,0,0,0,0,3,3
1773824250835,33977,0,58,21.315,9.0018635,0.22413793,0.014460519,1,0,0,3,0,0,0,0,3,3
1773824270911,34041,0,64,3.099,8.680618,0.203125,-0.021012932,1,0,0,3,0,0,0,0,3,3
1773824300976,34041,0.35,0,0,8.712616,0,-0.203125,1,0,0,3,0,0,0,30000,3,3
1773824323081,34096,0,55,5.291,8.703759,0.23636363,0.23636363,1,0,0,3,0,0,0,0,3,3
1773824371235,34158,0,62,2.564,8.713071,0.20967741,-0.026686221,1,0,0,3,0,0,0,0,3,3
1773824395312,34210,0,52,3.45,8.711223,0.25,0.040322587,1,0,0,3,0,0,0,0,3,3
1773824447477,34266,0,56,6.19,8.707814,0.23214285,-0.01785715,1,0,0,3,0,0,0,0,3,3
1773824471546,34318,0,52,3.842,8.711359,0.25,0.01785715,1,0,0,3,0,0,0,0,3,3
1773824499666,34376,0,58,4.55,8.713016,0.22413793,-0.025862068,1,0,0,3,0,0,0,0,3,3
1773824509702,34426,0,50,6.731,8.02212,0.26,0.03586206,1,0,0,3,0,0,0,0,3,3
1773824527786,34476,0,50,4.097,8.0124855,0.26,0,1,0,0,3,0,0,0,0,3,3
1773824559933,34526,0,50,3.007,8.008521,0.26,0,1,0,0,3,0,0,0,0,3,3
1773824580008,34577,0,51,4.066,8.011905,0.25490198,-0.005098015,1,0,0,3,0,0,0,0,3,3
1773824598152,34627,0,50,5.884,7.98913,0.26,0.005098015,1,0,0,3,0,0,0,0,3,3
1773824640507,34677,0,50,8.97,7.977416,0.26,0,1,0,0,3,0,0,0,0,3,3
1773824660629,34731,0,54,4.076,7.9823613,0.24074075,-0.019259244,1,0,0,3,0,0,0,0,3,3
1773824718876,34783,0,52,3.143,7.9916854,0.25,0.009259254,1,0,0,3,0,0,0,0,3,3
1773824755009,34844,0,61,1.647,8.000029,0.21311475,-0.036885247,1,0,0,3,0,0,0,0,3,3
1773824775111,34903,0,59,2.348,7.992335,0.22033899,0.007224232,1,0,0,3,0,0,0,0,3,3
1773824791155,34955,0,52,2.189,7.9986634,0.25,0.029661015,1,0,0,3,0,0,0,0,3,3
1773824823288,35009,0,54,1.767,7.532251,0.24074075,-0.009259254,1,0,0,3,0,0,0,0,3,3
1773824865583,35060,0,51,3.852,7.527862,0.25490198,0.014161229,1,0,0,3,0,0,0,0,3,3
1773824891678,35112,0,52,196.748,24.821484,0.25,-0.0049019754,1,0,0,3,0,0,0,0,3,3
1773824909726,35164,0,52,4.892,24.818535,0.25,0,1,0,0,3,0,0,0,0,3,3
1773824919755,35223,0,59,3.131,24.670595,0.22033899,-0.029661015,1,0,0,3,0,0,0,0,3,3
1773824935803,35281,0,58,3.213,24.671513,0.22413793,0.0037989467,1,0,0,3,0,0,0,0,3,3
1773824986032,35336,0,55,3.185,24.678719,0.23636363,0.012225702,1,0,0,3,0,0,0,0,3,3
1773825038248,35396,0,60,2.736,24.688347,0.21666667,-0.019696966,1,0,0,3,0,0,0,0,3,3
1773825058334,35451,0,55,3.195,24.687252,0.23636363,0.019696966,1,0,0,3,0,0,0,0,3,3
1773825088467,35506,0,55,14.163,24.688509,0.23636363,0,1,0,0,3,0,0,0,0,3,3
1773825104531,35557,0,51,2.123,24.684048,0.25490198,0.01853834,1,0,0,3,0,0,0,0,3,3
1773825122607,35612,0,55,1.048,24.696465,0.23636363,-0.01853834,1,0,0,3,0,0,0,0,3,3
1773825138669,35663,0,51,19.578,24.71713,0.25490198,0.01853834,1,0,0,3,0,0,0,0,3,3
1773825164806,35713,0,50,1.326,24.723295,0.26,0.005098015,1,0,0,3,0,0,0,0,3,3
1773825180873,35772,0,59,1.627,24.73098,0.22033899,-0.039661005,1,0,0,3,0,0,0,0,3,3
1773825202984,35828,0,56,5.216,24.726748,0.23214285,0.011803865,1,0,0,3,0,0,0,0,3,3
1773825247227,35883,0,55,2.883,24.723146,0.23636363,0.0042207837,1,0,0,3,0,0,0,0,3,3
1773825273312,35936,0,53,1.813,24.729212,0.24528302,0.008919388,1,0,0,3,0,0,0,0,3,3
1773825307414,35998,0,62,8.533,24.7289,0.20967741,-0.03560561,1,0,0,3,0,0,0,0,3,3
1773825331507,36048,0,50,4.575,24.729988,0.26,0.050322577,1,0,0,3,0,0,0,0,3,3
1773825363642,36104,0,56,1.261,24.742405,0.23214285,-0.02785714,1,0,0,3,0,0,0,0,3,3
1773825383722,36155,0,51,1.166,24.75584,0.25490198,0.022759125,1,0,0,3,0,0,0,0,3,3
1773825407891,36206,0,51,1.149,24.766413,0.25490198,0,1,0,0,3,0,0,0,0,3,3
1773825450078,36256,0,50,20.619,24.806952,0.26,0.005098015,1,0,0,3,0,0,0,0,3,3
1773825468190,36307,0,51,4.849,24.805262,0.25490198,-0.005098015,1,0,0,3,0,0,0,0,3,3
1773825492311,36359,0,52,2.804,24.81528,0.25,-0.0049019754,1,0,0,3,0,0,0,0,3,3
1773825514429,36414,0,55,1.234,24.8258,0.23636363,-0.0136363655,1,0,0,3,0,0,0,0,3,3
1773825536580,36464,0,50,1.238,24.833908,0.26,0.023636356,1,0,0,3,0,0,0,0,3,3
1773825574705,36519,0,55,2.091,24.83154,0.23636363,-0.023636356,1,0,0,3,0,0,0,0,3,3
1773825594779,36574,0,55,1.274,24.836544,0.23636363,0,1,0,0,3,0,0,0,0,3,3
1773825616871,36625,0,51,4.824,24.841007,0.25490198,0.01853834,1,0,0,3,0,0,0,0,3,3
1773825644992,36676,0,51,24.777,24.912277,0.25490198,0,1,0,0,3,0,0,0,0,3,3
1773825663083,36732,0,56,2.442,24.921247,0.23214285,-0.022759125,1,0,0,3,0,0,0,0,3,3
1773825695189,36784,0,52,2.354,24.928404,0.25,0.01785715,1,0,0,3,0,0,0,0,3,3
1773825719291,36837,0,53,1.364,24.944899,0.24528302,-0.0047169775,1,0,0,3,0,0,0,0,3,3
1773825761486,36868,0.1,31,0,24.963463,0,-0.24528302,1,0,0,3,0,0,0,30000,3,3
1773825779622,36888,0,20,2.464,24.966433,0.25490198,0.25490198,1,0,0,3,0,0,0,0,3,3
1773825797696,36940,0,52,5.21,24.966192,0.25,-0.0049019754,1,0,0,3,0,0,0,0,3,3
1773825839867,36968,0.1,28,0,24.357943,0,-0.25,1,0,0,3,0,0,0,30000,3,3
1773825855911,36994,0,26,2.519,24.347548,0.24074075,0.24074075,1,0,0,3,0,0,0,0,3,3
1773825871977,37051,0,57,2.722,24.350132,0.22807017,-0.012670577,1,0,0,3,0,0,0,0,3,3
1773825906117,37109,0,58,3.485,24.35088,0.22413793,-0.0039322376,1,0,0,3,0,0,0,0,3,3
1773825932230,37159,0,50,9.074,24.348536,0.26,0.03586206,1,0,0,3,0,0,0,0,3,3
1773825974412,37181,0.1,22,0,24.366854,0,-0.26,1,0,0,3,0,0,0,30000,3,3
1773825984440,37209,0,28,10.189,24.307398,0.26,0.26,1,0,0,3,0,0,0,0,3,3
1773826008538,37259,0,50,2.27,24.309875,0.26,0,1,0,0,3,0,0,0,0,3,3
1773826030616,37318,0,59,23.895,24.377857,0.22033899,-0.039661005,1,0,0,3,0,0,0,0,3,3
1773826048691,37371,0,53,4.141,24.380047,0.24528302,0.024944037,1,0,0,3,0,0,0,0,3,3
1773826058715,37423,0,52,4.433,24.37502,0.25,0.0047169775,1,0,0,3,0,0,0,0,3,3
1773826106950,37462,0.1,39,0,24.388191,0,-0.25,1,0,0,3,0,0,0,30000,3,3
1773826112974,37482,0,20,7.339,24.387524,0.22033899,0.22033899,1,0,0,3,0,0,0,0,3,3
1773826131058,37533,0,51,10.108,24.384516,0.25490198,0.03456299,1,0,0,3,0,0,0,0,3,3
1773826157165,37585,0,52,3.311,24.387556,0.25,-0.0049019754,1,0,0,3,0,0,0,0,3,3
1773826175227,37636,0,51,18.304,24.422174,0.25490198,0.0049019754,1,0,0,3,0,0,0,0,3,3
1773826193274,37694,0,58,2.576,24.426638,0.22413793,-0.030764043,1,0,0,3,0,0,0,0,3,3
1773826219328,37745,0,51,6.087,24.419952,0.25490198,0.030764043,1,0,0,3,0,0,0,0,3,3
1773826239394,37800,0,55,2.76,24.423748,0.23636363,-0.01853834,1,0,0,3,0,0,0,0,3,3
1773826261525,37852,0,52,2.199,24.43287,0.25,0.0136363655,1,0,0,3,0,0,0,0,3,3
1773826309741,37902,0,50,3.765,24.437778,0.26,0.00999999,1,0,0,3,0,0,0,0,3,3
1773826321789,37961,0,59,9.02,24.433697,0.22033899,-0.039661005,1,0,0,3,0,0,0,0,3,3
1773826335848,38011,0,50,2.202,24.43682,0.26,0.039661005,1,0,0,3,0,0,0,0,3,3
1773826363918,38067,0,56,3.327,24.431026,0.23214285,-0.02785714,1,0,0,3,0,0,0,0,3,3
1773826383998,38120,0,53,3.797,24.426554,0.24528302,0.013140172,1,0,0,3,0,0,0,0,3,3
1773826416156,38181,0,61,1.419,24.42956,0.21311475,-0.03216827,1,0,0,3,0,0,0,0,3,3
1773826434240,38231,0,50,2.892,24.425547,0.26,0.046885237,1,0,0,3,0,0,0,0,3,3
1773826456319,38281,0,50,22.519,24.486624,0.26,0,1,0,0,3,0,0,0,0,3,3
1773826482414,38335,0,54,12.665,6.0181355,0.24074075,-0.019259244,1,0,0,3,0,0,0,0,3,3
1773826504517,38390,0,55,14.27,6.1189146,0.23636363,-0.004377112,1,0,0,3,0,0,0,0,3,3
1773826524603,38442,0,52,15.523,6.23644,0.25,0.0136363655,1,0,0,3,0,0,0,0,3,3
1773826554731,38494,0,52,3.602,6.2342277,0.25,0,1,0,0,3,0,0,0,0,3,3
1773826578859,38550,0,56,2.089,6.242559,0.23214285,-0.01785715,1,0,0,3,0,0,0,0,3,3
1773826592942,38603,0,53,1.168,6.2570577,0.24528302,0.013140172,1,0,0,3,0,0,0,0,3,3
1773826623048,38656,0,53,3.508,6.255268,0.24528302,0,1,0,0,3,0,0,0,0,3,3
1773826649175,38718,0,62,2.941,6.1707087,0.20967741,-0.03560561,1,0,0,3,0,0,0,0,3,3
1773826681313,38768,0,50,14.966,6.2667427,0.26,0.050322577,1,0,0,3,0,0,0,0,3,3
1773826703385,38824,0,56,20.912,6.517104,0.23214285,-0.02785714,1,0,0,3,0,0,0,0,3,3
1773826715432,38876,0,52,1.326,6.3119044,0.25,0.01785715,1,0,0,3,0,0,0,0,3,3
1773826749564,38937,0,61,1.935,6.305768,0.21311475,-0.036885247,1,0,0,3,0,0,0,0,3,3
1773826773656,38988,0,51,8.98,6.2974277,0.25490198,0.041787222,1,0,0,3,0,0,0,0,3,3
1773826793712,39042,0,54,2.408,6.311239,0.24074075,-0.014161229,1,0,0,3,0,0,0,0,3,3
1773826827883,39092,0,50,2.297,6.31585,0.26,0.019259244,1,0,0,3,0,0,0,0,3,3
1773826845939,39151,0,59,1.749,6.3164816,0.22033899,-0.039661005,1,0,0,3,0,0,0,0,3,3
1773826857991,39209,0,58,6.351,6.3073273,0.22413793,0.0037989467,1,0,0,3,0,0,0,0,3,3
1773826896113,39261,0,52,1.612,6.3264832,0.25,0.025862068,1,0,0,3,0,0,0,0,3,3
1773826906146,39313,0,52,11.347,6.33995,0.25,0,1,0,0,3,0,0,0,0,3,3
1773826932268,39369,0,56,7.976,6.3176937,0.23214285,-0.01785715,1,0,0,3,0,0,0,0,3,3
1773826962405,39421,0,52,3.618,6.2957716,0.25,0.01785715,1,0,0,3,0,0,0,0,3,3
1773826984477,39476,0,55,11.55,6.0625772,0.23636363,-0.0136363655,1,0,0,3,0,0,0,0,3,3
1773827042747,39529,0,53,3.402,6.068944,0.24528302,0.008919388,1,0,0,3,0,0,0,0,3,3
1773827064837,39579,0,50,4.998,6.0579844,0.26,0.014716968,1,0,0,3,0,0,0,0,3,3
1773827088916,39631,0,52,6.591,6.0304832,0.25,-0.00999999,1,0,0,3,0,0,0,0,3,3
1773827106966,39681,0,50,11.926,6.0459228,0.26,0.00999999,1,0,0,3,0,0,0,0,3,3
1773827125033,39731,0,50,3.136,6.036459,0.26,0,1,0,0,3,0,0,0,0,3,3
1773827157188,39787,0,56,5.185,6.006779,0.23214285,-0.02785714,1,0,0,3,0,0,0,0,3,3
1773827173251,39839,0,52,9.325,6.0167766,0.25,0.01785715,1,0,0,3,0,0,0,0,3,3
1773827199332,39890,0,51,7.663,5.549837,0.25490198,0.0049019754,1,0,0,3,0,0,0,0,3,3
1773827227460,39942,0,52,3.529,5.5406156,0.25,-0.0049019754,1,0,0,3,0,0,0,0,3,3
1773827237494,40001,0,59,1.35,5.5523386,0.22033899,-0.029661015,1,0,0,3,0,0,0,0,3,3
1773827255546,40052,0,51,3.948,5.5279026,0.25490198,0.03456299,1,0,0,3,0,0,0,0,3,3
1773827281673,40102,0,50,2.982,5.489319,0.26,0.005098015,1,0,0,3,0,0,0,0,3,3
1773827305784,40158,0,56,4.195,5.4757037,0.23214285,-0.02785714,1,0,0,3,0,0,0,0,3,3
1773827327863,40210,0,52,4.054,5.480524,0.25,0.01785715,1,0,0,3,0,0,0,0,3,3
1773827359973,40263,0,53,2.014,5.451199,0.24528302,-0.0047169775,1,0,0,3,0,0,0,0,3,3
1773827384110,40315,0,52,3.279,5.4441724,0.25,0.0047169775,1,0,0,3,0,0,0,0,3,3
1773827428274,40374,0,59,6.043,5.42726,0.22033899,-0.029661015,1,0,0,3,0,0,0,0,3,3
1773827450376,40427,0,53,3.7,5.425657,0.24528302,0.024944037,1,0,0,3,0,0,0,0,3,3
1773827480485,40479,0,52,3.791,5.421237,0.25,0.0047169775,1,0,0,3,0,0,0,0,3,3
1773827504554,40538,0,59,4.205,5.372159,0.22033899,-0.029661015,1,0,0,3,0,0,0,0,3,3
1773827518598,40590,0,52,2.956,5.362422,0.25,0.029661015,1,0,0,3,0,0,0,0,3,3
1773827548714,40642,0,52,5.028,5.34289,0.25,0,1,0,0,3,0,0,0,0,3,3
1773827578819,40695,0,53,6.676,4.850735,0.24528302,-0.0047169775,1,0,0,3,0,0,0,0,3,3
1773827598888,40746,0,51,3.606,4.8540945,0.25490198,0.009618953,1,0,0,3,0,0,0,0,3,3
1773827627002,40798,0,52,5.311,4.851397,0.25,-0.0049019754,1,0,0,3,0,0,0,0,3,3
1773827641043,40860,0,62,4.003,4.8013372,0.20967741,-0.040322587,1,0,0,3,0,0,0,0,3,3
1773827659112,40924,0,64,3.706,4.8054104,0.203125,-0.006552413,1,0,0,3,0,0,0,0,3,3
1773827709309,40976,0,52,3.346,4.784675,0.25,0.046875,1,0,0,3,0,0,0,0,3,3
1773827729357,41040,0,64,3.634,4.782288,0.203125,-0.046875,1,0,0,3,0,0,0,0,3,3
1773827759502,41096,0,56,3.412,4.520341,0.23214285,0.02901785,1,0,0,3,0,0,0,0,3,3
1773827781563,41146,0,50,3.032,4.5160756,0.26,0.02785714,1,0,0,3,0,0,0,0,3,3
1773827791622,41200,0,54,16.637,4.7218895,0.24074075,-0.019259244,1,0,0,3,0,0,0,0,3,3
1773827817713,41250,0,50,6.631,4.708906,0.26,0.019259244,1,0,0,3,0,0,0,0,3,3
1773827833744,41309,0,59,1.05,4.724529,0.22033899,-0.039661005,1,0,0,3,0,0,0,0,3,3
1773827847791,41366,0,57,3.883,4.7237887,0.22807017,0.0077311844,1,0,0,3,0,0,0,0,3,3
1773827857829,41418,0,52,2.84,4.718543,0.25,0.02192983,1,0,0,3,0,0,0,0,3,3
1773827887973,41472,0,54,6.79,4.7008085,0.24074075,-0.009259254,1,0,0,3,0,0,0,0,3,3
1773827904033,41523,0,51,1.783,4.716844,0.25490198,0.014161229,1,0,0,3,0,0,0,0,3,3
1773827916072,41579,0,56,8.828,4.726839,0.23214285,-0.022759125,1,0,0,3,0,0,0,0,3,3
1773827946192,41642,0,63,2.112,4.7176876,0.20634921,-0.025793642,1,0,0,3,0,0,0,0,3,3
1773827966270,41693,0,51,32.091,5.7228484,0.25490198,0.048552766,1,0,0,3,0,0,0,0,3,3
1773827974304,41743,0,50,4.203,5.34611,0.26,0.005098015,1,0,0,3,0,0,0,0,3,3
1773827998382,41798,0,55,2.232,5.2971683,0.23636363,-0.023636356,1,0,0,3,0,0,0,0,3,3
1773828042551,41853,0,55,1.354,5.2148604,0.23636363,0,1,0,0,3,0,0,0,0,3,3
1773828064649,41903,0,50,4.018,5.064715,0.26,0.023636356,1,0,0,3,0,0,0,0,3,3
1773828094764,41958,0,55,3.391,5.0659437,0.23636363,-0.023636356,1,0,0,3,0,0,0,0,3,3
1773828112836,42014,0,56,1.227,5.0758243,0.23214285,-0.0042207837,1,0,0,3,0,0,0,0,3,3
1773828122866,42072,0,58,4.492,5.049491,0.22413793,-0.008004919,1,0,0,3,0,0,0,0,3,3
1773828165020,42122,0,50,4.814,5.044347,0.26,0.03586206,1,0,0,3,0,0,0,0,3,3
1773828181077,42179,0,57,3.186,5.0425396,0.22807017,-0.03192982,1,0,0,3,0,0,0,0,3,3
1773828231265,42215,0.1,36,0,4.941696,0,-0.22807017,1,0,0,3,0,0,0,30000,3,3
1773828239310,42231,0,16,3.137,4.5342913,0.25,0.25,1,0,0,3,0,0,0,0,3,3
1773828247330,42282,0,51,2.771,4.519836,0.25490198,0.0049019754,1,0,0,3,0,0,0,0,3,3
1773828261413,42335,0,53,3.957,4.5056386,0.24528302,-0.009618953,1,0,0,3,0,0,0,0,3,3
1773828299613,42347,0.1,12,0,4.5189953,0,-0.24528302,1,0,0,3,0,0,0,30000,3,3
1773828309666,42392,0,45,1.525,4.5277677,0.22807017,0.22807017,1,0,0,3,0,0,0,0,3,3
1773828319692,42444,0,52,3.14,4.5215855,0.25,0.02192983,1,0,0,3,0,0,0,0,3,3
1773828353805,42498,0,54,3.26,4.509266,0.24074075,-0.009259254,1,0,0,3,0,0,0,0,3,3
1773828371872,42554,0,56,2.775,4.5127525,0.23214285,-0.0085978955,1,0,0,3,0,0,0,0,3,3
1773828385902,42605,0,51,1.709,4.511692,0.25490198,0.022759125,1,0,0,3,0,0,0,0,3,3
1773828440077,42659,0,54,3.203,4.4400306,0.24074075,-0.014161229,1,0,0,3,0,0,0,0,3,3
1773828454125,42717,0,58,4.549,4.420711,0.22413793,-0.016602814,1,0,0,3,0,0,0,0,3,3
1773828492306,42771,0,54,2.656,4.4257827,0.24074075,0.016602814,1,0,0,3,0,0,0,0,3,3
1773828510404,42822,0,51,3.107,4.342362,0.25490198,0.014161229,1,0,0,3,0,0,0,0,3,3
1773828530507,42872,0,50,3.514,4.341946,0.26,0.005098015,1,0,0,3,0,0,0,0,3,3
1773828554650,42924,0,52,3.88,4.3421235,0.25,-0.00999999,1,0,0,3,0,0,0,0,3,3
1773828576721,42983,0,59,2.357,4.3416286,0.22033899,-0.029661015,1,0,0,3,0,0,0,0,3,3
1773828628912,43029,0.1,46,0,4.2703195,0,-0.22033899,1,0,0,3,0,0,0,30000,3,3
1773828634934,43044,0,15,7.274,4.2846885,0.21311475,0.21311475,1,0,0,3,0,0,0,0,3,3
1773828673083,43097,0,53,2.167,4.2911444,0.24528302,0.03216827,1,0,0,3,0,0,0,0,3,3
1773828693172,43147,0,50,3.68,4.2434597,0.26,0.014716968,1,0,0,3,0,0,0,0,3,3
1773828701208,43202,0,55,3.947,4.2203727,0.23636363,-0.023636356,1,0,0,3,0,0,0,0,3,3
1773828717269,43265,0,63,5.197,4.221957,0.20634921,-0.030014426,1,0,0,3,0,0,0,0,3,3
1773828761406,43293,0.1,28,0,4.2390785,0,-0.20634921,1,0,0,3,0,0,0,30000,3,3
1773828769448,43325,0,32,2.364,4.244504,0.21666667,0.21666667,1,0,0,3,0,0,0,0,3,3
1773828787508,43378,0,53,9.696,4.298854,0.24528302,0.028616354,1,0,0,3,0,0,0,0,3,3
1773828817624,43429,0,51,2.48,4.304008,0.25490198,0.009618953,1,0,0,3,0,0,0,0,3,3
1773828829677,43492,0,63,2.549,4.308587,0.20634921,-0.048552766,1,0,0,3,0,0,0,0,3,3
1773828849731,43543,0,51,2.785,4.303734,0.25490198,0.048552766,1,0,0,3,0,0,0,0,3,3
1773828883863,43595,0,52,3.699,4.3027368,0.25,-0.0049019754,1,0,0,3,0,0,0,0,3,3
1773828907913,43646,0,51,4.817,4.2969756,0.25490198,0.0049019754,1,0,0,3,0,0,0,0,3,3
1773828940071,43698,0,52,8.301,4.327601,0.25,-0.0049019754,1,0,0,3,0,0,0,0,3,3
1773828964192,43749,0,51,4.213,4.3272953,0.25490198,0.0049019754,1,0,0,3,0,0,0,0,3,3
1773828986270,43801,0,52,6.387,4.335741,0.25,-0.0049019754,1,0,0,3,0,0,0,0,3,3
1773829018375,43861,0,60,14.607,4.5187373,0.21666667,-0.03333333,1,0,0,3,0,0,0,0,3,3
1773829042468,43916,0,55,2.463,4.524557,0.23636363,0.019696966,1,0,0,3,0,0,0,0,3,3
1773829058507,43966,0,50,24.06,5.134777,0.26,0.023636356,1,0,0,3,0,0,0,0,3,3
1773829096664,43976,0.1,10,0,5.1656556,0,-0.26,1,0,0,3,0,0,0,30000,3,3
1773829108680,44019,0,43,5.179,5.165397,0.24528302,0.24528302,1,0,0,3,0,0,0,0,3,3
1773829118713,44070,0,51,9.316,5.1978035,0.25490198,0.009618953,1,0,0,3,0,0,0,0,3,3
1773829142797,44123,0,53,4.413,5.196475,0.24528302,-0.009618953,1,0,0,3,0,0,0,0,3,3
1773829170879,44174,0,51,9.902,5.2334714,0.25490198,0.009618953,1,0,0,3,0,0,0,0,3,3
1773829182910,44227,0,53,4.913,5.231455,0.24528302,-0.009618953,1,0,0,3,0,0,0,0,3,3
1773829213069,44277,0,50,4.007,5.2294855,0.26,0.014716968,1,0,0,3,0,0,0,0,3,3
1773829229100,44331,0,54,1.104,5.245235,0.24074075,-0.019259244,1,0,0,3,0,0,0,0,3,3
1773829243124,44381,0,50,4.178,5.028702,0.26,0.019259244,1,0,0,3,0,0,0,0,3,3
1773829271249,44434,0,53,10.63,5.078196,0.24528302,-0.014716968,1,0,0,3,0,0,0,0,3,3
1773829289331,44486,0,52,5.962,5.060161,0.25,0.0047169775,1,0,0,3,0,0,0,0,3,3
1773829307399,44540,0,54,4.984,5.0591054,0.24074075,-0.009259254,1,0,0,3,0,0,0,0,3,3
1773829365665,44597,0,57,4.319,5.0536904,0.22807017,-0.012670577,1,0,0,3,0,0,0,0,3,3
1773829385748,44651,0,54,7.188,5.05641,0.24074075,0.012670577,1,0,0,3,0,0,0,0,3,3
1773829417895,44708,0,57,3.796,5.0439014,0.22807017,-0.012670577,1,0,0,3,0,0,0,0,3,3
1773829435968,44763,0,55,7.066,5.0266933,0.23636363,0.008293465,1,0,0,3,0,0,0,0,3,3
1773829450017,44814,0,51,1.834,5.029122,0.25490198,0.01853834,1,0,0,3,0,0,0,0,3,3
1773829484202,44866,0,52,3.775,3.668652,0.25,-0.0049019754,1,0,0,3,0,0,0,0,3,3
1773829496252,44923,0,57,3.895,3.6690292,0.22807017,-0.02192983,1,0,0,3,0,0,0,0,3,3
1773829508306,44973,0,50,3.443,3.661253,0.26,0.03192982,1,0,0,3,0,0,0,0,3,3
1773829566511,45031,0,58,2.321,3.650824,0.22413793,-0.03586206,1,0,0,3,0,0,0,0,3,3
1773829578555,45083,0,52,3.48,3.6522403,0.25,0.025862068,1,0,0,3,0,0,0,0,3,3
1773829620706,45134,0,51,5.808,3.6545212,0.25490198,0.0049019754,1,0,0,3,0,0,0,0,3,3
1773829638789,45184,0,50,5.582,3.6353421,0.26,0.005098015,1,0,0,3,0,0,0,0,3,3
1773829684996,45251,0,67,4.786,3.6355581,0.19402985,-0.06597014,1,0,0,3,0,0,0,0,3,3
1773829701055,45315,0,64,2.764,3.6414163,0.203125,0.009095147,1,0,0,3,0,0,0,0,3,3
1773829713073,45373,0,58,1.233,3.6599193,0.22413793,0.021012932,1,0,0,3,0,0,0,0,3,3
1773829753263,45429,0,56,2.13,3.6292417,0.23214285,0.008004919,1,0,0,3,0,0,0,0,3,3
1773829765285,45486,0,57,1.448,3.6447368,0.22807017,-0.004072681,1,0,0,3,0,0,0,0,3,3
1773829827585,45539,0,53,8.354,3.6710677,0.24528302,0.017212853,1,0,0,3,0,0,0,0,3,3
1773829845654,45599,0,60,3.54,3.6723993,0.21666667,-0.028616354,1,0,0,3,0,0,0,0,3,3
1773829885838,45650,0,51,3.105,3.632988,0.25490198,0.038235307,1,0,0,3,0,0,0,0,3,3
1773829909911,45702,0,52,2.418,3.6230674,0.25,-0.0049019754,1,0,0,3,0,0,0,0,3,3
1773829954078,45752,0,50,10.177,3.6846237,0.26,0.00999999,1,0,0,3,0,0,0,0,3,3
1773829976120,45805,0,53,3.362,3.684036,0.24528302,-0.014716968,1,0,0,3,0,0,0,0,3,3
1773830026356,45870,0,65,14.752,3.8819337,0.2,-0.04528302,1,0,0,3,0,0,0,0,3,3
1773830046466,45921,0,51,4.007,3.8632362,0.25490198,0.054901972,1,0,0,3,0,0,0,0,3,3
1773830090689,45975,0,54,3.847,3.8596594,0.24074075,-0.014161229,1,0,0,3,0,0,0,0,3,3
1773830112771,46027,0,52,7.875,3.8769014,0.25,0.009259254,1,0,0,3,0,0,0,0,3,3
1773830150930,46053,0.1,26,0,3.9153097,0,-0.25,1,0,0,3,0,0,0,30000,3,3
1773830160968,46077,0,24,5.158,3.9087842,0.26,0.26,1,0,0,3,0,0,0,0,3,3
1773830183067,46127,0,50,16.532,4.1596828,0.26,0,1,0,0,3,0,0,0,0,3,3
1773830217210,46149,0.1,22,0,4.205748,0,-0.26,1,0,0,3,0,0,0,30000,3,3
1773830229261,46185,0,36,1.985,4.2097735,0.22413793,0.22413793,1,0,0,3,0,0,0,0,3,3
1773830239281,46238,0,53,3.947,4.1635275,0.24528302,0.02114509,1,0,0,3,0,0,0,0,3,3
1773830279421,46291,0,53,23.302,4.727921,0.24528302,0,1,0,0,3,0,0,0,0,3,3
1773830287466,46344,0,53,4.079,4.713454,0.24528302,0,1,0,0,3,0,0,0,0,3,3
1773830301511,46397,0,53,8.223,4.7208557,0.24528302,0,1,0,0,3,0,0,0,0,3,3
1773830347701,46431,0.1,34,0,4.7662396,0,-0.24528302,1,0,0,3,0,0,0,30000,3,3
1773830359717,46447,0,16,4.287,4.768281,0.26,0.26,1,0,0,3,0,0,0,0,3,3
1773830379797,46507,0,60,4.135,4.722206,0.21666667,-0.04333332,1,0,0,3,0,0,0,0,3,3
1773830426004,46558,0,51,2.03,4.7258334,0.25490198,0.038235307,1,0,0,3,0,0,0,0,3,3
1773830448079,46608,0,50,3.514,4.7017612,0.26,0.005098015,1,0,0,3,0,0,0,0,3,3
1773830490211,46664,0,56,4.109,4.690378,0.23214285,-0.02785714,1,0,0,3,0,0,0,0,3,3
1773830516301,46721,0,57,35.112,5.9497914,0.22807017,-0.004072681,1,0,0,3,0,0,0,0,3,3
1773830556445,46771,0,50,3.342,5.94561,0.26,0.03192982,1,0,0,3,0,0,0,0,3,3
1773830576509,46822,0,51,10.521,5.9658666,0.25490198,-0.005098015,1,0,0,3,0,0,0,0,3,3
1773830618677,46878,0,56,6.178,5.963925,0.23214285,-0.022759125,1,0,0,3,0,0,0,0,3,3
1773830638712,46938,0,60,4.072,5.9620767,0.21666667,-0.015476182,1,0,0,3,0,0,0,0,3,3
1773830648774,46995,0,57,2.791,5.9712887,0.22807017,0.011403501,1,0,0,3,0,0,0,0,3,3
1773830692930,47047,0,52,3.897,5.976518,0.25,0.02192983,1,0,0,3,0,0,0,0,3,3
1773830711016,47097,0,50,1.202,5.9030433,0.26,0.00999999,1,0,0,3,0,0,0,0,3,3
1773830749158,47147,0,50,3.369,5.896307,0.26,0,1,0,0,3,0,0,0,0,3,3
1773830767239,47200,0,53,3.516,5.4305005,0.24528302,-0.014716968,1,0,0,3,0,0,0,0,3,3
1773830813431,47256,0,56,3.813,5.3916054,0.23214285,-0.013140172,1,0,0,3,0,0,0,0,3,3
1773830829500,47310,0,54,2.924,5.4007454,0.24074075,0.0085978955,1,0,0,3,0,0,0,0,3,3
1773830849562,47360,0,50,3.411,5.384046,0.26,0.019259244,1,0,0,3,0,0,0,0,3,3
1773830889698,47412,0,52,4.867,5.3831167,0.25,-0.00999999,1,0,0,3,0,0,0,0,3,3
1773830915802,47462,0,50,4.252,5.3539658,0.26,0.00999999,1,0,0,3,0,0,0,0,3,3
1773830959998,47513,0,51,1.545,5.3736362,0.25490198,-0.005098015,1,0,0,3,0,0,0,0,3,3
1773830984100,47569,0,56,15.029,5.5073576,0.23214285,-0.022759125,1,0,0,3,0,0,0,0,3,3
1773831038306,47625,0,56,4.963,5.4812775,0.23214285,0,1,0,0,3,0,0,0,0,3,3
1773831080458,47684,0,59,4.789,5.479604,0.22033899,-0.011803865,1,0,0,3,0,0,0,0,3,3
1773831098531,47737,0,53,1.986,5.4567337,0.24528302,0.024944037,1,0,0,3,0,0,0,0,3,3
1773831112616,47797,0,60,3.641,5.460021,0.21666667,-0.028616354,1,0,0,3,0,0,0,0,3,3
1773831148784,47815,0.1,18,0,5.499067,0,-0.21666667,1,0,0,3,0,0,0,30000,3,3
1773831160821,47850,0,35,1.324,5.5190754,0.24528302,0.24528302,1,0,0,3,0,0,0,0,3,3
1773831170848,47908,0,58,2.902,5.519987,0.22413793,-0.02114509,1,0,0,3,0,0,0,0,3,3
1773831180878,47963,0,55,3.408,5.521614,0.23636363,0.012225702,1,0,0,3,0,0,0,0,3,3
1773831231069,48016,0,53,3.007,5.5217557,0.24528302,0.008919388,1,0,0,3,0,0,0,0,3,3
1773831249130,48070,0,54,2.311,5.517775,0.24074075,-0.0045422763,1,0,0,3,0,0,0,0,3,3
1773831281248,48075,0.1,5,0,5.5508957,0,-0.24074075,1,0,0,3,0,0,0,30000,3,3
1773831297295,48130,0,55,3.651,5.5517135,0.21666667,0.21666667,1,0,0,3,0,0,0,0,3,3
1773831311312,48183,0,53,3.032,5.553704,0.24528302,0.028616354,1,0,0,3,0,0,0,0,3,3
1773831349438,48202,0.1,19,0,5.578312,0,-0.24528302,1,0,0,3,0,0,0,30000,3,3
1773831359479,48233,0,31,4.074,5.576403,0.26,0.26,1,0,0,3,0,0,0,0,3,3
1773831375536,48288,0,55,13.86,5.6846123,0.23636363,-0.023636356,1,0,0,3,0,0,0,0,3,3
1773831413700,48303,0.1,15,0,5.7185664,0,-0.23636363,1,0,0,3,0,0,0,30000,3,3
1773831427750,48343,0,40,3.618,5.720978,0.23636363,0.23636363,1,0,0,3,0,0,0,0,3,3
1773831481973,48392,0.1,49,0,5.747678,0,-0.23636363,1,0,0,3,0,0,0,30000,3,3
1773831483983,48395,0,3,3.818,5.7307854,0.25,0.25,1,0,0,3,0,0,0,0,3,3
1773831500054,48446,0,51,3.793,5.721722,0.25490198,0.0049019754,1,0,0,3,0,0,0,0,3,3
1773831548242,48494,0.1,48,0,5.7384505,0,-0.25490198,1,0,0,3,0,0,0,30000,3,3
1773831550251,48496,0,2,2.182,5.7322803,0.26,0.26,1,0,0,3,0,0,0,0,3,3
1773831562304,48552,0,56,4.192,5.730517,0.23214285,-0.02785714,1,0,0,3,0,0,0,0,3,3
1773831572330,48605,0,53,3.965,5.7273865,0.24528302,0.013140172,1,0,0,3,0,0,0,0,3,3
1773831614512,48650,0.1,45,0,5.7514043,0,-0.24528302,1,0,0,3,0,0,0,30000,3,3
1773831616518,48655,0,5,18.911,5.975697,0.26,0.26,1,0,0,3,0,0,0,0,3,3
1773831628575,48711,0,56,2.156,5.982652,0.23214285,-0.02785714,1,0,0,3,0,0,0,0,3,3
1773831638593,48766,0,55,6.101,5.856196,0.23636363,0.0042207837,1,0,0,3,0,0,0,0,3,3
1773831650650,48819,0,53,3.573,5.857386,0.24528302,0.008919388,1,0,0,3,0,0,0,0,3,3
1773831680800,48819,0.35,0,0,5.886671,0,-0.24528302,1,0,0,3,0,0,0,30000,3,3
1773831700874,48870,0,51,4.163,5.8739114,0.25490198,0.25490198,1,0,0,3,0,0,0,0,3,3
1773831747072,48909,0.1,39,0,5.8739114,0,-0.25490198,1,0,0,3,0,0,0,30000,3,3
1773831751097,48925,0,16,7.791,5.8862085,0.23636363,0.23636363,1,0,0,3,0,0,0,0,3,3
1773831769151,48975,0,50,3.456,5.697169,0.26,0.023636356,1,0,0,3,0,0,0,0,3,3
1773831815315,49031,0,56,5.941,5.670892,0.23214285,-0.02785714,1,0,0,3,0,0,0,0,3,3
1773831833392,49090,0,59,3.048,5.6646857,0.22033899,-0.011803865,1,0,0,3,0,0,0,0,3,3
1773831883606,49140,0,50,3.35,5.666314,0.26,0.039661005,1,0,0,3,0,0,0,0,3,3
1773831899662,49201,0,61,4.84,5.155472,0.21311475,-0.046885237,1,0,0,3,0,0,0,0,3,3
1773831909674,49255,0,54,9.605,5.1964126,0.24074075,0.027625993,1,0,0,3,0,0,0,0,3,3
1773831953886,49308,0,53,3.003,5.1771846,0.24528302,0.0045422763,1,0,0,3,0,0,0,0,3,3
1773831971961,49359,0,51,5.366,5.1494417,0.25490198,0.009618953,1,0,0,3,0,0,0,0,3,3
1773832024142,49414,0,55,1.751,5.160162,0.23636363,-0.01853834,1,0,0,3,0,0,0,0,3,3
1773832034175,49467,0,53,5.505,5.161886,0.24528302,0.008919388,1,0,0,3,0,0,0,0,3,3
1773832044236,49520,0,53,4.615,5.153171,0.24528302,0,1,0,0,3,0,0,0,0,3,3
1773832080408,49534,0.1,14,0,5.181552,0,-0.24528302,1,0,0,3,0,0,0,30000,3,3
1773832090463,49572,0,38,3.03,5.184228,0.25,0.25,1,0,0,3,0,0,0,0,3,3
1773832116525,49625,0,53,5.301,3.4523778,0.24528302,-0.0047169775,1,0,0,3,0,0,0,0,3,3
1773832146677,49625,0.35,0,0,3.485808,0,-0.24528302,1,0,0,3,0,0,0,30000,3,3
1773832164718,49676,0,51,4.946,3.3866553,0.25490198,0.25490198,1,0,0,3,0,0,0,0,3,3
1773832202896,49726,0,50,4.819,3.3757882,0.26,0.005098015,1,0,0,3,0,0,0,0,3,3
1773832226981,49783,0,57,2.554,3.378826,0.22807017,-0.03192982,1,0,0,3,0,0,0,0,3,3
1773832247070,49833,0,50,5.358,3.382631,0.26,0.03192982,1,0,0,3,0,0,0,0,3,3
1773832293252,49893,0,60,22.406,4.096666,0.21666667,-0.04333332,1,0,0,3,0,0,0,0,3,3
1773832349477,49955,0,62,3.437,4.081627,0.20967741,-0.0069892555,1,0,0,3,0,0,0,0,3,3
1773832367525,50006,0,51,3.249,4.0819883,0.25490198,0.045224562,1,0,0,3,0,0,0,0,3,3
1773832415714,50060,0,54,6.81,4.0950956,0.24074075,-0.014161229,1,0,0,3,0,0,0,0,3,3
1773832433781,50112,0,52,3.905,4.0949936,0.25,0.009259254,1,0,0,3,0,0,0,0,3,3
1773832481987,50165,0,53,1.326,4.107241,0.24528302,-0.0047169775,1,0,0,3,0,0,0,0,3,3
1773832496065,50216,0,51,3.047,4.1084766,0.25490198,0.009618953,1,0,0,3,0,0,0,0,3,3
1773832514106,50269,0,53,4.145,4.1073956,0.24528302,-0.009618953,1,0,0,3,0,0,0,0,3,3
1773832546262,50325,0,56,4.805,4.1082735,0.23214285,-0.013140172,1,0,0,3,0,0,0,0,3,3
1773832570344,50379,0,54,34.993,5.60344,0.24074075,0.0085978955,1,0,0,3,0,0,0,0,3,3
1773832606507,50434,0,55,2.596,5.4533467,0.23636363,-0.004377112,1,0,0,3,0,0,0,0,3,3
1773832624572,50485,0,51,3.266,5.454884,0.25490198,0.01853834,1,0,0,3,0,0,0,0,3,3
1773832636642,50537,0,52,2.404,5.460363,0.25,-0.0049019754,1,0,0,3,0,0,0,0,3,3
1773832672785,50590,0,53,3.993,5.45228,0.24528302,-0.0047169775,1,0,0,3,0,0,0,0,3,3
1773832692849,50642,0,52,4.634,5.4514775,0.25,0.0047169775,1,0,0,3,0,0,0,0,3,3
1773832736989,50693,0,51,4.294,5.4229274,0.25490198,0.0049019754,1,0,0,3,0,0,0,0,3,3
1773832745011,50743,0,50,5.44,5.409339,0.26,0.005098015,1,0,0,3,0,0,0,0,3,3
1773832761098,50795,0,52,3.403,5.407298,0.25,-0.00999999,1,0,0,3,0,0,0,0,3,3
1773832803263,50848,0,53,2.947,5.409143,0.24528302,-0.0047169775,1,0,0,3,0,0,0,0,3,3
1773832821331,50898,0,50,1.54,5.4187717,0.26,0.014716968,1,0,0,3,0,0,0,0,3,3
1773832843418,50949,0,51,3.74,5.412497,0.25490198,-0.005098015,1,0,0,3,0,0,0,0,3,3
1773832875515,51005,0,56,5.074,5.3822203,0.23214285,-0.022759125,1,0,0,3,0,0,0,0,3,3
1773832891561,51055,0,50,1.953,5.391197,0.26,0.02785714,1,0,0,3,0,0,0,0,3,3
1773832937777,51105,0,50,45.372,7.38568,0.26,0,1,0,0,3,0,0,0,0,3,3
1773832955868,51156,0,51,5.2,7.355768,0.25490198,-0.005098015,1,0,0,3,0,0,0,0,3,3
1773832979963,51215,0,59,16.132,7.47404,0.22033899,-0.03456299,1,0,0,3,0,0,0,0,3,3
1773833014105,51267,0,52,2.234,7.4106927,0.25,0.029661015,1,0,0,3,0,0,0,0,3,3
1773833032154,51325,0,58,13.35,7.4446683,0.22413793,-0.025862068,1,0,0,3,0,0,0,0,3,3
1773833072312,51381,0,56,5.057,7.4409127,0.23214285,0.008004919,1,0,0,3,0,0,0,0,3,3
1773833098408,51431,0,50,1.871,7.4225383,0.26,0.02785714,1,0,0,3,0,0,0,0,3,3
1773833138577,51489,0,58,2.88,7.427009,0.22413793,-0.03586206,1,0,0,3,0,0,0,0,3,3
1773833156655,51556,0,67,6.303,7.4239554,0.19402985,-0.03010808,1,0,0,3,0,0,0,0,3,3
1773833166676,51608,0,52,2.655,7.39967,0.25,0.055970147,1,0,0,3,0,0,0,0,3,3
1773833204816,51668,0,60,4.398,7.388363,0.21666667,-0.03333333,1,0,0,3,0,0,0,0,3,3
1773833220867,51719,0,51,6.842,7.387099,0.25490198,0.038235307,1,0,0,3,0,0,0,0,3,3
1773833244913,51770,0,51,2.087,7.397906,0.25490198,0,1,0,0,3,0,0,0,0,3,3
1773833275063,51823,0,53,3.492,7.3682323,0.24528302,-0.009618953,1,0,0,3,0,0,0,0,3,3
1773833291113,51882,0,59,2.947,7.1877785,0.22033899,-0.024944037,1,0,0,3,0,0,0,0,3,3
1773833305171,51932,0,50,2.803,7.183467,0.26,0.039661005,1,0,0,3,0,0,0,0,3,3
1773833337269,51987,0,55,2.984,7.1901236,0.23636363,-0.023636356,1,0,0,3,0,0,0,0,3,3
1773833361328,52042,0,55,11.01,7.218076,0.23636363,0,1,0,0,3,0,0,0,0,3,3
1773833403512,52092,0,50,3.047,7.19087,0.26,0.023636356,1,0,0,3,0,0,0,0,3,3
1773833423597,52144,0,52,8.784,7.198629,0.25,-0.00999999,1,0,0,3,0,0,0,0,3,3
1773833441672,52198,0,54,23.323,7.4837074,0.24074075,-0.009259254,1,0,0,3,0,0,0,0,3,3
1773833477825,52252,0,54,4.192,7.4843173,0.24074075,0,1,0,0,3,0,0,0,0,3,3
1773833501893,52305,0,53,2.139,7.4932127,0.24528302,0.0045422763,1,0,0,3,0,0,0,0,3,3
1773833540067,52359,0,54,2.21,7.508131,0.24074075,-0.0045422763,1,0,0,3,0,0,0,0,3,3
1773833560154,52413,0,54,6.147,7.4991446,0.24074075,0,1,0,0,3,0,0,0,0,3,3
1773833582241,52464,0,51,6.398,7.491749,0.25490198,0.014161229,1,0,0,3,0,0,0,0,3,3
1773833614369,52514,0,50,6.384,7.4902616,0.26,0.005098015,1,0,0,3,0,0,0,0,3,3
1773833632455,52571,0,57,9.32,7.4882517,0.22807017,-0.03192982,1,0,0,3,0,0,0,0,3,3
1773833670579,52624,0,53,5.265,7.478971,0.24528302,0.017212853,1,0,0,3,0,0,0,0,3,3
1773833696701,52675,0,51,7.576,7.4805264,0.25490198,0.009618953,1,0,0,3,0,0,0,0,3,3
1773833736842,52732,0,57,2.815,7.471906,0.22807017,-0.026831806,1,0,0,3,0,0,0,0,3,3
1773833758916,52785,0,53,6.523,7.471561,0.24528302,0.017212853,1,0,0,3,0,0,0,0,3,3
1773833785054,52835,0,50,2.484,7.4832177,0.26,0.014716968,1,0,0,3,0,0,0,0,3,3
1773833811113,52886,0,51,6.929,7.4434667,0.25490198,-0.005098015,1,0,0,3,0,0,0,0,3,3
1773833827180,52946,0,60,5.648,7.4327955,0.21666667,-0.038235307,1,0,0,3,0,0,0,0,3,3
1773833843246,53005,0,59,7.217,7.432572,0.22033899,0.0036723167,1,0,0,3,0,0,0,0,3,3
1773833887465,53055,0,50,2.337,7.4070816,0.26,0.039661005,1,0,0,3,0,0,0,0,3,3
1773833901487,53108,0,53,11.459,7.43157,0.24528302,-0.014716968,1,0,0,3,0,0,0,0,3,3
1773833935591,53158,0,50,3.088,7.4406667,0.26,0.014716968,1,0,0,3,0,0,0,0,3,3
1773833953670,53213,0,55,2.864,7.438235,0.23636363,-0.023636356,1,0,0,3,0,0,0,0,3,3
1773833967724,53265,0,52,3.149,7.4483223,0.25,0.0136363655,1,0,0,3,0,0,0,0,3,3
1773834007901,53315,0,50,2.5,7.1848755,0.26,0.00999999,1,0,0,3,0,0,0,0,3,3
1773834027985,53370,0,55,21.687,7.431443,0.23636363,-0.023636356,1,0,0,3,0,0,0,0,3,3
1773834044063,53420,0,50,3.237,7.4315214,0.26,0.023636356,1,0,0,3,0,0,0,0,3,3
1773834082215,53472,0,52,6.844,7.431553,0.25,-0.00999999,1,0,0,3,0,0,0,0,3,3
1773834108354,53530,0,58,10.558,7.4426484,0.22413793,-0.025862068,1,0,0,3,0,0,0,0,3,3
1773834148602,53589,0,59,6.406,7.4141884,0.22033899,-0.0037989467,1,0,0,3,0,0,0,0,3,3
1773834164686,53640,0,51,1.566,7.427445,0.25490198,0.03456299,1,0,0,3,0,0,0,0,3,3
1773834220983,53690,0,50,1.277,7.450412,0.26,0.005098015,1,0,0,3,0,0,0,0,3,3
1773834237061,53741,0,51,3.592,7.4562426,0.25490198,-0.005098015,1,0,0,3,0,0,0,0,3,3
1773834273216,53749,0.1,8,0,6.5766325,0,-0.25490198,1,0,0,3,0,0,0,30000,3,3
1773834295309,53806,0,57,1.128,6.5907845,0.2,0.2,1,0,0,3,0,0,0,0,3,3
1773834323428,53871,0,65,1.328,6.607304,0.2,0,1,0,0,3,0,0,0,0,3,3
1773834333486,53923,0,52,1.388,6.616856,0.25,0.049999997,1,0,0,3,0,0,0,0,3,3
1773834355595,53974,0,51,2.333,6.627394,0.25490198,0.0049019754,1,0,0,3,0,0,0,0,3,3
1773834371667,54025,0,51,1.115,6.6517277,0.25490198,0,1,0,0,3,0,0,0,0,3,3
1773834413811,54076,0,51,2.655,6.6605687,0.25490198,0,1,0,0,3,0,0,0,0,3,3
1773834425856,54137,0,61,1.057,6.68599,0.21311475,-0.041787222,1,0,0,3,0,0,0,0,3,3
1773834465984,54187,0,50,2.795,6.6896653,0.26,0.046885237,1,0,0,3,0,0,0,0,3,3
1773834482095,54239,0,52,3.976,6.684308,0.25,-0.00999999,1,0,0,3,0,0,0,0,3,3
1773834504139,54293,0,54,3.821,6.668105,0.24074075,-0.009259254,1,0,0,3,0,0,0,0,3,3
1773834542304,54343,0,50,2.974,6.6723576,0.26,0.019259244,1,0,0,3,0,0,0,0,3,3
1773834560372,54394,0,51,2.944,6.6808124,0.25490198,-0.005098015,1,0,0,3,0,0,0,0,3,3
1773834602551,54455,0,61,1.768,6.6824684,0.21311475,-0.041787222,1,0,0,3,0,0,0,0,3,3
1773834622651,54512,0,57,1.961,4.449966,0.22807017,0.014955416,1,0,0,3,0,0,0,0,3,3
1773834638706,54569,0,57,1.092,4.4762697,0.22807017,0,1,0,0,3,0,0,0,0,3,3
1773834682915,54641,0,72,1.686,4.265629,0.18055555,-0.047514617,1,0,0,3,0,0,0,0,3,3
1773834707003,54710,0,69,1.244,4.2763867,0.1884058,0.007850245,1,0,0,3,0,0,0,0,3,3
1773834749231,54766,0,56,1.172,4.156598,0.23214285,0.043737054,1,0,0,3,0,0,0,0,3,3
1773834775303,54820,0,54,2.356,4.16455,0.24074075,0.0085978955,1,0,0,3,0,0,0,0,3,3
1773834813508,54883,0,63,82.021,10.471043,0.20634921,-0.034391537,1,0,0,3,0,0,0,0,3,3
1773834843660,54938,0,55,7.802,10.467965,0.23636363,0.030014426,1,0,0,3,0,0,0,0,3,3
1773834885842,54989,0,51,4.205,10.469618,0.25490198,0.01853834,1,0,0,3,0,0,0,0,3,3
1773834911948,55040,0,51,2.95,10.468313,0.25490198,0,1,0,0,3,0,0,0,0,3,3
1773834946107,55096,0,56,3.685,10.470147,0.23214285,-0.022759125,1,0,0,3,0,0,0,0,3,3
1773834966199,55146,0,50,10.496,10.4858465,0.26,0.02785714,1,0,0,3,0,0,0,0,3,3
1773835006309,55198,0,52,1.929,10.486743,0.25,-0.00999999,1,0,0,3,0,0,0,0,3,3
1773835024376,55250,0,52,11.462,10.505737,0.25,0,1,0,0,3,0,0,0,0,3,3
1773835070637,55309,0,59,1.366,10.514597,0.22033899,-0.029661015,1,0,0,3,0,0,0,0,3,3
1773835090699,55362,0,53,2.797,10.514625,0.24528302,0.024944037,1,0,0,3,0,0,0,0,3,3
1773835106777,55420,0,58,33.174,11.036857,0.22413793,-0.02114509,1,0,0,3,0,0,0,0,3,3
1773835152978,55471,0,51,1.236,11.039428,0.25490198,0.030764043,1,0,0,3,0,0,0,0,3,3
1773835183330,55524,0,53,5.802,11.03229,0.24528302,-0.009618953,1,0,0,3,0,0,0,0,3,3
1773835215614,55581,0,57,1.275,11.044912,0.22807017,-0.017212853,1,0,0,3,0,0,0,0,3,3
1773835229680,55635,0,54,1.118,10.84726,0.24074075,0.012670577,1,0,0,3,0,0,0,0,3,3
1773835271906,55699,0,64,9.615,10.855458,0.203125,-0.037615746,1,0,0,3,0,0,0,0,3,3
1773835287974,55749,0,50,4.565,10.846505,0.26,0.05687499,1,0,0,3,0,0,0,0,3,3
1773835332159,55811,0,62,1.917,10.848138,0.20967741,-0.050322577,1,0,0,3,0,0,0,0,3,3
1773835350231,55862,0,51,1.716,10.860661,0.25490198,0.045224562,1,0,0,3,0,0,0,0,3,3
1773835370298,55921,0,59,1.349,10.874794,0.22033899,-0.03456299,1,0,0,3,0,0,0,0,3,3
1773835410462,55976,0,55,1.656,10.886501,0.23636363,0.01602465,1,0,0,3,0,0,0,0,3,3
1773835422507,56026,0,50,3.546,10.880112,0.26,0.023636356,1,0,0,3,0,0,0,0,3,3
1773835468711,56081,0,55,1.711,10.890832,0.23636363,-0.023636356,1,0,0,3,0,0,0,0,3,3
1773835488830,56132,0,51,3.155,10.891857,0.25490198,0.01853834,1,0,0,3,0,0,0,0,3,3
1773835539109,56188,0,56,289.374,36.84659,0.23214285,-0.022759125,1,0,0,3,0,0,0,0,3,3
1773835563199,56239,0,51,1.234,36.860153,0.25490198,0.022759125,1,0,0,3,0,0,0,0,3,3
1773835700808,51,0,51,2.888,0,0,0,1,1,0,3,0,0,0,0,4,0
1773835722902,105,0,54,1.344,0.772,0,0,1,0,0,3,0,0,0,0,4,0
1773835811912,50,0,50,1.724,0,0,0,1,1,0,3,0,0,0,0,3,0
1773835823966,102,0,52,10.635,4.4555,0,0,1,0,0,3,0,0,0,0,3,0
1773835840005,157,0,55,1.284,4.308141,0,0,1,0,0,3,0,0,0,0,3,0
1773835864118,207,0,50,1.672,3.9332664,0,0,1,0,0,3,0,0,0,0,3,0
1773836006923,13,0.1,13,0,0,0,0,1,1,0,3,0,0,0,30000,2,0
1773836018956,54,0,41,3.451,1.7255,0,0,1,0,0,3,0,0,0,0,2,0
1773836033054,112,0,58,1.13,1.43656,0,0,1,0,0,3,0,0,0,0,2,0
1773836110838,51,0.6431068,51,2.238,0,0,0,1,1,0,3,0,0,0,0,2,0
1773836136927,118,0.039988022,67,2.418,0.09000003,0,0,1,0,0,3,0,0,0,0,2,0
1773836167096,169,0.005432939,51,1.605,0.3486574,0,0,1,0,0,3,0,0,0,0,2,0
1773836179111,221,0.0055882297,52,1.439,0.41219348,0,0,1,0,0,3,0,0,0,0,2,0
1773836199184,272,0.005419551,51,1.583,0.39323914,0,0,1,0,0,3,0,0,0,0,2,0
1773836245375,330,0.011660724,58,2.272,0.39093536,0,0,1,0,0,3,0,0,0,0,2,0
1773836267470,382,0.005579633,52,1.705,0.37009332,0,0,1,0,0,3,0,0,0,0,2,0
1773836297626,437,0.007268871,55,3.279,0.57407945,0,0,1,0,0,3,0,0,0,0,2,0
1773836317675,487,0.0053299456,50,3.942,0.80002,0,0,1,0,0,3,0,0,0,0,2,0
1773836335738,544,0.009680364,57,2.919,0.7831206,0,0,1,0,0,3,0,0,0,0,2,0
1773836380000,596,0.0050484086,52,8.196,1.8416394,0,0,1,0,0,3,0,0,0,0,2,0
1773836396088,648,0.005059973,52,1.715,1.792016,0,0,1,0,0,3,0,0,0,0,2,0
1773836430236,698,0.0050602877,50,3.908,1.7479415,0,0,1,0,0,3,0,0,0,0,2,0
1773836454296,749,0.0049509066,51,2.324,1.6900688,0,0,1,0,0,3,0,0,0,0,2,0
1773836470364,805,0.007758943,56,3.589,1.6438603,0,0,1,0,0,3,0,0,0,0,2,0
1773836500501,860,0.006691855,55,3.795,1.6071491,0,0,1,0,0,3,0,0,0,0,2,0
1773836510549,911,0.0049812417,51,7.684,1.918511,0,0,1,0,0,3,0,0,0,0,2,0
1773836524599,973,0.017936403,62,10.645,2.5248315,0,0,1,0,0,3,0,0,0,0,2,0
1773836570787,1035,0.01860855,62,4.2,2.4608386,0,0,1,0,0,3,0,0,0,0,2,0
1773836598871,1091,0.0071743573,56,5.549,2.4337685,0,0,1,0,0,3,0,0,0,0,2,0
1773836632995,1112,0.110443786,21,0,2.5057957,0,0,1,0,0,3,0,0,0,30000,2,0
1773836643038,1145,0.04940102,33,10.419,2.8333566,0,0,1,0,0,3,0,0,0,0,2,0
1773836661076,1200,0.006144346,55,3.59,2.7717211,0,0,1,0,0,3,0,0,0,0,2,0
1773836699239,1245,0.18515413,45,0,2.821423,0,0,1,0,0,3,0,0,0,30000,2,0
1773836701243,1252,0.24949563,7,2.506,2.7744505,0,0,1,0,0,3,0,0,0,0,2,0
1773836715266,1302,0.004817559,50,3.278,2.721568,0,0,1,0,0,3,0,0,0,0,2,0
1773836725292,1356,0.0053826417,54,4.098,2.6720567,0,0,1,0,0,3,0,0,0,0,2,0
1773836735328,1412,0.0070688287,56,5.421,2.6441157,0,0,1,0,0,3,0,0,0,0,2,0
1773836785507,1464,0.004611659,52,4.833,2.6059732,0,0,1,0,0,3,0,0,0,0,2,0
1773836833723,1518,0.0056012906,54,2.2,2.5775034,0,0,1,0,0,3,0,0,0,0,2,0
1773836847795,1570,0.004705071,52,7.707,2.6320205,0,0,1,0,0,3,0,0,0,0,2,0
1773836867869,1621,0.0046350695,51,6.075,2.6195793,0,0,1,0,0,3,0,0,0,0,2,0
1773836918125,1672,0.004761231,51,1.332,2.6171741,0,0,1,0,0,3,0,0,0,0,2,0
1773836968383,1729,0.008208179,57,7.738,2.661507,0,0,1,0,0,3,0,0,0,0,2,0
1773836978418,1784,0.0060570827,55,8.62,2.7362907,0,0,1,0,0,3,0,0,0,0,2,0
1773836990462,1842,0.009894626,58,4.239,2.6981442,0,0,1,0,0,3,0,0,0,0,2,0
1773837002487,1893,0.0118781,51,27.594,4.6493654,0,0,1,0,0,3,0,0,0,0,2,0
1773837050677,1947,0.004629046,54,3.829,4.59,0,0,1,0,0,3,0,0,0,0,2,0
1773837098865,1999,0.004003179,52,4.537,4.5308423,0,0,1,0,0,3,0,0,0,0,2,0
1773837116911,2049,0.0045496295,50,7.444,4.4944196,0,0,1,0,0,3,0,0,0,0,2,0
1773837177115,2113,0.022809967,64,3.63,4.4427023,0,0,1,0,0,3,0,0,0,0,2,0
1773837195179,2168,0.0167354,55,36.039,6.484248,0,0,1,0,0,3,0,0,0,0,2,0
1773837241327,2218,0.0041366816,50,2.844,6.4207034,0,0,1,0,0,3,0,0,0,0,2,0
1773837263409,2273,0.004861112,55,2.028,6.367398,0,0,1,0,0,3,0,0,0,0,2,0
1773837297523,2288,0.12251716,15,0,6.3452835,0,0,1,0,0,3,0,0,0,30000,2,0
1773837313579,2328,0.022365974,40,7.165,6.2823243,0,0,1,0,0,3,0,0,0,0,2,0
1773837325628,2383,0.0045179725,55,5.345,6.215143,0,0,1,0,0,3,0,0,0,0,2,0
1773837363772,2420,0.12485105,37,0,6.195886,0,0,1,0,0,3,0,0,0,30000,2,0
1773837367787,2438,0.15288517,18,11.516,6.197908,0,0,1,0,0,3,0,0,0,0,2,0
1773837383860,2488,0.004444556,50,9.498,6.1638823,0,0,1,0,0,3,0,0,0,0,2,0
1773837432063,2542,0.0041676075,54,3.093,6.111317,0,0,1,0,0,3,0,0,0,0,2,0
1773837452141,2594,0.0036444843,52,8.297,6.0660076,0,0,1,0,0,3,0,0,0,0,2,0
1773837466204,2644,0.0042199735,50,2.451,6.0217385,0,0,1,0,0,3,0,0,0,0,2,0
1773837496321,2644,0.21785595,0,0,6.0088043,0,0,1,0,0,3,0,0,0,30000,2,0
1773837512418,2700,0.0055822404,56,4.161,5.9556384,0,0,1,0,0,3,0,0,0,0,2,0
1773837524458,2763,0.018408269,63,5.125,5.9022336,0,0,1,0,0,3,0,0,0,0,2,0
1773837562616,2797,0.11535138,34,0,5.890054,0,0,1,0,0,3,0,0,0,30000,2,0
1773837566632,2814,0.15620841,17,3.833,5.841447,0,0,1,0,0,3,0,0,0,0,2,0
1773837588692,2875,0.014257258,61,1.915,5.806257,0,0,1,0,0,3,0,0,0,0,2,0
1773837634882,2930,0.004808227,55,4.062,5.759032,0,0,1,0,0,3,0,0,0,0,2,0
1773837644910,2985,0.004652062,55,6.844,5.716303,0,0,1,0,0,3,0,0,0,0,2,0
1773837654957,3038,0.0037571779,53,6.683,5.673727,0,0,1,0,0,3,0,0,0,0,2,0
1773837701102,3100,0.015939752,62,5.533,5.628801,0,0,1,0,0,3,0,0,0,0,2,0
1773837711147,3154,0.004438343,54,2.343,5.5950174,0,0,1,0,0,3,0,0,0,0,2,0
1773837721215,3210,0.005760238,56,4.031,5.5853734,0,0,1,0,0,3,0,0,0,0,2,0
1773837731261,3262,0.0037161591,52,4.447,5.5759645,0,0,1,0,0,3,0,0,0,0,2,0
1773837769406,3312,0.00424505,50,3.225,5.5636845,0,0,1,0,0,3,0,0,0,0,2,0
1773837787466,3363,0.0054179123,51,15.523,5.690437,0,0,1,0,0,3,0,0,0,0,2,0
1773837819567,3414,0.003842317,51,3.758,5.6743097,0,0,1,0,0,3,0,0,0,0,2,0
1773837841659,3467,0.0037998264,53,4.751,5.6613812,0,0,1,0,0,3,0,0,0,0,2,0
1773837857718,3520,0.003784545,53,5.26,5.64204,0,0,1,0,0,3,0,0,0,0,2,0
1773837895836,3560,0.1403503,40,0,5.67656,0,0,1,0,0,3,0,0,0,30000,2,0
1773837901853,3571,0.21270251,11,3.802,5.6771584,0,0,1,0,0,3,0,0,0,0,2,0
1773837909891,3623,0.0039003266,52,9.813,5.69397,0,0,1,0,0,3,0,0,0,0,2,0
1773837919916,3677,0.0043235365,54,2.966,5.6926885,0,0,1,0,0,3,0,0,0,0,2,0
1773837929943,3734,0.006909595,57,3.584,5.678225,0,0,1,0,0,3,0,0,0,0,2,0
1773837970074,3798,0.021456016,64,5.018,5.675091,0,0,1,0,0,3,0,0,0,0,2,0
1773837992142,3849,0.003830638,51,4.092,5.6638694,0,0,1,0,0,3,0,0,0,0,2,0
1773838026269,3902,0.003951524,53,2.816,5.6688066,0,0,1,0,0,3,0,0,0,0,2,0
1773838046347,3955,0.004419122,53,13.056,5.7408495,0,0,1,0,0,3,0,0,0,0,2,0
1773838056384,4013,0.008177802,58,4.086,5.738347,0,0,1,0,0,3,0,0,0,0,2,0
1773838078466,4067,0.0040909704,54,7.906,5.7107196,0,0,1,0,0,3,0,0,0,0,2,0
1773838100553,4122,0.008289078,55,23.296,6.116399,0,0,1,0,0,3,0,0,0,0,2,0
1773838126633,4175,0.0036264013,53,5.668,6.1163235,0,0,1,0,0,3,0,0,0,0,2,0
1773838158756,4232,0.006328356,57,8.116,6.0775485,0,0,1,0,0,3,0,0,0,0,2,0
1773838168804,4285,0.0037255476,53,4.034,6.056323,0,0,1,0,0,3,0,0,0,0,2,0
1773838180855,4337,0.0035650185,52,5.427,6.049724,0,0,1,0,0,3,0,0,0,0,2,0
1773838190899,4395,0.007638662,58,8.623,6.0124054,0,0,1,0,0,3,0,0,0,0,2,0
1773838231060,4451,0.005330094,56,7.606,5.9986973,0,0,1,0,0,3,0,0,0,0,2,0
1773838253107,4504,0.0037282142,53,4.261,5.992634,0,0,1,0,0,3,0,0,0,0,2,0
1773838299317,4561,0.006458193,57,6.236,5.987091,0,0,1,0,0,3,0,0,0,0,2,0
1773838315388,4617,0.005544451,56,4.353,5.9906635,0,0,1,0,0,3,0,0,0,0,2,0
1773838361544,4670,0.0039840015,53,1.78,6.0131607,0,0,1,0,0,3,0,0,0,0,2,0
1773838375617,4720,0.0042148186,50,2.548,6.009776,0,0,1,0,0,3,0,0,0,0,2,0
1773838391668,4778,0.008641694,58,1.036,6.039106,0,0,1,0,0,3,0,0,0,0,2,0
1773838433831,4844,0.027307462,66,6.124,6.039117,0,0,1,0,0,3,0,0,0,0,2,0
1773838443864,4895,0.003766143,51,3.882,6.0164557,0,0,1,0,0,3,0,0,0,0,2,0
1773838453900,4947,0.0036982114,52,2.997,6.0244617,0,0,1,0,0,3,0,0,0,0,2,0
1773838496042,5002,0.032996994,55,51.728,8.272324,0,0,1,0,0,3,0,0,0,0,2,0
1773838520113,5055,0.0030453224,53,8.502,8.269768,0,0,1,0,0,3,0,0,0,0,2,0
1773838564414,5106,0.003466924,51,3.491,7.848751,0,0,1,0,0,3,0,0,0,0,2,0
1773838582479,5157,0.0035166985,51,2.861,7.854515,0,0,1,0,0,3,0,0,0,0,2,0
1773838628631,5213,0.0045813173,56,6.463,7.8512783,0,0,1,0,0,3,0,0,0,0,2,0
1773838644693,5263,0.003982024,50,7.83,7.852257,0,0,1,0,0,3,0,0,0,0,2,0
1773838654709,5316,0.003120013,53,6.935,7.844961,0,0,1,0,0,3,0,0,0,0,2,0
1773838700884,5337,0.10589171,21,0,6.939717,0,0,1,0,0,3,0,0,0,30000,2,0
1773838708912,5372,0.041470904,35,8.154,6.9349737,0,0,1,0,0,3,0,0,0,0,2,0
1773838716960,5423,0.0037217191,51,2.217,6.933348,0,0,1,0,0,3,0,0,0,0,2,0
1773838757106,5468,0.16464068,45,0,6.9333477,0,0,1,0,0,3,0,0,0,30000,2,0
1773838759108,5480,0.2057473,12,5.6,6.9317446,0,0,1,0,0,3,0,0,0,0,2,0
1773838769157,5530,0.004028253,50,3.574,6.9375005,0,0,1,0,0,3,0,0,0,0,2,0
1773838789250,5582,0.003370744,52,7.31,6.8996935,0,0,1,0,0,3,0,0,0,0,2,0
1773838839459,5636,0.0036779335,54,8.094,6.8699517,0,0,1,0,0,3,0,0,0,0,2,0
1773838891664,5687,0.0036061984,51,3.869,6.859975,0,0,1,0,0,3,0,0,0,0,2,0
1773838903710,5741,0.0038751853,54,3.54,6.8573804,0,0,1,0,0,3,0,0,0,0,2,0
1773838962047,5795,0.004236367,54,1.097,6.87564,0,0,1,0,0,3,0,0,0,0,2,0
1773838976098,5851,0.005087504,56,5.166,6.8634872,0,0,1,0,0,3,0,0,0,0,2,0
1773838992135,5901,0.004011612,50,4.982,6.825438,0,0,1,0,0,3,0,0,0,0,2,0
1773839032292,5951,0.0040193894,50,5.688,6.82207,0,0,1,0,0,3,0,0,0,0,2,0
1773839042305,6005,0.0036957958,54,6.238,6.821492,0,0,1,0,0,3,0,0,0,0,2,0
1773839052365,6055,0.0040881326,50,7.127,6.7820535,0,0,1,0,0,3,0,0,0,0,2,0
1773839090583,6094,0.13135011,39,0,6.8180017,0,0,1,0,0,3,0,0,0,30000,2,0
1773839094590,6116,0.11874364,22,7.706,6.802018,0,0,1,0,0,3,0,0,0,0,2,0
1773839114662,6167,0.0038143473,51,9.511,6.8105893,0,0,1,0,0,3,0,0,0,0,2,0
1773839160866,6219,0.003387531,52,5.017,6.811424,0,0,1,0,0,3,0,0,0,0,2,0
1773839172924,6274,0.004614358,55,2.528,6.8254905,0,0,1,0,0,3,0,0,0,0,2,0
1773839182977,6329,0.0042586713,55,5.74,6.825293,0,0,1,0,0,3,0,0,0,0,2,0
1773839193049,6382,0.0035934118,53,3.143,6.8192163,0,0,1,0,0,3,0,0,0,0,2,0
1773839247273,6433,0.003697458,51,8.422,6.8204846,0,0,1,0,0,3,0,0,0,0,2,0
1773839255298,6488,0.0043260646,55,4.869,6.819053,0,0,1,0,0,3,0,0,0,0,2,0
1773839301511,6541,0.0034515082,53,4.952,6.810872,0,0,1,0,0,3,0,0,0,0,2,0
1773839337646,6591,0.005309129,50,14.15,6.783479,0,0,1,0,0,3,0,0,0,0,2,0
1773839361731,6641,0.004203192,50,8.461,6.782676,0,0,1,0,0,3,0,0,0,0,2,0
1773839371777,6694,0.0034553495,53,8.238,6.7846603,0,0,1,0,0,3,0,0,0,0,2,0
1773839385848,6749,0.004454389,55,3.748,6.790783,0,0,1,0,0,3,0,0,0,0,2,0
1773839426027,6804,0.0046723075,55,2.307,6.7635727,0,0,1,0,0,3,0,0,0,0,2,0
1773839434064,6855,0.0036312942,51,3.723,6.764032,0,0,1,0,0,3,0,0,0,0,2,0
1773839444073,6909,0.0037070245,54,6.97,6.7500453,0,0,1,0,0,3,0,0,0,0,2,0
1773839454099,6962,0.0037265979,53,2.187,6.75664,0,0,1,0,0,3,0,0,0,0,2,0
1773839484217,7012,0.0040327357,50,5.793,6.748676,0,0,1,0,0,3,0,0,0,0,2,0
1773839506308,7063,0.003588045,51,6.024,6.746926,0,0,1,0,0,3,0,0,0,0,2,0
1773839520357,7116,0.0037775382,53,1.815,6.76435,0,0,1,0,0,3,0,0,0,0,2,0
1773839556478,7144,0.10231254,28,0,6.7955914,0,0,1,0,0,3,0,0,0,30000,2,0
1773839560498,7169,0.09476985,25,2.197,6.7577534,0,0,1,0,0,3,0,0,0,0,2,0
1773839578561,7233,0.02139635,64,2.102,6.771139,0,0,1,0,0,3,0,0,0,0,2,0
1773839626714,7290,0.006834628,57,1.311,6.7914925,0,0,1,0,0,3,0,0,0,0,2,0
1773839636735,7348,0.008196889,58,2.065,6.4430776,0,0,1,0,0,3,0,0,0,0,2,0
1773839646777,7406,0.0074057286,58,8.285,6.4519033,0,0,1,0,0,3,0,0,0,0,2,0
1773839656834,7458,0.0036129626,52,2.834,6.4530444,0,0,1,0,0,3,0,0,0,0,2,0
1773839699059,7512,0.0041447873,54,2.41,6.462035,0,0,1,0,0,3,0,0,0,0,2,0
1773839723120,7562,0.004118002,50,3.042,6.469209,0,0,1,0,0,3,0,0,0,0,2,0
1773839757260,7615,0.0042404556,53,13.558,6.535517,0,0,1,0,0,3,0,0,0,0,2,0
1773839777347,7666,0.003638034,51,4.618,6.531245,0,0,1,0,0,3,0,0,0,0,2,0
1773839823523,7724,0.007911076,58,3.237,6.535491,0,0,1,0,0,3,0,0,0,0,2,0
1773839847633,7778,0.0038265307,54,5.393,6.534794,0,0,1,0,0,3,0,0,0,0,2,0
1773839857662,7830,0.0034903653,52,4.173,6.5353093,0,0,1,0,0,3,0,0,0,0,2,0
1773839887794,7830,0.21947977,0,0,6.5546646,0,0,1,0,0,3,0,0,0,30000,2,0
1773839907869,7880,0.004067098,50,3.95,6.547331,0,0,1,0,0,3,0,0,0,0,2,0
1773839956084,7940,0.011363058,60,3.214,6.529921,0,0,1,0,0,3,0,0,0,0,2,0
1773839976152,7993,0.005031058,53,16.749,6.6774077,0,0,1,0,0,3,0,0,0,0,2,0
1773840024341,8051,0.0076127304,58,4.608,6.675006,0,0,1,0,0,3,0,0,0,0,2,0
1773840034350,8107,0.00525547,56,4.36,6.6686344,0,0,1,0,0,3,0,0,0,0,2,0
1773840044400,8158,0.0044434876,51,3.11,3.2975302,0,0,1,0,0,3,0,0,0,0,2,0
1773840080557,8217,0.011408488,59,3.425,3.271512,0,0,1,0,0,3,0,0,0,0,2,0
1773840092623,8276,0.010912173,59,8.213,3.2932827,0,0,1,0,0,3,0,0,0,0,2,0
1773840102665,8331,0.005917859,55,10.662,3.358525,0,0,1,0,0,3,0,0,0,0,2,0
1773840112710,8385,0.005094003,54,4.108,3.3556569,0,0,1,0,0,3,0,0,0,0,2,0
1773840122758,8437,0.004376645,52,4.32,3.33768,0,0,1,0,0,3,0,0,0,0,2,0
1773840152892,8495,0.00926101,58,6.943,3.3377545,0,0,1,0,0,3,0,0,0,0,2,0
1773840170949,8558,0.021301689,63,1.719,3.3045585,0,0,1,0,0,3,0,0,0,0,2,0
1773840183010,8619,0.015579446,61,3.687,3.2838414,0,0,1,0,0,3,0,0,0,0,2,0
1773840219177,8648,0.11103853,29,0,3.3234968,0,0,1,0,0,3,0,0,0,30000,2,0
1773840223206,8674,0.08699967,26,7.121,3.2773688,0,0,1,0,0,3,0,0,0,0,2,0
1773840237261,8728,0.0051550874,54,3.711,3.280197,0,0,1,0,0,3,0,0,0,0,2,0
1773840289484,8786,0.009332881,58,6.327,3.279857,0,0,1,0,0,3,0,0,0,0,2,0
1773840309552,8837,0.004902297,51,10.488,3.3380268,0,0,1,0,0,3,0,0,0,0,2,0
1773840345716,8893,0.0070792264,56,2.143,3.3347545,0,0,1,0,0,3,0,0,0,0,2,0
1773840365848,8943,0.016178085,50,32.22,4.7456927,0,0,1,0,0,3,0,0,0,0,2,0
1773840408010,8998,0.00537342,55,2.744,4.751584,0,0,1,0,0,3,0,0,0,0,2,0
1773840422070,9054,0.006201057,56,3.617,4.72626,0,0,1,0,0,3,0,0,0,0,2,0
1773840436131,9113,0.010607013,59,2.887,4.736648,0,0,1,0,0,3,0,0,0,0,2,0
1773840454214,9163,0.0043673455,50,4.015,4.7394633,0,0,1,0,0,3,0,0,0,0,2,0
1773840498408,9222,0.010238707,59,5.072,4.739441,0,0,1,0,0,3,0,0,0,0,2,0
1773840512467,9275,0.0041865776,53,9.038,4.7601833,0,0,1,0,0,3,0,0,0,0,2,0
1773840550588,9292,0.11579058,17,0,4.801847,0,0,1,0,0,3,0,0,0,30000,2,0
1773840556605,9328,0.036168937,36,7.866,4.765233,0,0,1,0,0,3,0,0,0,0,2,0
1773840566660,9387,0.010265785,59,4.799,4.7570696,0,0,1,0,0,3,0,0,0,0,2,0
1773840576704,9440,0.0041754427,53,8.861,4.7489123,0,0,1,0,0,3,0,0,0,0,2,0
1773840614871,9481,0.149354,41,0,4.795175,0,0,1,0,0,3,0,0,0,30000,2,0
1773840618885,9497,0.1635109,16,3.677,4.786961,0,0,1,0,0,3,0,0,0,0,2,0
1773840634964,9555,0.008347339,58,7.909,4.7975974,0,0,1,0,0,3,0,0,0,0,2,0
1773840645019,9609,0.004465793,54,5.114,4.7897325,0,0,1,0,0,3,0,0,0,0,2,0
1773840683194,9644,0.121891,35,0,4.819623,0,0,1,0,0,3,0,0,0,30000,2,0
1773840687211,9668,0.09999004,24,3.145,4.826415,0,0,1,0,0,3,0,0,0,0,2,0
1773840701261,9720,0.011251129,52,27.977,5.591342,0,0,1,0,0,3,0,0,0,0,2,0
1773840711297,9772,0.0038886168,52,2.367,5.499002,0,0,1,0,0,3,0,0,0,0,2,0
1773840747426,9798,0.103380896,26,0,5.5251117,0,0,1,0,0,3,0,0,0,30000,2,0
1773840753448,9824,0.08800385,26,4.999,5.512358,0,0,1,0,0,3,0,0,0,0,2,0
1773840771495,9876,0.003715067,52,6.573,5.5118456,0,0,1,0,0,3,0,0,0,0,2,0
1773840781508,9928,0.0037738204,52,7.878,5.508724,0,0,1,0,0,3,0,0,0,0,2,0
1773840827687,9979,0.0077673136,51,21.44,5.8551025,0,0,1,0,0,3,0,0,0,0,2,0
1773840881892,10029,0.004269457,50,2.102,5.8685513,0,0,1,0,0,3,0,0,0,0,2,0
1773840891926,10079,0.004585775,50,10.053,5.8795176,0,0,1,0,0,3,0,0,0,0,2,0
1773840899981,10131,0.0037201957,52,3.126,5.887854,0,0,1,0,0,3,0,0,0,0,2,0
1773840910045,10185,0.0041160155,54,4.349,5.889704,0,0,1,0,0,3,0,0,0,0,2,0
1773840948187,10221,0.12193258,36,0,5.9121366,0,0,1,0,0,3,0,0,0,30000,2,0
1773840952205,10246,0.09383113,25,2.008,5.88782,0,0,1,0,0,3,0,0,0,0,2,0
1773840974306,10296,0.0042028567,50,3.059,5.881019,0,0,1,0,0,3,0,0,0,0,2,0
1773841018451,10353,0.0070898593,57,2.027,5.881724,0,0,1,0,0,3,0,0,0,0,2,0
1773841038470,10405,0.004471422,52,13.446,5.9356003,0,0,1,0,0,3,0,0,0,0,2,0
1773841082635,10455,0.0055790944,50,14.494,6.0132246,0,0,1,0,0,3,0,0,0,0,2,0
1773841100680,10506,0.004645466,51,13.12,6.0716887,0,0,1,0,0,3,0,0,0,0,2,0
1773841150862,10563,0.0066233305,57,4.294,6.062245,0,0,1,0,0,3,0,0,0,0,2,0
1773841160984,10619,0.0053762654,56,5.951,6.044567,0,0,1,0,0,3,0,0,0,0,2,0
1773841171038,10675,0.005632713,56,3.495,6.041197,0,0,1,0,0,3,0,0,0,0,2,0
1773841217233,10735,0.011468013,60,4.371,5.972206,0,0,1,0,0,3,0,0,0,0,2,0
1773841235289,10792,0.007082618,57,1.813,5.992489,0,0,1,0,0,3,0,0,0,0,2,0
1773841251351,10842,0.00430039,50,8.035,5.9879394,0,0,1,0,0,3,0,0,0,0,2,0
1773841289480,10896,0.004302741,54,2.335,6.0050626,0,0,1,0,0,3,0,0,0,0,2,0
1773841313570,10947,0.0042767883,51,11.331,6.0367703,0,0,1,0,0,3,0,0,0,0,2,0
1773841355775,11006,0.009211622,59,7.948,5.9915676,0,0,1,0,0,3,0,0,0,0,2,0
1773841377860,11061,0.005043289,55,1.732,6.0110106,0,0,1,0,0,3,0,0,0,0,2,0
1773841413973,11070,0.15112525,9,0,6.0489745,0,0,1,0,0,3,0,0,0,30000,2,0
1773841422011,11112,0.017286852,42,9.681,5.9173703,0,0,1,0,0,3,0,0,0,0,2,0
1773841432061,11164,0.003659176,52,3.843,5.921002,0,0,1,0,0,3,0,0,0,0,2,0
1773841480232,11214,0.004288051,50,1.77,5.941013,0,0,1,0,0,3,0,0,0,0,2,0
1773841496267,11265,0.0037619933,51,4.471,5.9331408,0,0,1,0,0,3,0,0,0,0,2,0
1773841514310,11320,0.0048269327,55,11.837,5.9677444,0,0,1,0,0,3,0,0,0,0,2,0
1773841554478,11374,0.0042567733,54,2.739,5.9765,0,0,1,0,0,3,0,0,0,0,2,0
1773841570525,11435,0.013123386,61,7.419,5.95083,0,0,1,0,0,3,0,0,0,0,2,0
1773841580559,11488,0.0036695097,53,6.554,5.9464474,0,0,1,0,0,3,0,0,0,0,2,0
1773841620687,11543,0.0051157186,55,1.419,5.970336,0,0,1,0,0,3,0,0,0,0,2,0
1773841630714,11593,0.00415197,50,3.994,5.974157,0,0,1,0,0,3,0,0,0,0,2,0
1773841640738,11646,0.003763165,53,3.927,5.9560256,0,0,1,0,0,3,0,0,0,0,2,0
1773841686910,11700,0.004365207,54,1.992,5.969894,0,0,1,0,0,3,0,0,0,0,2,0
1773841700982,11754,0.004522218,54,1.085,5.954497,0,0,1,0,0,3,0,0,0,0,2,0
1773841751182,11813,0.009418277,59,5.836,5.952734,0,0,1,0,0,3,0,0,0,0,2,0
1773841761250,11868,0.0047423188,55,3.978,5.9512606,0,0,1,0,0,3,0,0,0,0,2,0
1773841771266,11920,0.0036415232,52,3.99,5.9560013,0,0,1,0,0,3,0,0,0,0,2,0
1773841805416,11972,0.0037344366,52,2.825,5.939835,0,0,1,0,0,3,0,0,0,0,2,0
1773841819467,12027,0.004680115,55,4.725,5.923651,0,0,1,0,0,3,0,0,0,0,2,0
1773841829510,12077,0.004334308,50,4.943,4.903252,0,0,1,0,0,3,0,0,0,0,2,0
1773841839527,12133,0.0060490114,56,4.24,4.8940544,0,0,1,0,0,3,0,0,0,0,2,0
1773841885709,12185,0.0039080568,52,4.315,4.8907766,0,0,1,0,0,3,0,0,0,0,2,0
1773841897746,12237,0.004104988,52,1.802,4.901473,0,0,1,0,0,3,0,0,0,0,2,0
1773841939907,12287,0.004454135,50,7.37,4.9040527,0,0,1,0,0,3,0,0,0,0,2,0
1773841955954,12347,0.012214323,60,3.962,4.9074173,0,0,1,0,0,3,0,0,0,0,2,0
1773841966001,12398,0.003997311,51,4.328,4.8884907,0,0,1,0,0,3,0,0,0,0,2,0
1773841980061,12450,0.0040811677,52,2.111,4.8590674,0,0,1,0,0,3,0,0,0,0,2,0
1773842012188,12503,0.004062258,53,7.729,4.85802,0,0,1,0,0,3,0,0,0,0,2,0
1773842030261,12560,0.0069553796,57,8.45,4.87184,0,0,1,0,0,3,0,0,0,0,2,0
1773842050319,12610,0.0046876813,50,9.318,4.8771305,0,0,1,0,0,3,0,0,0,0,2,0
1773842080460,12664,0.0044177864,54,6.077,4.8283978,0,0,1,0,0,3,0,0,0,0,2,0
1773842090496,12715,0.004866492,51,12.663,4.9012237,0,0,1,0,0,3,0,0,0,0,2,0
1773842100523,12769,0.004445718,54,4.757,4.8947806,0,0,1,0,0,3,0,0,0,0,2,0
1773842142701,12826,0.0071845334,57,4.403,4.8968306,0,0,1,0,0,3,0,0,0,0,2,0
1773842156754,12878,0.0039456575,52,3.775,4.85086,0,0,1,0,0,3,0,0,0,0,2,0
1773842204966,12939,0.014451419,61,3.78,4.8462396,0,0,1,0,0,3,0,0,0,0,2,0
1773842217038,12993,0.0047687846,54,5.917,3.9536562,0,0,1,0,0,3,0,0,0,0,2,0
1773842227063,13045,0.0041762395,52,6.066,3.9361746,0,0,1,0,0,3,0,0,0,0,2,0
1773842247104,13098,0.0045753107,53,2.253,3.89726,0,0,1,0,0,3,0,0,0,0,2,0
1773842293264,13149,0.004409943,51,1.461,3.9285693,0,0,1,0,0,3,0,0,0,0,2,0
1773842309310,13206,0.0077631883,57,3.81,3.930826,0,0,1,0,0,3,0,0,0,0,2,0
1773842353477,13263,0.007996447,57,2.304,3.936158,0,0,1,0,0,3,0,0,0,0,2,0
1773842365504,13319,0.0068223565,56,3.88,3.3723593,0,0,1,0,0,3,0,0,0,0,2,0
1773842417710,13380,0.015331113,61,4.765,3.3525453,0,0,1,0,0,3,0,0,0,0,2,0
1773842439778,13432,0.0047972063,52,10.658,3.3674436,0,0,1,0,0,3,0,0,0,0,2,0
1773842485977,13482,0.004680683,50,2.886,3.3697338,0,0,1,0,0,3,0,0,0,0,2,0
1773842508063,13542,0.014252865,60,20.879,3.897421,0,0,1,0,0,3,0,0,0,0,2,0
1773842544203,13563,0.108347215,21,0,3.8974211,0,0,1,0,0,3,0,0,0,30000,2,0
1773842550223,13594,0.057847727,31,5.629,3.8751574,0,0,1,0,0,3,0,0,0,0,2,0
1773842560257,13648,0.0048921243,54,4.032,3.8679397,0,0,1,0,0,3,0,0,0,0,2,0
1773842570293,13702,0.004861199,54,4.629,3.8459764,0,0,1,0,0,3,0,0,0,0,2,0
1773842612500,13728,0.10669328,26,0,3.768938,0,0,1,0,0,3,0,0,0,30000,2,0
1773842616523,13754,0.085900046,26,4.066,3.5855103,0,0,1,0,0,3,0,0,0,0,2,0
1773842628589,13806,0.0044071227,52,3.017,3.446849,0,0,1,0,0,3,0,0,0,0,2,0
1773842640638,13867,0.030491523,61,42.961,5.8432674,0,0,1,0,0,3,0,0,0,0,2,0
1773842688844,13920,0.0037093116,53,7.159,5.846627,0,0,1,0,0,3,0,0,0,0,2,0
1773842706904,13971,0.003946405,51,8.729,5.8542743,0,0,1,0,0,3,0,0,0,0,2,0
1773842749065,14022,0.004004008,51,1.365,5.8760114,0,0,1,0,0,3,0,0,0,0,2,0
1773842761112,14072,0.004198942,50,3.185,5.864798,0,0,1,0,0,3,0,0,0,0,2,0
1773842775220,14127,0.0047121956,55,10.508,5.8889403,0,0,1,0,0,3,0,0,0,0,2,0
1773842811518,14141,0.12622535,14,0,5.9163423,0,0,1,0,0,3,0,0,0,30000,2,0
1773842819551,14184,0.013649749,43,1.525,5.8924127,0,0,1,0,0,3,0,0,0,0,2,0
1773842835628,14238,0.004118389,54,9.699,5.9080887,0,0,1,0,0,3,0,0,0,0,2,0
1773842877793,14277,0.13447393,39,0,5.929017,0,0,1,0,0,3,0,0,0,30000,2,0
1773842879800,14289,0.20298155,12,3.83,5.8931327,0,0,1,0,0,3,0,0,0,0,2,0
1773842899879,14347,0.008220553,58,3.396,5.874804,0,0,1,0,0,3,0,0,0,0,2,0
1773842944058,14374,0.103118,27,0,5.909857,0,0,1,0,0,3,0,0,0,30000,2,0
1773842950065,14403,0.06946997,29,3.454,5.8976793,0,0,1,0,0,3,0,0,0,0,2,0
1773842976131,14460,0.006505222,57,6.199,5.897514,0,0,1,0,0,3,0,0,0,0,2,0
1773843018331,14517,0.006598091,57,5.439,5.8412476,0,0,1,0,0,3,0,0,0,0,2,0
1773843028386,14572,0.004677631,55,5.219,5.832452,0,0,1,0,0,3,0,0,0,0,2,0
1773843038454,14622,0.004168121,50,4.419,5.8274727,0,0,1,0,0,3,0,0,0,0,2,0
1773843076575,14654,0.110178284,32,0,5.8616085,0,0,1,0,0,3,0,0,0,30000,2,0
1773843080584,14682,0.08020511,28,13.5,5.9317527,0,0,1,0,0,3,0,0,0,0,2,0
1773843092613,14735,0.0036760718,53,6.107,5.929923,0,0,1,0,0,3,0,0,0,0,2,0
1773843114704,14786,0.0037864693,51,6.851,5.929695,0,0,1,0,0,3,0,0,0,0,2,0
1773843144803,14786,0.21769504,0,0,5.952901,0,0,1,0,0,3,0,0,0,30000,2,0
1773843154844,14836,0.0041516917,50,5.164,5.9280357,0,0,1,0,0,3,0,0,0,0,2,0
1773843166866,14893,0.0066863596,57,4.298,5.9296365,0,0,1,0,0,3,0,0,0,0,2,0
1773843176897,14946,0.0039211023,53,2.406,5.9389315,0,0,1,0,0,3,0,0,0,0,2,0
1773843208998,14947,0.20893528,1,0,5.9745083,0,0,1,0,0,3,0,0,0,30000,2,0
1773843223051,15006,0.009310732,59,6.773,5.968363,0,0,1,0,0,3,0,0,0,0,2,0
1773843233080,15057,0.0038819155,51,2.316,5.9802423,0,0,1,0,0,3,0,0,0,0,2,0
1773843281269,15112,0.004556696,55,8.849,5.9953103,0,0,1,0,0,3,0,0,0,0,2,0
1773843291304,15168,0.0057951272,56,2.554,6.0042586,0,0,1,0,0,3,0,0,0,0,2,0
1773843307342,15218,0.004220514,50,2.459,6.014008,0,0,1,0,0,3,0,0,0,0,2,0
1773843355508,15268,0.0043193093,50,1.348,6.018506,0,0,1,0,0,3,0,0,0,0,2,0
1773843407709,15313,0.16859823,45,0,6.0498652,0,0,1,0,0,3,0,0,0,30000,2,0
1773843413742,15323,0.22538818,10,6.356,6.0490594,0,0,1,0,0,3,0,0,0,0,2,0
1773843423779,15379,0.005391486,56,5.711,6.047989,0,0,1,0,0,3,0,0,0,0,2,0
1773843433817,15429,0.0041395337,50,4.106,6.0364504,0,0,1,0,0,3,0,0,0,0,2,0
1773843473938,15457,0.10352354,28,0,6.0651083,0,0,1,0,0,3,0,0,0,30000,2,0
1773843483968,15486,0.0709875,29,7.218,6.0568385,0,0,1,0,0,3,0,0,0,0,2,0
1773843502056,15540,0.0039583244,54,7.425,6.041361,0,0,1,0,0,3,0,0,0,0,2,0
1773843544229,15597,0.0072120936,57,1.085,6.0616136,0,0,1,0,0,3,0,0,0,0,2,0
1773843560300,15650,0.0038334758,53,3.041,5.9914103,0,0,1,0,0,3,0,0,0,0,2,0
1773843570319,15702,0.0035778382,52,6.229,5.993402,0,0,1,0,0,3,0,0,0,0,2,0
1773843612470,15755,0.0038341128,53,3.017,5.997971,0,0,1,0,0,3,0,0,0,0,2,0
1773843622501,15811,0.0057041906,56,3.127,6.000517,0,0,1,0,0,3,0,0,0,0,2,0
1773843644588,15863,0.0035775776,52,6.375,6.001215,0,0,1,0,0,3,0,0,0,0,2,0
1773843690734,15914,0.003918869,51,1.886,6.0123453,0,0,1,0,0,3,0,0,0,0,2,0
1773843706834,15967,0.006073489,53,19.263,6.2685623,0,0,1,0,0,3,0,0,0,0,2,0
1773843749015,16024,0.0062861773,57,6.8,6.261226,0,0,1,0,0,3,0,0,0,0,2,0
1773843773105,16077,0.0036750522,53,3.976,6.245454,0,0,1,0,0,3,0,0,0,0,2,0
1773843821278,16127,0.0042151934,50,2.094,6.2552457,0,0,1,0,0,3,0,0,0,0,2,0
1773843837334,16181,0.0040233396,54,4.022,6.246348,0,0,1,0,0,3,0,0,0,0,2,0
1773843871444,16199,0.11274857,18,0,6.2780814,0,0,1,0,0,3,0,0,0,30000,2,0
1773843877477,16235,0.036730148,36,7.528,6.284524,0,0,1,0,0,3,0,0,0,0,2,0
1773843887507,16291,0.00549189,56,3.879,6.249187,0,0,1,0,0,3,0,0,0,0,2,0
1773843897553,16345,0.0040074294,54,4.207,6.243937,0,0,1,0,0,3,0,0,0,0,2,0
1773843907588,16395,0.0041549206,50,5.314,5.9211636,0,0,1,0,0,3,0,0,0,0,2,0
1773843937699,16395,0.21760401,0,0,5.9211636,0,0,1,0,0,3,0,0,0,30000,2,0
1773843953753,16445,0.0041686175,50,5.871,5.9217024,0,0,1,0,0,3,0,0,0,0,2,0
1773844009967,16496,0.0039415257,51,1.814,5.933196,0,0,1,0,0,3,0,0,0,0,2,0
1773844028060,16552,0.005652114,56,3.684,5.934957,0,0,1,0,0,3,0,0,0,0,2,0
1773844074262,16575,0.10387196,23,0,5.934957,0,0,1,0,0,3,0,0,0,30000,2,0
1773844082280,16604,0.07433154,29,13.615,6.0324335,0,0,1,0,0,3,0,0,0,0,2,0
1773844108388,16654,0.0041565816,50,3.572,6.0299673,0,0,1,0,0,3,0,0,0,0,2,0
1773844160599,16706,0.00579153,52,15.676,3.931385,0,0,1,0,0,3,0,0,0,0,2,0
1773844208782,16758,0.0043679313,52,1.839,3.9323907,0,0,1,0,0,3,0,0,0,0,2,0
1773844228871,16809,0.004847374,51,11.29,3.98781,0,0,1,0,0,3,0,0,0,0,2,0
1773844275024,16866,0.00807291,57,1.769,3.983088,0,0,1,0,0,3,0,0,0,0,2,0
1773844285059,16924,0.008927313,58,6.08,3.9837523,0,0,1,0,0,3,0,0,0,0,2,0
1773844303110,16977,0.0043627587,53,5.397,3.9150867,0,0,1,0,0,3,0,0,0,0,2,0
1773844341267,17029,0.0041922843,52,4.972,3.8738022,0,0,1,0,0,3,0,0,0,0,2,0
1773844351316,17083,0.004890077,54,4.129,3.8549795,0,0,1,0,0,3,0,0,0,0,2,0
1773844361373,17136,0.004432189,53,4.472,3.8018336,0,0,1,0,0,3,0,0,0,0,2,0
1773844401560,17165,0.10973289,29,0,3.8018336,0,0,1,0,0,3,0,0,0,30000,2,0
1773844407589,17193,0.08026138,28,15.655,4.041945,0,0,1,0,0,3,0,0,0,0,2,0
1773844423650,17246,0.00439793,53,8.468,4.0645123,0,0,1,0,0,3,0,0,0,0,2,0
1773844473851,17303,0.0077900253,57,3.275,4.023952,0,0,1,0,0,3,0,0,0,0,2,0
1773844489867,17354,0.004912962,51,11.796,4.110201,0,0,1,0,0,3,0,0,0,0,2,0
1773844540059,17415,0.014936922,61,3.927,4.1094947,0,0,1,0,0,3,0,0,0,0,2,0
1773844554091,17466,0.0053518824,51,13.794,4.252738,0,0,1,0,0,3,0,0,0,0,2,0
1773844606256,17522,0.006438103,56,3.483,4.257388,0,0,1,0,0,3,0,0,0,0,2,0
1773844624299,17579,0.008649402,57,18.247,4.559212,0,0,1,0,0,3,0,0,0,0,2,0
1773844670507,17631,0.0071413754,52,20.176,4.869971,0,0,1,0,0,3,0,0,0,0,2,0
1773844680554,17688,0.00700919,57,7.932,4.776876,0,0,1,0,0,3,0,0,0,0,2,0
1773844694616,17742,0.004530725,54,9.364,4.8002443,0,0,1,0,0,3,0,0,0,0,2,0
1773844738757,17800,0.008625156,58,4.529,4.799141,0,0,1,0,0,3,0,0,0,0,2,0
1773844756832,17853,0.0042598136,53,2.532,4.7637305,0,0,1,0,0,3,0,0,0,0,2,0
1773844811052,17904,0.0040378612,51,3.916,4.767886,0,0,1,0,0,3,0,0,0,0,2,0
1773844835140,17961,0.0078114117,57,1.069,4.797815,0,0,1,0,0,3,0,0,0,0,2,0
1773844879278,18017,0.006052396,56,4.71,4.7831197,0,0,1,0,0,3,0,0,0,0,2,0
1773844903340,18072,0.005074476,55,6.655,4.733822,0,0,1,0,0,3,0,0,0,0,2,0
1773844943488,18134,0.016237676,62,8.321,4.7435184,0,0,1,0,0,3,0,0,0,0,2,0
1773844953522,18191,0.007261884,57,4.482,4.72724,0,0,1,0,0,3,0,0,0,0,2,0
1773844963558,18246,0.0053854706,55,2.738,4.7242546,0,0,1,0,0,3,0,0,0,0,2,0
1773845005727,18305,0.010531768,59,3.333,4.7173944,0,0,1,0,0,3,0,0,0,0,2,0
1773845023818,18362,0.013031464,57,28.939,5.5164447,0,0,1,0,0,3,0,0,0,0,2,0
1773845072027,18421,0.009815056,59,4.898,5.4869184,0,0,1,0,0,3,0,0,0,0,2,0
1773845088081,18471,0.0044338037,50,8.286,5.439496,0,0,1,0,0,3,0,0,0,0,2,0
1773845140264,18536,0.024711365,65,5.216,5.440851,0,0,1,0,0,3,0,0,0,0,2,0
1773845158321,18587,0.0038964439,51,6.781,5.4409947,0,0,1,0,0,3,0,0,0,0,2,0
1773845206522,18639,0.0037803345,52,3.867,5.4425173,0,0,1,0,0,3,0,0,0,0,2,0
1773845232615,18690,0.0039278786,51,3.249,5.3993945,0,0,1,0,0,3,0,0,0,0,2,0
1773845274785,18746,0.0057131466,56,5.323,5.3992267,0,0,1,0,0,3,0,0,0,0,2,0
1773845288825,18796,0.004285886,50,6.379,5.3971524,0,0,1,0,0,3,0,0,0,0,2,0
1773845300862,18855,0.00971047,59,6.389,5.3584223,0,0,1,0,0,3,0,0,0,0,2,0
1773845332982,18861,0.16907732,6,0,5.4003553,0,0,1,0,0,3,0,0,0,30000,2,0
1773845341000,18911,0.0042478107,50,3.901,5.4081697,0,0,1,0,0,3,0,0,0,0,2,0
1773845351026,18961,0.0042484035,50,5.349,5.3943877,0,0,1,0,0,3,0,0,0,0,2,0
1773845361081,19017,0.005632936,56,6.898,5.3805947,0,0,1,0,0,3,0,0,0,0,2,0
1773845403260,19079,0.016598396,62,3.22,5.394146,0,0,1,0,0,3,0,0,0,0,2,0
1773845419335,19130,0.004036176,51,1.924,5.393667,0,0,1,0,0,3,0,0,0,0,2,0
1773845465528,19180,0.004287542,50,4.409,5.142654,0,0,1,0,0,3,0,0,0,0,2,0
1773845483603,19244,0.033647157,64,40.874,6.718087,0,0,1,0,0,3,0,0,0,0,2,0
1773845535785,19297,0.0037437174,53,2.107,6.733279,0,0,1,0,0,3,0,0,0,0,2,0
1773845555858,19351,0.0039718673,54,11.277,6.7351584,0,0,1,0,0,3,0,0,0,0,2,0
1773845600013,19399,0.18698233,48,0,6.77819,0,0,1,0,0,3,0,0,0,30000,2,0
1773845602024,19406,0.2568977,7,3.005,6.742581,0,0,1,0,0,3,0,0,0,0,2,0
1773845620083,19465,0.009069411,59,5.075,6.7444706,0,0,1,0,0,3,0,0,0,0,2,0
1773845672267,19522,0.0059935404,57,8.586,6.739899,0,0,1,0,0,3,0,0,0,0,2,0
1773845690306,19573,0.0061354097,51,18.504,6.8892326,0,0,1,0,0,3,0,0,0,0,2,0
1773845728456,19632,0.009012171,59,4.918,6.890842,0,0,1,0,0,3,0,0,0,0,2,0
1773845740472,19692,0.010919315,60,4.486,6.842891,0,0,1,0,0,3,0,0,0,0,2,0
1773845750505,19744,0.0036313091,52,1.87,6.8709164,0,0,1,0,0,3,0,0,0,0,2,0
1773845760549,19798,0.0037150506,54,8.82,6.844564,0,0,1,0,0,3,0,0,0,0,2,0
1773845802740,19859,0.013244778,61,3.265,6.8479533,0,0,1,0,0,3,0,0,0,0,2,0
1773845824860,19915,0.008273531,56,23.266,7.079486,0,0,1,0,0,3,0,0,0,0,2,0
1773845861039,19969,0.0036124752,54,7.674,7.0359325,0,0,1,0,0,3,0,0,0,0,2,0
1773845879077,20021,0.0033206427,52,6.396,7.0213385,0,0,1,0,0,3,0,0,0,0,2,0
1773845901145,20075,0.0037289893,54,4.795,6.9485693,0,0,1,0,0,3,0,0,0,0,2,0
1773845933260,20125,0.0048249555,50,12.372,6.9453077,0,0,1,0,0,3,0,0,0,0,2,0
1773845951310,20184,0.0095996745,59,1.828,6.9600344,0,0,1,0,0,3,0,0,0,0,2,0
1773845991454,20238,0.0036708242,54,5.931,6.9285684,0,0,1,0,0,3,0,0,0,0,2,0
1773845999464,20288,0.004011169,50,4.022,6.9386578,0,0,1,0,0,3,0,0,0,0,2,0
1773846009501,20339,0.0035835872,51,4.013,6.9464283,0,0,1,0,0,3,0,0,0,0,2,0
1773846019521,20394,0.004272442,55,4.945,6.9465637,0,0,1,0,0,3,0,0,0,0,2,0
1773846029563,20452,0.0074610594,58,4.72,6.9428825,0,0,1,0,0,3,0,0,0,0,2,0
1773846059663,20503,0.0038282434,51,1.26,6.973943,0,0,1,0,0,3,0,0,0,0,2,0
1773846075708,20554,0.0036389735,51,3.145,6.9343753,0,0,1,0,0,3,0,0,0,0,2,0
1773846099834,20614,0.01052507,60,7.222,6.8520317,0,0,1,0,0,3,0,0,0,0,2,0
1773846129938,20614,0.22057205,0,0,6.9052105,0,0,1,0,0,3,0,0,0,30000,2,0
1773846139982,20668,0.0036589932,54,7.33,6.889947,0,0,1,0,0,3,0,0,0,0,2,0
1773846150040,20720,0.0033826006,52,7.385,6.863598,0,0,1,0,0,3,0,0,0,0,2,0
1773846162069,20779,0.009783194,59,1.261,6.8897185,0,0,1,0,0,3,0,0,0,0,2,0
1773846206229,20836,0.005949263,57,8.307,6.8371534,0,0,1,0,0,3,0,0,0,0,2,0
1773846216266,20889,0.0034246405,53,7.807,6.825401,0,0,1,0,0,3,0,0,0,0,2,0
1773846226301,20942,0.0037459775,53,2.16,6.696691,0,0,1,0,0,3,0,0,0,0,2,0
1773846264413,20973,0.10659995,31,0,6.523577,0,0,1,0,0,3,0,0,0,30000,2,0
1773846268444,21002,0.0715987,29,7.784,6.523025,0,0,1,0,0,3,0,0,0,0,2,0
1773846288506,21056,0.0043064393,54,13.028,6.5656204,0,0,1,0,0,3,0,0,0,0,2,0
1773846334658,21113,0.0062511913,57,12.291,6.602349,0,0,1,0,0,3,0,0,0,0,2,0
1773846356744,21167,0.003808723,54,5.411,6.5851035,0,0,1,0,0,3,0,0,0,0,2,0
1773846392922,21179,0.13574392,12,0,6.6270905,0,0,1,0,0,3,0,0,0,30000,2,0
1773846406999,21235,0.0053448183,56,3.878,6.6004868,0,0,1,0,0,3,0,0,0,0,2,0
1773846425082,21285,0.01223925,50,28.248,7.125171,0,0,1,0,0,3,0,0,0,0,2,0
1773846469250,21338,0.0049339007,53,17.082,7.2366786,0,0,1,0,0,3,0,0,0,0,2,0
1773846491309,21396,0.0074550593,58,3.815,7.24574,0,0,1,0,0,3,0,0,0,0,2,0
1773846535467,21447,0.0036349425,51,8.698,7.242033,0,0,1,0,0,3,0,0,0,0,2,0
1773846551505,21518,0.04663301,71,5.117,7.2259917,0,0,1,0,0,3,0,0,0,0,2,0
1773846595663,21574,0.005075599,56,4.005,7.2210445,0,0,1,0,0,3,0,0,0,0,2,0
1773846605695,21627,0.0036035448,53,3.386,6.6880517,0,0,1,0,0,3,0,0,0,0,2,0
1773846619734,21687,0.011572254,60,1.91,6.710714,0,0,1,0,0,3,0,0,0,0,2,0
1773846663866,21747,0.011273066,60,3.11,6.721477,0,0,1,0,0,3,0,0,0,0,2,0
1773846687950,21813,0.02705054,66,4.737,6.723227,0,0,1,0,0,3,0,0,0,0,2,0
1773846726108,21847,0.112977564,34,0,6.771912,0,0,1,0,0,3,0,0,0,30000,2,0
1773846730127,21863,0.16666518,16,4.408,6.769036,0,0,1,0,0,3,0,0,0,0,2,0
1773846748221,21924,0.012836474,61,5.561,6.7580338,0,0,1,0,0,3,0,0,0,0,2,0
1773846758258,21975,0.003625061,51,7.197,6.7570066,0,0,1,0,0,3,0,0,0,0,2,0
1773846794407,21993,0.11277421,18,0,6.8051076,0,0,1,0,0,3,0,0,0,30000,2,0
1773846802433,22025,0.053914715,32,2.933,6.818777,0,0,1,0,0,3,0,0,0,0,2,0
1773846818475,22078,0.0037025504,53,10.972,6.7946496,0,0,1,0,0,3,0,0,0,0,2,0
1773846864639,22140,0.015580825,62,3.373,6.7981563,0,0,1,0,0,3,0,0,0,0,2,0
1773846874663,22192,0.003569427,52,2.481,6.8151684,0,0,1,0,0,3,0,0,0,0,2,0
1773846884707,22244,0.0034659845,52,3.552,6.8245616,0,0,1,0,0,3,0,0,0,0,2,0
1773846918846,22295,0.0037225594,51,2.378,6.8315344,0,0,1,0,0,3,0,0,0,0,2,0
1773846936900,22350,0.0042047314,55,8.039,6.810839,0,0,1,0,0,3,0,0,0,0,2,0
1773846946926,22408,0.0077152257,58,3.541,6.815866,0,0,1,0,0,3,0,0,0,0,2,0
1773846958972,22466,0.008386122,58,4.394,5.2659802,0,0,1,0,0,3,0,0,0,0,2,0
1773846993129,22483,0.11566433,17,0,5.2962346,0,0,1,0,0,3,0,0,0,30000,2,0
1773847007178,22516,0.048186317,33,3.49,5.26041,0,0,1,0,0,3,0,0,0,0,2,0
1773847017205,22570,0.00427365,54,6.017,5.21,0,0,1,0,0,3,0,0,0,0,2,0
1773847055340,22625,0.0048653744,55,7.575,5.201657,0,0,1,0,0,3,0,0,0,0,2,0
1773847081461,22682,0.0071943416,57,3.22,5.211521,0,0,1,0,0,3,0,0,0,0,2,0
1773847125646,22731,0.20299819,49,0,5.25114,0,0,1,0,0,3,0,0,0,30000,2,0
1773847127651,22736,0.2776919,5,4.558,5.001663,0,0,1,0,0,3,0,0,0,0,2,0
1773847141677,22787,0.004012642,51,3.262,5.009158,0,0,1,0,0,3,0,0,0,0,2,0
1773847173799,22837,0.004325259,50,3.617,5.013138,0,0,1,0,0,3,0,0,0,0,2,0
1773847205906,22891,0.004504553,54,3.542,4.998418,0,0,1,0,0,3,0,0,0,0,2,0
1773847215944,22942,0.0039771697,51,4.244,4.9836884,0,0,1,0,0,3,0,0,0,0,2,0
1773847262113,22999,0.0071841157,57,4.079,4.979087,0,0,1,0,0,3,0,0,0,0,2,0
1773847276179,23049,0.0047389255,50,9.025,4.471652,0,0,1,0,0,3,0,0,0,0,2,0
1773847324375,23097,0.19889745,48,0,4.508008,0,0,1,0,0,3,0,0,0,30000,2,0
1773847326391,23108,0.20986967,11,2.197,4.519768,0,0,1,0,0,3,0,0,0,0,2,0
1773847342452,23158,0.0044335783,50,3.117,4.526166,0,0,1,0,0,3,0,0,0,0,2,0
1773847394603,23221,0.019423189,63,5.841,4.432512,0,0,1,0,0,3,0,0,0,0,2,0
1773847422731,23275,0.0048298407,54,2.524,4.4257007,0,0,1,0,0,3,0,0,0,0,2,0
1773847466921,23325,0.004428228,50,4.064,4.4253263,0,0,1,0,0,3,0,0,0,0,2,0
1773847487025,23379,0.004589716,54,7.875,4.4388037,0,0,1,0,0,3,0,0,0,0,2,0
1773847525189,23413,0.11965595,34,0,4.480263,0,0,1,0,0,3,0,0,0,30000,2,0
1773847527206,23429,0.1635396,16,4.472,4.4806113,0,0,1,0,0,3,0,0,0,0,2,0
1773847541337,23479,0.024784671,50,41.575,6.3829026,0,0,1,0,0,3,0,0,0,0,2,0
1773847593550,23541,0.0151581885,62,16.505,6.503835,0,0,1,0,0,3,0,0,0,0,2,0
1773847603611,23594,0.0035007808,53,6.575,6.496438,0,0,1,0,0,3,0,0,0,0,2,0
1773847625667,23644,0.004060126,50,4.976,6.4946413,0,0,1,0,0,3,0,0,0,0,2,0
1773847667813,23698,0.0038084236,54,7.022,6.4557924,0,0,1,0,0,3,0,0,0,0,2,0
1773847724005,23748,0.0043206005,50,8.994,6.4650097,0,0,1,0,0,3,0,0,0,0,2,0
1773847734047,23809,0.013406711,61,3.611,6.4682655,0,0,1,0,0,3,0,0,0,0,2,0
1773847746064,23868,0.009156912,59,5.669,6.4427123,0,0,1,0,0,3,0,0,0,0,2,0
1773847794243,23927,0.009448251,59,3.816,6.440511,0,0,1,0,0,3,0,0,0,0,2,0
1773847818303,23981,0.0038700134,54,5.208,6.4360743,0,0,1,0,0,3,0,0,0,0,2,0
1773847862463,24038,0.011470927,57,27.927,6.979763,0,0,1,0,0,3,0,0,0,0,2,0
1773847884557,24094,0.004984498,56,10.703,6.957722,0,0,1,0,0,3,0,0,0,0,2,0
1773847918673,24147,0.0035132424,53,3.553,6.9639144,0,0,1,0,0,3,0,0,0,0,2,0
1773847938736,24200,0.0037625122,53,1.627,6.934972,0,0,1,0,0,3,0,0,0,0,2,0
1773847958846,24254,0.003661061,54,7.698,6.894275,0,0,1,0,0,3,0,0,0,0,2,0
1773847988963,24315,0.012802458,61,5.246,6.8945394,0,0,1,0,0,3,0,0,0,0,2,0
1773847998982,24370,0.0042592953,55,5.569,6.8528414,0,0,1,0,0,3,0,0,0,0,2,0
1773848009010,24424,0.0037805887,54,4.539,6.8499494,0,0,1,0,0,3,0,0,0,0,2,0
1773848059227,24477,0.0036444901,53,4.34,6.260209,0,0,1,0,0,3,0,0,0,0,2,0
1773848067256,24527,0.00412583,50,4.326,6.097474,0,0,1,0,0,3,0,0,0,0,2,0
1773848079295,24586,0.009117483,59,8.527,6.1044097,0,0,1,0,0,3,0,0,0,0,2,0
1773848105398,24636,0.004175234,50,2.96,6.100873,0,0,1,0,0,3,0,0,0,0,2,0
1773848133482,24687,0.003765177,51,3.551,6.105672,0,0,1,0,0,3,0,0,0,0,2,0
1773848181676,24737,0.004125112,50,4.301,6.1046352,0,0,1,0,0,3,0,0,0,0,2,0
1773848207756,24794,0.0064891246,57,5.274,6.098793,0,0,1,0,0,3,0,0,0,0,2,0
1773848239905,24845,0.0037791084,51,3.374,6.0878224,0,0,1,0,0,3,0,0,0,0,2,0
1773848255986,24897,0.0035670267,52,4.978,6.0804033,0,0,1,0,0,3,0,0,0,0,2,0
1773848282077,24951,0.0039411765,54,7.175,6.0824814,0,0,1,0,0,3,0,0,0,0,2,0
1773848320249,25014,0.01907256,63,2.072,6.057823,0,0,1,0,0,3,0,0,0,0,2,0
1773848338312,25066,0.0036173551,52,3.964,6.0595255,0,0,1,0,0,3,0,0,0,0,2,0
1773848354388,25121,0.0045287954,55,6.276,6.059975,0,0,1,0,0,3,0,0,0,0,2,0
1773848394521,25171,0.0041572955,50,3.429,6.063252,0,0,1,0,0,3,0,0,0,0,2,0
1773848402550,25221,0.0041343947,50,4.958,6.0224757,0,0,1,0,0,3,0,0,0,0,2,0
1773848414626,25280,0.009472175,59,5.154,6.012831,0,0,1,0,0,3,0,0,0,0,2,0
1773848424658,25330,0.004153999,50,3.88,5.9805245,0,0,1,0,0,3,0,0,0,0,2,0
1773848454795,25330,0.21787353,0,0,6.014879,0,0,1,0,0,3,0,0,0,30000,2,0
1773848476883,25380,0.004184383,50,6.559,6.003412,0,0,1,0,0,3,0,0,0,0,2,0
1773848486900,25434,0.004105219,54,4.03,6.001114,0,0,1,0,0,3,0,0,0,0,2,0
1773848521056,25456,0.10487548,22,0,6.0284996,0,0,1,0,0,3,0,0,0,30000,2,0
1773848531095,25498,0.11746358,42,82.227,11.253574,0,0,1,0,0,3,0,0,0,0,2,0
1773848553183,25550,0.0026245625,52,4.856,11.248873,0,0,1,0,0,3,0,0,0,0,2,0
1773848599345,25604,0.0024404493,54,9.353,11.249227,0,0,1,0,0,3,0,0,0,0,2,0
1773848613412,25656,0.0028289543,52,2.849,11.227605,0,0,1,0,0,3,0,0,0,0,2,0
1773848651567,25717,0.011176021,61,1.753,11.237923,0,0,1,0,0,3,0,0,0,0,2,0
1773848675662,25769,0.0027754414,52,10.994,11.248908,0,0,1,0,0,3,0,0,0,0,2,0
1773848685693,25819,0.003698883,50,8.164,11.249652,0,0,1,0,0,3,0,0,0,0,2,0
1773848715817,25875,0.0032605522,56,8.894,11.242143,0,0,1,0,0,3,0,0,0,0,2,0
1773848725868,25928,0.0023705887,53,7.704,11.20716,0,0,1,0,0,3,0,0,0,0,2,0
1773848735899,25982,0.0025208741,54,5.794,11.2037,0,0,1,0,0,3,0,0,0,0,2,0
1773848745950,26037,0.0027355386,55,8.408,11.193657,0,0,1,0,0,3,0,0,0,0,2,0
1773848792155,26088,0.003132195,51,3.337,11.195139,0,0,1,0,0,3,0,0,0,0,2,0
1773848802201,26147,0.00680108,59,5.441,11.187735,0,0,1,0,0,3,0,0,0,0,2,0
1773848820258,26198,0.0030817746,51,3.896,11.189303,0,0,1,0,0,3,0,0,0,0,2,0
1773848864441,26260,0.011922023,62,7.716,11.182065,0,0,1,0,0,3,0,0,0,0,2,0
1773848874465,26311,0.0031586017,51,3.083,11.192439,0,0,1,0,0,3,0,0,0,0,2,0
1773848928670,26372,0.010760961,61,3.295,11.166484,0,0,1,0,0,3,0,0,0,0,2,0
1773848948710,26432,0.008879812,60,3.301,11.159424,0,0,1,0,0,3,0,0,0,0,2,0
1773848994868,26495,0.015259535,63,3.36,11.158033,0,0,1,0,0,3,0,0,0,0,2,0
1773849014942,26548,0.0032688046,53,15.295,11.199839,0,0,1,0,0,3,0,0,0,0,2,0
1773849059116,26601,0.0025896612,53,3.911,11.19157,0,0,1,0,0,3,0,0,0,0,2,0
1773849087245,26655,0.0029341893,54,2.495,11.200785,0,0,1,0,0,3,0,0,0,0,2,0
1773849129421,26705,0.0037610652,50,3.109,11.213716,0,0,1,0,0,3,0,0,0,0,2,0
1773849155513,26765,0.008226613,60,6.484,11.17562,0,0,1,0,0,3,0,0,0,0,2,0
1773849199664,26815,0.003663278,50,7.45,11.169105,0,0,1,0,0,3,0,0,0,0,2,0
1773849219724,26867,0.0029595657,52,11.206,10.326769,0,0,1,0,0,3,0,0,0,0,2,0
1773849247858,26928,0.010747961,61,5.438,10.259841,0,0,1,0,0,3,0,0,0,0,2,0
1773849261988,26984,0.00396579,56,4.145,10.265473,0,0,1,0,0,3,0,0,0,0,2,0
1773849292098,27034,0.0037528991,50,3.499,10.27135,0,0,1,0,0,3,0,0,0,0,2,0
1773849322215,27034,0.2331829,0,0,10.306265,0,0,1,0,0,3,0,0,0,30000,2,0
1773849340261,27087,0.0026549133,53,4.763,10.305103,0,0,1,0,0,3,0,0,0,0,2,0
1773849348299,27137,0.003674468,50,6.375,10.298007,0,0,1,0,0,3,0,0,0,0,2,0
1773849394461,27189,0.0028365974,52,3.707,10.303972,0,0,1,0,0,3,0,0,0,0,2,0
1773849412533,27245,0.004116629,56,3.165,10.307112,0,0,1,0,0,3,0,0,0,0,2,0
1773849454661,27275,0.099771224,30,0,10.338815,0,0,1,0,0,3,0,0,0,30000,2,0
1773849460681,27302,0.08478391,27,1.635,9.999426,0,0,1,0,0,3,0,0,0,0,2,0
1773849478741,27372,0.040902816,70,1.283,10.001015,0,0,1,0,0,3,0,0,0,0,2,0
1773849527283,27428,0.0044326927,56,2.039,10.008627,0,0,1,0,0,3,0,0,0,0,2,0
1773849543359,27478,0.0037348324,50,7.498,9.994987,0,0,1,0,0,3,0,0,0,0,2,0
1773849589563,27503,0.100040756,25,0,10.021262,0,0,1,0,0,3,0,0,0,30000,2,0
1773849595603,27528,0.09871887,25,3.64,10.025068,0,0,1,0,0,3,0,0,0,0,2,0
1773849615693,27578,0.003864417,50,2.334,10.035011,0,0,1,0,0,3,0,0,0,0,2,0
1773849657870,27634,0.0044997814,56,1.681,10.0473175,0,0,1,0,0,3,0,0,0,0,2,0
1773849671919,27686,0.002846441,52,3.971,10.048291,0,0,1,0,0,3,0,0,0,0,2,0
1773849724103,27740,0.0029273126,54,4.214,10.048566,0,0,1,0,0,3,0,0,0,0,2,0
1773849742249,27792,0.002821627,52,4.273,10.044687,0,0,1,0,0,3,0,0,0,0,2,0
1773849792484,27849,0.005355515,57,2.142,10.048788,0,0,1,0,0,3,0,0,0,0,2,0
1773849804503,27915,0.024264233,66,4.845,10.045609,0,0,1,0,0,3,0,0,0,0,2,0
1773849814545,27967,0.0030425405,52,2.258,10.053527,0,0,1,0,0,3,0,0,0,0,2,0
1773849852728,27995,0.0989485,28,0,10.078726,0,0,1,0,0,3,0,0,0,30000,2,0
1773849856747,28019,0.12017766,24,24.153,10.330937,0,0,1,0,0,3,0,0,0,0,2,0
1773849876844,28084,0.021880237,65,1.839,10.343109,0,0,1,0,0,3,0,0,0,0,2,0
1773849923053,28141,0.0051146923,57,2.753,10.34946,0,0,1,0,0,3,0,0,0,0,2,0
1773849939091,28191,0.0036735933,50,5.185,10.3387575,0,0,1,0,0,3,0,0,0,0,2,0
1773849989310,28244,0.002934949,53,2.367,10.345393,0,0,1,0,0,3,0,0,0,0,2,0
1773849999366,28295,0.0034609302,51,1.195,10.361718,0,0,1,0,0,3,0,0,0,0,2,0
1773850013431,28352,0.0054818615,57,1.167,10.373681,0,0,1,0,0,3,0,0,0,0,2,0
1773850057641,28407,0.0034070944,55,3.236,10.378036,0,0,1,0,0,3,0,0,0,0,2,0
1773850067673,28460,0.0031617892,53,1.044,10.394305,0,0,1,0,0,3,0,0,0,0,2,0
1773850087734,28513,0.0029326838,53,2.324,10.400347,0,0,1,0,0,3,0,0,0,0,2,0
1773850131910,28565,0.0026707854,52,6.504,10.376156,0,0,1,0,0,3,0,0,0,0,2,0
1773850143952,28615,0.003974945,50,1.343,10.390158,0,0,1,0,0,3,0,0,0,0,2,0
1773850186160,28649,0.105775155,34,0,10.412238,0,0,1,0,0,3,0,0,0,30000,2,0
1773850190178,28675,0.09166667,26,1.451,10.401528,0,0,1,0,0,3,0,0,0,0,2,0
1773850204256,28738,0.019685071,63,6.943,3.900962,0,0,1,0,0,3,0,0,0,0,2,0
1773850222338,28791,0.0046166987,53,1.861,3.9140828,0,0,1,0,0,3,0,0,0,0,2,0
1773850268561,28851,0.013382287,60,1.665,3.878987,0,0,1,0,0,3,0,0,0,0,2,0
1773850284629,28905,0.004792625,54,6.835,3.8870125,0,0,1,0,0,3,0,0,0,0,2,0
1773850326846,28966,0.01469773,61,6.476,3.8814034,0,0,1,0,0,3,0,0,0,0,2,0
1773850344912,29023,0.009911044,57,21.409,4.3433466,0,0,1,0,0,3,0,0,0,0,2,0
1773850387158,29074,0.0043318863,51,1.294,4.3390613,0,0,1,0,0,3,0,0,0,0,2,0
1773850401224,29132,0.008658568,58,7.179,4.3170943,0,0,1,0,0,3,0,0,0,0,2,0
1773850413297,29186,0.005021345,54,1.468,4.3134933,0,0,1,0,0,3,0,0,0,0,2,0
1773850449483,29215,0.10834145,29,0,4.3435163,0,0,1,0,0,3,0,0,0,30000,2,0
1773850453488,29239,0.09885115,24,1.423,4.326325,0,0,1,0,0,3,0,0,0,0,2,0
1773850469559,29292,0.0044915145,53,10.53,4.395886,0,0,1,0,0,3,0,0,0,0,2,0
1773850519777,29354,0.017905988,62,1.052,4.4116096,0,0,1,0,0,3,0,0,0,0,2,0
1773850529803,29405,0.004327691,51,1.156,4.42783,0,0,1,0,0,3,0,0,0,0,2,0
1773850543840,29459,0.0045874543,54,7.679,4.427371,0,0,1,0,0,3,0,0,0,0,2,0
1773850588045,29513,0.004950841,54,1.631,4.436637,0,0,1,0,0,3,0,0,0,0,2,0
1773850602077,29572,0.011057338,59,1.622,4.4465494,0,0,1,0,0,3,0,0,0,0,2,0
1773850614118,29622,0.0045494596,50,1.542,4.4570107,0,0,1,0,0,3,0,0,0,0,2,0
1773850650286,29648,0.1052249,26,0,4.485144,0,0,1,0,0,3,0,0,0,30000,2,0
1773850656318,29673,0.09254434,25,2.842,4.257413,0,0,1,0,0,3,0,0,0,0,2,0
1773850676412,29724,0.004147903,51,4.522,4.258212,0,0,1,0,0,3,0,0,0,0,2,0
1773850720621,29785,0.015429286,61,1.399,4.265883,0,0,1,0,0,3,0,0,0,0,2,0
1773850734674,29840,0.005693388,55,1.932,4.271561,0,0,1,0,0,3,0,0,0,0,2,0
1773850750734,29892,0.004309565,52,1.524,4.267684,0,0,1,0,0,3,0,0,0,0,2,0
1773850794955,29942,0.0045267837,50,2.361,4.245386,0,0,1,0,0,3,0,0,0,0,2,0
1773850805005,30002,0.01300154,60,2.552,4.1397786,0,0,1,0,0,3,0,0,0,0,2,0
1773850851223,30056,0.0049879756,54,2.144,4.1362987,0,0,1,0,0,3,0,0,0,0,2,0
1773850867292,30120,0.023757227,64,1.266,4.144528,0,0,1,0,0,3,0,0,0,0,2,0
1773850917502,30180,0.013187241,60,1.74,4.1498766,0,0,1,0,0,3,0,0,0,0,2,0
1773850931546,30231,0.0043037133,51,2.058,4.1312385,0,0,1,0,0,3,0,0,0,0,2,0
1773850945626,30287,0.0068026446,56,1.547,4.1344604,0,0,1,0,0,3,0,0,0,0,2,0
1773850989841,30337,0.004624632,50,1.392,4.124514,0,0,1,0,0,3,0,0,0,0,2,0
1773851005896,30396,0.011291568,59,1.431,4.1308055,0,0,1,0,0,3,0,0,0,0,2,0
1773851050088,30446,0.0045770374,50,1.942,4.134128,0,0,1,0,0,3,0,0,0,0,2,0
1773851060134,30504,0.009534301,58,1.548,4.119473,0,0,1,0,0,3,0,0,0,0,2,0
1773851074189,30560,0.0064543346,56,3.908,4.114876,0,0,1,0,0,3,0,0,0,0,2,0
1773851118416,30616,0.0068213344,56,1.5,4.113283,0,0,1,0,0,3,0,0,0,0,2,0
1773851134490,30667,0.004346601,51,1.643,4.1155114,0,0,1,0,0,3,0,0,0,0,2,0
1773851144518,30717,0.004671578,50,0.976,4.091455,0,0,1,0,0,3,0,0,0,0,2,0
1773851194720,30785,0.038253486,68,1.265,4.0789013,0,0,1,0,0,3,0,0,0,0,2,0
1773851206789,30835,0.0046296283,50,1.42,4.0847626,0,0,1,0,0,3,0,0,0,0,2,0
1773851255010,30885,0.004528231,50,2.933,4.083448,0,0,1,0,0,3,0,0,0,0,2,0
1773851269063,30936,0.004390204,51,1.297,4.0859747,0,0,1,0,0,3,0,0,0,0,2,0
1773851317231,31007,0.051695254,71,1.241,4.0920086,0,0,1,0,0,3,0,0,0,0,2,0
1773851333281,31058,0.004371056,51,1.453,4.095255,0,0,1,0,0,3,0,0,0,0,2,0
1773851349328,31108,0.0046504945,50,1.169,4.0996904,0,0,1,0,0,3,0,0,0,0,2,0
1773851387456,31160,0.00435397,52,1.539,4.1025076,0,0,1,0,0,3,0,0,0,0,2,0
1773851399486,31211,0.0045216247,51,9.739,4.179909,0,0,1,0,0,3,0,0,0,0,2,0
1773851417543,31267,0.006309413,56,5.042,4.1850023,0,0,1,0,0,3,0,0,0,0,2,0
1773851457711,31318,0.004302017,51,1.977,4.1686654,0,0,1,0,0,3,0,0,0,0,2,0
1773851473797,31371,0.004887503,53,1.576,3.2316937,0,0,1,0,0,3,0,0,0,0,2,0
1773851513935,31423,0.004650874,52,1.186,3.2359304,0,0,1,0,0,3,0,0,0,0,2,0
1773851525977,31475,0.0046380674,52,1.275,3.2418084,0,0,1,0,0,3,0,0,0,0,2,0
1773851538007,31530,0.0061981333,55,1.577,3.231666,0,0,1,0,0,3,0,0,0,0,2,0
1773851582141,31591,0.015421328,61,4.721,3.2402492,0,0,1,0,0,3,0,0,0,0,2,0
1773851600204,31644,0.0048905658,53,1.536,3.2378728,0,0,1,0,0,3,0,0,0,0,2,0
1773851616255,31695,0.0045500207,51,1.817,3.2337117,0,0,1,0,0,3,0,0,0,0,2,0
1773851660419,31749,0.005250916,54,10.324,3.3646927,0,0,1,0,0,3,0,0,0,0,2,0
1773851672481,31801,0.0045278664,52,1.937,3.3586743,0,0,1,0,0,3,0,0,0,0,2,0
1773851718658,31853,0.004575995,52,1.488,3.3626964,0,0,1,0,0,3,0,0,0,0,2,0
1773851734709,31907,0.00538541,54,1.518,3.336752,0,0,1,0,0,3,0,0,0,0,2,0
1773851778906,31949,0.16199844,42,0,3.3503993,0,0,1,0,0,3,0,0,0,30000,2,0
1773851782920,31968,0.1349809,19,1.204,3.3377817,0,0,1,0,0,3,0,0,0,0,2,0
1773851796975,32019,0.00441569,51,3.523,3.3340595,0,0,1,0,0,3,0,0,0,0,2,0
1773851813040,32074,0.0060720625,55,2.211,3.295532,0,0,1,0,0,3,0,0,0,0,2,0
1773851851228,32126,0.0045697335,52,1.722,3.296204,0,0,1,0,0,3,0,0,0,0,2,0
1773851865277,32177,0.0044479617,51,6.572,3.3256052,0,0,1,0,0,3,0,0,0,0,2,0
1773851879327,32229,0.0044519627,52,3.086,3.288361,0,0,1,0,0,3,0,0,0,0,2,0
1773851921533,32284,0.0058679204,55,4.125,3.260425,0,0,1,0,0,3,0,0,0,0,2,0
1773851939617,32336,0.0049482505,52,1.253,2.2699454,0,0,1,0,0,3,0,0,0,0,2,0
1773851981809,32386,0.005035362,50,1.223,2.2705405,0,0,1,0,0,3,0,0,0,0,2,0
1773851997871,32444,0.010476912,58,2.472,2.1918795,0,0,1,0,0,3,0,0,0,0,2,0
1773852046071,32507,0.022351034,63,1.256,2.1934483,0,0,1,0,0,3,0,0,0,0,2,0
1773852060125,32570,0.022425374,63,1.05,2.1793244,0,0,1,0,0,3,0,0,0,0,2,0
1773852074176,32631,0.016438287,61,3.503,2.1797912,0,0,1,0,0,3,0,0,0,0,2,0
1773852112402,32652,0.111454256,21,0,1.948701,0,0,1,0,0,3,0,0,0,30000,2,0
1773852116423,32681,0.06652256,29,3.489,1.9480759,0,0,1,0,0,3,0,0,0,0,2,0
1773852136487,32737,0.007812611,56,1.979,1.94305,0,0,1,0,0,3,0,0,0,0,2,0
1773852182785,32794,0.00922881,57,1.88,1.823219,0,0,1,0,0,3,0,0,0,0,2,0
1773852198873,32848,0.00584512,54,2.955,1.8236607,0,0,1,0,0,3,0,0,0,0,2,0
1773852243035,32898,0.0051320586,50,1.376,1.8252693,0,0,1,0,0,3,0,0,0,0,2,0
1773852253070,32956,0.010852577,58,1.686,1.8244706,0,0,1,0,0,3,0,0,0,0,2,0
1773852265116,33013,0.009275095,57,1.686,1.8036603,0,0,1,0,0,3,0,0,0,0,2,0
1773852311326,33064,0.0049711503,51,1.583,1.8043891,0,0,1,0,0,3,0,0,0,0,2,0
1773852325397,33129,0.028158482,65,4.656,1.8070779,0,0,1,0,0,3,0,0,0,0,2,0
1773852339467,33183,0.0056829327,54,6.015,1.8620908,0,0,1,0,0,3,0,0,0,0,2,0
1773852381638,33235,0.005081112,52,1.274,1.866148,0,0,1,0,0,3,0,0,0,0,2,0
1773852399723,33302,0.036367092,67,1.557,1.8659286,0,0,1,0,0,3,0,0,0,0,2,0
1773852443923,33354,0.005096157,52,1.126,1.8719257,0,0,1,0,0,3,0,0,0,0,2,0
1773852457988,33409,0.0067769065,55,1.9,1.8723806,0,0,1,0,0,3,0,0,0,0,2,0
1773852470037,33461,0.0048728515,52,6.14,1.9316757,0,0,1,0,0,3,0,0,0,0,2,0
1773852516252,33514,0.0053861113,53,1.427,1.9303443,0,0,1,0,0,3,0,0,0,0,2,0
1773852530311,33576,0.01963882,62,1.599,1.9311419,0,0,1,0,0,3,0,0,0,0,2,0
1773852578520,33635,0.012684659,59,1.387,1.9346108,0,0,1,0,0,3,0,0,0,0,2,0
1773852588576,33688,0.0053476607,53,1.736,1.9335163,0,0,1,0,0,3,0,0,0,0,2,0
1773852606654,33746,0.010921552,58,1.032,1.9368442,0,0,1,0,0,3,0,0,0,0,2,0
1773852642824,33762,0.1205401,16,0,1.9555409,0,0,1,0,0,3,0,0,0,30000,2,0
1773852650852,33806,0.011254794,44,1.271,1.9593973,0,0,1,0,0,3,0,0,0,0,2,0
1773852666910,33859,0.005232334,53,2.8,1.9578289,0,0,1,0,0,3,0,0,0,0,2,0
1773852709086,33911,0.005033243,52,1.447,1.9508258,0,0,1,0,0,3,0,0,0,0,2,0
1773852723150,33968,0.009087066,57,2.287,1.9482081,0,0,1,0,0,3,0,0,0,0,2,0
1773852775370,34030,0.019760689,62,1.102,1.9522735,0,0,1,0,0,3,0,0,0,0,2,0
1773852787438,34082,0.005026525,52,1.52,1.9476424,0,0,1,0,0,3,0,0,0,0,2,0
1773852803512,34134,0.0050558005,52,1.253,1.9477441,0,0,1,0,0,3,0,0,0,0,2,0
1773852847670,34184,0.0050267964,50,5.216,1.9771769,0,0,1,0,0,3,0,0,0,0,2,0
1773852859721,34239,0.00681533,55,1.313,1.9802235,0,0,1,0,0,3,0,0,0,0,2,0
1773852871775,34290,0.004833483,51,2.869,1.976775,0,0,1,0,0,3,0,0,0,0,2,0
1773852913963,34345,0.006696784,55,2.129,1.9718906,0,0,1,0,0,3,0,0,0,0,2,0
1773852928019,34398,0.005327484,53,1.789,1.9698434,0,0,1,0,0,3,0,0,0,0,2,0
1773852972244,34451,0.005227225,53,2.83,1.9644914,0,0,1,0,0,3,0,0,0,0,2,0
1773852986281,34503,0.005033897,52,1.395,1.9655793,0,0,1,0,0,3,0,0,0,0,2,0
1773853000334,34561,0.010498763,58,4.15,1.7506927,0,0,1,0,0,3,0,0,0,0,2,0
1773853046559,34618,0.0093621295,57,1.477,1.7199157,0,0,1,0,0,3,0,0,0,0,2,0
1773853064668,34681,0.02263385,63,1.647,1.721289,0,0,1,0,0,3,0,0,0,0,2,0
1773853104855,34714,0.12631664,33,0,1.7421556,0,0,1,0,0,3,0,0,0,30000,2,0
1773853106858,34731,0.14980485,17,1.717,1.7383615,0,0,1,0,0,3,0,0,0,0,2,0
1773853120909,34786,0.006535445,55,4.945,1.7655272,0,0,1,0,0,3,0,0,0,0,2,0
1773853130955,34838,0.0050329543,52,8.32,1.9136971,0,0,1,0,0,3,0,0,0,0,2,0
1773853175164,34891,0.005412155,53,1.326,1.8959872,0,0,1,0,0,3,0,0,0,0,2,0
1773853189229,34944,0.005129498,53,5.624,1.9355648,0,0,1,0,0,3,0,0,0,0,2,0
1773853201270,34997,0.0053915037,53,1.359,1.9386432,0,0,1,0,0,3,0,0,0,0,2,0
1773853243457,35048,0.0050496273,51,1.169,1.668994,0,0,1,0,0,3,0,0,0,0,2,0
1773853257518,35105,0.008742517,57,7.322,1.7817769,0,0,1,0,0,3,0,0,0,0,2,0
1773853269549,35155,0.0051382207,50,1.439,1.7821614,0,0,1,0,0,3,0,0,0,0,2,0
1773853313733,35208,0.005259465,53,3.377,1.7833817,0,0,1,0,0,3,0,0,0,0,2,0
1773853327789,35261,0.00538882,53,1.98,1.7587056,0,0,1,0,0,3,0,0,0,0,2,0
1773853374009,35325,0.025671326,64,1.72,1.7542989,0,0,1,0,0,3,0,0,0,0,2,0
1773853386049,35381,0.007786773,56,2.87,1.7497829,0,0,1,0,0,3,0,0,0,0,2,0
1773853402111,35433,0.005120309,52,1.262,1.7554684,0,0,1,0,0,3,0,0,0,0,2,0
1773853438288,35447,0.12677537,14,0,1.7787133,0,0,1,0,0,3,0,0,0,30000,2,0
1773853446317,35498,0.0050356397,51,1.206,1.7037537,0,0,1,0,0,3,0,0,0,0,2,0
1773853462394,35556,0.010382563,58,5.296,1.7415076,0,0,1,0,0,3,0,0,0,0,2,0
1773853508605,35611,0.006929158,55,1.347,1.7306858,0,0,1,0,0,3,0,0,0,0,2,0
1773853522649,35672,0.016226485,61,6.927,1.8188152,0,0,1,0,0,3,0,0,0,0,2,0
1773853536694,35724,0.0049787997,52,2.58,1.8132199,0,0,1,0,0,3,0,0,0,0,2,0
1773853580886,35778,0.0056763794,54,6.608,1.8871423,0,0,1,0,0,3,0,0,0,0,2,0
1773853594943,35829,0.004822155,51,4.416,1.896417,0,0,1,0,0,3,0,0,0,0,2,0
1773853606994,35882,0.00520945,53,3.482,1.8912338,0,0,1,0,0,3,0,0,0,0,2,0
1773853647161,35932,0.0050507244,50,2.495,1.8873692,0,0,1,0,0,3,0,0,0,0,2,0
1773853661227,35983,0.004960443,51,1.499,1.8650261,0,0,1,0,0,3,0,0,0,0,2,0
1773853671278,36036,0.0051480746,53,6.434,1.9230305,0,0,1,0,0,3,0,0,0,0,2,0
1773853713454,36101,0.028953515,65,1.382,1.9274487,0,0,1,0,0,3,0,0,0,0,2,0
1773853729537,36163,0.019636236,62,1.614,1.9292561,0,0,1,0,0,3,0,0,0,0,2,0
1773853773739,36215,0.0050228317,52,1.605,1.932457,0,0,1,0,0,3,0,0,0,0,2,0
1773853789829,36267,0.0050200154,52,1.64,1.9302006,0,0,1,0,0,3,0,0,0,0,2,0
1773853803873,36324,0.008868283,57,3.893,1.9338716,0,0,1,0,0,3,0,0,0,0,2,0
1773853846053,36376,0.004878926,52,6.813,1.9993887,0,0,1,0,0,3,0,0,0,0,2,0
1773853858106,36428,0.004935607,52,2.318,1.9951544,0,0,1,0,0,3,0,0,0,0,2,0
1773853904301,36489,0.017104395,61,1.253,1.9874525,0,0,1,0,0,3,0,0,0,0,2,0
1773853914328,36542,0.005342018,53,1.749,1.944191,0,0,1,0,0,3,0,0,0,0,2,0
1773853928408,36593,0.00481486,51,3.72,1.9423242,0,0,1,0,0,3,0,0,0,0,2,0
1773853972598,36655,0.019732624,62,1.219,1.9456396,0,0,1,0,0,3,0,0,0,0,2,0
1773853982651,36705,0.005081372,50,1.683,1.9402393,0,0,1,0,0,3,0,0,0,0,2,0
1773853998698,36758,0.005201728,53,3.3,1.9399531,0,0,1,0,0,3,0,0,0,0,2,0
1773854028841,36812,0.0058191866,54,2.92,1.8895332,0,0,1,0,0,3,0,0,0,0,2,0
1773854040862,36865,0.005369011,53,1.707,1.8871672,0,0,1,0,0,3,0,0,0,0,2,0
1773854058922,36917,0.0049109026,52,3.271,1.8848337,0,0,1,0,0,3,0,0,0,0,2,0
1773854074975,36970,0.005186109,53,3.953,1.8855453,0,0,1,0,0,3,0,0,0,0,2,0
1773854103097,37021,0.004848686,51,3.187,1.8830612,0,0,1,0,0,3,0,0,0,0,2,0
1773854117189,37072,0.004968697,51,1.363,1.8789797,0,0,1,0,0,3,0,0,0,0,2,0
1773854131232,37122,0.0050319876,50,3.766,1.8527769,0,0,1,0,0,3,0,0,0,0,2,0
1773854159321,37180,0.010933062,58,1.213,1.8535109,0,0,1,0,0,3,0,0,0,0,2,0
1773854173387,37238,0.010875821,58,1.464,1.8602551,0,0,1,0,0,3,0,0,0,0,2,0
1773854189445,37294,0.007884249,56,1.816,1.8568649,0,0,1,0,0,3,0,0,0,0,2,0
1773854203489,37349,0.006893601,55,1.167,1.8661861,0,0,1,0,0,3,0,0,0,0,2,0
1773854241634,37406,0.008689597,57,6.356,1.9087311,0,0,1,0,0,3,0,0,0,0,2,0
1773854268029,37458,0.0067471615,52,16.856,2.5789878,0,0,1,0,0,3,0,0,0,0,2,0
1773854296175,37512,0.005403195,54,8.533,2.6573915,0,0,1,0,0,3,0,0,0,0,2,0
1773854312262,37570,0.00965513,58,7.162,2.6918216,0,0,1,0,0,3,0,0,0,0,2,0
1773854328391,37621,0.0045797527,51,4.644,2.6875029,0,0,1,0,0,3,0,0,0,0,2,0
1773854360526,37676,0.0060549034,55,5.325,2.6996143,0,0,1,0,0,3,0,0,0,0,2,0
1773854370566,37732,0.0075492803,56,1.233,2.7077856,0,0,1,0,0,3,0,0,0,0,2,0
1773854386640,37784,0.0046865316,52,2.458,2.7034054,0,0,1,0,0,3,0,0,0,0,2,0
1773854408722,37838,0.2144987,54,125.194,15.360705,0,0,1,0,0,3,0,0,0,0,2,0
1773854434844,37888,0.008892873,50,1.974,15.358646,0,0,1,0,0,3,0,0,0,0,2,0
1773854450884,37941,0.005886547,53,2.729,15.361153,0,0,1,0,0,3,0,0,0,0,2,0
1773854466956,37991,0.008475959,50,3.933,15.354966,0,0,1,0,0,3,0,0,0,0,2,0
1773854493053,38049,0.0066294824,58,1.198,15.35669,0,0,1,0,0,3,0,0,0,0,2,0
1773854509114,38101,0.0067754393,52,1.871,15.348556,0,0,1,0,0,3,0,0,0,0,2,0
1773854525192,38157,0.005281194,56,2.625,15.34573,0,0,1,0,0,3,0,0,0,0,2,0
1773854563341,38211,0.08815106,54,82.852,18.114548,0,0,1,0,0,3,0,0,0,0,2,0
1773854583398,38267,0.013075951,56,1.271,18.124292,0,0,1,0,0,3,0,0,0,0,2,0
1773854597455,38318,0.016053211,51,6.357,18.113266,0,0,1,0,0,3,0,0,0,0,2,0
1773854629637,38372,0.013665035,54,2.393,18.11992,0,0,1,0,0,3,0,0,0,0,2,0
1773854649761,38425,0.014216863,53,3.356,18.112982,0,0,1,0,0,3,0,0,0,0,2,0
1773854673861,38479,0.012078282,54,7.885,18.101809,0,0,1,0,0,3,0,0,0,0,2,0
1773854700025,38540,0.014512753,61,1.837,18.11073,0,0,1,0,0,3,0,0,0,0,2,0
1773854716306,38596,0.012810536,56,1.776,18.109331,0,0,1,0,0,3,0,0,0,0,2,0
1773854732374,38647,0.017514272,51,1.209,18.11703,0,0,1,0,0,3,0,0,0,0,2,0
1773854766502,38700,0.09638812,53,83.183,20.456003,0,0,1,0,0,3,0,0,0,0,2,0
1773854788784,38753,0.025370179,53,3.852,20.448036,0,0,1,0,0,3,0,0,0,0,2,0
1773854820886,38803,0.07676645,50,65.643,21.662502,0,0,1,0,0,3,0,0,0,0,2,0
1773854851033,38863,0.02835112,60,2.035,21.658583,0,0,1,0,0,3,0,0,0,0,2,0
1773854865093,38913,0.039791103,50,1.225,21.651432,0,0,1,0,0,3,0,0,0,0,2,0
1773854907295,38967,0.01935495,54,1.401,21.650394,0.11111111,0.11111111,1,0,0,3,0,0,0,0,2,1
1773854923371,39018,0.013973931,51,2.638,21.65945,0.11764706,0.0065359473,1,0,0,3,0,0,0,0,2,1
1773854965786,39082,0.01280724,64,1.613,21.65807,0.140625,0.02297794,1,0,0,3,0,0,0,0,2,2
1773854981847,39143,0.0077438382,61,1.691,21.674395,0.14754099,0.0069159865,1,0,0,3,0,0,0,0,2,2
1773855001956,39198,0.004413115,55,3.478,21.670788,0.16363636,0.01609537,1,0,0,3,0,0,0,0,2,2
1773855040440,39250,0.0058791153,52,4.266,21.676105,0.17307693,0.009440571,1,0,0,3,0,0,0,0,2,2
1773855060873,39300,0.008061781,50,5.653,21.672947,0.18,0.0069230795,1,0,0,3,0,0,0,0,2,2
1773855103900,39323,0.0392959,23,0,21.69006,0,-0.18,1,0,0,3,0,0,0,30000,2,2
1773855114026,39355,0.09463574,32,2.018,21.692215,0.16363636,0.16363636,1,0,0,3,0,0,0,0,2,2
1773855130083,39406,0.007199632,51,3.973,21.681862,0.1764706,0.012834236,1,0,0,3,0,0,0,0,2,2
1773855166663,39423,0.066051416,17,0,21.70641,0,-0.1764706,1,0,0,3,0,0,0,30000,2,2
1773855174705,39456,0.09315284,33,3.088,21.69874,0.18,0.18,1,0,0,3,0,0,0,0,2,2
1773855192799,39507,0.006855214,51,3.11,21.692125,0.1764706,-0.0035294145,1,0,0,3,0,0,0,0,2,2
1773855233242,39537,0.024089592,30,0,21.701025,0,-0.1764706,1,0,0,3,0,0,0,30000,2,2
1773855237250,39565,0.11880603,28,1.375,21.702356,0.15517241,0.15517241,1,0,0,3,0,0,0,0,2,2
1773855251455,39616,0.008278241,51,1.366,21.712973,0.1764706,0.021298185,1,0,0,3,0,0,0,0,2,2
1773855263494,39668,0.005814746,52,3.182,21.721905,0.17307693,-0.003393665,1,0,0,3,0,0,0,0,2,2
1773855299834,39683,0.07792899,15,0,21.733925,0,-0.17307693,1,0,0,3,0,0,0,30000,2,2
1773855309887,39725,0.045752034,42,2.919,21.726402,0.15789473,0.15789473,1,0,0,3,0,0,0,0,2,2
1773855334382,39776,0.0074107605,51,15.735,21.728962,0.1764706,0.018575862,1,0,0,3,0,0,0,0,2,2
1773855368571,39788,0.09776176,12,0,21.746897,0,-0.1764706,1,0,0,3,0,0,0,30000,2,2
1773855380643,39826,0.068287656,38,1.424,21.745834,0.18,0.18,1,0,0,3,0,0,0,0,2,2
1773855396702,39884,0.0049024937,58,2.398,21.74249,0.15517241,-0.0248276,1,0,0,3,0,0,0,0,2,2
1773855436940,39941,0.002927816,57,9.241,21.73254,0.15789473,0.002722323,1,0,0,3,0,0,0,0,2,2
1773855453016,39993,0.0069473786,52,1.281,21.74024,0.17307693,0.015182197,1,0,0,3,0,0,0,0,2,2
1773855465048,40049,0.0045546074,56,1.237,21.742655,0.16071428,-0.012362644,1,0,0,3,0,0,0,0,2,2
1773855505194,40108,0.0058076717,59,1.373,21.751211,0.15254237,-0.008171916,1,0,0,3,0,0,0,0,2,2
1773855523280,40164,0.0046281726,56,1.884,21.759605,0.16071428,0.008171916,1,0,0,3,0,0,0,0,2,2
1773855535304,40219,0.0044025755,55,2.552,21.762194,0.16363636,0.002922073,1,0,0,3,0,0,0,0,2,2
1773855571450,40275,0.004592601,56,1.386,21.762074,0.16071428,-0.002922073,1,0,0,3,0,0,0,0,2,2
1773855581494,40325,0.00953487,50,1.711,21.770613,0.18,0.019285724,1,0,0,3,0,0,0,0,2,2
1773855591530,40375,0.0088386955,50,1.278,21.770273,0.18,0,1,0,0,3,0,0,0,0,2,2
1773855603591,40427,0.0058647753,52,2.949,21.76354,0.17307693,-0.0069230795,1,0,0,3,0,0,0,0,2,2
1773855639748,40482,0.0043352707,55,2.194,21.76177,0.16363636,-0.009440571,1,0,0,3,0,0,0,0,2,2
1773855651826,40541,0.005798789,59,1.431,21.760395,0.15254237,-0.011093989,1,0,0,3,0,0,0,0,2,2
1773855661868,40595,0.004460501,54,5.074,21.762987,0.16666667,0.014124304,1,0,0,3,0,0,0,0,2,2
1773855698133,40646,0.007835459,51,1.289,21.755497,0.1764706,0.009803921,1,0,0,3,0,0,0,0,2,2
1773855710196,40696,0.007902078,50,7.509,21.755684,0.18,0.0035294145,1,0,0,3,0,0,0,0,2,2
1773855720226,40749,0.0052014557,53,2.216,21.768242,0.16981132,-0.010188684,1,0,0,3,0,0,0,0,2,2
1773855730248,40799,0.009260136,50,1.178,21.7813,0.18,0.010188684,1,0,0,3,0,0,0,0,2,2
1773855770392,40837,0.026772551,38,0,21.802029,0,-0.18,1,0,0,3,0,0,0,30000,2,2
1773855774402,40849,0.26714715,12,1.553,21.8005,0.18,0.18,1,0,0,3,0,0,0,0,2,2
1773855790459,40907,0.0045204777,58,3.767,21.795856,0.15517241,-0.0248276,1,0,0,3,0,0,0,0,2,2
1773855818557,40957,0.012981766,50,27.512,16.257559,0.18,0.0248276,1,0,0,3,0,0,0,0,2,2
1773855842668,41010,0.003090762,53,14.271,16.275007,0.16981132,-0.010188684,1,0,0,3,0,0,0,0,2,2
1773855854703,41072,0.010919126,62,3.019,16.273932,0.14516129,-0.024650037,1,0,0,3,0,0,0,0,2,2
1773855866757,41124,0.0047261827,52,2.419,16.279102,0.17307693,0.027915642,1,0,0,3,0,0,0,0,2,2
1773855888880,41179,0.0030121596,55,1.294,16.2786,0.16363636,-0.009440571,1,0,0,3,0,0,0,0,2,2
1773855903093,41237,0.0040871194,58,7.627,16.267437,0.15517241,-0.008463949,1,0,0,3,0,0,0,0,2,2
1773855915129,41296,0.006372756,59,1.668,16.271717,0.15254237,-0.00263004,1,0,0,3,0,0,0,0,2,2
1773855925171,41349,0.003569267,53,5.289,13.15139,0.16981132,0.017268956,1,0,0,3,0,0,0,0,2,2
1773855941242,41403,0.0029774138,54,3.681,13.142425,0.16666667,-0.0031446517,1,0,0,3,0,0,0,0,2,2
1773855965486,41462,0.0073341136,59,1.357,13.152696,0.15254237,-0.014124304,1,0,0,3,0,0,0,0,2,2
1773855977638,41516,0.003921913,54,1.237,13.157806,0.16666667,0.014124304,1,0,0,3,0,0,0,0,2,2
1773855993702,41567,0.004232133,51,1.375,13.165205,0.1764706,0.009803921,1,0,0,3,0,0,0,0,2,2
1773856007752,41619,0.0032084393,52,2.314,13.167549,0.17307693,-0.003393665,1,0,0,3,0,0,0,0,2,2
1773856031856,41673,0.0031828275,54,1.571,13.168716,0.16666667,-0.006410256,1,0,0,3,0,0,0,0,2,2
1773856043919,41724,0.004208341,51,1.572,13.169621,0.1764706,0.009803921,1,0,0,3,0,0,0,0,2,2
1773856055972,41781,0.004627309,57,2.81,13.16315,0.15789473,-0.018575862,1,0,0,3,0,0,0,0,2,2
1773856074042,41836,0.0048007565,55,2.038,8.796249,0.16363636,0.005741626,1,0,0,3,0,0,0,0,2,2
1773856098125,41893,0.006443295,57,1.403,8.802832,0.15789473,-0.005741626,1,0,0,3,0,0,0,0,2,2
1773856110169,41952,0.011508906,59,1.766,4.176343,0.15254237,-0.005352363,1,0,0,3,0,0,0,0,2,2
1773856122209,42008,0.0072411,56,3.152,4.17409,0.16071428,0.008171916,1,0,0,3,0,0,0,0,2,2
1773856134270,42062,0.0056965617,54,5.377,4.1760707,0.16666667,0.005952388,1,0,0,3,0,0,0,0,2,2
1773856152491,42114,0.005344528,52,1.691,4.1742663,0.17307693,0.006410256,1,0,0,3,0,0,0,0,2,2
1773856168567,42169,0.006361629,55,2.596,4.17436,0.16363636,-0.009440571,1,0,0,3,0,0,0,0,2,2
1773856180645,42220,0.005635118,51,1.477,4.1752067,0.1764706,0.012834236,1,0,0,3,0,0,0,0,2,2
1773856190693,42271,0.005293081,51,2.171,4.172906,0.1764706,0,1,0,0,3,0,0,0,0,2,2
1773856202767,42321,0.0057274634,50,1.163,4.1804976,0.18,0.0035294145,1,0,0,3,0,0,0,0,2,2
1773856226849,42372,0.00525317,51,1.715,4.1821055,0.1764706,-0.0035294145,1,0,0,3,0,0,0,0,2,2
1773856236867,42426,0.005796006,54,1.471,4.174983,0.16666667,-0.009803921,1,0,0,3,0,0,0,0,2,2
1773856248899,42478,0.0052792896,52,3.64,4.1574783,0.17307693,0.006410256,1,0,0,3,0,0,0,0,2,2
1773856260950,42535,0.008578322,57,1.97,4.157683,0.15789473,-0.015182197,1,0,0,3,0,0,0,0,2,2
1773856277007,42587,0.0055998713,52,1.496,4.161183,0.17307693,0.015182197,1,0,0,3,0,0,0,0,2,2
1773856293064,42639,0.005215283,52,2.124,4.1448336,0.17307693,0,1,0,0,3,0,0,0,0,2,2
1773856305099,42693,0.0057594916,54,1.953,4.147379,0.16666667,-0.006410256,1,0,0,3,0,0,0,0,2,2
1773856315129,42744,0.005554952,51,1.366,4.1529937,0.1764706,0.009803921,1,0,0,3,0,0,0,0,2,2
1773856327165,42802,0.010247321,58,1.323,4.1408887,0.15517241,-0.021298185,1,0,0,3,0,0,0,0,2,2
1773856343237,42852,0.0065043573,50,1.517,4.140002,0.18,0.0248276,1,0,0,3,0,0,0,0,2,2
1773856363439,42903,0.005245014,51,2.924,4.134297,0.1764706,-0.0035294145,1,0,0,3,0,0,0,0,2,2
1773856373450,42953,0.005725786,50,1.509,4.1391506,0.18,0.0035294145,1,0,0,3,0,0,0,0,2,2
1773856385469,43010,0.008770747,57,1.771,4.1242228,0.15789473,-0.022105277,1,0,0,3,0,0,0,0,2,2
1773856397531,43066,0.007170991,56,3.655,4.1246495,0.16071428,0.002819553,1,0,0,3,0,0,0,0,2,2
1773856435825,43123,0.008725331,57,1.407,3.8119245,0.15789473,-0.002819553,1,0,0,3,0,0,0,0,2,2
1773856449973,43177,0.006071223,54,1.706,3.797379,0.16666667,0.008771941,1,0,0,3,0,0,0,0,2,2
1773856464053,43229,0.0054025045,52,4.232,3.7958016,0.17307693,0.006410256,1,0,0,3,0,0,0,0,2,2
1773856494265,43282,0.00544204,53,2.754,3.7951963,0.16981132,-0.0032656044,1,0,0,3,0,0,0,0,2,2
1773856506351,43342,0.013915656,60,2.179,3.713691,0.15,-0.019811317,1,0,0,3,0,0,0,0,2,2
1773856518400,43393,0.0062381746,51,2.782,3.7082443,0.1764706,0.026470587,1,0,0,3,0,0,0,0,2,2
1773856536480,43445,0.005298974,52,3.352,3.702651,0.17307693,-0.003393665,1,0,0,3,0,0,0,0,2,2
1773856572647,43500,0.0065881,55,2.549,3.6977532,0.16363636,-0.009440571,1,0,0,3,0,0,0,0,2,2
1773856584671,43555,0.0066758012,55,1.619,3.6991005,0.16363636,0,1,0,0,3,0,0,0,0,2,2
1773856594715,43609,0.0059509664,54,2.555,3.699095,0.16666667,0.003030315,1,0,0,3,0,0,0,0,2,2
1773856610767,43663,0.0059572277,54,2.145,3.6952689,0.16666667,0,1,0,0,3,0,0,0,0,2,2
1773856628851,43722,0.011579271,59,4.289,3.6954384,0.15254237,-0.014124304,1,0,0,3,0,0,0,0,2,2
1773856640898,43777,0.006842358,55,1.368,3.6947987,0.16363636,0.011093989,1,0,0,3,0,0,0,0,2,2
1773856652946,43836,0.011877912,59,1.777,3.6979384,0.15254237,-0.011093989,1,0,0,3,0,0,0,0,2,2
1773856663005,43886,0.006704532,50,2.19,3.697952,0.18,0.02745764,1,0,0,3,0,0,0,0,2,2
1773856683090,43940,0.006431416,54,10.859,3.8188224,0.16666667,-0.0133333355,1,0,0,3,0,0,0,0,2,2
1773856699160,43990,0.75260895,50,228.234,28.179407,0.18,0.0133333355,1,0,0,3,0,0,0,0,2,2
1773856711291,44049,0.01902309,59,1.541,28.178679,0.15254237,-0.02745764,1,0,0,3,0,0,0,0,2,2
1773856723331,44106,0.018085659,57,2.736,28.182558,0.15789473,0.005352363,1,0,0,3,0,0,0,0,2,2
1773856737387,44156,0.028010068,50,2.408,28.182108,0.18,0.022105277,1,0,0,3,0,0,0,0,2,2
1773856769491,44214,0.018408189,58,2.545,28.178543,0.15517241,-0.0248276,1,0,0,3,0,0,0,0,2,2
1773856781549,44269,0.020232212,55,1.357,28.174097,0.16363636,0.008463949,1,0,0,3,0,0,0,0,2,2
1773856793781,44330,0.019248568,61,1.484,28.17429,0.14754099,-0.01609537,1,0,0,3,0,0,0,0,2,2
1773856829951,44393,0.020331832,63,1.695,28.17871,0.14285715,-0.0046838373,1,0,0,3,0,0,0,0,2,2
1773856842005,44443,0.02854355,50,1.649,28.060593,0.18,0.037142858,1,0,0,3,0,0,0,0,2,2
1773856856097,44500,0.017594395,57,3.681,28.043488,0.15789473,-0.022105277,1,0,0,3,0,0,0,0,2,2
1773856866122,44550,0.027418552,50,2.486,28.04445,0.18,0.022105277,1,0,0,3,0,0,0,0,2,2
1773856892248,44601,0.023476511,51,6.092,28.04085,0.1764706,-0.0035294145,1,0,0,3,0,0,0,0,2,2
1773856904329,44653,0.023282656,52,1.91,28.039328,0.17307693,-0.003393665,1,0,0,3,0,0,0,0,2,2
1773856916405,44704,0.024661904,51,2.979,28.041172,0.1764706,0.003393665,1,0,0,3,0,0,0,0,2,2
1773856926453,44759,0.017376842,55,7.026,28.036173,0.16363636,-0.012834236,1,0,0,3,0,0,0,0,2,2
1773856960592,44811,0.023293927,52,2.177,28.040169,0.17307693,0.009440571,1,0,0,3,0,0,0,0,2,2
1773856972646,44865,0.020626415,54,1.663,28.043911,0.16666667,-0.006410256,1,0,0,3,0,0,0,0,2,2
1773856984691,44917,0.022558726,52,3.762,28.039299,0.17307693,0.006410256,1,0,0,3,0,0,0,0,2,2
1773856994751,44969,0.022566294,52,3.548,28.034601,0.17307693,0,1,0,0,3,0,0,0,0,2,2
1773857028855,45025,0.017041557,56,5.562,28.028484,0.16071428,-0.012362644,1,0,0,3,0,0,0,0,2,2
1773857040969,45085,0.017689073,60,2.423,28.028255,0.15,-0.010714278,1,0,0,3,0,0,0,0,2,2
1773857053026,45136,0.024349744,51,5.133,28.022696,0.1764706,0.026470587,1,0,0,3,0,0,0,0,2,2
1773857065063,45189,0.021806767,53,1.683,28.022415,0.16981132,-0.0066592693,1,0,0,3,0,0,0,0,2,2
1773857101251,45245,0.0188733,56,1.487,28.025383,0.16071428,-0.00909704,1,0,0,3,0,0,0,0,2,2
1773857113355,45297,0.021940935,52,5.461,28.020731,0.17307693,0.012362644,1,0,0,3,0,0,0,0,2,2
1773857127417,45347,0.027280204,50,1.581,28.02026,0.18,0.0069230795,1,0,0,3,0,0,0,0,2,2
1773857159645,45397,0.027276432,50,1.35,28.021341,0.18,0,1,0,0,3,0,0,0,0,2,2
1773857171698,45454,0.018432803,57,1.869,28.02398,0.15789473,-0.022105277,1,0,0,3,0,0,0,0,2,2
1773857185756,45506,0.023103261,52,2.753,28.027058,0.17307693,0.015182197,1,0,0,3,0,0,0,0,2,2
1773857197795,45556,0.027378395,50,1.43,28.027727,0.18,0.0069230795,1,0,0,3,0,0,0,0,2,2
1773857217885,45606,0.02700719,50,2.035,28.028929,0.18,0,1,0,0,3,0,0,0,0,2,2
1773857229905,45658,0.022655837,52,3.209,28.025246,0.17307693,-0.0069230795,1,0,0,3,0,0,0,0,2,2
1773857241967,45718,0.016659789,60,5.188,28.021027,0.15,-0.023076922,1,0,0,3,0,0,0,0,2,2
1773857254152,45770,0.02274572,52,4.017,28.015232,0.17307693,0.023076922,1,0,0,3,0,0,0,0,2,2
1773857282421,45828,0.018240653,58,1.449,28.015923,0.15517241,-0.01790452,1,0,0,3,0,0,0,0,2,2
1773857298606,45885,0.20985785,57,127.359,31.777962,0.15789473,0.002722323,1,0,0,3,0,0,0,0,2,2
1773857310809,45935,0.046663072,50,9.358,31.773003,0.18,0.022105277,1,0,0,3,0,0,0,0,2,2
1773857324896,45990,0.039371315,55,3.203,31.769522,0.16363636,-0.01636365,1,0,0,3,0,0,0,0,2,2
1773857343061,46041,0.04753633,51,1.135,31.77077,0.1764706,0.012834236,1,0,0,3,0,0,0,0,2,2
1773857357191,46097,0.03751584,56,4.113,31.765663,0.16071428,-0.015756309,1,0,0,3,0,0,0,0,2,2
1773857369249,46153,0.037159212,56,3.635,31.761055,0.16071428,0,1,0,0,3,0,0,0,0,2,2
1773857381282,46205,0.044850364,52,1.694,31.759947,0.17307693,0.012362644,1,0,0,3,0,0,0,0,2,2
1773857393312,46257,0.04440694,52,2.675,31.755693,0.17307693,0,1,0,0,3,0,0,0,0,2,2
1773857413423,46313,0.03841332,56,2.136,31.753689,0.16071428,-0.012362644,1,0,0,3,0,0,0,0,2,2
1773857431678,46370,0.037024748,57,2.112,31.75604,0.15789473,-0.002819553,1,0,0,3,0,0,0,0,2,2
1773857445790,46423,0.038824253,53,10.454,31.745077,0.16981132,0.011916593,1,0,0,3,0,0,0,0,2,2
1773857457855,46484,0.032708976,61,7.695,31.733839,0.14754099,-0.022270337,1,0,0,3,0,0,0,0,2,2
1773857483968,46538,0.0378212,54,7.407,31.728052,0.16666667,0.019125685,1,0,0,3,0,0,0,0,2,2
1773857498083,46589,0.046295606,51,2.791,31.723549,0.1764706,0.009803921,1,0,0,3,0,0,0,0,2,2
1773857514140,46650,0.035173062,61,3.927,31.71708,0.14754099,-0.028929606,1,0,0,3,0,0,0,0,2,2
1773857528206,46702,0.044557925,52,1.869,31.723688,0.17307693,0.025535941,1,0,0,3,0,0,0,0,2,2
1773857554283,46755,0.042320333,53,2.485,31.724495,0.16981132,-0.0032656044,1,0,0,3,0,0,0,0,2,2
1773857574359,46814,0.03616575,59,1.935,31.725294,0.15254237,-0.017268956,1,0,0,3,0,0,0,0,2,2
1773857586426,46867,0.042381976,53,1.997,31.727736,0.16981132,0.017268956,1,0,0,3,0,0,0,0,2,2
1773857608566,46920,0.042580597,53,1.985,31.731781,0.16981132,0,1,0,0,3,0,0,0,0,2,2
1773857630654,46975,0.03984345,55,1.331,31.735813,0.16363636,-0.0061749667,1,0,0,3,0,0,0,0,2,2
1773857646839,47030,0.03941412,55,1.747,31.735373,0.16363636,0,1,0,0,3,0,0,0,0,2,2
1773857658885,47080,0.04928601,50,2.137,31.736666,0.18,0.01636365,1,0,0,3,0,0,0,0,2,2
1773857672917,47130,0.04968871,50,1.475,31.738924,0.18,0,1,0,0,3,0,0,0,0,2,2
1773857688980,47184,0.039973937,54,4.346,31.738804,0.16666667,-0.0133333355,1,0,0,3,0,0,0,0,2,2
1773857705049,47239,0.038332514,55,3.731,31.7317,0.16363636,-0.003030315,1,0,0,3,0,0,0,0,2,2
1773857717227,47291,0.04443311,52,2.083,31.730679,0.17307693,0.009440571,1,0,0,3,0,0,0,0,2,2
1773857729249,47343,0.04483951,52,1.574,31.732742,0.17307693,0,1,0,0,3,0,0,0,0,2,2
1773857747352,47396,0.042531118,53,2.32,31.741209,0.16981132,-0.0032656044,1,0,0,3,0,0,0,0,2,2
1773857763447,47457,0.0091855815,61,3.381,15.537106,0.14754099,-0.022270337,1,0,0,3,0,0,0,0,2,2
1773857775483,47513,0.004011742,56,2.665,15.533796,0.16071428,0.013173297,1,0,0,3,0,0,0,0,2,2
1773857787747,47568,0.0028180957,55,5.382,15.531127,0.16363636,0.002922073,1,0,0,3,0,0,0,0,2,2
1773857803807,47618,0.005382136,50,1.378,15.534424,0.18,0.01636365,1,0,0,3,0,0,0,0,2,2
1773857819852,47668,0.004499233,50,1.352,15.538152,0.18,0,1,0,0,3,0,0,0,0,2,2
1773857831885,47721,0.002691271,53,1.885,15.536329,0.16981132,-0.010188684,1,0,0,3,0,0,0,0,2,2
1773857843924,47776,0.0031606306,55,1.404,15.53662,0.16363636,-0.0061749667,1,0,0,3,0,0,0,0,2,2
1773857857974,47832,0.0034173813,56,2.966,15.533126,0.16071428,-0.002922073,1,0,0,3,0,0,0,0,2,2
1773857896121,47884,0.0038697098,52,1.452,15.533825,0.17307693,0.012362644,1,0,0,3,0,0,0,0,2,2
1773857910204,47944,0.007690687,60,2.62,15.535867,0.15,-0.023076922,1,0,0,3,0,0,0,0,2,2
1773857922248,48002,0.005638044,58,1.396,15.539269,0.15517241,0.0051724017,1,0,0,3,0,0,0,0,2,2
1773857934286,48053,0.004921659,51,1.493,15.544855,0.1764706,0.021298185,1,0,0,3,0,0,0,0,2,2
1773857956379,48104,0.0035023093,51,6.253,15.54085,0.1764706,0,1,0,0,3,0,0,0,0,2,2
1773857966492,48155,0.0037602477,51,1.547,15.544824,0.1764706,0,1,0,0,3,0,0,0,0,2,2
1773857978553,48213,0.005084881,58,2.157,15.546688,0.15517241,-0.021298185,1,0,0,3,0,0,0,0,2,2
1773857988608,48263,0.005763097,50,3.387,15.544058,0.18,0.0248276,1,0,0,3,0,0,0,0,2,2
1773858002659,48318,0.002979874,55,1.403,15.5449505,0.16363636,-0.01636365,1,0,0,3,0,0,0,0,2,2
1773858032781,48372,0.003106847,54,1.838,15.549078,0.16666667,0.003030315,1,0,0,3,0,0,0,0,2,2
1773858044835,48430,0.0051944456,58,1.837,15.552883,0.15517241,-0.011494264,1,0,0,3,0,0,0,0,2,2
1773858058896,48486,0.0039154817,56,1.715,15.557615,0.16071428,0.005541876,1,0,0,3,0,0,0,0,2,2
1773858095267,48544,0.0052448977,58,1.938,15.558905,0.15517241,-0.005541876,1,0,0,3,0,0,0,0,2,2
1773858107283,48602,0.00546755,58,1.499,15.564308,0.15517241,0,1,0,0,3,0,0,0,0,2,2
1773858119324,48654,0.004187349,52,1.438,15.565097,0.17307693,0.01790452,1,0,0,3,0,0,0,0,2,2
1773858131389,48709,0.0029208018,55,2.268,15.562828,0.16363636,-0.009440571,1,0,0,3,0,0,0,0,2,2
1773858155515,48763,0.0030488742,54,2.159,15.565948,0.16666667,0.003030315,1,0,0,3,0,0,0,0,2,2
1773858167567,48820,0.0043205926,57,1.528,15.566113,0.15789473,-0.008771941,1,0,0,3,0,0,0,0,2,2
1773858179609,48873,0.0034797878,53,2.04,15.564013,0.16981132,0.011916593,1,0,0,3,0,0,0,0,2,2
1773858191650,48928,0.002888994,55,2.857,15.561652,0.16363636,-0.0061749667,1,0,0,3,0,0,0,0,2,2
1773858221763,48992,0.016096504,64,2.064,15.56327,0.140625,-0.023011357,1,0,0,3,0,0,0,0,2,2
1773858233805,49042,0.0071644215,50,1.405,15.563353,0.18,0.039375007,1,0,0,3,0,0,0,0,2,2
1773858249868,49098,0.003453878,56,1.533,15.564841,0.16071428,-0.019285724,1,0,0,3,0,0,0,0,2,2
1773858261913,49157,0.006375229,59,2.071,15.567217,0.15254237,-0.008171916,1,0,0,3,0,0,0,0,2,2
1773858298219,49217,0.0080199335,60,1.598,15.571877,0.15,-0.0025423616,1,0,0,3,0,0,0,0,2,2
1773858308413,49269,0.004533289,52,1.329,15.57717,0.17307693,0.023076922,1,0,0,3,0,0,0,0,2,2
1773858320494,49321,0.0033015844,52,1.428,15.577238,0.17307693,0,1,0,0,3,0,0,0,0,2,2
1773858336562,49373,0.0060683643,52,1.292,1.880434,0.17307693,0,1,0,0,3,0,0,0,0,2,2
1773858366743,49427,0.006911726,54,1.303,1.6865089,0.16666667,-0.006410256,1,0,0,3,0,0,0,0,2,2
1773858376780,49478,0.006301432,51,1.25,1.6915282,0.1764706,0.009803921,1,0,0,3,0,0,0,0,2,2
1773858388840,49531,0.006339446,53,2.191,1.6833702,0.16981132,-0.0066592693,1,0,0,3,0,0,0,0,2,2
1773858402871,49583,0.0061739245,52,1.471,1.6758227,0.17307693,0.0032656044,1,0,0,3,0,0,0,0,2,2
1773858433035,49639,0.008744528,56,1.527,1.6732031,0.16071428,-0.012362644,1,0,0,3,0,0,0,0,2,2
1773858447092,49698,0.013203463,59,1.336,1.6762543,0.15254237,-0.008171916,1,0,0,3,0,0,0,0,2,2
1773858457129,49748,0.007200408,50,1.637,1.6787841,0.18,0.02745764,1,0,0,3,0,0,0,0,2,2
1773858491285,49804,0.008824574,56,9.482,1.8935499,0.16071428,-0.019285724,1,0,0,3,0,0,0,0,2,2
1773858503332,49857,0.0063932254,53,1.758,1.8952625,0.16981132,0.00909704,1,0,0,3,0,0,0,0,2,2
1773858515546,49913,0.008611142,56,2.722,1.6106521,0.16071428,-0.00909704,1,0,0,3,0,0,0,0,2,2
1773858529613,49965,0.006402177,52,1.734,1.4676507,0.17307693,0.012362644,1,0,0,3,0,0,0,0,2,2
1773858555707,50018,0.0064757154,53,2.95,1.3224598,0.16981132,-0.0032656044,1,0,0,3,0,0,0,0,2,2
1773858567743,50072,0.0070159053,54,2.114,1.3206781,0.16666667,-0.0031446517,1,0,0,3,0,0,0,0,2,2
1773858579793,50129,0.010178461,57,1.45,1.3064396,0.15789473,-0.008771941,1,0,0,3,0,0,0,0,2,2
1773858593863,50189,0.021479096,60,32.206,3.9448535,0.15,-0.007894725,1,0,0,3,0,0,0,0,2,2
1773858630010,50241,0.0059446613,52,1.576,3.9470935,0.17307693,0.023076922,1,0,0,3,0,0,0,0,2,2
1773858642051,50296,0.006457453,55,2.718,3.946085,0.16363636,-0.009440571,1,0,0,3,0,0,0,0,2,2
1773858654089,50348,0.005508436,52,1.375,3.948466,0.17307693,0.009440571,1,0,0,3,0,0,0,0,2,2
1773858668164,50398,0.0058503905,50,3.034,3.9478562,0.18,0.0069230795,1,0,0,3,0,0,0,0,2,2
1773858704290,50456,0.010412967,58,1.632,3.9464438,0.15517241,-0.0248276,1,0,0,3,0,0,0,0,2,2
1773858714328,50510,0.0059403297,54,3.228,3.9453094,0.16666667,0.011494264,1,0,0,3,0,0,0,0,2,2
1773858726389,50567,0.00856213,57,2.289,3.9450204,0.15789473,-0.008771941,1,0,0,3,0,0,0,0,2,2
1773858762715,50623,0.007509448,56,1.459,3.945098,0.16071428,0.002819553,1,0,0,3,0,0,0,0,2,2
1773858774768,50674,0.0057990835,51,1.403,3.942732,0.1764706,0.015756309,1,0,0,3,0,0,0,0,2,2
1773858784807,50724,0.0057649496,50,2.708,3.9403844,0.18,0.0035294145,1,0,0,3,0,0,0,0,2,2
1773858798861,50775,0.0053424644,51,1.306,3.9432552,0.1764706,-0.0035294145,1,0,0,3,0,0,0,0,2,2
1773858831057,50829,0.0058288323,54,2.222,3.9413867,0.16666667,-0.009803921,1,0,0,3,0,0,0,0,2,2
1773858843119,50886,0.008448168,57,3.266,3.9419677,0.15789473,-0.008771941,1,0,0,3,0,0,0,0,2,2
1773858853169,50940,0.006054519,54,1.347,3.9441082,0.16666667,0.008771941,1,0,0,3,0,0,0,0,2,2
1773858865223,50992,0.005391318,52,2.135,3.9445477,0.17307693,0.006410256,1,0,0,3,0,0,0,0,2,2
1773858899331,51053,0.01593902,61,3.174,3.9297395,0.14754099,-0.025535941,1,0,0,3,0,0,0,0,2,2
1773858911377,51112,0.011696543,59,1.339,3.9299276,0.15254237,0.005001381,1,0,0,3,0,0,0,0,2,2
1773858921552,51163,0.0061288304,51,1.427,3.9295752,0.1764706,0.023928225,1,0,0,3,0,0,0,0,2,2
1773858955688,51213,0.0057665226,50,2.398,3.9286902,0.18,0.0035294145,1,0,0,3,0,0,0,0,2,2
1773858965716,51263,0.005707477,50,1.341,3.928992,0.18,0,1,0,0,3,0,0,0,0,2,2
1773858979776,51320,0.008779745,57,2.565,3.928689,0.15789473,-0.022105277,1,0,0,3,0,0,0,0,2,2
1773858989843,51372,0.0056606336,52,1.603,3.9280605,0.17307693,0.015182197,1,0,0,3,0,0,0,0,2,2
1773859016029,51435,0.021552656,63,1.478,3.9304068,0.14285715,-0.030219778,1,0,0,3,0,0,0,0,2,2
1773859030083,51493,0.009844291,58,3.045,3.9281178,0.15517241,0.012315258,1,0,0,3,0,0,0,0,2,2
1773859046154,51543,0.0065430063,50,1.635,3.9275417,0.18,0.0248276,1,0,0,3,0,0,0,0,2,2
1773859058279,51598,0.006499965,55,3.526,3.9022245,0.16363636,-0.01636365,1,0,0,3,0,0,0,0,2,2
1773859094648,51655,0.008553003,57,2.344,3.9003,0.15789473,-0.005741626,1,0,0,3,0,0,0,0,2,2
1773859106676,51710,0.006633173,55,1.661,3.901575,0.16363636,0.005741626,1,0,0,3,0,0,0,0,2,2
1773859118703,51765,0.0066061155,55,1.454,3.902435,0.16363636,0,1,0,0,3,0,0,0,0,2,2
1773859130758,51815,0.0061788275,50,1.663,3.901409,0.18,0.01636365,1,0,0,3,0,0,0,0,2,2
1773859158935,51870,0.006616642,55,1.953,3.9011207,0.16363636,-0.01636365,1,0,0,3,0,0,0,0,2,2
1773859171000,51922,0.0054958346,52,1.761,3.9013412,0.17307693,0.009440571,1,0,0,3,0,0,0,0,2,2
1773859183049,51980,0.010270674,58,1.519,3.9020493,0.15517241,-0.01790452,1,0,0,3,0,0,0,0,2,2
1773859197157,52034,0.006119698,54,1.399,3.9038734,0.16666667,0.011494264,1,0,0,3,0,0,0,0,2,2
1773859229264,52086,0.0054288562,52,1.712,3.9031012,0.17307693,0.006410256,1,0,0,3,0,0,0,0,2,2
1773859241338,52140,0.0059226877,54,1.312,3.9036744,0.16666667,-0.006410256,1,0,0,3,0,0,0,0,2,2
1773859253397,52195,0.0064098625,55,3.396,3.9050837,0.16363636,-0.003030315,1,0,0,3,0,0,0,0,2,2
1773859269543,52245,0.006163892,50,2.272,3.9049413,0.18,0.01636365,1,0,0,3,0,0,0,0,2,2
1773859301783,52296,0.0053483327,51,1.427,3.9053667,0.1764706,-0.0035294145,1,0,0,3,0,0,0,0,2,2
1773859313827,52348,0.005260135,52,2.05,3.9053476,0.17307693,-0.003393665,1,0,0,3,0,0,0,0,2,2
1773859325870,52399,0.0054358374,51,2.1,3.9054825,0.1764706,0.003393665,1,0,0,3,0,0,0,0,2,2
1773859351968,52449,0.005785046,50,1.475,3.9072335,0.18,0.0035294145,1,0,0,3,0,0,0,0,2,2
1773859364010,52508,0.012049298,59,2.703,3.9048238,0.15254237,-0.02745764,1,0,0,3,0,0,0,0,2,2
1773859378069,52564,0.007592768,56,1.379,3.9054835,0.16071428,0.008171916,1,0,0,3,0,0,0,0,2,2
1773859394339,52620,0.007525369,56,1.375,3.9077032,0.16071428,0,1,0,0,3,0,0,0,0,2,2
1773859422455,52671,0.005808823,51,1.39,3.9085507,0.1764706,0.015756309,1,0,0,3,0,0,0,0,2,2
1773859436502,52727,0.0075064683,56,2.31,3.905805,0.16071428,-0.015756309,1,0,0,3,0,0,0,0,2,2
1773859450556,52781,0.0060476586,54,1.112,3.9073906,0.16666667,0.005952388,1,0,0,3,0,0,0,0,2,2
1773859466608,52838,0.008400613,57,3.981,3.9083943,0.15789473,-0.008771941,1,0,0,3,0,0,0,0,2,2
1773859498828,52891,0.0057149734,53,1.601,3.9070663,0.16981132,0.011916593,1,0,0,3,0,0,0,0,2,2
1773859510866,52942,0.005537225,51,1.399,3.9063237,0.1764706,0.0066592693,1,0,0,3,0,0,0,0,2,2
1773859522894,53000,0.01030869,58,1.788,3.9072566,0.15517241,-0.021298185,1,0,0,3,0,0,0,0,2,2
1773859539121,53054,0.0061407983,54,1.209,3.9085371,0.16666667,0.011494264,1,0,0,3,0,0,0,0,2,2
1773859551182,53107,0.0054588923,53,2.848,3.906511,0.16981132,0.0031446517,1,0,0,3,0,0,0,0,2,2
1773859565266,53162,0.0065757614,55,1.583,3.905401,0.16363636,-0.0061749667,1,0,0,3,0,0,0,0,2,2
1773859579332,53218,0.00734922,56,2.763,3.903625,0.16071428,-0.002922073,1,0,0,3,0,0,0,0,2,2
1773859591392,53274,0.007571072,56,1.385,3.80868,0.16071428,0,1,0,0,3,0,0,0,0,2,2
1773859619620,53331,0.008733988,57,1.36,3.8101728,0.15789473,-0.002819553,1,0,0,3,0,0,0,0,2,2
1773859631680,53387,0.00748755,56,2.077,3.810346,0.16071428,0.002819553,1,0,0,3,0,0,0,0,2,2
1773859643702,53441,0.0060254154,54,1.642,3.810637,0.16666667,0.005952388,1,0,0,3,0,0,0,0,2,2
1773859655776,53496,0.0065747877,55,1.975,3.8105912,0.16363636,-0.003030315,1,0,0,3,0,0,0,0,2,2
1773859692013,53552,0.0073914803,56,2.798,3.8106115,0.16071428,-0.002922073,1,0,0,3,0,0,0,0,2,2
1773859704064,53602,0.006298174,50,2.822,3.8087614,0.18,0.019285724,1,0,0,3,0,0,0,0,2,2
1773859716098,53658,0.009472347,56,1.451,0.6936665,0.16071428,-0.019285724,1,0,0,3,0,0,0,0,2,2
1773859728162,53715,0.010376681,57,2.219,0.69218045,0.15789473,-0.002819553,1,0,0,3,0,0,0,0,2,2
1773859746247,53769,0.00739226,54,1.947,0.68635136,0.16666667,0.008771941,1,0,0,3,0,0,0,0,2,2
1773859760294,53822,0.0067692776,53,3.762,0.7159737,0.16981132,0.0031446517,1,0,0,3,0,0,0,0,2,2
1773859772361,53875,0.006744344,53,3.952,0.7445635,0.16981132,0,1,0,0,3,0,0,0,0,2,2
1773859784408,53929,0.007322218,54,1.776,0.7435301,0.16666667,-0.0031446517,1,0,0,3,0,0,0,0,2,2
1773859798598,53981,0.006549598,52,2.897,0.7364134,0.17307693,0.006410256,1,0,0,3,0,0,0,0,2,2
1773859818653,54037,0.0091598835,56,2.85,0.7426176,0.16071428,-0.012362644,1,0,0,3,0,0,0,0,2,2
1773859830710,54090,0.006895246,53,1.478,0.74238485,0.16981132,0.00909704,1,0,0,3,0,0,0,0,2,2
1773859844805,54147,0.010616177,57,1.168,0.7461512,0.15789473,-0.011916593,1,0,0,3,0,0,0,0,2,2
1773859854846,54197,0.0072421026,50,1.278,0.7474351,0.18,0.022105277,1,0,0,3,0,0,0,0,2,2
1773859868878,54248,0.0064416635,51,1.522,0.7446645,0.1764706,-0.0035294145,1,0,0,3,0,0,0,0,2,2
1773859888943,54302,0.0072894194,54,3.313,0.7612117,0.16666667,-0.009803921,1,0,0,3,0,0,0,0,2,2
1773859903454,54354,0.006539864,52,3.623,0.77137774,0.17307693,0.006410256,1,0,0,3,0,0,0,0,2,2
1773859919512,54405,0.00654501,51,4.576,0.82727265,0.1764706,0.003393665,1,0,0,3,0,0,0,0,2,2
1773859959659,54463,0.012132545,58,2.99,0.8345821,0.15517241,-0.021298185,1,0,0,3,0,0,0,0,2,2
1773859975809,54515,0.006789113,52,1.649,0.82571656,0.17307693,0.01790452,1,0,0,3,0,0,0,0,2,2
1773859990071,54567,0.0065560304,52,6.206,0.9653047,0.17307693,0,1,0,0,3,0,0,0,0,2,2
1773860026232,54618,0.006420053,51,1.893,0.96144694,0.1764706,0.003393665,1,0,0,3,0,0,0,0,2,2
1773860040333,54670,0.006395358,52,1.758,0.9623935,0.17307693,-0.003393665,1,0,0,3,0,0,0,0,2,2
1773860056403,54721,0.0064260676,51,1.613,0.95934516,0.1764706,0.003393665,1,0,0,3,0,0,0,0,2,2
1773860094614,54772,0.0063899527,51,1.351,0.9633076,0.1764706,0,1,0,0,3,0,0,0,0,2,2
1773860106835,54829,0.010581172,57,1.595,0.963379,0.15789473,-0.018575862,1,0,0,3,0,0,0,0,2,2
1773860119007,54879,0.00717075,50,1.642,0.9618071,0.18,0.022105277,1,0,0,3,0,0,0,0,2,2
1773860135070,54929,0.0065989722,50,1.556,0.95792,0.18,0,1,0,0,3,0,0,0,0,2,2
1773860167212,54981,0.0063974713,52,1.63,0.9579604,0.17307693,-0.0069230795,1,0,0,3,0,0,0,0,2,2
1773860181316,55037,0.009197315,56,1.209,0.94819134,0.16071428,-0.012362644,1,0,0,3,0,0,0,0,2,2
1773860193357,55088,0.006693706,51,1.625,0.94940037,0.1764706,0.015756309,1,0,0,3,0,0,0,0,2,2
1773860227596,55142,0.0072401715,54,2.091,0.94792473,0.16666667,-0.009803921,1,0,0,3,0,0,0,0,2,2
1773860239636,55192,0.0068812454,50,1.418,0.9483112,0.18,0.0133333355,1,0,0,3,0,0,0,0,2,2
1773860253683,55250,0.0123240845,58,1.779,0.9476094,0.15517241,-0.0248276,1,0,0,3,0,0,0,0,2,2
1773860280094,55300,0.0072828257,50,1.792,0.9481805,0.18,0.0248276,1,0,0,3,0,0,0,0,2,2
1773860306240,55353,0.0067249374,53,1.52,0.9499424,0.16981132,-0.010188684,1,0,0,3,0,0,0,0,2,2
1773860318275,55403,0.0067966655,50,1.34,0.9518594,0.18,0.010188684,1,0,0,3,0,0,0,0,2,2
1773860338347,55454,0.006356439,51,2.098,0.9479867,0.1764706,-0.0035294145,1,0,0,3,0,0,0,0,2,2
1773860358440,55505,0.0063840984,51,2.604,0.94887185,0.1764706,0,1,0,0,3,0,0,0,0,2,2
1773860374771,55558,0.0066595213,53,2.755,0.94690925,0.16981132,-0.0066592693,1,0,0,3,0,0,0,0,2,2
1773860399296,55608,0.0067990134,50,1.551,0.93586564,0.18,0.010188684,1,0,0,3,0,0,0,0,2,2
1773860425385,55661,0.006699789,53,2.242,0.9357861,0.16981132,-0.010188684,1,0,0,3,0,0,0,0,2,2
1773860439438,55717,0.008909723,56,3.993,0.9608143,0.16071428,-0.00909704,1,0,0,3,0,0,0,0,2,2
1773860453491,55771,0.007189306,54,2.62,0.9625967,0.16666667,0.005952388,1,0,0,3,0,0,0,0,2,2
1773860467545,55826,0.0079927845,55,1.733,0.96395177,0.16363636,-0.003030315,1,0,0,3,0,0,0,0,2,2
1773860485641,55879,0.0067037963,53,5.869,1.0652138,0.16981132,0.0061749667,1,0,0,3,0,0,0,0,2,2
1773860499672,55932,0.0066577154,53,1.546,1.0665089,0.16981132,0,1,0,0,3,0,0,0,0,2,2
1773860511709,55982,0.0067618308,50,2.463,1.0620643,0.18,0.010188684,1,0,0,3,0,0,0,0,2,2
1773860523770,56032,0.006564205,50,1.578,1.0598702,0.18,0,1,0,0,3,0,0,0,0,2,2
1773860559938,56089,0.010494858,57,2.855,1.0576892,0.15789473,-0.022105277,1,0,0,3,0,0,0,0,2,2
1773860573995,56142,0.006780136,53,1.897,1.0584705,0.16981132,0.011916593,1,0,0,3,0,0,0,0,2,2
1773860588046,56198,0.009072156,56,1.313,1.0554473,0.16071428,-0.00909704,1,0,0,3,0,0,0,0,2,2
1773860602098,56250,0.0065408275,52,2.458,1.0326571,0.17307693,0.012362644,1,0,0,3,0,0,0,0,2,2
1773860638244,56306,0.009139612,56,1.262,1.0366175,0.16071428,-0.012362644,1,0,0,3,0,0,0,0,2,2
1773860656295,56359,0.0067243446,53,2.251,1.0316732,0.16981132,0.00909704,1,0,0,3,0,0,0,0,2,2
1773860686424,56411,0.006412616,52,4.645,1.0731759,0.17307693,0.0032656044,1,0,0,3,0,0,0,0,2,2
1773860700488,56464,0.0065964763,53,4.962,1.1158133,0.16981132,-0.0032656044,1,0,0,3,0,0,0,0,2,2
1773860714545,56522,0.011972932,58,1.206,1.1222144,0.15517241,-0.014638916,1,0,0,3,0,0,0,0,2,2
1773860728607,56572,0.0072327578,50,1.825,1.1202204,0.18,0.0248276,1,0,0,3,0,0,0,0,2,2
1773860746673,56624,0.006312356,52,2.29,1.1186819,0.17307693,-0.0069230795,1,0,0,3,0,0,0,0,2,2
1773860762712,56677,0.0066368054,53,1.35,1.1191326,0.16981132,-0.0032656044,1,0,0,3,0,0,0,0,2,2
1773860776761,56730,0.0065871626,53,2.588,1.1135498,0.16981132,0,1,0,0,3,0,0,0,0,2,2
1773860790804,56780,0.0067413957,50,2.144,1.1133633,0.18,0.010188684,1,0,0,3,0,0,0,0,2,2
1773860810945,56832,0.0063259737,52,1.814,1.1119556,0.17307693,-0.0069230795,1,0,0,3,0,0,0,0,2,2
1773860827033,56887,0.00784982,55,7.343,1.274009,0.16363636,-0.009440571,1,0,0,3,0,0,0,0,2,2
1773860849290,56941,0.0070352284,54,2.379,1.2730025,0.16666667,0.003030315,1,0,0,3,0,0,0,0,2,2
1773860879814,56992,0.006698122,51,7.263,1.4085146,0.1764706,0.009803921,1,0,0,3,0,0,0,0,2,2
1773860906108,57054,0.020390024,62,4.79,1.4318628,0.14516129,-0.031309307,1,0,0,3,0,0,0,0,2,2
1773860924271,57104,0.007626261,50,2.53,1.4313914,0.18,0.03483872,1,0,0,3,0,0,0,0,2,2
1773860952546,57155,0.006172107,51,2.414,1.4296618,0.1764706,-0.0035294145,1,0,0,3,0,0,0,0,2,2
1773860974673,57206,0.006208899,51,1.804,1.4237623,0.1764706,0,1,0,0,3,0,0,0,0,2,2
1773860988702,57256,0.0065016598,50,1.511,1.4168341,0.18,0.0035294145,1,0,0,3,0,0,0,0,2,2
1773861006776,57312,0.009009523,56,1.756,1.416986,0.16071428,-0.019285724,1,0,0,3,0,0,0,0,2,2
1773861026876,57363,0.0065154983,51,2.822,1.4166503,0.1764706,0.015756309,1,0,0,3,0,0,0,0,2,2
1773861046997,57413,0.0067412425,50,5.947,1.480827,0.18,0.0035294145,1,0,0,3,0,0,0,0,2,2
1773861065072,57465,0.0061842054,52,1.471,1.4809028,0.17307693,-0.0069230795,1,0,0,3,0,0,0,0,2,2
1773861087257,57519,0.007087857,54,8.571,1.6515377,0.16666667,-0.006410256,1,0,0,3,0,0,0,0,2,2
1773861103292,57578,0.01326119,59,1.884,1.6455605,0.15254237,-0.014124304,1,0,0,3,0,0,0,0,2,2
1773861117346,57633,0.007672404,55,2.199,1.6405959,0.16363636,0.011093989,1,0,0,3,0,0,0,0,2,2
1773861131396,57686,0.0064657317,53,1.555,1.6437609,0.16981132,0.0061749667,1,0,0,3,0,0,0,0,2,2
1773861155480,57738,0.006623538,52,9.232,1.8339835,0.17307693,0.0032656044,1,0,0,3,0,0,0,0,2,2
1773861171548,57788,0.006446733,50,1.326,1.8262345,0.18,0.0069230795,1,0,0,3,0,0,0,0,2,2
1773861185607,57840,0.006110373,52,5.714,1.865078,0.17307693,-0.0069230795,1,0,0,3,0,0,0,0,2,2
1773861203669,57891,0.006108081,51,1.409,1.8674046,0.1764706,0.003393665,1,0,0,3,0,0,0,0,2,2
1773861223755,57943,0.0060617123,52,1.378,1.8205808,0.17307693,-0.003393665,1,0,0,3,0,0,0,0,2,2
1773861241844,57994,0.006125966,51,1.315,1.8255407,0.1764706,0.003393665,1,0,0,3,0,0,0,0,2,2
1773861257927,58046,0.0060448656,52,1.695,1.8260118,0.17307693,-0.003393665,1,0,0,3,0,0,0,0,2,2
1773861280055,58097,0.006115144,51,1.636,1.8258196,0.1764706,0.003393665,1,0,0,3,0,0,0,0,2,2
1773861302145,58148,0.7580669,51,229.549,28.202381,0.1764706,0,1,0,0,3,0,0,0,0,2,2
1773861318237,58203,0.020379823,55,1.41,28.202856,0.16363636,-0.012834236,1,0,0,3,0,0,0,0,2,2
1773861332291,58256,0.022659771,53,1.452,28.203344,0.16981132,0.0061749667,1,0,0,3,0,0,0,0,2,2
1773861354375,58311,0.020275634,55,1.463,28.203583,0.16363636,-0.0061749667,1,0,0,3,0,0,0,0,2,2
1773861372434,58366,0.020072231,55,1.797,28.20317,0.16363636,0,1,0,0,3,0,0,0,0,2,2
1773861388483,58422,0.019037858,56,2.216,28.200687,0.16071428,-0.002922073,1,0,0,3,0,0,0,0,2,2
1773861418625,58477,0.020318566,55,1.32,28.20148,0.16363636,0.002922073,1,0,0,3,0,0,0,0,2,2
1773861436690,58532,0.020276057,55,1.407,28.203154,0.16363636,0,1,0,0,3,0,0,0,0,2,2
1773861452754,58589,0.019033872,57,1.237,28.203638,0.15789473,-0.005741626,1,0,0,3,0,0,0,0,2,2
1773861466823,58641,0.02444216,52,1.357,28.204712,0.17307693,0.015182197,1,0,0,3,0,0,0,0,2,2
1773861496954,58697,0.019551206,56,1.493,28.205456,0.16071428,-0.012362644,1,0,0,3,0,0,0,0,2,2
1773861511009,58750,0.022595193,53,1.67,28.20508,0.16981132,0.00909704,1,0,0,3,0,0,0,0,2,2
1773861527051,58804,0.021147843,54,1.782,28.203957,0.16666667,-0.0031446517,1,0,0,3,0,0,0,0,2,2
1773861571252,58856,0.024162883,52,1.593,28.205158,0.17307693,0.006410256,1,0,0,3,0,0,0,0,2,2
1773861591332,58911,0.01820455,55,6.154,28.201626,0.16363636,-0.009440571,1,0,0,3,0,0,0,0,2,2
1773861645549,58961,0.028174456,50,1.798,28.203703,0.18,0.01636365,1,0,0,3,0,0,0,0,2,2
1773861665622,59019,0.01899005,58,1.62,28.203524,0.15517241,-0.0248276,1,0,0,3,0,0,0,0,2,2
1773861705764,59073,0.021368364,54,1.537,28.205206,0.16666667,0.011494264,1,0,0,3,0,0,0,0,2,2
1773861719847,59127,0.021423269,54,1.287,28.210478,0.16666667,0,1,0,0,3,0,0,0,0,2,2
1773861739928,59181,0.021180112,54,1.777,28.212315,0.16666667,0,1,0,0,3,0,0,0,0,2,2
1773861778073,59234,0.021800535,53,3.268,28.20922,0.16981132,0.0031446517,1,0,0,3,0,0,0,0,2,2
1773861792152,59285,0.025909612,51,1.817,28.214323,0.1764706,0.0066592693,1,0,0,3,0,0,0,0,2,2
1773861832364,59344,0.018553212,59,2.323,28.212534,0.15254237,-0.023928225,1,0,0,3,0,0,0,0,2,2
1773861848412,59398,0.02121668,54,1.979,28.213573,0.16666667,0.014124304,1,0,0,3,0,0,0,0,2,2
1773861866467,59451,0.02264595,53,1.503,28.21376,0.16981132,0.0031446517,1,0,0,3,0,0,0,0,2,2
1773861904631,59507,0.019457499,56,1.644,28.216328,0.16071428,-0.00909704,1,0,0,3,0,0,0,0,2,2
1773861922696,59562,0.01965375,55,2.714,28.214624,0.16363636,0.002922073,1,0,0,3,0,0,0,0,2,2
1773861962864,59614,0.024299301,52,1.482,28.214186,0.17307693,0.009440571,1,0,0,3,0,0,0,0,2,2
1773861978903,59668,0.021129884,54,1.931,28.215319,0.16666667,-0.006410256,1,0,0,3,0,0,0,0,2,2
1773861996985,59721,0.022713209,53,1.378,28.215015,0.16981132,0.0031446517,1,0,0,3,0,0,0,0,2,2
1773862027109,59772,0.025991695,51,1.657,28.21637,0.1764706,0.0066592693,1,0,0,3,0,0,0,0,2,2
1773862049219,59830,0.017744001,58,3.866,28.217148,0.15517241,-0.021298185,1,0,0,3,0,0,0,0,2,2
1773862067289,59880,0.028695771,50,1.479,28.222563,0.18,0.0248276,1,0,0,3,0,0,0,0,2,2
1773862099432,59937,0.018834291,57,2.377,28.219831,0.15789473,-0.022105277,1,0,0,3,0,0,0,0,2,2
1773862115506,59990,0.02269839,53,1.669,28.220198,0.16981132,0.011916593,1,0,0,3,0,0,0,0,2,2
1773862131561,60041,0.025796343,51,2.122,28.220552,0.1764706,0.0066592693,1,0,0,3,0,0,0,0,2,2
1773862169728,60091,0.027960414,50,1.767,28.219526,0.18,0.0035294145,1,0,0,3,0,0,0,0,2,2
1773862185791,60144,0.022611305,53,1.639,28.221571,0.16981132,-0.010188684,1,0,0,3,0,0,0,0,2,2
1773862203878,60194,0.028253915,50,1.436,28.22322,0.18,0.010188684,1,0,0,3,0,0,0,0,2,2
1773862246052,60248,0.021494372,54,1.409,28.224209,0.16666667,-0.0133333355,1,0,0,3,0,0,0,0,2,2
1773862262101,60298,0.027581053,50,3.206,28.225765,0.18,0.0133333355,1,0,0,3,0,0,0,0,2,2
1773862306294,60351,0.022765558,53,1.376,28.228014,0.16981132,-0.010188684,1,0,0,3,0,0,0,0,2,2
1773862326385,60402,0.02609465,51,1.577,28.232563,0.1764706,0.0066592693,1,0,0,3,0,0,0,0,2,2
1773862368583,60456,0.039471287,54,52.223,28.812416,0.16666667,-0.009803921,1,0,0,3,0,0,0,0,2,2
1773862394725,60513,0.02113309,57,1.471,28.815033,0.15789473,-0.008771941,1,0,0,3,0,0,0,0,2,2
1773862430852,60566,0.025087245,53,1.575,28.8171,0.16981132,0.011916593,1,0,0,3,0,0,0,0,2,2
1773862452966,60621,0.022543851,55,1.529,28.817825,0.16363636,-0.0061749667,1,0,0,3,0,0,0,0,2,2
1773862469044,60671,0.029853305,50,3.884,28.81287,0.18,0.01636365,1,0,0,3,0,0,0,0,2,2
1773862507234,60725,0.02352051,54,1.916,28.812464,0.16666667,-0.0133333355,1,0,0,3,0,0,0,0,2,2
1773862525283,60778,0.025139246,53,1.285,28.816216,0.16981132,0.0031446517,1,0,0,3,0,0,0,0,2,2
1773862565465,60832,0.023762858,54,1.341,28.823366,0.16666667,-0.0031446517,1,0,0,3,0,0,0,0,2,2
1773862583564,60884,0.026660373,52,1.604,28.82301,0.17307693,0.006410256,1,0,0,3,0,0,0,0,2,2
1773862601632,60934,0.03090084,50,1.184,28.829165,0.18,0.0069230795,1,0,0,3,0,0,0,0,2,2
1773862639788,60992,0.021369794,58,1.43,28.830322,0.15517241,-0.0248276,1,0,0,3,0,0,0,0,2,2
1773862657856,61046,0.023724558,54,1.598,28.83177,0.16666667,0.011494264,1,0,0,3,0,0,0,0,2,2
1773862696036,61100,0.021449912,54,6.575,28.825466,0.16666667,0,1,0,0,3,0,0,0,0,2,2
1773862714088,61151,0.028660791,51,1.527,28.829561,0.1764706,0.009803921,1,0,0,3,0,0,0,0,2,2
1773862762312,61201,0.03066223,50,1.571,28.828915,0.18,0.0035294145,1,0,0,3,0,0,0,0,2,2
1773862778386,61251,0.030696426,50,1.468,28.835083,0.18,0,1,0,0,3,0,0,0,0,2,2
1773862796447,61305,0.02376315,54,1.616,28.83455,0.16666667,-0.0133333355,1,0,0,3,0,0,0,0,2,2
1773862832618,61355,0.030801456,50,1.723,28.833672,0.18,0.0133333355,1,0,0,3,0,0,0,0,2,2
1773862850723,61406,0.028367952,51,1.866,28.832283,0.1764706,-0.0035294145,1,0,0,3,0,0,0,0,2,2
1773862866765,61456,0.030703856,50,1.518,28.832727,0.18,0.0035294145,1,0,0,3,0,0,0,0,2,2
1773862906894,61510,0.023419412,54,2.265,28.831259,0.16666667,-0.0133333355,1,0,0,3,0,0,0,0,2,2
1773862924977,61564,0.005036488,54,1.519,6.3146415,0.16666667,0,1,0,0,3,0,0,0,0,2,2
1773862955109,61618,0.0050180955,54,1.675,6.3138833,0.16666667,0,1,0,0,3,0,0,0,0,2,2
1773862975189,61672,0.005008309,54,1.762,6.3130407,0.16666667,0,1,0,0,3,0,0,0,0,2,2
1773862993262,61725,0.004795216,53,1.171,6.3140445,0.16981132,0.0031446517,1,0,0,3,0,0,0,0,2,2
1773863015342,61778,0.004668099,53,1.849,6.313931,0.16981132,0,1,0,0,3,0,0,0,0,2,2
1773863039461,61833,0.005374887,55,3.307,6.3140645,0.16363636,-0.0061749667,1,0,0,3,0,0,0,0,2,2
1773863057535,61883,0.0057039824,50,1.723,6.312867,0.18,0.01636365,1,0,0,3,0,0,0,0,2,2
1773863091695,61933,0.0051535685,50,1.568,6.3123727,0.18,0,1,0,0,3,0,0,0,0,2,2
1773863109765,61983,0.0051406897,50,1.961,6.310335,0.18,0,1,0,0,3,0,0,0,0,2,2
1773863127846,62035,0.004499802,52,1.591,6.3096013,0.17307693,-0.0069230795,1,0,0,3,0,0,0,0,2,2
1773863153957,62086,0.0047744066,51,3.264,6.307937,0.1764706,0.003393665,1,0,0,3,0,0,0,0,2,2
1773863176035,62142,0.006103304,56,5.413,6.3147984,0.16071428,-0.015756309,1,0,0,3,0,0,0,0,2,2
1773863194107,62193,0.005221846,51,1.879,6.3145576,0.1764706,0.015756309,1,0,0,3,0,0,0,0,2,2
1773863220201,62245,0.0045544757,52,1.451,6.3150187,0.17307693,-0.003393665,1,0,0,3,0,0,0,0,2,2
1773863240282,62297,0.004575114,52,1.987,6.3018746,0.17307693,0,1,0,0,3,0,0,0,0,2,2
1773863258351,62348,0.0048249997,51,1.788,6.301898,0.1764706,0.003393665,1,0,0,3,0,0,0,0,2,2
1773863286441,62401,0.004566602,53,2.161,6.3007193,0.16981132,-0.0066592693,1,0,0,3,0,0,0,0,2,2
1773863308511,62451,0.087650314,50,77.632,11.217063,0.18,0.010188684,1,0,0,3,0,0,0,0,2,2
1773863340692,62504,0.0033015122,53,1.732,11.215541,0.16981132,-0.010188684,1,0,0,3,0,0,0,0,2,2
1773863368793,62556,0.0037081905,52,1.649,11.215942,0.17307693,0.0032656044,1,0,0,3,0,0,0,0,2,2
1773863394997,62606,0.0047973907,50,1.339,11.220372,0.18,0.0069230795,1,0,0,3,0,0,0,0,2,2
1773863423091,62656,0.00450654,50,1.578,11.221116,0.18,0,1,0,0,3,0,0,0,0,2,2
1773863443158,62706,0.004512097,50,1.503,11.223415,0.18,0,1,0,0,3,0,0,0,0,2,2
1773863465314,62758,0.00340358,52,1.898,11.223639,0.17307693,-0.0069230795,1,0,0,3,0,0,0,0,2,2
1773863493419,62808,0.004774755,50,1.608,11.223293,0.18,0.0069230795,1,0,0,3,0,0,0,0,2,2
1773863513505,62864,0.004543617,56,1.81,11.222786,0.16071428,-0.019285724,1,0,0,3,0,0,0,0,2,2
1773863535606,62914,0.0054101064,50,1.486,11.225885,0.18,0.019285724,1,0,0,3,0,0,0,0,2,2
1773863563697,62964,0.0044669197,50,2.179,11.223868,0.18,0,1,0,0,3,0,0,0,0,2,2
1773863581798,63014,0.0045043593,50,1.604,11.224846,0.18,0,1,0,0,3,0,0,0,0,2,2
1773863607893,63064,0.12192127,50,92.474,15.698028,0.18,0,1,0,0,3,0,0,0,0,2,2
1773863642049,63116,0.0029342994,52,2.35,15.695728,0.17307693,-0.0069230795,1,0,0,3,0,0,0,0,2,2
1773863664118,63166,0.0048199487,50,1.585,15.701632,0.18,0.0069230795,1,0,0,3,0,0,0,0,2,2
1773863704320,63217,0.0035067217,51,2.608,15.697954,0.1764706,-0.0035294145,1,0,0,3,0,0,0,0,2,2
1773863732514,63271,0.0026556472,54,2.194,15.698507,0.16666667,-0.009803921,1,0,0,3,0,0,0,0,2,2
1773863764655,63323,0.0036275315,52,1.108,15.700701,0.17307693,0.006410256,1,0,0,3,0,0,0,0,2,2
1773863788778,63374,0.003923591,51,1.461,15.703016,0.1764706,0.003393665,1,0,0,3,0,0,0,0,2,2
1773863822919,63424,0.004639371,50,1.66,15.703398,0.18,0.0035294145,1,0,0,3,0,0,0,0,2,2
1773863845022,63476,0.0030405847,52,1.536,15.703779,0.17307693,-0.0069230795,1,0,0,3,0,0,0,0,2,2
1773863883252,63526,0.0048201717,50,1.584,15.703219,0.18,0.0069230795,1,0,0,3,0,0,0,0,2,2
1773863915389,63578,0.0029740897,52,2.026,15.7010145,0.17307693,-0.0069230795,1,0,0,3,0,0,0,0,2,2
1773863939462,63630,0.003281271,52,1.55,15.705829,0.17307693,0,1,0,0,3,0,0,0,0,2,2
1773863969579,63681,0.003921659,51,1.476,15.705444,0.1764706,0.003393665,1,0,0,3,0,0,0,0,2,2
1773863991686,63732,0.0037691863,51,1.501,15.705728,0.1764706,0,1,0,0,3,0,0,0,0,2,2
1773864025826,63783,0.0037817936,51,1.347,14.555372,0.1764706,0,1,0,0,3,0,0,0,0,2,2
1773864049886,63837,0.0029064883,54,1.545,14.555136,0.16666667,-0.009803921,1,0,0,3,0,0,0,0,2,2
1773864073986,63889,0.0035651193,52,1.619,14.555,0.17307693,0.006410256,1,0,0,3,0,0,0,0,2,2
1773864110145,63941,0.003144813,52,3,14.551459,0.17307693,0,1,0,0,3,0,0,0,0,2,2
1773864134241,63995,0.0029174127,54,1.916,14.554844,0.16666667,-0.006410256,1,0,0,3,0,0,0,0,2,2
1773864170397,64047,0.0035104435,52,2.018,14.554569,0.17307693,0.006410256,1,0,0,3,0,0,0,0,2,2
1773864198524,64099,0.07346387,52,74.378,16.932024,0.17307693,0,1,0,0,3,0,0,0,0,2,2
1773864240672,64150,0.0039269878,51,1.42,16.931715,0.1764706,0.003393665,1,0,0,3,0,0,0,0,2,2
1773864264753,64200,0.004697959,50,1.513,16.932056,0.18,0.0035294145,1,0,0,3,0,0,0,0,2,2
1773864300888,64250,0.004512726,50,1.681,16.930128,0.18,0,1,0,0,3,0,0,0,0,2,2
1773864322957,64301,0.0035976015,51,1.696,16.929129,0.1764706,-0.0035294145,1,0,0,3,0,0,0,0,2,2
1773864357079,64351,0.0047287135,50,1.251,16.93048,0.18,0.0035294145,1,0,0,3,0,0,0,0,2,2
1773864385221,64401,0.0045372793,50,1.455,16.93795,0.18,0,1,0,0,3,0,0,0,0,2,2
1773864419347,64451,0.004548654,50,1.356,16.938599,0.18,0,1,0,0,3,0,0,0,0,2,2
1773864447442,64503,0.0028456217,52,2.765,16.934856,0.17307693,-0.0069230795,1,0,0,3,0,0,0,0,2,2
1773864495639,64556,0.0028367958,53,1.652,16.934177,0.16981132,-0.0032656044,1,0,0,3,0,0,0,0,2,2
1773864519730,64609,0.0027016813,53,3.592,16.92873,0.16981132,0,1,0,0,3,0,0,0,0,2,2
1773864559923,64661,0.0033446236,52,1.795,16.928474,0.17307693,0.0032656044,1,0,0,3,0,0,0,0,2,2
1773864600167,64713,0.003269206,52,1.351,16.930372,0.17307693,0,1,0,0,3,0,0,0,0,2,2
1773864656448,64763,0.004816747,50,2.037,16.92854,0.18,0.0069230795,1,0,0,3,0,0,0,0,2,2
1773864704642,64816,0.00264564,53,1.554,16.930962,0.16981132,-0.010188684,1,0,0,3,0,0,0,0,2,2
1773864730744,64866,0.005044891,50,1.578,16.930742,0.18,0.010188684,1,0,0,3,0,0,0,0,2,2
1773864780944,64918,0.003014981,52,1.369,16.931892,0.17307693,-0.0069230795,1,0,0,3,0,0,0,0,2,2
1773864831144,64969,0.0037059141,51,3.822,16.926537,0.1764706,0.003393665,1,0,0,3,0,0,0,0,2,2
1773864857239,65020,0.0037688187,51,1.476,16.925327,0.1764706,0,1,0,0,3,0,0,0,0,2,2
1773864903482,65071,0.0037297176,51,1.795,16.925518,0.1764706,0,1,0,0,3,0,0,0,0,2,2
1773864935593,65123,0.0030638268,52,1.904,16.929417,0.17307693,-0.003393665,1,0,0,3,0,0,0,0,2,2
1773864975753,65176,0.0028484955,53,1.585,16.92992,0.16981132,-0.0032656044,1,0,0,3,0,0,0,0,2,2
1773865017889,65226,0.0050513563,50,1.522,16.93009,0.18,0.010188684,1,0,0,3,0,0,0,0,2,2
1773865062039,65276,0.0045007598,50,1.796,16.930658,0.18,0,1,0,0,3,0,0,0,0,2,2
1773865104226,65328,0.002979816,52,1.624,16.930538,0.17307693,-0.0069230795,1,0,0,3,0,0,0,0,2,2
1773865132351,65378,0.004866744,50,1.559,16.935535,0.18,0.0069230795,1,0,0,3,0,0,0,0,2,2
1773865178549,65429,0.0036218038,51,1.484,16.94313,0.1764706,-0.0035294145,1,0,0,3,0,0,0,0,2,2
1773865216731,65479,0.004661026,50,1.852,16.943218,0.18,0.0035294145,1,0,0,3,0,0,0,0,2,2
1773865252880,65530,0.003619542,51,1.502,16.94303,0.1764706,-0.0035294145,1,0,0,3,0,0,0,0,2,2
1773865301087,65580,0.004712412,50,1.384,16.945158,0.18,0.0035294145,1,0,0,3,0,0,0,0,2,2
1773865329217,65631,0.0036267387,51,1.442,16.946398,0.1764706,-0.0035294145,1,0,0,3,0,0,0,0,2,2
1773865426300,65681,0.0044992594,50,5.134,16.94126,0.18,0.0035294145,1,0,0,3,0,0,0,0,2,2
1773865523293,65734,0.0028590965,53,1.538,14.3055315,0.16981132,-0.010188684,1,0,0,3,0,0,0,0,2,2
1773865571536,65785,0.0040488495,51,1.522,14.306158,0.1764706,0.0066592693,1,0,0,3,0,0,0,0,2,2
1773865605646,65837,0.0032023017,52,1.621,14.306243,0.17307693,-0.003393665,1,0,0,3,0,0,0,0,2,2
1773865657887,65887,0.0047869817,50,1.228,14.306614,0.18,0.0069230795,1,0,0,3,0,0,0,0,2,2
1773865704113,65940,0.0028459886,53,1.625,14.306474,0.16981132,-0.010188684,1,0,0,3,0,0,0,0,2,2
1773865750346,65990,0.004927352,50,1.493,14.306504,0.18,0.010188684,1,0,0,3,0,0,0,0,2,2
1773865780468,66043,0.002667794,53,3.037,14.304151,0.16981132,-0.010188684,1,0,0,3,0,0,0,0,2,2
1773865830720,66093,0.0049251127,50,1.513,14.3044405,0.18,0.010188684,1,0,0,3,0,0,0,0,2,2
1773865862832,66144,0.0036257296,51,1.59,14.305082,0.1764706,-0.0035294145,1,0,0,3,0,0,0,0,2,2
1773865909030,66197,0.00293611,53,1.577,14.3048,0.16981132,-0.0066592693,1,0,0,3,0,0,0,0,2,2
1773865969333,66249,0.0034322222,52,1.693,14.306088,0.17307693,0.0032656044,1,0,0,3,0,0,0,0,2,2
1773866005485,66299,0.004760454,50,1.47,14.3065,0.18,0.0069230795,1,0,0,3,0,0,0,0,2,2
1773866055738,66352,0.0038109978,53,1.552,9.0253,0.16981132,-0.010188684,1,0,0,3,0,0,0,0,2,2
1773866103935,66403,0.004435849,51,1.535,9.026693,0.1764706,0.0066592693,1,0,0,3,0,0,0,0,2,2
1773866158149,66455,0.0039076386,52,1.48,9.026944,0.17307693,-0.003393665,1,0,0,3,0,0,0,0,2,2
1773866202336,66508,0.003915725,53,1.486,9.0286255,0.16981132,-0.0032656044,1,0,0,3,0,0,0,0,2,2
1773866250579,66558,0.00508133,50,1.633,9.02958,0.18,0.010188684,1,0,0,3,0,0,0,0,2,2
1773866306884,66615,0.006278873,57,2.286,9.027121,0.15789473,-0.022105277,1,0,0,3,0,0,0,0,2,2
1773866359139,66665,0.005687421,50,1.406,9.027262,0.18,0.022105277,1,0,0,3,0,0,0,0,2,2
1773866397304,66715,0.004713919,50,1.601,9.027392,0.18,0,1,0,0,3,0,0,0,0,2,2
1773866461609,66765,0.0046999734,50,1.859,9.026713,0.18,0,1,0,0,3,0,0,0,0,2,2
1773866511837,66816,0.0041360892,51,1.541,9.026813,0.1764706,-0.0035294145,1,0,0,3,0,0,0,0,2,2
1773866568065,66866,0.004779558,50,4.484,9.028176,0.18,0.0035294145,1,0,0,3,0,0,0,0,2,2
1773866620322,66916,0.0046949093,50,1.961,9.02732,0.18,0,1,0,0,3,0,0,0,0,2,2
1773866666507,66967,0.0041320426,51,1.593,9.027032,0.1764706,-0.0035294145,1,0,0,3,0,0,0,0,2,2
1773866720784,67019,0.003876374,52,1.811,9.026329,0.17307693,-0.003393665,1,0,0,3,0,0,0,0,2,2
1773866781080,67071,0.0040138317,52,1.211,9.026727,0.17307693,0,1,0,0,3,0,0,0,0,2,2
1773866845337,67124,0.0039240844,53,1.42,9.027048,0.16981132,-0.0032656044,1,0,0,3,0,0,0,0,2,2
1773866909647,67175,0.00443965,51,1.49,9.027361,0.1764706,0.0066592693,1,0,0,3,0,0,0,0,2,2
1773866969918,67226,0.004192882,51,1.985,9.028172,0.1764706,0,1,0,0,3,0,0,0,0,2,2
1773867030192,67276,0.00482678,50,1.62,9.028772,0.18,0.0035294145,1,0,0,3,0,0,0,0,2,2
1773867108563,67326,0.0047052195,50,1.752,9.029257,0.18,0,1,0,0,3,0,0,0,0,2,2
1773867180898,67376,0.0066820635,50,1.545,0.717254,0.18,0,1,0,0,3,0,0,0,0,2,2
1773867251157,67429,0.006844967,53,1.334,0.71804196,0.16981132,-0.010188684,1,0,0,3,0,0,0,0,2,2
1773867321420,67480,0.006575074,51,1.297,0.7198749,0.1764706,0.0066592693,1,0,0,3,0,0,0,0,2,2
1773867387649,67531,0.0064777266,51,1.52,0.7205456,0.1764706,0,1,0,0,3,0,0,0,0,2,2
1773867466014,67581,0.0067359465,50,2.193,0.7221535,0.18,0.0035294145,1,0,0,3,0,0,0,0,2,2
1773867534221,67632,0.0064526894,51,1.446,0.7202436,0.1764706,-0.0035294145,1,0,0,3,0,0,0,0,2,2
1773867626535,67682,0.0067323386,50,1.607,0.71934533,0.18,0.0035294145,1,0,0,3,0,0,0,0,2,2
1773867700845,67732,0.0066824392,50,1.238,0.7206424,0.18,0,1,0,0,3,0,0,0,0,2,2
1773867783205,67782,0.006685059,50,1.75,0.71038395,0.18,0,1,0,0,3,0,0,0,0,2,2
1773867853448,67839,0.010863906,57,1.47,0.7112815,0.15789473,-0.022105277,1,0,0,3,0,0,0,0,2,2
1773867947818,67889,0.0072532413,50,2.024,0.67464095,0.18,0.022105277,1,0,0,3,0,0,0,0,2,2
1773868032122,67939,0.0066967304,50,1.418,0.6759491,0.18,0,1,0,0,3,0,0,0,0,2,2
1773868112537,67989,0.006700765,50,2.052,0.6750168,0.18,0,1,0,0,3,0,0,0,0,2,2
1773868186787,68042,0.0068551092,53,1.519,0.67480606,0.16981132,-0.010188684,1,0,0,3,0,0,0,0,2,2
1773868279183,68093,0.0065728463,51,2.947,0.6902169,0.1764706,0.0066592693,1,0,0,3,0,0,0,0,2,2
1773868393585,68143,0.0067505487,50,2.436,0.69451845,0.18,0.0035294145,1,0,0,3,0,0,0,0,2,2
1773868483919,68193,0.006691855,50,1.822,0.6924814,0.18,0,1,0,0,3,0,0,0,0,2,2
1773868574280,68243,0.0067115785,50,2.062,0.6448943,0.18,0,1,0,0,3,0,0,0,0,2,2
1773868676698,68293,0.006707911,50,1.662,0.64397615,0.18,0,1,0,0,3,0,0,0,0,2,2
1773868779118,68343,0.0067075877,50,1.596,0.6443477,0.18,0,1,0,0,3,0,0,0,0,2,2
1773868881580,68393,0.006767431,50,3.77,0.69028956,0.18,0,1,0,0,3,0,0,0,0,2,2
1773869006108,68444,0.006462881,51,1.514,0.6906913,0.1764706,-0.0035294145,1,0,0,3,0,0,0,0,2,2
1773869112531,68494,0.006742421,50,1.698,0.68993294,0.18,0.0035294145,1,0,0,3,0,0,0,0,2,2
1773869229018,68544,0.0066963877,50,2.131,0.6911394,0.18,0,1,0,0,3,0,0,0,0,2,2
1773869353554,68594,0.0066911285,50,1.583,0.69132775,0.18,0,1,0,0,3,0,0,0,0,2,2
1773869476027,68644,0.006746718,50,3.665,0.7279254,0.18,0,1,0,0,3,0,0,0,0,2,2
1773869592486,68694,0.006678473,50,1.526,0.7276237,0.18,0,1,0,0,3,0,0,0,0,2,2
1773869723058,68744,0.006679222,50,1.782,0.7276574,0.18,0,1,0,0,3,0,0,0,0,2,2
1773869831510,68794,0.0066800755,50,1.836,0.7264199,0.18,0,1,0,0,3,0,0,0,0,2,2
1773869970097,68844,0.006679517,50,1.612,0.7247124,0.18,0,1,0,0,3,0,0,0,0,2,2
1773870110659,68895,0.006449724,51,1.52,0.72409457,0.1764706,-0.0035294145,1,0,0,3,0,0,0,0,2,2
1773870237232,68945,0.0067752856,50,1.401,0.5961614,0.18,0.0035294145,1,0,0,3,0,0,0,0,2,2
1773870387839,68995,0.0067260363,50,1.816,0.5953184,0.18,0,1,0,0,3,0,0,0,0,2,2
1773870544449,69049,0.0074840127,54,1.794,0.5943257,0.16666667,-0.0133333355,1,0,0,3,0,0,0,0,2,2
1773870693042,69100,0.006678792,51,1.369,0.5963237,0.1764706,0.009803921,1,0,0,3,0,0,0,0,2,2
1773870837688,69150,0.006832211,50,3.814,0.64236313,0.18,0.0035294145,1,0,0,3,0,0,0,0,2,2
1773870978272,69201,0.0064776787,51,1.846,0.64181596,0.1764706,-0.0035294145,1,0,0,3,0,0,0,0,2,2
1773871132857,69251,0.006764809,50,2.26,0.6424046,0.18,0.0035294145,1,0,0,3,0,0,0,0,2,2
1773871273366,69301,0.0067141172,50,1.567,0.6256486,0.18,0,1,0,0,3,0,0,0,0,2,2
1773871409909,69352,0.006490601,51,1.38,0.6269109,0.1764706,-0.0035294145,1,0,0,3,0,0,0,0,2,2
1773871556464,69402,0.0067651775,50,1.873,0.6262291,0.18,0.0035294145,1,0,0,3,0,0,0,0,2,2
1773871711093,69452,0.006726189,50,2.482,0.6305519,0.18,0,1,0,0,3,0,0,0,0,2,2
1773871823519,69502,0.0067121633,50,1.568,0.63121134,0.18,0,1,0,0,3,0,0,0,0,2,2
1773871964043,69555,0.0068624504,53,1.814,0.6294786,0.16981132,-0.010188684,1,0,0,3,0,0,0,0,2,2
1773872112654,69605,0.0069136685,50,2.957,0.64312834,0.18,0.010188684,1,0,0,3,0,0,0,0,2,2
1773872227166,69655,0.0067205727,50,2.48,0.64611244,0.18,0,1,0,0,3,0,0,0,0,2,2
1773872369792,69705,0.006765105,50,3.688,0.68156356,0.18,0,1,0,0,3,0,0,0,0,2,2
1773872538583,69755,0.0067078704,50,2.496,0.68304384,0.18,0,1,0,0,3,0,0,0,0,2,2
1773872693218,69805,0.006693677,50,1.514,0.6840244,0.18,0,1,0,0,3,0,0,0,0,2,2
1773872875987,69855,0.006693627,50,1.556,0.68412995,0.18,0,1,0,0,3,0,0,0,0,2,2
1773873050644,69905,0.006693932,50,1.435,0.6837978,0.18,0,1,0,0,3,0,0,0,0,2,2
1773873229343,69956,0.006466273,51,1.452,0.6851393,0.1764706,-0.0035294145,1,0,0,3,0,0,0,0,2,2
1773873420150,70006,0.0067568035,50,2.614,0.6904708,0.18,0.0035294145,1,0,0,3,0,0,0,0,2,2
1773873610936,70056,0.0066917227,50,1.622,0.6898278,0.18,0,1,0,0,3,0,0,0,0,2,2
1773873799791,70106,0.0067199464,50,1.729,0.61070627,0.18,0,1,0,0,3,0,0,0,0,2,2
1773873978684,70156,0.006732534,50,2.515,0.6155616,0.18,0,1,0,0,3,0,0,0,0,2,2
1773874151578,70206,0.006722366,50,2.067,0.61469316,0.18,0,1,0,0,3,0,0,0,0,2,2
1773874316247,70256,0.006717113,50,1.39,0.61791694,0.18,0,1,0,0,3,0,0,0,0,2,2
1773874494991,70306,0.0067180833,50,1.412,0.6149144,0.18,0,1,0,0,3,0,0,0,0,2,2
1773874685778,70356,0.006719287,50,1.716,0.61237663,0.18,0,1,0,0,3,0,0,0,0,2,2
1773874902665,70406,0.0067201764,50,1.751,0.61045206,0.18,0,1,0,0,3,0,0,0,0,2,2
1773875095536,70456,0.00671857,50,1.359,0.6141932,0.18,0,1,0,0,3,0,0,0,0,2,2
1773875282228,70506,0.0067290566,50,2.402,0.6162503,0.18,0,1,0,0,3,0,0,0,0,2,2
1773875472958,70556,0.006716984,50,1.563,0.617469,0.18,0,1,0,0,3,0,0,0,0,2,2
1773875665770,70606,0.0067166686,50,1.385,0.6192653,0.18,0,1,0,0,3,0,0,0,0,2,2
1773875874683,70656,0.006717174,50,1.532,0.6168796,0.18,0,1,0,0,3,0,0,0,0,2,2
1773876079634,70706,0.0075368932,50,9.721,1.1447024,0.18,0,1,0,0,3,0,0,0,0,2,2
1773876296691,70756,0.0065454612,50,2.451,1.1438816,0.18,0,1,0,0,3,0,0,0,0,2,2
1773876513626,70807,0.0062896307,51,1.418,1.1464806,0.1764706,-0.0035294145,1,0,0,3,0,0,0,0,2,2
1773876734526,70857,0.0065905186,50,1.396,1.1469055,0.18,0.0035294145,1,0,0,3,0,0,0,0,2,2
1773876915257,70907,0.03009969,50,42.668,5.1658773,0.18,0,1,0,0,3,0,0,0,0,2,2
1773877083940,70957,0.0055395267,50,5.825,5.1770983,0.18,0,1,0,0,3,0,0,0,0,2,2
1773877314842,71010,0.004937048,53,2.116,5.1761837,0.16981132,-0.010188684,1,0,0,3,0,0,0,0,2,2
1773877527722,71060,0.0056754616,50,1.725,5.175285,0.18,0.010188684,1,0,0,3,0,0,0,0,2,2
1773877758629,71110,0.005403454,50,1.339,5.177519,0.18,0,1,0,0,3,0,0,0,0,2,2
1773877969447,71161,0.0049792402,51,1.51,5.17716,0.1764706,-0.0035294145,1,0,0,3,0,0,0,0,2,2
1773878216588,71211,0.0054792794,50,1.594,5.1784472,0.18,0.0035294145,1,0,0,3,0,0,0,0,2,2
1773878433500,71261,0.005402549,50,1.353,5.1791053,0.18,0,1,0,0,3,0,0,0,0,2,2
1773878698693,71311,0.00540313,50,1.321,5.1820564,0.18,0,1,0,0,3,0,0,0,0,2,2
1773878999997,71361,0.005404249,50,1.276,5.1850557,0.18,0,1,0,0,3,0,0,0,0,2,2
1773879275199,71413,0.0048370115,52,1.554,5.185875,0.17307693,-0.0069230795,1,0,0,3,0,0,0,0,2,2
1773879550438,71463,0.005576174,50,1.508,5.187396,0.18,0.0069230795,1,0,0,3,0,0,0,0,2,2
1773879765340,71513,0.005396891,50,1.451,5.1881166,0.18,0,1,0,0,3,0,0,0,0,2,2
1773879891858,71563,0.0053776805,50,2.809,5.186306,0.18,0,1,0,0,3,0,0,0,0,2,2
1773880144906,71614,0.0049804673,51,1.436,5.1869135,0.1764706,-0.0035294145,1,0,0,3,0,0,0,0,2,2
1773880351763,71664,0.005485188,50,1.381,5.1874037,0.18,0.0035294145,1,0,0,3,0,0,0,0,2,2
1773880618841,71714,0.005393818,50,1.543,5.1878924,0.18,0,1,0,0,3,0,0,0,0,2,2
1773880861769,71764,0.005402106,50,1.3,5.1902566,0.18,0,1,0,0,3,0,0,0,0,2,2
1773881068619,71814,0.005386218,50,1.794,5.189642,0.18,0,1,0,0,3,0,0,0,0,2,2
1773881351659,71864,0.0053825015,50,1.972,5.188751,0.18,0,1,0,0,3,0,0,0,0,2,2
1773881626816,71914,0.0053890413,50,1.699,5.18822,0.18,0,1,0,0,3,0,0,0,0,2,2
1773881849868,71964,0.0053965,50,1.455,5.1892176,0.18,0,1,0,0,3,0,0,0,0,2,2
1773882121204,72014,0.0053940103,50,1.522,5.190112,0.18,0,1,0,0,3,0,0,0,0,2,2
1773882352136,72064,0.005396115,50,1.457,5.19062,0.18,0,1,0,0,3,0,0,0,0,2,2
1773882657389,72114,0.0054105488,50,1.094,5.1923,0.18,0,1,0,0,3,0,0,0,0,2,2
1773882916502,72164,0.0054007783,50,1.32,5.192605,0.18,0,1,0,0,3,0,0,0,0,2,2
1773883155604,72214,0.005396189,50,1.435,5.1937337,0.18,0,1,0,0,3,0,0,0,0,2,2
1773883551285,72264,0.005507705,50,5.568,5.2055798,0.18,0,1,0,0,3,0,0,0,0,2,2
1773883852558,72314,0.00537946,50,1.95,5.203817,0.18,0,1,0,0,3,0,0,0,0,2,2
1773884063410,72370,0.0069809803,56,1.762,5.2030215,0.16071428,-0.019285724,1,0,0,3,0,0,0,0,2,2
1773884310493,72420,0.0060400395,50,1.457,5.204176,0.18,0.019285724,1,0,0,3,0,0,0,0,2,2
1773884487131,72471,0.004967959,51,1.582,5.205622,0.1764706,-0.0035294145,1,0,0,3,0,0,0,0,2,2
1773884794389,72522,0.005038476,51,1.397,5.2062054,0.1764706,0,1,0,0,3,0,0,0,0,2,2
1773885073628,72573,0.0050276346,51,1.6,5.205456,0.1764706,0,1,0,0,3,0,0,0,0,2,2
1773885342784,72623,0.005475413,50,1.528,5.2064123,0.18,0.0035294145,1,0,0,3,0,0,0,0,2,2
1773885505544,72673,0.050341338,50,57.84,8.60232,0.18,0,1,0,0,3,0,0,0,0,2,2
1773885716460,72723,0.0048066624,50,5.777,8.603489,0.18,0,1,0,0,3,0,0,0,0,2,2
1773885939365,72774,0.0042170277,51,1.434,8.604817,0.1764706,-0.0035294145,1,0,0,3,0,0,0,0,2,2
1773886248508,72824,0.004854331,50,2.108,8.606371,0.18,0.0035294145,1,0,0,3,0,0,0,0,2,2
1773886547715,72876,0.003924162,52,7.55,8.619636,0.17307693,-0.0069230795,1,0,0,3,0,0,0,0,2,2
1773886871160,72927,0.004406626,51,1.334,8.624255,0.1764706,0.003393665,1,0,0,3,0,0,0,0,2,2
1773887178488,72977,0.0048925243,50,1.353,8.627655,0.18,0.0035294145,1,0,0,3,0,0,0,0,2,2
1773887429547,73028,0.004215191,51,1.405,8.628069,0.1764706,-0.0035294145,1,0,0,3,0,0,0,0,2,2
1773887696716,73079,0.0042951526,51,1.493,8.628302,0.1764706,0,1,0,0,3,0,0,0,0,2,2
1773888014027,73129,0.0048837885,50,1.489,8.628098,0.18,0.0035294145,1,0,0,3,0,0,0,0,2,2
1773888345421,73179,0.0047704387,50,1.522,8.627835,0.18,0,1,0,0,3,0,0,0,0,2,2
1773888604439,73229,0.004764405,50,1.623,8.630402,0.18,0,1,0,0,3,0,0,0,0,2,2
1773888943795,73280,0.004209528,51,1.471,8.630947,0.1764706,-0.0035294145,1,0,0,3,0,0,0,0,2,2
1773889309343,73330,0.0049438183,50,6.322,8.634691,0.18,0.0035294145,1,0,0,3,0,0,0,0,2,2
1773889576401,73381,0.0042132866,51,1.407,8.637981,0.1764706,-0.0035294145,1,0,0,3,0,0,0,0,2,2
1773889831500,73431,0.0050257966,50,7.163,8.647026,0.18,0.0035294145,1,0,0,3,0,0,0,0,2,2
1773890146864,73482,0.0041478556,51,5.539,8.645217,0.1764706,-0.0035294145,1,0,0,3,0,0,0,0,2,2
1773890508417,73532,0.004823055,50,3.933,8.64027,0.18,0.0035294145,1,0,0,3,0,0,0,0,2,2
1773890695110,73583,0.0042096344,51,1.446,8.64134,0.1764706,-0.0035294145,1,0,0,3,0,0,0,0,2,2
1773890841734,73633,0.00494872,50,6.394,8.643549,0.18,0.0035294145,1,0,0,3,0,0,0,0,2,2
1773891171281,73683,0.0047749327,50,1.412,8.643313,0.18,0,1,0,0,3,0,0,0,0,2,2
1773891444436,73733,0.004754636,50,1.77,8.645319,0.18,0,1,0,0,3,0,0,0,0,2,2
1773891737625,73783,0.005379038,50,10.012,8.674051,0.18,0,1,0,0,3,0,0,0,0,2,2
1773892087020,73833,0.0047785,50,5.528,8.669986,0.18,0,1,0,0,3,0,0,0,0,2,2
1773892372322,73883,0.0047344505,50,4.66,8.664562,0.18,0,1,0,0,3,0,0,0,0,2,2
1773892722071,73939,0.0050832173,56,7.269,8.644942,0.16071428,-0.019285724,1,0,0,3,0,0,0,0,2,2
1773893416957,13,1,13,0,0,0,0,1,1,0,3,0,0,0,30000,2,0
1773893437043,63,0.009931952,50,1.223,0.6115,0,0,1,0,0,3,0,0,0,0,2,0
1773893467267,114,0.003619246,51,5.296,2.2640345,0,0,1,0,0,3,0,0,0,0,2,0
1773893483387,165,0.002246609,51,8.564,3.3915784,0,0,1,0,0,3,0,0,0,0,2,0
1773893505548,222,0.0029509075,57,5.854,3.1458914,0,0,1,0,0,3,0,0,0,0,2,0
1773893538123,272,0.0032063832,50,7.268,3.0927758,0,0,1,0,0,3,0,0,0,0,2,0
1773893556253,328,0.0024842606,56,7.44,3.0195258,0,0,1,0,0,3,0,0,0,0,2,0
1773893572366,378,0.0034207432,50,6.857,2.8841836,0,0,1,0,0,3,0,0,0,0,2,0
1773893628792,428,0.0034497334,50,4.329,2.7367532,0,0,1,0,0,3,0,0,0,0,2,0
1773893679042,480,1,52,305.564,90.14556,0,0,1,0,0,3,0,0,0,0,2,0
1773893711201,530,1,50,3.066,86.44665,0,0,1,0,0,3,0,0,0,0,2,0
1773893761545,584,1,54,1.948,83.19081,0,0,1,0,0,3,0,0,0,0,2,0
1773893777610,634,1,50,1.33,80.28598,0,0,1,0,0,3,0,0,0,0,2,0
1773893813803,694,1,60,1.906,77.64788,0,0,1,0,0,3,0,0,0,0,2,0
1773893829915,749,1,55,2.851,75.23233,0,0,1,0,0,3,0,0,0,0,2,0
1773893847987,805,1,56,1.153,73.05732,0,0,1,0,0,3,0,0,0,0,2,0
1773893884145,860,1,55,1.759,71.04856,0,0,1,0,0,3,0,0,0,0,2,0
1773893902203,911,1,51,3.048,69.17678,0,0,1,0,0,3,0,0,0,0,2,0
1773893918250,963,1,52,1.427,67.466644,0,0,1,0,0,3,0,0,0,0,2,0
1773893964416,1014,1,51,1.495,65.8756,0,0,1,0,0,3,0,0,0,0,2,0
1773893976440,1068,1,54,1.749,64.3883,0,0,1,0,0,3,0,0,0,0,2,0
1773894018572,1098,1,30,0,63.017273,0,0,1,0,0,3,0,0,0,30000,2,0
1773894024595,1124,1,26,2.332,61.704716,0,0,1,0,0,3,0,0,0,0,2,0
1773894042666,1177,1,53,7.364,60.432312,0,0,1,0,0,3,0,0,0,0,2,0
1773894078792,1231,1,54,2.862,59.267212,0,0,1,0,0,3,0,0,0,0,2,0
1773894096850,1292,1,61,1.056,58.182327,0,0,1,0,0,3,0,0,0,0,2,0
1773894114981,1344,1,52,2.195,57.14521,0,0,1,0,0,3,0,0,0,0,2,0
1773894139085,1398,1,54,2.207,56.1614,0,0,1,0,0,3,0,0,0,0,2,0
1773894155134,1448,1,50,4.495,55.211876,0,0,1,0,0,3,0,0,0,0,2,0
1773894175219,1508,1,60,3.829,54.312656,0,0,1,0,0,3,0,0,0,0,2,0
1773894203299,1561,1,53,1.387,53.471256,0,0,1,0,0,3,0,0,0,0,2,0
1773894223390,1614,1,53,4.376,52.650333,0,0,1,0,0,3,0,0,0,0,2,0
1773894241467,1671,1,57,2.791,51.87426,0,0,1,0,0,3,0,0,0,0,2,0
1773894271623,1728,1,57,1.65,51.13794,0,0,1,0,0,3,0,0,0,0,2,0
1773894293732,1778,1,50,1.034,50.435677,0,0,1,0,0,3,0,0,0,0,2,0
1773894317839,1830,1,52,1.566,49.75847,0,0,1,0,0,3,0,0,0,0,2,0
1773894370065,1891,1,61,4.588,49.09417,0,0,1,0,0,3,0,0,0,0,2,0
1773894386146,1941,1,50,1.417,48.46968,0,0,1,0,0,3,0,0,0,0,2,0
1773894438371,1998,1,57,1.676,47.867104,0,0,1,0,0,3,0,0,0,0,2,0
1773894468503,2051,1,53,1.181,47.2888,0,0,1,0,0,3,0,0,0,0,2,0
1773894486564,2107,1,56,1.203,46.730812,0,0,1,0,0,3,0,0,0,0,2,0
1773894500621,2158,0.98214465,51,1.221,46.191994,0,0,1,0,0,3,0,0,0,0,2,0
1773894516698,2209,0.9578999,51,1.407,45.670547,0,0,1,0,0,3,0,0,0,0,2,0
1773894546826,2261,0.9340568,52,1.208,45.1672,0,0,1,0,0,3,0,0,0,0,2,0
1773894560877,2312,0.91209227,51,5.693,44.666428,0,0,1,0,0,3,0,0,0,0,2,0
1773894578938,2366,0.8892501,54,3.217,44.188133,0,0,1,0,0,3,0,0,0,0,2,0
1773894607148,2416,0.8715743,50,1.102,43.732227,0,0,1,0,0,3,0,0,0,0,2,0
1773894633234,2468,0.84989744,52,4.137,43.280575,0,0,1,0,0,3,0,0,0,0,2,0
1773894651305,2519,0.8321739,51,1.201,42.851566,0,0,1,0,0,3,0,0,0,0,2,0
1773894677412,2570,0.8139659,51,3.382,42.428257,0,0,1,0,0,3,0,0,0,0,2,0
1773894695489,2623,0.7952563,53,5.148,42.01349,0,0,1,0,0,3,0,0,0,0,2,0
1773894711561,2679,0.77928334,56,1.58,41.619503,0,0,1,0,0,3,0,0,0,0,2,0
1773894755761,2730,0.7641545,51,1.283,41.23737,0,0,1,0,0,3,0,0,0,0,2,0
1773894775810,2788,0.74974644,58,3.661,40.859108,0,0,1,0,0,3,0,0,0,0,2,0
1773894826021,2839,0.73393786,51,1.321,40.497227,0,0,1,0,0,3,0,0,0,0,2,0
1773894842087,2893,0.71806586,54,5.385,40.135937,0,0,1,0,0,3,0,0,0,0,2,0
1773894890386,2948,0.70458114,55,1.395,39.79261,0,0,1,0,0,3,0,0,0,0,2,0
1773894910453,2998,0.69330466,50,3.691,39.452385,0,0,1,0,0,3,0,0,0,0,2,0
1773894958644,3049,0.6796427,51,1.047,39.127174,0,0,1,0,0,3,0,0,0,0,2,0
1773894984752,3100,0.80697453,51,79.573,39.86777,0,0,1,0,0,3,0,0,0,0,2,0
1773895028940,3154,0.6946083,54,7.098,39.540504,0,0,1,0,0,3,0,0,0,0,2,0
1773895045031,3205,0.6833516,51,4.74,39.224236,0,0,1,0,0,3,0,0,0,0,2,0
1773895095269,3259,0.67034936,54,1.652,38.922707,0,0,1,0,0,3,0,0,0,0,2,0
1773895113390,3309,0.6612006,50,7.319,38.617954,0,0,1,0,0,3,0,0,0,0,2,0
1773895159638,3360,0.65950817,51,6.964,38.602474,0,0,1,0,0,3,0,0,0,0,2,0
1773895175752,3411,0.6598278,51,11.047,38.590675,0,0,1,0,0,3,0,0,0,0,2,0
1773895215994,3432,1,21,0,38.604584,0,0,1,0,0,3,0,0,0,30000,2,0
1773895230050,3471,0.6924786,39,4.518,38.60872,0,0,1,0,0,3,0,0,0,0,2,0
1773895246154,3527,0.65937936,56,1.046,38.61952,0,0,1,0,0,3,0,0,0,0,2,0
1773895280381,3538,1,11,0,38.635002,0,0,1,0,0,3,0,0,0,30000,2,0
1773895292429,3578,0.68950653,40,1.443,38.64557,0,0,1,0,0,3,0,0,0,0,2,0
1773895310560,3630,0.6606924,52,1.225,38.656204,0,0,1,0,0,3,0,0,0,0,2,0
1773895346752,3693,0.67271984,63,3.344,38.658123,0,0,1,0,0,3,0,0,0,0,2,0
1773895376863,3745,0.17200477,52,85.99,14.094944,0,0,1,0,0,3,0,0,0,0,2,0
1773895421139,3803,0.057077315,58,4.955,14.092383,0,0,1,0,0,3,0,0,0,0,2,0
1773895445234,3854,0.0555302,51,4.186,14.086927,0,0,1,0,0,3,0,0,0,0,2,0
1773895503605,3904,0.056528505,50,1.761,14.085139,0,0,1,0,0,3,0,0,0,0,2,0
1773895549845,3945,0.83504015,41,0,14.094274,0,0,1,0,0,3,0,0,0,30000,2,0
1773895557895,3967,0.20995648,22,1.446,14.099102,0,0,1,0,0,3,0,0,0,0,2,0
1773895573993,4019,0.05487236,52,2.437,14.094188,0,0,1,0,0,3,0,0,0,0,2,0
1773895620215,4075,0.05513709,56,1.385,14.095715,0,0,1,0,0,3,0,0,0,0,2,0
1773895640327,4128,0.05458062,53,1.368,14.101356,0,0,1,0,0,3,0,0,0,0,2,0
1773895688605,4182,0.054519422,54,1.028,14.103125,0,0,1,0,0,3,0,0,0,0,2,0
1773895706665,4238,0.055208907,56,1.537,14.102952,0,0,1,0,0,3,0,0,0,0,2,0
1773895750922,4257,0.9919961,19,0,14.111344,0,0,1,0,0,3,0,0,0,30000,2,0
1773895756954,4290,0.12109062,33,1.499,14.103949,0,0,1,0,0,3,0,0,0,0,2,0
1773895775019,4341,0.055716082,51,5.06,14.099288,0,0,1,0,0,3,0,0,0,0,2,0
1773895815260,4362,0.9716088,21,0,14.111683,0,0,1,0,0,3,0,0,0,30000,2,0
1773895833406,4391,0.16533919,29,30.022,14.4412155,0,0,1,0,0,3,0,0,0,0,2,0
1773895881715,4423,0.88535374,32,0,14.446965,0,0,1,0,0,3,0,0,0,30000,2,0
1773895887762,4444,0.22374694,21,2.313,14.446545,0,0,1,0,0,3,0,0,0,0,2,0
1773895911858,4501,0.05984486,57,2.155,14.446733,0,0,1,0,0,3,0,0,0,0,2,0
1773895956115,4554,0.058791712,53,7.643,14.448404,0,0,1,0,0,3,0,0,0,0,2,0
1773895972213,4605,0.059655048,51,1.526,14.455644,0,0,1,0,0,3,0,0,0,0,2,0
1773896018470,4656,0.05962966,51,1.723,14.454184,0,0,1,0,0,3,0,0,0,0,2,0
1773896032584,4710,0.058509517,54,1.481,14.462382,0,0,1,0,0,3,0,0,0,0,2,0
1773896082810,4752,0.83591956,42,0,14.474768,0,0,1,0,0,3,0,0,0,30000,2,0
1773896088839,4763,0.34025565,11,1.451,14.47561,0,0,1,0,0,3,0,0,0,0,2,0
1773896106970,4814,0.059872255,51,1.373,14.474045,0,0,1,0,0,3,0,0,0,0,2,0
1773896159275,4867,0.058650624,53,4.239,14.466531,0,0,1,0,0,3,0,0,0,0,2,0
1773896175372,4925,0.06121407,58,3.265,14.468804,0,0,1,0,0,3,0,0,0,0,2,0
1773896227697,4977,0.05907316,52,1.644,14.46783,0,0,1,0,0,3,0,0,0,0,2,0
1773896255840,5027,0.060781825,50,2.008,14.466513,0,0,1,0,0,3,0,0,0,0,2,0
1773896294066,5081,0.05856209,54,1.279,14.466063,0,0,1,0,0,3,0,0,0,0,2,0
1773896354420,5134,0.05864446,53,1.419,14.465079,0,0,1,0,0,3,0,0,0,0,2,0
1773896372550,5189,0.05863389,55,3.05,14.458364,0,0,1,0,0,3,0,0,0,0,2,0
1773896412776,5210,0.97578317,21,0,14.465709,0,0,1,0,0,3,0,0,0,30000,2,0
1773896428806,5242,0.13161542,32,2.302,14.461244,0,0,1,0,0,3,0,0,0,0,2,0
1773896444869,5292,0.06085586,50,1.352,14.470558,0,0,1,0,0,3,0,0,0,0,2,0
1773896481096,5302,1,10,0,14.483896,0,0,1,0,0,3,0,0,0,30000,2,0
1773896493179,5342,0.088124156,40,1.162,14.483619,0,0,1,0,0,3,0,0,0,0,2,0
1773896511224,5394,0.059357915,52,1.358,14.491583,0,0,1,0,0,3,0,0,0,0,2,0
1773896559480,5455,0.06670981,61,1.557,14.490045,0,0,1,0,0,3,0,0,0,0,2,0
1773896579597,5505,0.06114054,50,1.478,14.496086,0,0,1,0,0,3,0,0,0,0,2,0
1773896615788,5562,0.060740937,57,7.298,14.498048,0,0,1,0,0,3,0,0,0,0,2,0
1773896641915,5620,0.061483573,58,3.43,14.492262,0,0,1,0,0,3,0,0,0,0,2,0
1773896686172,5674,0.058792114,54,5.17,14.482934,0,0,1,0,0,3,0,0,0,0,2,0
1773896702206,5735,0.06667991,61,1.813,14.48838,0,0,1,0,0,3,0,0,0,0,2,0
1773896746495,5761,0.930529,26,0,14.495192,0,0,1,0,0,3,0,0,0,30000,2,0
1773896768615,5786,0.57435125,25,132.109,21.375807,0,0,1,0,0,3,0,0,0,0,2,0
1773896812997,5813,1,27,0,21.382639,0,0,1,0,0,3,0,0,0,30000,2,0
1773896823034,5844,0.24421097,31,6.277,21.378054,0,0,1,0,0,3,0,0,0,0,2,0
1773896841158,5902,0.16645068,58,1.489,21.376064,0,0,1,0,0,3,0,0,0,0,2,0
1773896891407,5954,0.12799367,52,2.405,19.353888,0,0,1,0,0,3,0,0,0,0,2,0
1773896939656,6004,0.1297945,50,3.178,19.357254,0,0,1,0,0,3,0,0,0,0,2,0
1773896959769,6073,0.16278875,69,3.377,19.359566,0,0,1,0,0,3,0,0,0,0,2,0
1773896977817,6124,0.12886092,51,1.44,19.360353,0,0,1,0,0,3,0,0,0,0,2,0
1773897012041,6127,1,3,0,19.374697,0,0,1,0,0,3,0,0,0,30000,2,0
1773897030139,6182,0.12813953,55,1.944,19.380926,0,0,1,0,0,3,0,0,0,0,2,0
1773897080411,6242,0.13366327,60,1.968,19.376347,0,0,1,0,0,3,0,0,0,0,2,0
1773897100558,6297,0.12795973,55,6.022,19.362516,0,0,1,0,0,3,0,0,0,0,2,0
1773897146802,6352,0.12797055,55,1.469,19.369623,0,0,1,0,0,3,0,0,0,0,2,0
1773897164911,6403,0.12885828,51,4.28,19.36122,0,0,1,0,0,3,0,0,0,0,2,0
1773897209169,6461,0.13017488,58,1.389,19.355362,0,0,1,0,0,3,0,0,0,0,2,0
1773897227251,6513,0.12799501,52,2.035,19.353355,0,0,1,0,0,3,0,0,0,0,2,0
1773897279589,6571,0.13014382,58,1.281,19.353144,0,0,1,0,0,3,0,0,0,0,2,0
1773897295652,6623,0.12809904,52,1.529,19.358253,0,0,1,0,0,3,0,0,0,0,2,0
1773897345959,6678,0.08456896,55,1.469,16.526064,0,0,1,0,0,3,0,0,0,0,2,0
1773897362023,6742,0.10031401,64,1.074,16.531738,0,0,1,0,0,3,0,0,0,0,2,0
1773897412363,6794,0.08503522,52,1.281,16.536612,0,0,1,0,0,3,0,0,0,0,2,0
1773897428444,6844,0.08674055,50,4.85,16.533094,0,0,1,0,0,3,0,0,0,0,2,0
1773897480698,6893,0.8463322,49,0,16.533092,0,0,1,0,0,3,0,0,0,30000,2,0
1773897482704,6897,0.46572918,4,4.872,16.528555,0,0,1,0,0,3,0,0,0,0,2,0
1773897498765,6948,0.08559023,51,2.649,16.528149,0,0,1,0,0,3,0,0,0,0,2,0
1773897546942,6987,0.8746371,39,0,16.533236,0,0,1,0,0,3,0,0,0,30000,2,0
1773897552978,7006,0.27069786,19,2.811,16.529839,0,0,1,0,0,3,0,0,0,0,2,0
1773897569041,7059,0.084434174,53,2.462,16.525969,0,0,1,0,0,3,0,0,0,0,2,0
1773897613250,7085,0.95730716,26,0,16.53154,0,0,1,0,0,3,0,0,0,30000,2,0
1773897621283,7112,0.19485132,27,3.142,16.5225,0,0,1,0,0,3,0,0,0,0,2,0
1773897675549,7175,0.09719073,63,1.567,16.522299,0,0,1,0,0,3,0,0,0,0,2,0
1773897695620,7237,0.095063694,62,8.313,16.528515,0,0,1,0,0,3,0,0,0,0,2,0
1773897739790,7292,0.08453219,55,1.415,16.52317,0,0,1,0,0,3,0,0,0,0,2,0
1773897755862,7348,0.080913365,56,1.294,16.216887,0,0,1,0,0,3,0,0,0,0,2,0
1773897773920,7404,0.080756016,56,3.532,16.208288,0,0,1,0,0,3,0,0,0,0,2,0
1773897816084,7461,0.08160289,57,1.855,16.209278,0,0,1,0,0,3,0,0,0,0,2,0
1773897832119,7511,0.0822946,50,2.682,16.208315,0,0,1,0,0,3,0,0,0,0,2,0
1773897872267,7562,0.08131069,51,1.186,16.207409,0,0,1,0,0,3,0,0,0,0,2,0
1773897892341,7624,0.090266556,62,1.773,16.206797,0,0,1,0,0,3,0,0,0,0,2,0
1773897912398,7676,0.080553524,52,1.775,16.206673,0,0,1,0,0,3,0,0,0,0,2,0
1773897950560,7731,0.08018193,55,2.881,16.203901,0,0,1,0,0,3,0,0,0,0,2,0
1773897970608,7791,0.0858557,60,5.962,16.196363,0,0,1,0,0,3,0,0,0,0,2,0
1773898012794,7843,0.080412336,52,1.676,16.195757,0,0,1,0,0,3,0,0,0,0,2,0
1773898038863,7904,0.087728076,61,2.151,16.193819,0,0,1,0,0,3,0,0,0,0,2,0
1773898081042,7956,0.08048414,52,1.103,16.198837,0,0,1,0,0,3,0,0,0,0,2,0
1773898099100,8014,0.08258372,58,2.532,16.19983,0,0,1,0,0,3,0,0,0,0,2,0
1773898141283,8073,0.08402473,59,1.881,16.199251,0,0,1,0,0,3,0,0,0,0,2,0
1773898161372,8129,0.08060896,56,2.914,16.197634,0,0,1,0,0,3,0,0,0,0,2,0
1773898201562,8181,0.08047318,52,1.123,16.198109,0,0,1,0,0,3,0,0,0,0,2,0
1773898217615,8233,0.0803773,52,2.764,16.195215,0,0,1,0,0,3,0,0,0,0,2,0
1773898237712,8285,0.08037992,52,3.827,16.194536,0,0,1,0,0,3,0,0,0,0,2,0
1773898278018,8339,0.07979351,54,1.849,16.18841,0,0,1,0,0,3,0,0,0,0,2,0
1773898298085,8398,0.084382236,59,8.182,16.193094,0,0,1,0,0,3,0,0,0,0,2,0
1773898340306,8456,0.08256246,58,1.086,16.193924,0,0,1,0,0,3,0,0,0,0,2,0
1773898358372,8506,0.08210398,50,1.115,16.189718,0,0,1,0,0,3,0,0,0,0,2,0
1773898402605,8565,0.08389399,59,1.58,16.188467,0,0,1,0,0,3,0,0,0,0,2,0
1773898424706,8630,0.098904565,65,1.814,16.187185,0,0,1,0,0,3,0,0,0,0,2,0
1773898474962,8695,0.09892535,65,1.45,16.187496,0,0,1,0,0,3,0,0,0,0,2,0
1773898495051,8749,0.07972625,54,4.18,16.183111,0,0,1,0,0,3,0,0,0,0,2,0
1773900023876,54,1,54,1.488,0,0,0,1,1,0,3,0,0,0,0,3,0
1773900043974,104,0.47879007,50,1.23,0.12900001,0,0,1,0,0,3,0,0,0,0,3,0
1773900078140,158,0.4755298,54,1.348,0.10545563,0,0,1,0,0,3,0,0,0,0,3,0
1773900098215,208,0.4791649,50,1.448,0.09975343,0,0,1,0,0,3,0,0,0,0,3,0
1773900128377,260,0.47126642,52,2.63,0.50848895,0,0,1,0,0,3,0,0,0,0,3,0
1773900158522,312,0.4718865,52,1.715,0.46529505,0,0,1,0,0,3,0,0,0,0,3,0
1773900178616,362,0.4746515,50,1.397,0.4393076,0,0,1,0,0,3,0,0,0,0,3,0
1773900214795,416,0.4712599,54,1.26,0.42674702,0,0,1,0,0,3,0,0,0,0,3,0
1773900234887,466,0.47498018,50,1.236,0.41537485,0,0,1,0,0,3,0,0,0,0,3,0
1773900254986,516,0.47515428,50,1.264,0.40193936,0,0,1,0,0,3,0,0,0,0,3,0
1773900291128,567,0.47399464,51,1.627,0.384926,0,0,1,0,0,3,0,0,0,0,3,0
1773900311211,617,0.47557178,50,1.522,0.36854696,0,0,1,0,0,3,0,0,0,0,3,0
1773900353446,667,0.47571895,50,1.294,0.3588977,0,0,1,0,0,3,0,0,0,0,3,0
1773900413661,719,0.4734765,52,1.483,0.34586084,0,0,1,0,0,3,0,0,0,0,3,0
1773900433747,769,0.47596696,50,1.232,0.340554,0,0,1,0,0,3,0,0,0,0,3,0
1773900453862,820,0.4742277,51,2.121,0.36460102,0,0,1,0,0,3,0,0,0,0,3,0
1773900520150,871,0.4744119,51,1.407,0.3546855,0,0,1,0,0,3,0,0,0,0,3,0
1773900586444,924,0.4726872,53,1.211,0.35151505,0,0,1,0,0,3,0,0,0,0,3,0
1773900642677,975,0.4745715,51,1.475,0.34216928,0,0,1,0,0,3,0,0,0,0,3,0
1773900690926,1026,0.47467718,51,1.549,0.33371985,0,0,1,0,0,3,0,0,0,0,3,0
1773900755185,1080,0.47255576,54,1.307,0.32817718,0,0,1,0,0,3,0,0,0,0,3,0
1773900775271,1130,0.47617534,50,1.24,0.32476032,0,0,1,0,0,3,0,0,0,0,3,0
1773900823454,1183,0.47242764,53,2.356,0.3647594,0,0,1,0,0,3,0,0,0,0,3,0
1773900843542,1233,0.47572565,50,1.481,0.35714316,0,0,1,0,0,3,0,0,0,0,3,0
1773900899729,1285,0.47334656,52,1.783,0.35389376,0,0,1,0,0,3,0,0,0,0,3,0
1773900963934,1338,0.47268206,53,1.704,0.3487405,0,0,1,0,0,3,0,0,0,0,3,0
1773900984018,1388,0.47579727,50,1.901,0.3492793,0,0,1,0,0,3,0,0,0,0,3,0
1773901042258,1441,0.47176537,53,2.789,0.41346505,0,0,1,0,0,3,0,0,0,0,3,0
1773901086452,1493,0.47263584,52,1.24,0.41124028,0,0,1,0,0,3,0,0,0,0,3,0
1773901106537,1544,0.4737233,51,1.283,0.4077618,0,0,1,0,0,3,0,0,0,0,3,0
1773901152730,1595,0.47376192,51,1.249,0.40505588,0,0,1,0,0,3,0,0,0,0,3,0
1773901210966,1650,0.47147286,55,1.611,0.39878696,0,0,1,0,0,3,0,0,0,0,3,0
1773901231056,1701,0.4738994,51,1.535,0.3927194,0,0,1,0,0,3,0,0,0,0,3,0
1773901251132,1751,0.47532997,50,1.442,0.38739768,0,0,1,0,0,3,0,0,0,0,3,0
1773901311395,1801,0.4753558,50,1.767,0.38345873,0,0,1,0,0,3,0,0,0,0,3,0
1773901353588,1854,0.47230297,53,1.351,0.37966284,0,0,1,0,0,3,0,0,0,0,3,0
1773901409844,1904,0.47548974,50,1.564,0.37450007,0,0,1,0,0,3,0,0,0,0,3,0
1773901429930,1955,0.47418484,51,1.687,0.37014192,0,0,1,0,0,3,0,0,0,0,3,0
1773901450030,2005,0.47560245,50,1.632,0.3655498,0,0,1,0,0,3,0,0,0,0,3,0
1773901508345,2055,0.47562602,50,1.796,0.36281946,0,0,1,0,0,3,0,0,0,0,3,0
1773901546550,2106,0.47432232,51,1.743,0.3594018,0,0,1,0,0,3,0,0,0,0,3,0
1773901572672,2158,0.47332302,52,1.211,0.35930642,0,0,1,0,0,3,0,0,0,0,3,0
1773901632968,2209,0.47351187,51,2.997,0.4157719,0,0,1,0,0,3,0,0,0,0,3,0
1773901681150,2263,0.4714361,54,1.339,0.41279373,0,0,1,0,0,3,0,0,0,0,3,0
1773901701233,2313,0.47504547,50,1.572,0.40818968,0,0,1,0,0,3,0,0,0,0,3,0
1773901741376,2364,0.47374973,51,1.34,0.40536156,0,0,1,0,0,3,0,0,0,0,3,0
1773901811709,2414,0.4750265,50,2.062,0.4069187,0,0,1,0,0,3,0,0,0,0,3,0
1773901873945,2471,0.469151,57,4.915,0.6221857,0,0,1,0,0,3,0,0,0,0,3,0
1773901894016,2521,0.47233382,50,1.637,0.61581534,0,0,1,0,0,3,0,0,0,0,3,0
1773901914113,2571,0.47241977,50,1.456,0.6103123,0,0,1,0,0,3,0,0,0,0,3,0
1773901968344,2622,0.4709719,51,2.386,0.6126586,0,0,1,0,0,3,0,0,0,0,3,0
1773902036576,2676,0.46879002,54,2.187,0.6108347,0,0,1,0,0,3,0,0,0,0,3,0
1773902110856,2727,0.47104108,51,2.149,0.608362,0,0,1,0,0,3,0,0,0,0,3,0
1773902185130,2779,0.47003314,52,2.126,0.60554284,0,0,1,0,0,3,0,0,0,0,3,0
1773902229322,2829,0.47212622,50,3.033,0.62590486,0,0,1,0,0,3,0,0,0,0,3,0
1773902279506,2880,0.4708792,51,0.963,0.62842035,0,0,1,0,0,3,0,0,0,0,3,0
1773902363861,2936,0.46623996,56,5.701,0.81393766,0,0,1,0,0,3,0,0,0,0,3,0
1773902428119,2989,0.46654847,53,2.772,0.8171531,0,0,1,0,0,3,0,0,0,0,3,0
1773902484343,3039,0.4698414,50,1.342,0.8123273,0,0,1,0,0,3,0,0,0,0,3,0
1773902504436,3089,0.46990076,50,1.307,0.80789524,0,0,1,0,0,3,0,0,0,0,3,0
1773902552655,3143,0.46638724,54,1.361,0.8030234,0,0,1,0,0,3,0,0,0,0,3,0
1773902572724,3193,0.4700193,50,1.482,0.79737383,0,0,1,0,0,3,0,0,0,0,3,0
1773902642988,3243,0.47003877,50,2.113,0.79218143,0,0,1,0,0,3,0,0,0,0,3,0
1773902745471,3298,0.46629712,55,2.654,0.7934855,0,0,1,0,0,3,0,0,0,0,3,0
1773902819809,3348,0.47006845,50,1.443,0.7937719,0,0,1,0,0,3,0,0,0,0,3,0
1773902886043,3400,0.46761066,52,2.331,0.7934141,0,0,1,0,0,3,0,0,0,0,3,0
1773902906121,3450,0.47007003,50,1.815,0.7913167,0,0,1,0,0,3,0,0,0,0,3,0
1773902948301,3501,0.46874598,51,1.506,0.7909314,0,0,1,0,0,3,0,0,0,0,3,0
1773902968350,3551,0.47017047,50,1.277,0.786905,0,0,1,0,0,3,0,0,0,0,3,0
1773903014602,3604,0.46699676,53,1.686,0.786958,0,0,1,0,0,3,0,0,0,0,3,0
1773903034697,3655,0.468806,51,1.411,0.7868499,0,0,1,0,0,3,0,0,0,0,3,0
1773903080883,3708,0.46701807,53,1.894,0.7840703,0,0,1,0,0,3,0,0,0,0,3,0
1773903100942,3758,0.47021478,50,1.594,0.78128207,0,0,1,0,0,3,0,0,0,0,3,0
1773903145126,3812,0.46667212,54,1.252,0.78141403,0,0,1,0,0,3,0,0,0,0,3,0
1773903165208,3862,0.4702094,50,1.287,0.78377694,0,0,1,0,0,3,0,0,0,0,3,0
1773903213431,3916,0.46661124,54,1.203,0.786554,0,0,1,0,0,3,0,0,0,0,3,0
1773903233485,3967,0.4687907,51,2.015,0.78442293,0,0,1,0,0,3,0,0,0,0,3,0
1773903273687,4017,0.4701691,50,1.847,0.78335947,0,0,1,0,0,3,0,0,0,0,3,0
1773903293778,4067,0.47022069,50,1.248,0.7831761,0,0,1,0,0,3,0,0,0,0,3,0
1773903331931,4118,0.46884528,51,1.426,0.7836714,0,0,1,0,0,3,0,0,0,0,3,0
1773903368066,4174,0.46668518,56,1.348,0.7841723,0,0,1,0,0,3,0,0,0,0,3,0
1773903418293,4226,0.46772316,52,2.417,0.7842131,0,0,1,0,0,3,0,0,0,0,3,0
1773903438344,4276,0.47018686,50,1.418,0.7846386,0,0,1,0,0,3,0,0,0,0,3,0
1773903504638,4326,0.47017458,50,1.365,0.7859653,0,0,1,0,0,3,0,0,0,0,3,0
1773903556904,4376,0.4699984,50,2.8,0.7925825,0,0,1,0,0,3,0,0,0,0,3,0
1773903603112,4426,0.47010663,50,1.346,0.7914341,0,0,1,0,0,3,0,0,0,0,3,0
1773903649286,4476,0.4701117,50,1.38,0.79080415,0,0,1,0,0,3,0,0,0,0,3,0
1773903701491,4527,0.46874872,51,1.397,0.7914479,0,0,1,0,0,3,0,0,0,0,3,0
1773903759796,4578,0.46870956,51,1.89,0.79146737,0,0,1,0,0,3,0,0,0,0,3,0
1773903806004,4629,0.46872792,51,1.441,0.7927826,0,0,1,0,0,3,0,0,0,0,3,0
1773903826079,4679,0.47006387,50,1.43,0.79421777,0,0,1,0,0,3,0,0,0,0,3,0
1773903872266,4729,0.470167,50,1.374,0.7864977,0,0,1,0,0,3,0,0,0,0,3,0
1773903892352,4779,0.4701791,50,1.242,0.7864757,0,0,1,0,0,3,0,0,0,0,3,0
1773903934523,4838,0.46904868,59,1.258,0.78673583,0,0,1,0,0,3,0,0,0,0,3,0
1773903958623,4889,0.4687581,51,2.26,0.7857813,0,0,1,0,0,3,0,0,0,0,3,0
1773904004786,4943,0.46658075,54,1.22,0.78881824,0,0,1,0,0,3,0,0,0,0,3,0
1773904038949,4993,0.47010705,50,1.866,0.78812367,0,0,1,0,0,3,0,0,0,0,3,0
1773904149415,5051,0.46791103,58,1.395,0.7884872,0,0,1,0,0,3,0,0,0,0,3,0
1773904169502,5101,0.47011527,50,1.661,0.78868324,0,0,1,0,0,3,0,0,0,0,3,0
1773904231713,5153,0.46773347,52,1.777,0.78660524,0,0,1,0,0,3,0,0,0,0,3,0
1773904342217,5200,1,47,0,0.81765026,0,0,1,0,0,3,0,0,0,30000,3,0
1773904346230,5206,0.8324549,6,4.134,0.86767817,0,0,1,0,0,3,0,0,0,0,3,0
1773904394437,5259,0.46597978,53,1.394,0.8690152,0,0,1,0,0,3,0,0,0,0,3,0
1773904414522,5312,0.46595338,53,1.693,0.86915964,0,0,1,0,0,3,0,0,0,0,3,0
1773904434631,5362,0.46909714,50,1.417,0.8705601,0,0,1,0,0,3,0,0,0,0,3,0
1773904488814,5413,0.4677664,51,1.337,0.8693298,0,0,1,0,0,3,0,0,0,0,3,0
1773904524970,5468,0.4652427,55,3.241,0.87500596,0,0,1,0,0,3,0,0,0,0,3,0
1773904575158,5522,0.46547666,54,1.334,0.87504923,0,0,1,0,0,3,0,0,0,0,3,0
1773904603245,5579,0.46571922,57,3.182,0.89049786,0,0,1,0,0,3,0,0,0,0,3,0
1773904623333,5631,0.46645394,52,1.499,0.88929945,0,0,1,0,0,3,0,0,0,0,3,0
1773904661522,5689,0.46661338,58,1.611,0.8893781,0,0,1,0,0,3,0,0,0,0,3,0
1773904681597,5742,0.4668248,53,1.328,0.80282617,0,0,1,0,0,3,0,0,0,0,3,0
1773904729784,5796,0.46627918,54,2.371,0.80584055,0,0,1,0,0,3,0,0,0,0,3,0
1773904757864,5847,0.46855566,51,1.232,0.80780387,0,0,1,0,0,3,0,0,0,0,3,0
1773904796037,5900,0.4666161,53,2.688,0.81211394,0,0,1,0,0,3,0,0,0,0,3,0
1773904832185,5952,0.46743438,52,1.663,0.8108068,0,0,1,0,0,3,0,0,0,0,3,0
1773904862397,6002,0.46985367,50,1.442,0.8106752,0,0,1,0,0,3,0,0,0,0,3,0
1773904916571,6052,0.46985355,50,1.54,0.8100282,0,0,1,0,0,3,0,0,0,0,3,0
1773904958779,6103,0.46869737,51,1.391,0.79552907,0,0,1,0,0,3,0,0,0,0,3,0
1773905000973,6157,0.46568182,54,4.291,0.8496108,0,0,1,0,0,3,0,0,0,0,3,0
1773905023092,6209,0.46892616,52,1.843,0.6929315,0,0,1,0,0,3,0,0,0,0,3,0
1773905061251,6260,0.4701046,51,2.028,0.6816225,0,0,1,0,0,3,0,0,0,0,3,0
1773905075319,6312,0.46911114,52,1.553,0.68026805,0,0,1,0,0,3,0,0,0,0,3,0
1773905105436,6362,0.47150612,50,1.904,0.6785099,0,0,1,0,0,3,0,0,0,0,3,0
1773905143607,6414,0.46887308,52,2.926,0.6925305,0,0,1,0,0,3,0,0,0,0,3,0
1773905197840,6472,0.4691251,58,1.253,0.69456,0,0,1,0,0,3,0,0,0,0,3,0
1773905217907,6523,0.4699873,51,1.412,0.69442,0,0,1,0,0,3,0,0,0,0,3,0
1773905244021,6573,0.4714436,50,1.276,0.6873259,0,0,1,0,0,3,0,0,0,0,3,0
1773905288211,6624,0.47004917,51,1.889,0.6866758,0,0,1,0,0,3,0,0,0,0,3,0
1773905330394,6677,0.46834055,53,1.472,0.6832539,0,0,1,0,0,3,0,0,0,0,3,0
1773905376606,6727,0.47089055,50,3.579,0.7210581,0,0,1,0,0,3,0,0,0,0,3,0
1773905400724,6779,0.46859184,52,1.366,0.72199976,0,0,1,0,0,3,0,0,0,0,3,0
1773905440927,6829,0.47100052,50,1.327,0.72151923,0,0,1,0,0,3,0,0,0,0,3,0
1773905475071,6880,0.46962017,51,1.224,0.724392,0,0,1,0,0,3,0,0,0,0,3,0
1773905509214,6930,0.47095633,50,1.461,0.7240646,0,0,1,0,0,3,0,0,0,0,3,0
1773905539337,6982,0.46854922,52,1.322,0.7256355,0,0,1,0,0,3,0,0,0,0,3,0
1773905561430,7033,0.469575,51,1.503,0.7259915,0,0,1,0,0,3,0,0,0,0,3,0
1773905593542,7084,0.4695978,51,1.273,0.72578037,0,0,1,0,0,3,0,0,0,0,3,0
1773905617647,7141,0.46792755,57,1.434,0.7246068,0,0,1,0,0,3,0,0,0,0,3,0
1773905663855,7191,0.4709299,50,2.06,0.72262067,0,0,1,0,0,3,0,0,0,0,3,0
1773905690007,7244,0.46783373,53,1.569,0.7221387,0,0,1,0,0,3,0,0,0,0,3,0
1773905726163,7294,0.4705305,50,3.359,0.74951375,0,0,1,0,0,3,0,0,0,0,3,0
1773905772428,7347,0.46733195,53,2.714,0.7558244,0,0,1,0,0,3,0,0,0,0,3,0
1773905802549,7399,0.46815398,52,1.514,0.7552497,0,0,1,0,0,3,0,0,0,0,3,0
1773905822604,7449,0.47056898,50,1.426,0.75460386,0,0,1,0,0,3,0,0,0,0,3,0
1773905852743,7501,0.4681904,52,1.067,0.75558555,0,0,1,0,0,3,0,0,0,0,3,0
1773905878864,7553,0.4681544,52,1.265,0.75692546,0,0,1,0,0,3,0,0,0,0,3,0
1773905913017,7605,0.46800235,52,2.569,0.76171684,0,0,1,0,0,3,0,0,0,0,3,0
1773905947197,7656,0.46916494,51,2.295,0.7537147,0,0,1,0,0,3,0,0,0,0,3,0
1773905991395,7707,0.46921754,51,1.853,0.75182474,0,0,1,0,0,3,0,0,0,0,3,0
1773906013463,7758,0.46924767,51,1.19,0.753783,0,0,1,0,0,3,0,0,0,0,3,0
1773906039597,7810,0.4681661,52,1.847,0.7522742,0,0,1,0,0,3,0,0,0,0,3,0
1773906071742,7860,0.4705774,50,1.226,0.7553561,0,0,1,0,0,3,0,0,0,0,3,0
1773906111881,7913,0.4673745,53,2.086,0.7551122,0,0,1,0,0,3,0,0,0,0,3,0
1773906152049,7963,0.47051743,50,2.096,0.7547122,0,0,1,0,0,3,0,0,0,0,3,0
1773906204256,8013,0.4705222,50,2.152,0.75406283,0,0,1,0,0,3,0,0,0,0,3,0
1773906254453,8063,0.470599,50,1.415,0.75233227,0,0,1,0,0,3,0,0,0,0,3,0
1773906302655,8114,0.46926564,51,1.416,0.7507676,0,0,1,0,0,3,0,0,0,0,3,0
1773906360896,8164,0.47062477,50,1.375,0.75058585,0,0,1,0,0,3,0,0,0,0,3,0
1773906403115,8214,0.4704907,50,2.66,0.75441396,0,0,1,0,0,3,0,0,0,0,3,0
1773906437253,8273,0.46942508,59,1.61,0.75485516,0,0,1,0,0,3,0,0,0,0,3,0
1773906465383,8324,0.46921358,51,1.672,0.7532026,0,0,1,0,0,3,0,0,0,0,3,0
1773906495521,8375,0.468349,51,4.325,0.8142105,0,0,1,0,0,3,0,0,0,0,3,0
1773906535675,8428,0.4664741,53,2.829,0.8228379,0,0,1,0,0,3,0,0,0,0,3,0
1773906567801,8479,0.46874082,51,2.053,0.78814495,0,0,1,0,0,3,0,0,0,0,3,0
1773906599927,8530,0.46937954,51,2.149,0.73759586,0,0,1,0,0,3,0,0,0,0,3,0
1773906640087,8582,0.46838924,52,1.383,0.737711,0,0,1,0,0,3,0,0,0,0,3,0
1773906674277,8633,0.46939847,51,1.248,0.7415514,0,0,1,0,0,3,0,0,0,0,3,0
1773906702360,8686,0.46758443,53,1.196,0.74418855,0,0,1,0,0,3,0,0,0,0,3,0
1773906744530,8736,0.47070333,50,1.237,0.74541444,0,0,1,0,0,3,0,0,0,0,3,0
1773906796768,8794,0.46869147,58,1.713,0.72533697,0,0,1,0,0,3,0,0,0,0,3,0
1773906816865,8844,0.47094002,50,1.177,0.7273293,0,0,1,0,0,3,0,0,0,0,3,0
1773906851002,8895,0.46978664,51,1.229,0.7113554,0,0,1,0,0,3,0,0,0,0,3,0
1773906887166,8945,0.4710991,50,1.146,0.7151325,0,0,1,0,0,3,0,0,0,0,3,0
1773906923321,8996,0.469706,51,1.568,0.7153376,0,0,1,0,0,3,0,0,0,0,3,0
1773906969476,9050,0.46750972,54,1.333,0.7152855,0,0,1,0,0,3,0,0,0,0,3,0
1773907019643,9101,0.46974176,51,1.664,0.71195036,0,0,1,0,0,3,0,0,0,0,3,0
1773907071862,9153,0.4685545,52,2.745,0.7179073,0,0,1,0,0,3,0,0,0,0,3,0
1773907120054,9205,0.46872061,52,1.276,0.7125752,0,0,1,0,0,3,0,0,0,0,3,0
1773907144156,9256,0.4697321,51,1.291,0.71516615,0,0,1,0,0,3,0,0,0,0,3,0
1773907184293,9312,0.46755412,56,1.29,0.71657646,0,0,1,0,0,3,0,0,0,0,3,0
1773907224501,9368,0.46744007,56,2.364,0.7193675,0,0,1,0,0,3,0,0,0,0,3,0
1773907266689,9418,0.4710221,50,1.378,0.71948546,0,0,1,0,0,3,0,0,0,0,3,0
1773907316909,9474,0.4683505,56,2.159,0.64944744,0,0,1,0,0,3,0,0,0,0,3,0
1773907355093,9526,0.46875134,52,3.888,0.70058274,0,0,1,0,0,3,0,0,0,0,3,0
1773907393236,9578,0.46884435,52,1.292,0.70280325,0,0,1,0,0,3,0,0,0,0,3,0
1773907413321,9629,0.46985692,51,1.798,0.70217025,0,0,1,0,0,3,0,0,0,0,3,0
1773907453442,9679,0.47085834,50,3.223,0.7241231,0,0,1,0,0,3,0,0,0,0,3,0
1773907509764,9732,0.46797577,53,1.391,0.7122233,0,0,1,0,0,3,0,0,0,0,3,0
1773907537893,9783,0.46977377,51,1.261,0.7121296,0,0,1,0,0,3,0,0,0,0,3,0
1773907568018,9833,0.4711139,50,1.445,0.71186745,0,0,1,0,0,3,0,0,0,0,3,0
1773907616195,9885,0.46873245,52,1.337,0.71121806,0,0,1,0,0,3,0,0,0,0,3,0
1773907648332,9936,0.46975306,51,1.393,0.712817,0,0,1,0,0,3,0,0,0,0,3,0
1773907680455,9992,0.46758047,56,1.264,0.714704,0,0,1,0,0,3,0,0,0,0,3,0
1773907712583,10047,0.46774158,55,2.342,0.6817805,0,0,1,0,0,3,0,0,0,0,3,0
1773907754715,10099,0.469105,52,1.296,0.68246984,0,0,1,0,0,3,0,0,0,0,3,0
1773907800912,10154,0.46780717,55,1.349,0.682257,0,0,1,0,0,3,0,0,0,0,3,0
1773907829022,10209,0.46781814,55,1.737,0.6789097,0,0,1,0,0,3,0,0,0,0,3,0
1773907879249,10259,0.47152898,50,1.259,0.6807999,0,0,1,0,0,3,0,0,0,0,3,0
1773907919444,10309,0.47150567,50,1.885,0.67864555,0,0,1,0,0,3,0,0,0,0,3,0
1773907967654,10365,0.46801478,56,1.245,0.6810076,0,0,1,0,0,3,0,0,0,0,3,0
1773907997774,10417,0.46911627,52,1.139,0.68273723,0,0,1,0,0,3,0,0,0,0,3,0
1773908027872,10475,0.46925673,58,1.295,0.68401694,0,0,1,0,0,3,0,0,0,0,3,0
1773908059987,10528,0.45271632,53,19.807,2.339912,0,0,1,0,0,3,0,0,0,0,3,0
1773908082073,10579,0.4503815,51,1.215,2.3414447,0,0,1,0,0,3,0,0,0,0,3,0
1773908116212,10631,0.44935572,52,1.648,2.3359687,0,0,1,0,0,3,0,0,0,0,3,0
1773908220312,51,0.7745504,51,6.802,0,0,0,1,1,0,3,0,0,0,0,2,0
1773908266496,108,0.0052238144,57,2.784,2.009,0,0,1,0,0,3,0,0,0,0,2,0
1773908298623,160,0.0030582766,52,1.473,2.2671883,0,0,1,0,0,3,0,0,0,0,2,0
1773908344833,215,0.0027228107,55,7.524,2.5722651,0,0,1,0,0,3,0,0,0,0,2,0
1773908380978,267,0.0029621008,52,5.414,2.321136,0,0,1,0,0,3,0,0,0,0,2,0
1773908429175,324,0.0041422164,57,1.579,2.4351878,0,0,1,0,0,3,0,0,0,0,2,0
1773908471379,374,0.003938805,50,1.157,2.5028021,0,0,1,0,0,3,0,0,0,0,2,0
1773908497500,425,0.003349296,51,3.095,2.3533692,0,0,1,0,0,3,0,0,0,0,2,0
1773908541724,476,0.0034134607,51,1.195,2.3573105,0,0,1,0,0,3,0,0,0,0,2,0
1773908575857,528,0.0029311387,52,1.319,2.3256776,0,0,1,0,0,3,0,0,0,0,2,0
1773908622064,584,0.00377144,56,2.729,2.2221978,0,0,1,0,0,3,0,0,0,0,2,0
1773908664234,634,0.004673622,50,2.212,2.1446345,0,0,1,0,0,3,0,0,0,0,2,0
1773908694370,686,0.0035208163,52,3.014,2.0606468,0,0,1,0,0,3,0,0,0,0,2,0
1773908732532,740,0.0034267982,54,1.388,2.034037,0,0,1,0,0,3,0,0,0,0,2,0
1773908766700,794,0.0035564883,54,3.454,1.9686582,0,0,1,0,0,3,0,0,0,0,2,0
1773908808893,849,0.0040065846,55,1.668,1.9335971,0,0,1,0,0,3,0,0,0,0,2,0
1773908863096,907,0.0067039714,58,1.288,1.9150219,0,0,1,0,0,3,0,0,0,0,2,0
1773908893228,957,0.005396436,50,1.971,1.8714184,0,0,1,0,0,3,0,0,0,0,2,0
1773908939395,1010,0.0039380267,53,1.765,1.835591,0,0,1,0,0,3,0,0,0,0,2,0
1773908989629,1061,0.0048050974,51,1.906,1.798059,0,0,1,0,0,3,0,0,0,0,2,0
1773909019760,1112,0.004887999,51,1.068,1.7882713,0,0,1,0,0,3,0,0,0,0,2,0
1773909065929,1162,0.0057304525,50,1.278,1.7690417,0,0,1,0,0,3,0,0,0,0,2,0
1773909094051,1212,0.0056246114,50,4.75,1.7874197,0,0,1,0,0,3,0,0,0,0,2,0
1773909130190,1262,0.00572756,50,1.507,1.764498,0,0,1,0,0,3,0,0,0,0,2,0
1773909162282,1317,0.0045970026,55,1.588,1.7401288,0,0,1,0,0,3,0,0,0,0,2,0
1773909212467,1368,0.00501905,51,3.333,1.7128478,0,0,1,0,0,3,0,0,0,0,2,0
1773909254630,1422,0.0044206474,54,1.14,1.7028972,0,0,1,0,0,3,0,0,0,0,2,0
1773909290781,1472,0.005969074,50,1.467,1.6838809,0,0,1,0,0,3,0,0,0,0,2,0
1773909330953,1526,0.0044859243,54,3.159,1.65902,0,0,1,0,0,3,0,0,0,0,2,0
1773909373127,1579,0.004546904,53,1.19,1.6484671,0,0,1,0,0,3,0,0,0,0,2,0
1773909419352,1630,0.005256562,51,3.667,1.6353048,0,0,1,0,0,3,0,0,0,0,2,0
1773909459531,1681,0.0053697205,51,1.422,1.6206927,0,0,1,0,0,3,0,0,0,0,2,0
1773909495674,1740,0.009144915,59,1.21,1.610689,0,0,1,0,0,3,0,0,0,0,2,0
1773909539914,1790,0.0062220423,50,2.265,1.5871006,0,0,1,0,0,3,0,0,0,0,2,0
1773909570038,1841,0.0055000945,51,2.32,1.5643804,0,0,1,0,0,3,0,0,0,0,2,0
1773909614184,1891,0.0063077803,50,3.448,1.5515195,0,0,1,0,0,3,0,0,0,0,2,0
1773909658346,1948,0.0067621707,57,1.33,1.5413349,0,0,1,0,0,3,0,0,0,0,2,0
1773909688469,2004,0.0055384478,56,7.53,1.7262312,0,0,1,0,0,3,0,0,0,0,2,0
1773909730677,2055,0.0050842413,51,1.429,1.7133642,0,0,1,0,0,3,0,0,0,0,2,0
1773909764847,2105,0.0059303734,50,0.997,1.7087517,0,0,1,0,0,3,0,0,0,0,2,0
1773909815070,2160,0.0047304407,55,2.429,1.6878163,0,0,1,0,0,3,0,0,0,0,2,0
1773909859312,2220,0.010639633,60,1.802,1.6709384,0,0,1,0,0,3,0,0,0,0,2,0
1773909899454,2278,0.007521602,58,1.144,1.663584,0,0,1,0,0,3,0,0,0,0,2,0
1773909945613,2329,0.0052459817,51,2.365,1.6446161,0,0,1,0,0,3,0,0,0,0,2,0
1773909987767,2386,0.0064435787,57,1.261,1.6355764,0,0,1,0,0,3,0,0,0,0,2,0
1773910023945,2442,0.005585277,56,1.48,1.6234812,0,0,1,0,0,3,0,0,0,0,2,0
1773910070126,2492,0.0060661687,50,4.514,1.6348807,0,0,1,0,0,3,0,0,0,0,2,0
1773910098258,2544,0.0047655753,52,3.816,1.6295998,0,0,1,0,0,3,0,0,0,0,2,0
1773910146487,2596,0.0048529515,52,1.615,1.6174287,0,0,1,0,0,3,0,0,0,0,2,0
1773910188690,2647,0.005406136,51,1.575,1.6058979,0,0,1,0,0,3,0,0,0,0,2,0
1773910216833,2697,0.0061458317,50,3.988,1.6045564,0,0,1,0,0,3,0,0,0,0,2,0
1773910257022,2747,0.006240395,50,1.51,1.5944809,0,0,1,0,0,3,0,0,0,0,2,0
1773910287137,2799,0.0049604736,52,1.657,1.5830362,0,0,1,0,0,3,0,0,0,0,2,0
1773910325294,2849,0.0062954365,50,1.844,1.5703245,0,0,1,0,0,3,0,0,0,0,2,0
1773910359424,2903,0.004867742,54,1.093,1.5660956,0,0,1,0,0,3,0,0,0,0,2,0
1773910401612,2959,0.0058187116,56,1.07,1.5619922,0,0,1,0,0,3,0,0,0,0,2,0
1773910449817,3010,0.005537719,51,2.704,1.5488324,0,0,1,0,0,3,0,0,0,0,2,0
1773910483967,3068,0.00792277,58,1.834,1.5370706,0,0,1,0,0,3,0,0,0,0,2,0
1773910530322,3119,0.00566712,51,1.291,1.5303557,0,0,1,0,0,3,0,0,0,0,2,0
1773910564495,3169,0.006473507,50,1.471,1.521744,0,0,1,0,0,3,0,0,0,0,2,0
1773910606655,3219,0.006479022,50,2.02,1.5097603,0,0,1,0,0,3,0,0,0,0,2,0
1773910654882,3270,0.0056820884,51,3.213,1.5016319,0,0,1,0,0,3,0,0,0,0,2,0
1773910684979,3320,0.006460692,50,4.072,1.5051823,0,0,1,0,0,3,0,0,0,0,2,0
1773910725134,3372,0.0052564577,52,1.334,1.4989433,0,0,1,0,0,3,0,0,0,0,2,0
1773910759262,3425,0.0053886515,53,1.114,1.3980707,0,0,1,0,0,3,0,0,0,0,2,0
1773910805474,3478,0.005361304,53,1.339,1.4012443,0,0,1,0,0,3,0,0,0,0,2,0
1773910855655,3528,0.006885925,50,1.072,1.4055809,0,0,1,0,0,3,0,0,0,0,2,0
1773910889775,3581,0.00593866,53,1.131,1.2444959,0,0,1,0,0,3,0,0,0,0,2,0
1773910933931,3631,0.0076623764,50,1.321,1.1780385,0,0,1,0,0,3,0,0,0,0,2,0
1773910966064,3681,0.007461551,50,4.479,1.213265,0,0,1,0,0,3,0,0,0,0,2,0
1773911008282,3732,0.0067453347,51,1.771,1.2080116,0,0,1,0,0,3,0,0,0,0,2,0
1773911054517,3787,0.005989058,55,9.287,1.495125,0,0,1,0,0,3,0,0,0,0,2,0
1773911086655,3840,0.005027543,53,1.793,1.4904987,0,0,1,0,0,3,0,0,0,0,2,0
1773911128802,3891,0.0057891887,51,1.471,1.4891533,0,0,1,0,0,3,0,0,0,0,2,0
1773911176995,3942,0.005739621,51,2.523,1.4883156,0,0,1,0,0,3,0,0,0,0,2,0
1773911211155,3995,0.004942414,53,4.162,1.507331,0,0,1,0,0,3,0,0,0,0,2,0
1773911255333,4046,0.0055799386,51,5.285,1.550598,0,0,1,0,0,3,0,0,0,0,2,0
1773911285435,4102,0.0058385166,56,1.339,1.5510615,0,0,1,0,0,3,0,0,0,0,2,0
1773911335711,4153,0.0054261466,51,6.777,1.6417192,0,0,1,0,0,3,0,0,0,0,2,0
1773911383953,4209,0.0055346903,56,0.97,1.6485453,0,0,1,0,0,3,0,0,0,0,2,0
1773911414047,4261,0.0046823057,52,4.196,1.6588788,0,0,1,0,0,3,0,0,0,0,2,0
1773911458224,4311,0.005938898,50,4.292,1.6746478,0,0,1,0,0,3,0,0,0,0,2,0
1773911486356,4362,0.005185041,51,1.663,1.6753235,0,0,1,0,0,3,0,0,0,0,2,0
1773911532585,4413,0.0051975297,51,1.234,1.6806302,0,0,1,0,0,3,0,0,0,0,2,0
1773911564753,4466,0.004402974,53,2.658,1.6722984,0,0,1,0,0,3,0,0,0,0,2,0
1773911612979,4524,0.007477779,58,1.584,1.6694113,0,0,1,0,0,3,0,0,0,0,2,0
1773911669224,4574,0.0060578524,50,1.961,1.6448265,0,0,1,0,0,3,0,0,0,0,2,0
1773911721485,4630,0.0055130343,56,1.499,1.6448946,0,0,1,0,0,3,0,0,0,0,2,0
1773911759685,4687,0.006400842,57,1.314,1.6473538,0,0,1,0,0,3,0,0,0,0,2,0
1773911803866,4737,0.0060786,50,1.524,1.6465267,0,0,1,0,0,3,0,0,0,0,2,0
1773911850031,4790,0.0045487178,53,1.363,1.6441625,0,0,1,0,0,3,0,0,0,0,2,0
1773911880163,4841,0.005225235,51,3.407,1.6451242,0,0,1,0,0,3,0,0,0,0,2,0
1773911932354,4900,0.009007303,59,1.495,1.6460718,0,0,1,0,0,3,0,0,0,0,2,0
1773911984576,4952,0.004769508,52,1.762,1.6411645,0,0,1,0,0,3,0,0,0,0,2,0
1773912020760,5003,0.005234068,51,3.816,1.643089,0,0,1,0,0,3,0,0,0,0,2,0
1773912081013,5058,0.0049276147,55,1.104,1.6464715,0,0,1,0,0,3,0,0,0,0,2,0
1773912153270,5108,0.006075523,50,1.83,1.6413738,0,0,1,0,0,3,0,0,0,0,2,0
1773912203514,5166,0.0075716195,58,1.177,1.6482,0,0,1,0,0,3,0,0,0,0,2,0
1773912255700,5216,0.0060691787,50,1.386,1.652733,0,0,1,0,0,3,0,0,0,0,2,0
1773912287841,5268,0.004769889,52,1.153,1.6535991,0,0,1,0,0,3,0,0,0,0,2,0
1773912348168,5321,0.004506144,53,1.737,1.6505498,0,0,1,0,0,3,0,0,0,0,2,0
1773912394387,5373,0.00519829,52,1.114,1.521394,0,0,1,0,0,3,0,0,0,0,2,0
1773912446606,5423,0.006443251,50,2.21,1.5180598,0,0,1,0,0,3,0,0,0,0,2,0
1773912480756,5473,0.0064840578,50,1.867,1.5107388,0,0,1,0,0,3,0,0,0,0,2,0
1773912534943,5528,0.005193511,55,6.543,1.6015927,0,0,1,0,0,3,0,0,0,0,2,0
1773912577172,5584,0.005657146,56,1.283,1.6054972,0,0,1,0,0,3,0,0,0,0,2,0
1773912607304,5640,0.0056658117,56,1.156,1.6053619,0,0,1,0,0,3,0,0,0,0,2,0
1773912653502,5696,0.0055232616,56,7.476,1.728477,0,0,1,0,0,3,0,0,0,0,2,0
1773912689646,5747,0.005034483,51,1.654,1.7251478,0,0,1,0,0,3,0,0,0,0,2,0
1773912729832,5801,0.004250617,54,5.055,1.752225,0,0,1,0,0,3,0,0,0,0,2,0
1773912772032,5852,0.0050035957,51,1.653,1.7354796,0,0,1,0,0,3,0,0,0,0,2,0
1773912806163,5904,0.0044775074,52,2.427,1.7263963,0,0,1,0,0,3,0,0,0,0,2,0
1773912852333,5960,0.0051908414,56,7.367,1.8304923,0,0,1,0,0,3,0,0,0,0,2,0
1773912912647,6016,0.0049086316,56,1.852,1.828683,0,0,1,0,0,3,0,0,0,0,2,0
1773912942768,6069,0.0039902185,53,1.52,1.8224969,0,0,1,0,0,3,0,0,0,0,2,0
1773912992989,6125,0.0049531055,56,1.2,1.8253769,0,0,1,0,0,3,0,0,0,0,2,0
1773913045237,6181,0.004895994,56,3.108,1.8245586,0,0,1,0,0,3,0,0,0,0,2,0
1773913075359,6231,0.0055363546,50,1.799,1.8248044,0,0,1,0,0,3,0,0,0,0,2,0
1773913139604,6281,0.0055852504,50,1.076,1.8250046,0,0,1,0,0,3,0,0,0,0,2,0
1773913203842,6335,0.004036732,54,1.426,1.821302,0,0,1,0,0,3,0,0,0,0,2,0
1773913278158,6388,0.0039960723,53,1.181,1.8279519,0,0,1,0,0,3,0,0,0,0,2,0
1773913336377,6439,0.0046947845,51,2.648,1.826519,0,0,1,0,0,3,0,0,0,0,2,0
1773913408671,6495,0.0049123834,56,2.563,1.820676,0,0,1,0,0,3,0,0,0,0,2,0
1773913474931,6547,0.018943671,52,35.471,4.4755363,0,0,1,0,0,3,0,0,0,0,2,0
1773913535161,6599,0.00082121446,52,2.191,4.474999,0,0,1,0,0,3,0,0,0,0,2,0
1773913601410,6650,0.001500623,51,1.319,4.4797993,0,0,1,0,0,3,0,0,0,0,2,0
1773913659639,6701,0.001461454,51,3.032,4.4776845,0,0,1,0,0,3,0,0,0,0,2,0
1773913721924,6753,0.00081421103,52,2.991,4.4729896,0,0,1,0,0,3,0,0,0,0,2,0
1773913784151,6803,0.0024176086,50,3.916,4.468152,0,0,1,0,0,3,0,0,0,0,2,0
1773913850427,6850,0.75868255,47,0,4.4791465,0,0,1,0,0,3,0,0,0,30000,2,0
1773913874553,6856,0.6724444,6,123.913,15.643509,0,0,1,0,0,3,0,0,0,0,2,0
1773913942832,6911,0.072876215,55,1.945,15.640746,0,0,1,0,0,3,0,0,0,0,2,0
1773914007126,6963,0.073103935,52,3.844,15.6347475,0,0,1,0,0,3,0,0,0,0,2,0
1773914069373,7017,0.072685175,54,1.54,15.640471,0,0,1,0,0,3,0,0,0,0,2,0
1773914133661,7067,0.07486373,50,3.014,15.637301,0,0,1,0,0,3,0,0,0,0,2,0
1773914177883,7087,1,20,0,15.639517,0,0,1,0,0,3,0,0,0,30000,2,0
1773914197965,7120,0.13935898,33,1.103,15.641831,0,0,1,0,0,3,0,0,0,0,2,0
1773914270321,7170,0.074982405,50,1.231,15.642658,0,0,1,0,0,3,0,0,0,0,2,0
1773914342633,7224,0.07279711,54,1.046,15.647082,0,0,1,0,0,3,0,0,0,0,2,0
1773914378778,7228,1,4,0,15.658129,0,0,1,0,0,3,0,0,0,30000,2,0
1773914457169,7274,0.08238975,46,1.522,15.662912,0,0,1,0,0,3,0,0,0,0,2,0
1773914511524,7309,0.882624,35,0,15.668212,0,0,1,0,0,3,0,0,0,30000,2,0
1773914535586,7324,0.304522,15,2.436,15.668156,0,0,1,0,0,3,0,0,0,0,2,0
1773914593977,7379,0.07321469,55,1.571,15.6661825,0,0,1,0,0,3,0,0,0,0,2,0
1773914640267,7434,0.07330735,55,1.175,15.671785,0,0,1,0,0,3,0,0,0,0,2,0
1773914678509,7485,0.074298225,51,2.752,15.673302,0,0,1,0,0,3,0,0,0,0,2,0
1773914722750,7537,0.07359744,52,1.818,15.672875,0,0,1,0,0,3,0,0,0,0,2,0
1773914779056,7591,0.07303322,54,2.296,15.6699705,0,0,1,0,0,3,0,0,0,0,2,0
1773914811174,7641,0.07532509,50,1.821,15.671865,0,0,1,0,0,3,0,0,0,0,2,0
1773914855380,7691,0.07530239,50,2.031,15.670663,0,0,1,0,0,3,0,0,0,0,2,0
1773914905700,7741,0.20665336,50,78.378,18.14658,0,0,1,0,0,3,0,0,0,0,2,0
1773914931779,7797,0.10870234,56,1.521,18.146502,0,0,1,0,0,3,0,0,0,0,2,0
1773914974036,7852,0.10809004,55,2.691,18.142097,0,0,1,0,0,3,0,0,0,0,2,0
1773915010245,7902,0.11021539,50,1.31,18.14289,0,0,1,0,0,3,0,0,0,0,2,0
1773915054437,7954,0.108371995,52,2.4,18.139452,0,0,1,0,0,3,0,0,0,0,2,0
1773915098729,8005,0.109093554,51,4.383,18.137896,0,0,1,0,0,3,0,0,0,0,2,0
1773915150984,8056,0.109016255,51,2.491,18.134663,0,0,1,0,0,3,0,0,0,0,2,0
1773915199242,8106,0.11004846,50,1.946,18.134039,0,0,1,0,0,3,0,0,0,0,2,0
1773915239501,8156,0.1101435,50,1.695,18.139524,0,0,1,0,0,3,0,0,0,0,2,0
1773915277711,8206,0.11003345,50,2.706,18.134212,0,0,1,0,0,3,0,0,0,0,2,0
1773915332049,8262,0.10857655,56,1.114,18.136858,0,0,1,0,0,3,0,0,0,0,2,0
1773915382340,8313,0.10900085,51,2.206,18.133251,0,0,1,0,0,3,0,0,0,0,2,0
1773915438581,8372,0.111866035,59,1.426,18.1331,0,0,1,0,0,3,0,0,0,0,2,0
1773915492819,8422,0.11004499,50,1.39,18.132177,0,0,1,0,0,3,0,0,0,0,2,0
1773915541042,8475,0.10781314,53,2.406,18.130041,0,0,1,0,0,3,0,0,0,0,2,0
1773915581218,8525,0.10998678,50,1.466,18.12868,0,0,1,0,0,3,0,0,0,0,2,0
1773915633509,8581,0.10846586,56,1.49,18.131119,0,0,1,0,0,3,0,0,0,0,2,0
1773915677833,8631,0.110085696,50,1.133,18.13382,0,0,1,0,0,3,0,0,0,0,2,0
1773915722091,8681,0.11016015,50,1.687,18.140575,0,0,1,0,0,3,0,0,0,0,2,0
1773915776366,8731,0.11005767,50,2.787,18.135824,0,0,1,0,0,3,0,0,0,0,2,0
1773915838703,8786,0.10832867,55,8.121,18.129034,0,0,1,0,0,3,0,0,0,0,2,0
1773915872896,8839,0.107915886,53,1.664,18.135088,0,0,1,0,0,3,0,0,0,0,2,0
1773915907088,8891,0.108355336,52,1.41,18.13597,0,0,1,0,0,3,0,0,0,0,2,0
1773915941315,8941,0.11009126,50,3.694,18.137543,0,0,1,0,0,3,0,0,0,0,2,0
1773915993622,8993,0.108364485,52,1.683,18.13744,0,0,1,0,0,3,0,0,0,0,2,0
1773916041880,9049,0.10861354,56,1.461,18.140568,0,0,1,0,0,3,0,0,0,0,2,0
1773916110199,9102,0.10808061,53,1.729,18.145914,0,0,1,0,0,3,0,0,0,0,2,0
1773916164539,9154,0.1084892,52,1.845,18.145937,0,0,1,0,0,3,0,0,0,0,2,0
1773916196733,9208,0.10787282,54,4.245,18.1395,0,0,1,0,0,3,0,0,0,0,2,0
1773916246958,9259,0.10899097,51,4.169,18.13186,0,0,1,0,0,3,0,0,0,0,2,0
1773916301262,9314,0.107958175,55,5.055,18.129128,0,0,1,0,0,3,0,0,0,0,2,0
1773916335456,9366,0.108142406,52,4.225,18.123413,0,0,1,0,0,3,0,0,0,0,2,0
1773916377648,9418,0.108118914,52,1.616,18.121363,0,0,1,0,0,3,0,0,0,0,2,0
1773916431988,9470,0.10809386,52,1.759,18.120157,0,0,1,0,0,3,0,0,0,0,2,0
1773916466167,9520,0.10980643,50,1.774,18.117958,0,0,1,0,0,3,0,0,0,0,2,0
1773916512341,9574,0.10748638,54,3.55,18.11586,0,0,1,0,0,3,0,0,0,0,2,0
1773916566600,9627,0.107662894,53,1.662,18.118723,0,0,1,0,0,3,0,0,0,0,2,0
1773916602727,9677,0.10400192,50,1.274,17.735594,0,0,1,0,0,3,0,0,0,0,2,0
1773916642894,9730,0.101874165,53,1.382,17.73806,0,0,1,0,0,3,0,0,0,0,2,0
1773916677019,9781,0.10292264,51,4.939,17.73124,0,0,1,0,0,3,0,0,0,0,2,0
1773916725176,9838,0.103240035,57,1.566,17.73509,0,0,1,0,0,3,0,0,0,0,2,0
1773916775397,9893,0.10196426,55,1.65,17.738573,0,0,1,0,0,3,0,0,0,0,2,0
1773916831635,9949,0.10259491,56,1.183,17.745018,0,0,1,0,0,3,0,0,0,0,2,0
1773916865790,10000,0.10303966,51,1.275,17.739874,0,0,1,0,0,3,0,0,0,0,2,0
1773916909942,10051,0.017213672,51,2.921,9.545573,0,0,1,0,0,3,0,0,0,0,2,0
1773916964182,10102,0.017249737,51,1.514,9.546705,0,0,1,0,0,3,0,0,0,0,2,0
1773916988282,10152,0.018366896,50,5.399,9.549959,0,0,1,0,0,3,0,0,0,0,2,0
1773917032522,10202,0.018294903,50,1.363,9.55051,0,0,1,0,0,3,0,0,0,0,2,0
1773917064587,10255,0.016203744,53,1.145,9.554357,0,0,1,0,0,3,0,0,0,0,2,0
1773917100768,10305,0.018235099,50,3.527,9.545196,0,0,1,0,0,3,0,0,0,0,2,0
1773917132928,10357,0.016525032,52,1.499,9.543847,0,0,1,0,0,3,0,0,0,0,2,0
1773917167062,10408,0.01723328,51,1.423,9.5432005,0,0,1,0,0,3,0,0,0,0,2,0
1773917203171,10460,0.016839508,52,7.112,9.549593,0,0,1,0,0,3,0,0,0,0,2,0
1773917245287,10512,0.016517205,52,1.53,9.542756,0,0,1,0,0,3,0,0,0,0,2,0
1773917293537,10565,0.016104931,53,1.709,9.542178,0,0,1,0,0,3,0,0,0,0,2,0
1773917323648,10615,0.018172976,50,4.004,9.532085,0,0,1,0,0,3,0,0,0,0,2,0
1773917367812,10670,0.016199706,55,1.313,9.535193,0,0,1,0,0,3,0,0,0,0,2,0
1773917401949,10722,0.016432472,52,3.515,9.531922,0,0,1,0,0,3,0,0,0,0,2,0
1773917442091,10773,0.017109463,51,2.667,9.527823,0,0,1,0,0,3,0,0,0,0,2,0
1773917488231,10825,0.016439196,52,1.648,9.530355,0,0,1,0,0,3,0,0,0,0,2,0
1773917516391,10878,0.016142098,53,5.556,9.5307665,0,0,1,0,0,3,0,0,0,0,2,0
1773917562594,10938,0.021844868,60,1.522,9.532968,0,0,1,0,0,3,0,0,0,0,2,0
1773917661415,52,0.7600525,52,1.885,0,0,0,1,1,0,3,0,0,0,0,2,0
1773917701596,105,0.0004357361,53,1.599,0.143,0,0,1,0,0,3,0,0,0,0,2,0
1773917741723,164,0.0067768767,59,1.347,0.21978372,0,0,1,0,0,3,0,0,0,0,2,0
1773917785864,219,0.0017089483,55,1.071,0.30127853,0,0,1,0,0,3,0,0,0,0,2,0
1773917834084,269,0.00021781994,50,2.966,0.65427023,0,0,1,0,0,3,0,0,0,0,2,0
1773917864223,321,0.00022260916,52,1.12,0.6450248,0,0,1,0,0,3,0,0,0,0,2,0
1773917914439,377,0.0027410171,56,3.144,0.7903106,0,0,1,0,0,3,0,0,0,0,2,0
1773917946573,433,0.0027322425,56,2.392,0.7587086,0,0,1,0,0,3,0,0,0,0,2,0
1773917992820,483,0.26518917,50,121.526,37.588905,0,0,1,0,0,3,0,0,0,0,2,0
1773918084895,505,1,505,0,0,0,0,1,1,0,0,0,0,0,0,4,0
1773918125039,564,1,59,1.509,0.7545,0,0,1,0,0,3,0,0,0,0,4,0
1773918151140,623,1,59,2.863,1.1693857,0,0,1,0,0,3,0,0,0,0,4,0
1773918185272,673,1,50,1.679,1.0172561,0,0,1,0,0,3,0,0,0,0,4,0
1773918205343,724,1,51,6.554,2.212266,0,0,1,0,0,3,0,0,0,0,4,0
1773918243545,777,1,53,4.185,2.112582,0,0,1,0,0,3,0,0,0,0,4,0
1773918263617,829,1,52,1.405,2.0157256,0,0,1,0,0,3,0,0,0,0,4,0
1773918305823,884,1,55,1.458,1.922946,0,0,1,0,0,3,0,0,0,0,4,0
1773918325906,939,1,55,1.565,1.8344977,0,0,1,0,0,3,0,0,0,0,4,0
1773918352017,990,1,51,4.791,1.887271,0,0,1,0,0,3,0,0,0,0,4,0
1773918392227,1049,1,59,1.15,1.8471515,0,0,1,0,0,3,0,0,0,0,4,0
1773918420340,1106,1,57,1.015,1.8135965,0,0,1,0,0,3,0,0,0,0,4,0
1773918456489,1160,1,54,1.878,1.7469392,0,0,1,0,0,3,0,0,0,0,4,0
1773918474549,1210,1,50,1.261,1.7050022,0,0,1,0,0,3,0,0,0,0,4,0
1773918508720,1263,1,53,1.461,1.6585128,0,0,1,0,0,3,0,0,0,0,4,0
1773918528816,1316,1,53,2.1,1.6059798,0,0,1,0,0,3,0,0,0,0,4,0
1773918552915,1366,1,50,1.916,1.5592635,0,0,1,0,0,3,0,0,0,0,4,0
1773918585023,1416,1,50,1.05,1.5366709,0,0,1,0,0,3,0,0,0,0,4,0
1773918605097,1466,1,50,1.074,1.5132058,0,0,1,0,0,3,0,0,0,0,4,0
1773918673360,1505,1,39,0,1.540958,0,0,1,0,0,3,0,0,0,30000,4,0
1773919955649,1505,1,1505,0,0,0,0,1,1,0,0,0,0,0,0,2,0
1773920068438,50,0.7632177,50,3.239,0,0,0,1,1,0,3,0,0,0,0,2,0
1773920112592,100,0.00023393786,50,3.695,0.22799993,0,0,1,0,0,3,0,0,0,0,2,0
1773920142719,157,0.004046121,57,1.326,1.0263022,0,0,1,0,0,3,0,0,0,0,2,0
1773920190891,214,0.004058752,57,1.38,1.069395,0,0,1,0,0,3,0,0,0,0,2,0
1773920223049,266,0.00024495498,52,1.404,1.0376946,0,0,1,0,0,3,0,0,0,0,2,0
1773920273218,317,0.00013068861,51,1.651,0.9698225,0,0,1,0,0,3,0,0,0,0,2,0
1773920315384,370,0.00087556016,53,6.671,1.8294674,0,0,1,0,0,3,0,0,0,0,2,0
1773920345498,422,0.00035697685,52,1.266,1.7818148,0,0,1,0,0,3,0,0,0,0,2,0
1773920387671,475,0.00071042415,53,1.12,1.7413617,0,0,1,0,0,3,0,0,0,0,2,0
1773920417780,528,0.0007090809,53,1.026,1.7038834,0,0,1,0,0,3,0,0,0,0,2,0
1773920459940,579,0.00020482064,51,1.354,1.6461527,0,0,1,0,0,3,0,0,0,0,2,0
1773920494090,629,0.00027282565,50,1.77,1.5804182,0,0,1,0,0,3,0,0,0,0,2,0
1773920540289,679,0.00026586402,50,1.846,1.5206983,0,0,1,0,0,3,0,0,0,0,2,0
1773920590474,734,0.0019818535,55,1.388,1.477938,0,0,1,0,0,3,0,0,0,0,2,0
1773920626590,787,0.000586724,53,2.833,1.4400883,0,0,1,0,0,3,0,0,0,0,2,0
1773920666793,837,0.00028639555,50,1.39,1.4058571,0,0,1,0,0,3,0,0,0,0,2,0
1773920714974,888,0.00019792376,51,1.074,1.384469,0,0,1,0,0,3,0,0,0,0,2,0
1773920759167,943,0.003160807,55,10.504,2.3626332,0,0,1,0,0,3,0,0,0,0,2,0
1773920811384,994,0.00029014942,51,1.375,2.3132138,0,0,1,0,0,3,0,0,0,0,2,0
1773920861625,1044,0.00030021017,50,2.302,2.2548354,0,0,1,0,0,3,0,0,0,0,2,0
1773920913848,1103,0.007744748,59,4.708,2.253302,0,0,1,0,0,3,0,0,0,0,2,0
1773920943928,1155,0.00038142368,52,2.29,2.2021067,0,0,1,0,0,3,0,0,0,0,2,0
1773920994099,1208,0.00077115564,53,1.675,2.1607134,0,0,1,0,0,3,0,0,0,0,2,0
1773921026221,1262,0.0014018212,54,5.072,2.177202,0,0,1,0,0,3,0,0,0,0,2,0
1773921076356,1313,0.00026219938,51,1.427,2.145526,0,0,1,0,0,3,0,0,0,0,2,0
1773921126521,1363,0.00026859064,50,3.077,2.1062877,0,0,1,0,0,3,0,0,0,0,2,0
1773921158633,1415,0.0004242959,52,5.278,2.1291685,0,0,1,0,0,3,0,0,0,0,2,0
1773921206837,1470,0.0021508285,55,4.093,2.107369,0,0,1,0,0,3,0,0,0,0,2,0
1773921246969,1524,0.0013431795,54,1.638,2.0801525,0,0,1,0,0,3,0,0,0,0,2,0
1773921279055,1576,0.0003931579,52,4.909,2.0837805,0,0,1,0,0,3,0,0,0,0,2,0
1773921319199,1632,0.003197048,56,1.292,2.0662258,0,0,1,0,0,3,0,0,0,0,2,0
1773921349295,1682,0.00033596664,50,1.282,2.0488489,0,0,1,0,0,3,0,0,0,0,2,0
1773921393475,1738,0.003640772,56,8.001,2.2150645,0,0,1,0,0,3,0,0,0,0,2,0
1773921429587,1793,0.0022275334,55,1.045,2.2029648,0,0,1,0,0,3,0,0,0,0,2,0
1773921467707,1845,0.00057928805,52,6.686,2.26685,0,0,1,0,0,3,0,0,0,0,2,0
1773921511895,1895,0.00035909642,50,1.227,2.2517538,0,0,1,0,0,3,0,0,0,0,2,0
1773921535986,1945,0.0003562098,50,1.245,2.236164,0,0,1,0,0,3,0,0,0,0,2,0
1773921584165,1996,0.000290315,51,1.175,2.221803,0,0,1,0,0,3,0,0,0,0,2,0
1773921616285,2047,0.00028544306,51,1.212,2.206673,0,0,1,0,0,3,0,0,0,0,2,0
1773921664467,2100,0.0007830031,53,4.695,2.2006996,0,0,1,0,0,3,0,0,0,0,2,0
1773921696555,2152,0.00036337948,52,2.862,2.1737468,0,0,1,0,0,3,0,0,0,0,2,0
1773921734696,2203,0.00035939048,51,6.262,2.2127714,0,0,1,0,0,3,0,0,0,0,2,0
1773921782877,2258,0.0022180148,55,1.184,2.2012844,0,0,1,0,0,3,0,0,0,0,2,0
1773921810965,2308,0.00027880547,50,3.932,2.1825094,0,0,1,0,0,3,0,0,0,0,2,0
1773921859186,2361,0.0007520784,53,4.152,2.1667948,0,0,1,0,0,3,0,0,0,0,2,0
1773921891301,2411,0.00035365098,50,1.175,2.1572778,0,0,1,0,0,3,0,0,0,0,2,0
1773921941492,2461,0.0003446364,50,1.284,2.1458423,0,0,1,0,0,3,0,0,0,0,2,0
1773921989700,2514,0.0007920686,53,1.212,2.1354163,0,0,1,0,0,3,0,0,0,0,2,0
1773922025840,2567,0.0007402885,53,2.158,2.115254,0,0,1,0,0,3,0,0,0,0,2,0
1773922066022,2617,0.00045361576,50,6.651,2.1639621,0,0,1,0,0,3,0,0,0,0,2,0
1773922114205,2668,0.00020519194,51,3.69,2.1459553,0,0,1,0,0,3,0,0,0,0,2,0
1773922146311,2721,0.0011222694,53,7.847,2.2333975,0,0,1,0,0,3,0,0,0,0,2,0
1773922199322,2777,0.0032284139,56,1.844,2.2172775,0,0,1,0,0,3,0,0,0,0,2,0
1773922280287,2833,0.25963378,56,124.67,16.559948,0,0,1,0,0,3,0,0,0,0,2,0
1773922354778,2883,0.008398602,50,2.391,16.412933,0,0,1,0,0,3,0,0,0,0,2,0
1773922394907,2942,0.021616625,59,2.283,16.270088,0,0,1,0,0,3,0,0,0,0,2,0
1773922449391,2994,0.009520596,52,2.29,16.130882,0,0,1,0,0,3,0,0,0,0,2,0
1773922651335,51,0.76154804,51,1.233,0,0,0,1,1,0,3,0,0,0,0,2,0
1773924505547,51,0.76152915,51,1.754,0,0,0,1,1,0,3,0,0,0,0,2,0
1773924533658,108,0.0038311777,57,1.087,0.33349997,0,0,1,0,0,3,0,0,0,0,2,0
1773924571808,158,0.0003010775,50,1.041,0.32581076,0,0,1,0,0,3,0,0,0,0,2,0
1773924603859,215,0.0045130644,57,5.786,1.9654518,0,0,1,0,0,3,0,0,0,0,2,0
1773924648127,266,0.00018495636,51,1.971,1.7669826,0,0,1,0,0,3,0,0,0,0,2,0
1773924692326,323,0.004252018,57,1.726,1.6285443,0,0,1,0,0,3,0,0,0,0,2,0
1773924718420,375,0.00027511752,52,2.044,1.5091058,0,0,1,0,0,3,0,0,0,0,2,0
1773924740478,425,0.00028983137,50,1.36,1.4387969,0,0,1,0,0,3,0,0,0,0,2,0
1773924774645,475,0.00028875854,50,1.335,1.3774387,0,0,1,0,0,3,0,0,0,0,2,0
1773924804752,525,0.00023143755,50,2.546,1.3165524,0,0,1,0,0,3,0,0,0,0,2,0
1773924846968,575,0.00024221595,50,4.283,1.407945,0,0,1,0,0,3,0,0,0,0,2,0
1773924887135,627,0.071712725,52,64.965,17.381262,0,0,1,0,0,3,0,0,0,0,2,0
1773924919305,682,0.014101492,55,2.229,16.75815,0,0,1,0,0,3,0,0,0,0,2,0
1773924963551,741,0.021643614,59,1.175,16.220171,0,0,1,0,0,3,0,0,0,0,2,0
1773924987636,792,0.008376969,51,1.342,15.726314,0,0,1,0,0,3,0,0,0,0,2,0
1773925027792,842,0.007364691,50,1.3,15.275147,0,0,1,0,0,3,0,0,0,0,2,0
1773925051914,893,0.0075082495,51,1.205,14.861893,0,0,1,0,0,3,0,0,0,0,2,0
1773925090061,949,0.012827663,56,5.855,14.4432,0,0,1,0,0,3,0,0,0,0,2,0
1773925124229,1000,0.0066504325,51,2.179,14.080228,0,0,1,0,0,3,0,0,0,0,2,0
1773925156339,1050,0.005962853,50,1.271,13.755152,0,0,1,0,0,3,0,0,0,0,2,0
1773925190440,1106,0.011697343,56,2.278,13.439304,0,0,1,0,0,3,0,0,0,0,2,0
1773925228556,1159,0.007271926,53,3.881,13.133091,0,0,1,0,0,3,0,0,0,0,2,0
1773925252667,1210,0.00567027,51,8.134,12.859126,0,0,1,0,0,3,0,0,0,0,2,0
1773925294855,1265,0.009213143,55,2.685,12.598807,0,0,1,0,0,3,0,0,0,0,2,0
1773925316955,1315,0.004808629,50,1.326,12.3669,0,0,1,0,0,3,0,0,0,0,2,0
1773925355103,1365,0.004631791,50,7.802,12.138791,0,0,1,0,0,3,0,0,0,0,2,0
1773925381190,1417,0.005474476,52,1.371,11.932661,0,0,1,0,0,3,0,0,0,0,2,0
1773925419337,1467,0.027341245,50,2.583,11.725943,0.06,0.06,1,0,0,3,0,0,0,0,2,2
1773925443442,1519,0.0147417635,52,1.329,11.540154,0.15384616,0.09384616,1,0,0,3,0,0,0,0,2,2
1773925471563,1575,0.15459903,56,1.157,11.364538,0.30357143,0.14972527,1,0,0,3,0,0,0,0,2,5
1773925507657,1628,0.2543637,53,1.278,11.195444,0.3773585,0.07378706,1,0,0,3,0,0,0,0,2,6
1773925553849,1683,0.26522556,55,1.001,11.036174,0.36363637,-0.013722122,1,0,0,3,0,0,0,0,2,6
1773925581966,1735,0.2660187,52,1.339,10.880456,0.3846154,0.020979017,1,0,0,3,0,0,0,0,2,6
1773925628193,1788,0.2699386,53,4.343,10.719255,0.3773585,-0.0072568953,1,0,0,3,0,0,0,0,2,6
1773925654278,1841,0.2692713,53,3.441,10.566035,0.3773585,0,1,0,0,3,0,0,0,0,2,6
1773925692433,1891,0.2751161,50,4.553,10.418335,0.4,0.02264151,1,0,0,3,0,0,0,0,2,6
1773925716559,1943,0.27655074,52,1.243,10.288566,0.3846154,-0.0153846145,1,0,0,3,0,0,0,0,2,6
1773925752663,1994,0.27593333,51,3.107,10.153855,0.39215687,0.0075414777,1,0,0,3,0,0,0,0,2,6
1773925778786,2052,0.2760022,58,3.423,10.023569,0.3448276,-0.047329277,1,0,0,3,0,0,0,0,2,6
1773925824994,2102,0.27357903,50,1.287,9.907729,0.4,0.055172414,1,0,0,3,0,0,0,0,2,6
1773925853110,2153,0.28113955,51,1.388,9.795097,0.39215687,-0.007843137,1,0,0,3,0,0,0,0,2,6
1773925887253,2206,0.2778069,53,1.132,9.687896,0.3773585,-0.014798373,1,0,0,3,0,0,0,0,2,6
1773925919393,2260,0.27487457,54,1.612,9.58115,0.37037036,-0.006988138,1,0,0,3,0,0,0,0,2,6
1773925957530,2310,0.28039587,50,4.902,9.4728,0.4,0.029629648,1,0,0,3,0,0,0,0,2,6
1773925993712,2360,0.28616244,50,4.905,9.368052,0.4,0,1,0,0,3,0,0,0,0,2,6
1773926029887,2414,0.2816976,54,1.298,9.273761,0.37037036,-0.029629648,1,0,0,3,0,0,0,0,2,6
1773926058015,2464,0.2822249,50,1.08,9.183573,0.4,0.029629648,1,0,0,3,0,0,0,0,2,6
1773926096186,2518,0.28310385,54,3.322,9.087706,0.37037036,-0.029629648,1,0,0,3,0,0,0,0,2,6
1773926122299,2568,0.28356206,50,1.292,9.001629,0.4,0.029629648,1,0,0,3,0,0,0,0,2,6
1773926160448,2624,0.2841678,56,1.039,8.919384,0.35714287,-0.04285714,1,0,0,3,0,0,0,0,2,6
1773926186552,2675,0.28068092,51,1.425,8.8372345,0.39215687,0.035014004,1,0,0,3,0,0,0,0,2,6
1773926228752,2726,0.2870632,51,2.43,8.753517,0.39215687,0,1,0,0,3,0,0,0,0,2,6
1773926252852,2778,0.28612444,52,1.28,8.676541,0.3846154,-0.0075414777,1,0,0,3,0,0,0,0,2,6
1773926286976,2829,0.2868274,51,1.115,8.602386,0.39215687,0.0075414777,1,0,0,3,0,0,0,0,2,6
1773926313096,2882,0.28616792,53,1.287,8.529231,0.3773585,-0.014798373,1,0,0,3,0,0,0,0,2,6
1773926363341,2932,0.2887634,50,1.263,8.458012,0.4,0.02264151,1,0,0,3,0,0,0,0,2,6
1773926391454,2983,0.29128036,51,1.181,8.388912,0.39215687,-0.007843137,1,0,0,3,0,0,0,0,2,6
1773926425600,3036,0.28778836,53,1.705,8.31934,0.3773585,-0.014798373,1,0,0,3,0,0,0,0,2,6
1773926457702,3088,0.28677195,52,2.928,8.248768,0.3846154,0.0072568953,1,0,0,3,0,0,0,0,2,6
1773926493860,3138,0.29207143,50,1.07,8.185177,0.4,0.0153846145,1,0,0,3,0,0,0,0,2,6
1773926517948,3190,0.29192972,52,1.204,8.122428,0.3846154,-0.0153846145,1,0,0,3,0,0,0,0,2,6
1773926560123,3246,0.287354,56,1.472,8.060041,0.35714287,-0.027472526,1,0,0,3,0,0,0,0,2,6
1773926588235,3296,0.28950423,50,1.194,8.000131,0.4,0.04285714,1,0,0,3,0,0,0,0,2,6
1773926622337,3346,0.29667443,50,1.161,7.9416633,0.4,0,1,0,0,3,0,0,0,0,2,6
1773926648465,3399,0.29234135,53,1.27,7.9432945,0.3773585,-0.02264151,1,0,0,3,0,0,0,0,2,6
1773926696854,3449,0.2973453,50,21.541,8.256271,0.4,0.02264151,1,0,0,3,0,0,0,0,2,6
1773926753361,3502,0.28989005,53,1.657,8.253708,0.3773585,-0.02264151,1,0,0,3,0,0,0,0,2,6
1773926785665,3559,0.2846721,57,1.185,8.253969,0.3508772,-0.0264813,1,0,0,3,0,0,0,0,2,6
1773926829859,3610,0.28435045,51,1.702,8.254805,0.39215687,0.041279674,1,0,0,3,0,0,0,0,2,6
1773926860063,3660,0.29287764,50,3.152,8.251977,0.4,0.007843137,1,0,0,3,0,0,0,0,2,6
1773926902394,3710,0.29422876,50,2.192,8.25159,0.4,0,1,0,0,3,0,0,0,0,2,6
1773926956950,3760,0.29430386,50,3.081,8.247377,0.4,0,1,0,0,3,0,0,0,0,2,6
1773926991255,3813,0.29097834,53,10.037,8.281782,0.3773585,-0.02264151,1,0,0,3,0,0,0,0,2,6
1773927033449,3869,0.284077,56,1.777,8.28395,0.35714287,-0.02021563,1,0,0,3,0,0,0,0,2,6
1773927081766,3925,0.28032184,56,3.869,8.283615,0.35714287,0,1,0,0,3,0,0,0,0,2,6
1773927111949,3976,0.33203936,51,1.274,2.9936593,0.39215687,0.035014004,1,0,0,3,0,0,0,0,2,6
1773927166514,4027,0.33711657,51,4.877,3.0058417,0.39215687,0,1,0,0,3,0,0,0,0,2,6
1773927196665,4078,0.33694106,51,1.347,3.004562,0.39215687,0,1,0,0,3,0,0,0,0,2,6
1773927240916,4129,0.3369947,51,2.359,3.0000608,0.39215687,0,1,0,0,3,0,0,0,0,2,6
1773927289073,4183,0.3336017,54,1.546,2.99841,0.37037036,-0.021786511,1,0,0,3,0,0,0,0,2,6
1773927317224,4233,0.33596408,50,1.231,2.9982076,0.4,0.029629648,1,0,0,3,0,0,0,0,2,6
1773927365421,4284,0.33863595,51,4.597,2.9816234,0.39215687,-0.007843137,1,0,0,3,0,0,0,0,2,6
1773927411621,4335,0.3371826,51,2.535,2.9809904,0.39215687,0,1,0,0,3,0,0,0,0,2,6
1773927441707,4387,0.3355801,52,1.172,2.981757,0.3846154,-0.0075414777,1,0,0,3,0,0,0,0,2,6
1773927516497,4437,0.38939348,50,82.321,10.314293,0.4,0.0153846145,1,0,0,3,0,0,0,0,2,6
1773927560865,4487,0.2796192,50,1.272,10.319633,0.4,0,1,0,0,3,0,0,0,0,2,6
1773927593087,4539,0.27641916,52,1.188,10.311134,0.3846154,-0.0153846145,1,0,0,3,0,0,0,0,2,6
1773927692082,4590,0.27509552,51,4.84,10.31096,0.39215687,0.0075414777,1,0,0,3,0,0,0,0,2,6
1773927728362,4641,0.27680635,51,6.632,10.311802,0.39215687,0,1,0,0,3,0,0,0,0,2,6
1773927782719,4697,0.27287626,56,1.714,10.30359,0.35714287,-0.035014004,1,0,0,3,0,0,0,0,2,6
1773927839338,4748,0.27097964,51,7.169,10.307143,0.39215687,0.035014004,1,0,0,3,0,0,0,0,2,6
1773927889765,4800,0.27652746,52,11.662,10.350277,0.3846154,-0.0075414777,1,0,0,3,0,0,0,0,2,6
1773927915859,4856,0.2708768,56,1.208,10.350785,0.35714287,-0.027472526,1,0,0,3,0,0,0,0,2,6
1773927970140,4906,0.27225235,50,1.26,10.350344,0.4,0.04285714,1,0,0,3,0,0,0,0,2,6
1773928010263,4957,0.34243488,51,70.116,13.192638,0.39215687,-0.007843137,1,0,0,3,0,0,0,0,2,6
1773928038399,5012,0.25695047,55,1.137,13.191986,0.36363637,-0.028520495,1,0,0,3,0,0,0,0,2,6
1773928080596,5069,0.25116146,57,1.216,13.192547,0.3508772,-0.012759179,1,0,0,3,0,0,0,0,2,6
1773928110672,5120,0.2532407,51,2.72,13.195591,0.39215687,0.041279674,1,0,0,3,0,0,0,0,2,6
1773928152864,5173,0.2577453,53,1.843,13.200224,0.3773585,-0.014798373,1,0,0,3,0,0,0,0,2,6
1773928179011,5227,0.25402325,54,1.435,13.207823,0.37037036,-0.006988138,1,0,0,3,0,0,0,0,2,6
1773928217157,5283,0.25221983,56,1.592,13.20633,0.35714287,-0.013227493,1,0,0,3,0,0,0,0,2,6
1773928247276,5342,0.25118202,59,1.872,13.210034,0.33898306,-0.018159807,1,0,0,3,0,0,0,0,2,6
1773928293466,5397,0.24645899,55,1.417,13.216156,0.36363637,0.024653316,1,0,0,3,0,0,0,0,2,6
1773928317572,5447,0.25708544,50,1.288,13.216151,0.4,0.03636363,1,0,0,3,0,0,0,0,2,6
1773928369825,5497,0.26329422,50,1.783,13.214562,0.4,0,1,0,0,3,0,0,0,0,2,6
1773928420064,5547,0.26329038,50,1.304,13.213796,0.4,0,1,0,0,3,0,0,0,0,2,6
1773928448198,5606,0.2614626,59,2.525,13.210629,0.33898306,-0.061016947,1,0,0,3,0,0,0,0,2,6
1773928508480,5659,0.24814728,53,1.618,13.217315,0.3773585,0.038375437,1,0,0,3,0,0,0,0,2,6
1773928554759,5713,0.25393143,54,1.297,13.225104,0.37037036,-0.006988138,1,0,0,3,0,0,0,0,2,6
1773928593063,5768,0.25237858,55,4.213,13.217638,0.36363637,-0.0067339838,1,0,0,3,0,0,0,0,2,6
1773928661372,5818,0.2570934,50,1.573,13.215528,0.4,0.03636363,1,0,0,3,0,0,0,0,2,6
1773928713602,5870,0.2603471,52,3.637,13.214979,0.3846154,-0.0153846145,1,0,0,3,0,0,0,0,2,6
1773928753781,5921,0.25907707,51,5.99,13.207458,0.39215687,0.0075414777,1,0,0,3,0,0,0,0,2,6
1773928783904,5971,0.26186907,50,1.143,13.206973,0.4,0.007843137,1,0,0,3,0,0,0,0,2,6
1773928826040,6022,0.26170924,51,3.289,13.201038,0.39215687,-0.007843137,1,0,0,3,0,0,0,0,2,6
1773928856221,6075,0.25770783,53,1.289,13.205349,0.3773585,-0.014798373,1,0,0,3,0,0,0,0,2,6
1773928896396,6125,0.25996828,50,7.058,13.199057,0.4,0.02264151,1,0,0,3,0,0,0,0,2,6
1773928928513,6180,0.25877395,55,2.569,13.193368,0.36363637,-0.03636363,1,0,0,3,0,0,0,0,2,6
1773928966700,6239,0.25266522,59,1.002,13.194724,0.33898306,-0.024653316,1,0,0,3,0,0,0,0,2,6
1773929018912,6297,0.24676351,58,1.529,13.193539,0.3448276,0.0058445334,1,0,0,3,0,0,0,0,2,6
1773929039031,6348,0.25235352,51,1.631,13.191539,0.39215687,0.047329277,1,0,0,3,0,0,0,0,2,6
1773929081208,6401,0.25777006,53,1.248,13.193532,0.3773585,-0.014798373,1,0,0,3,0,0,0,0,2,6
1773929117362,6453,0.25589252,52,1.275,13.199487,0.3846154,0.0072568953,1,0,0,3,0,0,0,0,2,6
1773929153527,6505,0.2572544,52,1.25,13.198642,0.3846154,0,1,0,0,3,0,0,0,0,2,6
1773929177609,6560,0.25530767,55,2.262,13.19437,0.36363637,-0.020979017,1,0,0,3,0,0,0,0,2,6
1773929221764,6612,0.25349906,52,1.13,13.195927,0.3846154,0.020979017,1,0,0,3,0,0,0,0,2,6
1773929249868,6664,0.2572973,52,1.897,13.192927,0.3846154,0,1,0,0,3,0,0,0,0,2,6
1773929298093,6715,0.25919747,51,5.947,13.183632,0.39215687,0.0075414777,1,0,0,3,0,0,0,0,2,6
1773929340294,6768,0.25781494,53,1.011,13.184885,0.3773585,-0.014798373,1,0,0,3,0,0,0,0,2,6
1773929368479,6818,0.26025376,50,1.596,13.0304,0.4,0.02264151,1,0,0,3,0,0,0,0,2,6
1773929414742,6868,0.2644672,50,3.99,13.024495,0.4,0,1,0,0,3,0,0,0,0,2,6
1773929444859,6921,0.26035377,53,1.716,13.022263,0.3773585,-0.02264151,1,0,0,3,0,0,0,0,2,6
1773929501522,6976,0.25555024,55,8.293,13.022154,0.36363637,-0.013722122,1,0,0,3,0,0,0,0,2,6
1773929559849,7027,0.25602835,51,1.578,13.027226,0.39215687,0.028520495,1,0,0,3,0,0,0,0,2,6
1773929592160,7083,0.25791022,56,1.137,13.031485,0.35714287,-0.035014004,1,0,0,3,0,0,0,0,2,6
1773929636299,7133,0.25707784,50,1.365,13.037212,0.4,0.04285714,1,0,0,3,0,0,0,0,2,6
1773929678440,7184,0.26255324,51,1.293,13.02947,0.39215687,-0.007843137,1,0,0,3,0,0,0,0,2,6
1773929710550,7234,0.2628318,50,1.6,13.030141,0.4,0.007843137,1,0,0,3,0,0,0,0,2,6
1773929752759,7293,0.26273257,59,5.764,13.030021,0.33898306,-0.061016947,1,0,0,3,0,0,0,0,2,6
1773929815053,7344,0.25263867,51,4.382,13.022263,0.39215687,0.05317381,1,0,0,3,0,0,0,0,2,6
1773929857372,7395,0.2610672,51,2.345,13.026221,0.39215687,0,1,0,0,3,0,0,0,0,2,6
1773929932017,7446,0.28774685,51,44.115,13.895142,0.39215687,0,1,0,0,3,0,0,0,0,2,6
1773929968193,7503,0.25397685,57,1.685,13.8978195,0.3508772,-0.041279674,1,0,0,3,0,0,0,0,2,6
1773930010340,7555,0.24783358,52,1.288,13.899019,0.3846154,0.033738196,1,0,0,3,0,0,0,0,2,6
1773930048528,7607,0.2535794,52,1.366,13.898374,0.3846154,0,1,0,0,3,0,0,0,0,2,6
1773930088680,7657,0.2567998,50,1.221,13.908296,0.4,0.0153846145,1,0,0,3,0,0,0,0,2,6
1773930120832,7708,0.25787693,51,2.49,13.9084425,0.39215687,-0.007843137,1,0,0,3,0,0,0,0,2,6
1773930169033,7763,0.25326562,55,1.55,13.906687,0.36363637,-0.028520495,1,0,0,3,0,0,0,0,2,6
1773930211165,7817,0.26963028,54,3.338,9.987051,0.37037036,0.0067339838,1,0,0,3,0,0,0,0,2,6
1773930239275,7868,0.2745118,51,1.28,9.987013,0.39215687,0.021786511,1,0,0,3,0,0,0,0,2,6
1773930279461,7920,0.27706718,52,3.99,9.979549,0.3846154,-0.0075414777,1,0,0,3,0,0,0,0,2,6
1773930371880,51,0.7615209,51,2.967,0,0,0,1,1,0,3,0,0,0,0,2,0
1773930412063,109,0.005378337,58,1.373,0.797,0,0,1,0,0,3,0,0,0,0,2,0
1773930452205,161,0.00020530929,52,1.527,0.717879,0,0,1,0,0,3,0,0,0,0,2,0
1773930500402,214,0.0004897388,53,1.673,0.6336356,0,0,1,0,0,3,0,0,0,0,2,0
1773930552652,265,0.13454555,51,83.469,32.638523,0,0,1,0,0,3,0,0,0,0,2,0
1773930596841,315,0.02863936,50,7.557,30.0577,0,0,1,0,0,3,0,0,0,0,2,0
1773930647051,372,0.038478203,57,1.847,28.291891,0,0,1,0,0,3,0,0,0,0,2,0
1773930687181,422,0.022709161,50,2.971,26.73062,0,0,1,0,0,3,0,0,0,0,2,0
1773930723314,475,0.024575962,53,1.196,25.469917,0,0,1,0,0,3,0,0,0,0,2,0
1773930769470,529,0.023744097,54,8.678,24.178999,0,0,1,0,0,3,0,0,0,0,2,0
1773930809623,579,0.017250458,50,1.318,23.232601,0,0,1,0,0,3,0,0,0,0,2,0
1773930833695,629,0.015975168,50,1.421,22.38202,0,0,1,0,0,3,0,0,0,0,2,0
1773930881858,681,0.016857725,52,1.128,21.623981,0,0,1,0,0,3,0,0,0,0,2,0
1773930922014,732,0.014778641,51,1.275,20.932383,0,0,1,0,0,3,0,0,0,0,2,0
1773930962222,785,0.0160102,53,2.167,20.28338,0,0,1,0,0,3,0,0,0,0,2,0
1773931012397,837,0.013735138,52,5.754,19.64708,0,0,1,0,0,3,0,0,0,0,2,0
1773931042560,888,0.012344774,51,1.317,19.123207,0,0,1,0,0,3,0,0,0,0,2,0
1773931094865,942,0.015095149,54,1.967,18.627708,0,0,1,0,0,3,0,0,0,0,2,0
1773931141039,994,0.011908936,52,2.617,18.159742,0,0,1,0,0,3,0,0,0,0,2,0
1773931165132,1048,0.013905703,54,1.766,17.736076,0,0,1,0,0,3,0,0,0,0,2,0
1773931211332,1098,0.009454566,50,1.847,17.33946,0,0,1,0,0,3,0,0,0,0,2,0
1773931247482,1148,0.009012393,50,2.131,16.96487,0,0,1,0,0,3,0,0,0,0,2,0
1773931293679,1203,0.014008596,55,1.377,16.621965,0,0,1,0,0,3,0,0,0,0,2,0
1773931319788,1254,0.008948472,51,1.671,16.295588,0,0,1,0,0,3,0,0,0,0,2,0
1773931376028,1311,0.016853593,57,0.968,15.995287,0,0,1,0,0,3,0,0,0,0,2,0
1773931430247,1361,0.0075930366,50,3.317,15.691245,0,0,1,0,0,3,0,0,0,0,2,0
1773931474545,1414,0.009657567,53,3.261,15.4042,0,0,1,0,0,3,0,0,0,0,2,0
1773931514749,1472,0.01777653,58,1.348,15.146255,0,0,1,0,0,3,0,0,0,0,2,0
1773931565206,1523,0.0074660033,51,1.894,14.896206,0,0,1,0,0,3,0,0,0,0,2,0
1773931619506,1573,0.0067776353,50,1.318,14.662694,0,0,1,0,0,3,0,0,0,0,2,0
1773931657670,1623,0.006533609,50,1.626,14.4373455,0,0,1,0,0,3,0,0,0,0,2,0
1773931709866,1674,0.0067777988,51,2.212,14.218201,0,0,1,0,0,3,0,0,0,0,2,0
1773931750007,1724,0.006224204,50,1.025,14.016905,0,0,1,0,0,3,0,0,0,0,2,0
1773931790214,1774,0.006020164,50,1.281,13.8219385,0,0,1,0,0,3,0,0,0,0,2,0
1773931832525,1824,0.0059305835,50,8.756,13.639928,0,0,1,0,0,3,0,0,0,0,2,0
1773931876708,1874,0.0057111993,50,1.256,13.461759,0,0,1,0,0,3,0,0,0,0,2,0
1773931912870,1929,0.010157401,55,8.277,13.291246,0,0,1,0,0,3,0,0,0,0,2,0
1773931987422,1979,0.16091299,50,99.098,19.996487,0,0,1,0,0,3,0,0,0,0,2,0
1773932080321,2032,0.015383973,53,1.173,19.762045,0,0,1,0,0,3,0,0,0,0,2,0
1773932116465,2082,0.012029304,50,2.029,19.529663,0,0,1,0,0,3,0,0,0,0,2,0
1773932172722,2139,0.021693856,57,1.18,19.310879,0,0,1,0,0,3,0,0,0,0,2,0
1773932225082,2195,0.019036863,56,5.357,19.08097,0,0,1,0,0,3,0,0,0,0,2,0
1773932279374,2249,0.015478237,54,1.615,18.874098,0,0,1,0,0,3,0,0,0,0,2,0
1773932317524,2299,0.010787716,50,4.5,18.661259,0,0,1,0,0,3,0,0,0,0,2,0
1773932357692,2353,0.014971343,54,1.169,18.470411,0,0,1,0,0,3,0,0,0,0,2,0
1773932407128,2409,0.018369034,56,10.393,18.277245,0,0,1,0,0,3,0,0,0,0,2,0
1773932449482,2463,0.014414054,54,1.543,18.096539,0,0,1,0,0,3,0,0,0,0,2,0
1773932512023,2513,0.010013759,50,2.766,17.914991,0,0,1,0,0,3,0,0,0,0,2,0
1773932582512,2563,0.009702722,50,5.503,17.73172,0,0,1,0,0,3,0,0,0,0,2,0
1773932630867,2613,0.009503646,50,5.448,17.55402,0,0,1,0,0,3,0,0,0,0,2,0
1773932701492,2663,0.0093221525,50,5.99,17.381157,0,0,1,0,0,3,0,0,0,0,2,0
1773932767978,2715,0.0109278755,52,1.107,17.22844,0,0,1,0,0,3,0,0,0,0,2,0
1773932836239,2766,0.009813021,51,1.731,17.07634,0,0,1,0,0,3,0,0,0,0,2,0
1773932900486,2818,0.0105344765,52,1.402,16.929806,0,0,1,0,0,3,0,0,0,0,2,0
1773932970779,2872,0.012622785,54,7.485,16.776209,0,0,1,0,0,3,0,0,0,0,2,0
1773933039101,2922,0.008743078,50,1.402,16.637522,0,0,1,0,0,3,0,0,0,0,2,0
1773933095319,2957,1,0,0,0,0,0,0,0,0,0,0,0,0,0,0,0
1773933101340,2972,0.00864545,50,1.063,16.503893,0,0,1,0,0,3,0,0,0,0,2,0
1773933169780,3025,0.010920054,53,1.483,16.371359,0,0,1,0,0,3,0,0,0,0,2,0
1773933250220,3076,0.0088146245,51,2.385,16.238287,0,0,1,0,0,3,0,0,0,0,2,0
1773933308500,3127,0.008691209,51,2.208,16.109037,0,0,1,0,0,3,0,0,0,0,2,0
1773933372767,3181,0.0117294295,54,1.345,15.986285,0,0,1,0,0,3,0,0,0,0,2,0
1773933445079,3233,0.009123192,52,5.955,15.856874,0,0,1,0,0,3,0,0,0,0,2,0
1773933511285,3283,0.007814752,50,1.384,15.739733,0,0,1,0,0,3,0,0,0,0,2,0
1773933579602,3334,0.0081884675,51,2.075,15.622482,0,0,1,0,0,3,0,0,0,0,2,0
1773933653961,3386,0.008985358,52,2.023,15.625376,0,0,1,0,0,3,0,0,0,0,2,0
1773933768483,3436,0.0076481462,50,1.822,15.623596,0,0,1,0,0,3,0,0,0,0,2,0
1773933822730,3470,1,0,0,0,0,0,0,0,0,0,0,0,0,0,0,0
1773933830780,3489,0.01007736,53,1.245,15.624772,0,0,1,0,0,3,0,0,0,0,2,0
1773933899068,3539,0.00752126,50,3.33,15.61969,0,0,1,0,0,3,0,0,0,0,2,0
1773933955239,3584,1,0,0,0,0,0,0,0,0,0,0,0,0,0,0,0
1773933959255,3589,0.004638915,50,1.401,12.157929,0,0,1,0,0,3,0,0,0,0,2,0
1773933981319,3639,0.0046593314,50,1.209,12.156843,0,0,1,0,0,3,0,0,0,0,2,0
1773934043602,3690,0.004929048,51,2.72,12.154685,0,0,1,0,0,3,0,0,0,0,2,0
1773934087829,3710,1,0,0,0,0,0,0,0,0,0,0,0,0,0,0,0
1773934089846,3710,1,0,0,0,0,0,0,0,0,0,0,0,0,0,0,0
1773934111943,3747,0.012068495,57,1.761,12.157541,0,0,1,0,0,3,0,0,0,0,2,0
1773934184253,3800,0.0065241866,53,1.238,12.157381,0,0,1,0,0,3,0,0,0,0,2,0
1773934220403,3808,1,0,0,0,0,0,0,0,0,0,0,0,0,0,0,0
1773934222407,3808,1,0,0,0,0,0,0,0,0,0,0,0,0,0,0,0
1773934252599,3851,0.0048673926,51,4.434,12.144319,0,0,1,0,0,3,0,0,0,0,2,0
1773934321235,3901,0.0044848183,50,3.242,12.139704,0,0,1,0,0,3,0,0,0,0,2,0
1773934353557,3903,1,0,0,0,0,0,0,0,0,0,0,0,0,0,0,0
1773934355560,3903,1,0,0,0,0,0,0,0,0,0,0,0,0,0,0,0
1773934440565,3951,0.57531285,50,187.048,25.719107,0,0,1,0,0,3,0,0,0,0,2,0
1773934506866,4001,0.020853883,50,4.342,25.710611,0,0,1,0,0,3,0,0,0,0,2,0
1773934575287,4057,0.030556345,56,8.497,25.700603,0,0,1,0,0,3,0,0,0,0,2,0
1773934637864,4112,0.028445495,55,2.549,25.69947,0,0,1,0,0,3,0,0,0,0,2,0
1773934694178,4163,0.022276465,51,1.101,25.71012,0,0,1,0,0,3,0,0,0,0,2,0
1773934758418,4198,1,0,0,0,0,0,0,0,0,0,0,0,0,0,0,0
1773934768466,4222,0.038516115,59,1.601,25.709137,0,0,1,0,0,3,0,0,0,0,2,0
1773934818668,4272,0.02119079,50,1.366,25.711143,0,0,1,0,0,3,0,0,0,0,2,0
1773934852782,4323,0.021934852,51,3.844,25.708214,0,0,1,0,0,3,0,0,0,0,2,0
1773934900969,4377,0.026716754,54,1.205,25.710148,0,0,1,0,0,3,0,0,0,0,2,0
1773934957212,4429,0.023465935,52,1.581,25.711025,0,0,1,0,0,3,0,0,0,0,2,0
1773935021494,4486,0.033088893,57,1.783,25.712128,0,0,1,0,0,3,0,0,0,0,2,0
1773935073749,4536,0.021222137,50,1.194,25.71278,0,0,1,0,0,3,0,0,0,0,2,0
1773935152157,4587,0.022120021,51,2.142,25.711279,0,0,1,0,0,3,0,0,0,0,2,0
1773935186276,4637,0.02112962,50,1.728,25.708593,0,0,1,0,0,3,0,0,0,0,2,0
1773935238578,4691,0.026567798,54,2.28,25.71134,0,0,1,0,0,3,0,0,0,0,2,0
1773935288825,4718,1,0,0,0,0,0,0,0,0,0,0,0,0,0,0,0
1773935300875,4741,0.021260366,50,1.024,25.718126,0,0,1,0,0,3,0,0,0,0,2,0
1773935369179,4792,0.022276098,51,1.191,25.718683,0,0,1,0,0,3,0,0,0,0,2,0
1773935421474,4822,1,0,0,0,0,0,0,0,0,0,0,0,0,0,0,0
1773935423476,4822,1,0,0,0,0,0,0,0,0,0,0,0,0,0,0,0
1773935441547,4849,0.033108313,57,1.743,25.719172,0,0,1,0,0,3,0,0,0,0,2,0
1773935501749,4904,0.028538791,55,2.044,25.71677,0,0,1,0,0,3,0,0,0,0,2,0
1773935570044,4957,0.025023842,53,1.207,25.718222,0,0,1,0,0,3,0,0,0,0,2,0
1773935624327,5008,0.022215037,51,10.698,25.71447,0,0,1,0,0,3,0,0,0,0,2,0
1773935679522,5064,0.030782837,56,1.329,25.713343,0,0,1,0,0,3,0,0,0,0,2,0
1773935748388,5116,0.023470206,52,1.568,25.712328,0,0,1,0,0,3,0,0,0,0,2,0
1773935811227,5167,0.021961128,51,3.67,25.715439,0,0,1,0,0,3,0,0,0,0,2,0
1773935885682,5219,0.023538915,52,1.172,25.715742,0,0,1,0,0,3,0,0,0,0,2,0
1773935959988,5272,0.024672788,53,4.546,25.717417,0,0,1,0,0,3,0,0,0,0,2,0
1773936026376,5322,0.01674461,50,2.033,22.963066,0,0,1,0,0,3,0,0,0,0,2,0
1773936088659,5377,0.023343887,55,6.671,22.956612,0,0,1,0,0,3,0,0,0,0,2,0
1773936150998,5428,0.017454306,51,4.091,22.9529,0,0,1,0,0,3,0,0,0,0,2,0
1773936189120,5481,0.020243697,53,1.246,22.952692,0,0,1,0,0,3,0,0,0,0,2,0
1773936219259,5481,1,0,0,0,0,0,0,0,0,0,0,0,0,0,0,0
1773936253335,5531,0.01675742,50,1.875,22.957624,0,0,1,0,0,3,0,0,0,0,2,0
1773936317640,5587,0.025631027,56,1.368,22.958326,0,0,1,0,0,3,0,0,0,0,2,0
1773936380156,5640,0.019928852,53,5.198,22.957937,0,0,1,0,0,3,0,0,0,0,2,0
1773936480925,5691,0.017582979,51,2.569,22.9543,0,0,1,0,0,3,0,0,0,0,2,0
1773936517153,5743,0.018931678,52,0.98,22.953896,0,0,1,0,0,3,0,0,0,0,2,0
1773936732945,51,1,51,1.76,0,0,0,1,1,0,3,0,0,0,0,3,0
1773936771121,104,0.3019906,53,1.596,0.08200002,0,0,1,0,0,3,0,0,0,0,3,0
1773936801229,158,0.30770814,54,1.707,0.06833416,0,0,1,0,0,3,0,0,0,0,3,0
1773936847408,208,0.21002351,50,8.295,2.8616714,0.06,0.06,1,0,0,3,0,0,0,0,3,1
1773936885533,260,0.2072709,52,1.724,2.6398683,0.057692308,-0.0023076907,1,0,0,3,0,0,0,0,3,1
1773936931742,311,0.20297535,51,1.424,2.4818552,0.05882353,0.0011312217,1,0,0,3,0,0,0,0,3,1
1773936977934,361,0.6563499,50,99.773,34.028294,0.06,0.001176469,1,0,0,3,0,0,0,0,3,1
1773937014055,415,0.58716995,54,5.661,32.035904,0.11111111,0.051111113,1,0,0,3,0,0,0,0,3,2
1773937058251,471,1,56,1.306,30.519648,1.3392857,1.2281746,1,0,0,3,0,0,0,0,3,24
1773937100405,522,1,51,2.977,29.131443,1.4705882,0.13130248,1,0,0,3,0,0,0,0,3,24
1773937134519,579,1,57,2.088,27.940346,7.140351,5.6697626,1,0,0,3,0,0,0,0,3,135
1773937180706,630,1,51,5.123,26.811872,8.960784,1.8204331,1,0,0,3,0,0,0,0,3,149
1773937208848,681,1,51,1.156,25.89647,13.843137,4.882353,1,0,0,3,0,0,0,0,3,232
1773937253035,733,1,52,2.89,25.028372,16.307692,2.4645548,1,0,0,3,0,0,0,0,3,285
1773937309478,789,1,56,5.065,24.208782,15.660714,-0.6469774,1,0,0,3,0,0,0,0,3,289
1773937345608,848,1,59,1.213,23.525787,14.864407,-0.79630756,1,0,0,3,0,0,0,0,3,289
1773937395842,898,1,50,4.394,22.848919,17.54,2.6755943,1,0,0,3,0,0,0,0,3,289
1773937440073,954,1,56,1.558,22.265589,15.660714,-1.8792868,1,0,0,3,0,0,0,0,3,289
1773937470204,1004,1,50,1.369,21.727198,17.54,1.8792868,1,0,0,3,0,0,0,0,3,289
1773937508343,1055,1,51,1.049,21.23042,17.19608,-0.34392166,1,0,0,3,0,0,0,0,3,289
1773937540472,1107,1,52,1.183,20.763878,16.865385,-0.3306942,1,0,0,3,0,0,0,0,3,289
1773937584658,1164,1,57,1.488,20.322582,15.385965,-1.4794197,1,0,0,3,0,0,0,0,3,289
1773937636863,1216,1,52,3.4,19.889704,16.865385,1.4794197,1,0,0,3,0,0,0,0,3,289
1773937675028,1267,1,51,2.184,19.49351,17.19608,0.3306942,1,0,0,3,0,0,0,0,3,289
1773937721211,1321,1,54,1.683,19.12477,16.24074,-0.95533943,1,0,0,3,0,0,0,0,3,289
1773937765375,1375,1,54,1.574,18.777124,16.24074,0,1,0,0,3,0,0,0,0,3,289
1773937801544,1429,1,54,1.027,18.452944,16.24074,0,1,0,0,3,0,0,0,0,3,289
1773937845706,1483,1,54,2.483,18.132853,16.24074,0,1,0,0,3,0,0,0,0,3,289
1773937875802,1534,1,51,3.213,17.824572,17.19608,0.95533943,1,0,0,3,0,0,0,0,3,289
1773937917939,1586,1,52,3.522,17.530066,16.865385,-0.3306942,1,0,0,3,0,0,0,0,3,289
1773937958131,1637,1,51,5.589,17.245047,17.19608,0.3306942,1,0,0,3,0,0,0,0,3,289
1773937992302,1691,1,54,5.58,16.97349,16.24074,-0.95533943,1,0,0,3,0,0,0,0,3,289
1773938040805,1742,1,51,4.864,16.71508,17.19608,0.95533943,1,0,0,3,0,0,0,0,3,289
1773938074942,1794,1,52,4.726,16.468355,16.865385,-0.3306942,1,0,0,3,0,0,0,0,3,289
1773938119144,1845,1,51,1.216,16.248758,17.19608,0.3306942,1,0,0,3,0,0,0,0,3,289
1773938161293,1896,1,51,1.389,16.036402,17.19608,0,1,0,0,3,0,0,0,0,3,289
1773938191362,1948,1,52,2.56,15.825291,16.865385,-0.3306942,1,0,0,3,0,0,0,0,3,289
1773938229576,2003,1,55,2.772,15.621341,15.945455,-0.91993046,1,0,0,3,0,0,0,0,3,289
1773938263706,2053,1,50,2.096,15.42824,17.54,1.5945463,1,0,0,3,0,0,0,0,3,289
1773938315933,2106,1,53,1.388,15.246087,16.54717,-0.9928303,1,0,0,3,0,0,0,0,3,289
1773938364183,2162,1,56,1.349,15.070429,15.660714,-0.8864565,1,0,0,3,0,0,0,0,3,289
1773938400341,2217,1,55,1.779,14.898333,15.945455,0.28474045,1,0,0,3,0,0,0,0,3,289
1773938452540,2268,1,51,3.7,14.725343,17.19608,1.2506247,1,0,0,3,0,0,0,0,3,289
1773938492710,2318,1,50,1.224,14.567639,17.54,0.34392166,1,0,0,3,0,0,0,0,3,289
1773938524851,2370,1,52,3.071,14.407299,16.865385,-0.67461586,1,0,0,3,0,0,0,0,3,289
1773938577071,2421,1,51,1.54,14.2578945,17.19608,0.3306942,1,0,0,3,0,0,0,0,3,289
1773938627315,2473,1,52,1.303,14.114193,16.865385,-0.3306942,1,0,0,3,0,0,0,0,3,289
1773938663460,2524,1,51,2.557,13.969694,17.19608,0.3306942,1,0,0,3,0,0,0,0,3,289
1773938713685,2575,1,51,4.66,13.826407,17.19608,0,1,0,0,3,0,0,0,0,3,289
1773938765889,2626,1,51,1.867,13.692945,17.19608,0,1,0,0,3,0,0,0,0,3,289
1773938804008,2678,1,52,1.687,13.563973,16.865385,-0.3306942,1,0,0,3,0,0,0,0,3,289
1773938856215,2735,1,57,2.216,13.436663,15.385965,-1.4794197,1,0,0,3,0,0,0,0,3,289
1773938900441,2786,1,51,3.56,13.309889,17.19608,1.8101139,1,0,0,3,0,0,0,0,3,289
1773938936600,2839,1,53,1.278,13.193068,16.54717,-0.6489086,1,0,0,3,0,0,0,0,3,289
1773938978763,2889,1,50,2.528,13.074985,17.54,0.9928303,1,0,0,3,0,0,0,0,3,289
1773939035004,2939,1,50,1.994,12.961537,17.54,0,1,0,0,3,0,0,0,0,3,289
1773939063105,2991,1,52,1.465,12.852836,16.865385,-0.67461586,1,0,0,3,0,0,0,0,3,289
1773939109305,3045,1,54,1.34,12.747292,16.24074,-0.62464523,1,0,0,3,0,0,0,0,3,289
1773939137383,3096,1,51,6.545,12.64234,17.19608,0.95533943,1,0,0,3,0,0,0,0,3,289
1773939185612,3150,1,54,2.241,12.539227,16.24074,-0.95533943,1,0,0,3,0,0,0,0,3,289
1773939235855,3201,1,51,3.906,12.43609,17.19608,0.95533943,1,0,0,3,0,0,0,0,3,289
1773939265967,3256,1,55,2.283,12.337826,15.945455,-1.2506247,1,0,0,3,0,0,0,0,3,289
1773939322217,3308,1,52,2.655,12.24103,16.865385,0.91993046,1,0,0,3,0,0,0,0,3,289
1773939364407,3363,1,55,1.124,12.150902,15.945455,-0.91993046,1,0,0,3,0,0,0,0,3,289
1773939398567,3416,1,53,4.709,12.14744,16.54717,0.60171604,1,0,0,3,0,0,0,0,3,289
1773939450824,3472,1,56,2.355,12.145292,15.660714,-0.8864565,1,0,0,3,0,0,0,0,3,289
1773939493022,3522,1,50,1.328,12.146588,17.54,1.8792868,1,0,0,3,0,0,0,0,3,289
1773939523114,3573,1,51,1.21,12.140829,17.19608,-0.34392166,1,0,0,3,0,0,0,0,3,289
1773939579353,3626,1,53,2.693,12.138503,16.54717,-0.6489086,1,0,0,3,0,0,0,0,3,289
1773939629585,3676,1,50,118.228,18.641098,17.54,0.9928303,1,0,0,3,0,0,0,0,3,289
1773939665716,3728,1,52,4.633,14.409459,16.865385,-0.67461586,1,0,0,3,0,0,0,0,3,289
1773939721970,3782,1,54,1.539,14.412975,16.24074,-0.62464523,1,0,0,3,0,0,0,0,3,289
1773939780231,3842,1,60,1.336,14.412876,14.616667,-1.624073,1,0,0,3,0,0,0,0,3,289
1773939834474,3897,1,55,4.421,14.411832,15.945455,1.3287878,1,0,0,3,0,0,0,0,3,289
1773939866592,3947,1,50,2.982,14.410039,17.54,1.5945463,1,0,0,3,0,0,0,0,3,289
1773939928871,4002,1,55,7.543,14.415082,15.945455,-1.5945463,1,0,0,3,0,0,0,0,3,289
1773939979091,4055,1,53,1.02,14.415576,16.54717,0.60171604,1,0,0,3,0,0,0,0,3,289
1773940027286,4106,1,51,2.786,14.415755,17.19608,0.6489086,1,0,0,3,0,0,0,0,3,289
1773940063434,4161,1,55,5.526,14.416186,15.945455,-1.2506247,1,0,0,3,0,0,0,0,3,289
1773940109659,4214,1,53,5.425,14.410951,16.54717,0.60171604,1,0,0,3,0,0,0,0,3,289
1773940163884,4269,1,55,4.43,14.410949,15.945455,-0.60171604,1,0,0,3,0,0,0,0,3,289
1773940193997,4320,1,51,1.338,14.4116745,17.19608,1.2506247,1,0,0,3,0,0,0,0,3,289
1773940236157,4372,1,52,1.246,14.4121,16.865385,-0.3306942,1,0,0,3,0,0,0,0,3,289
1773940290372,4424,1,52,1.14,14.411765,16.865385,0,1,0,0,3,0,0,0,0,3,289
1773940326564,4477,1,53,3.376,14.406454,16.54717,-0.31821442,1,0,0,3,0,0,0,0,3,289
1773940372757,4529,1,52,1.23,14.407342,16.865385,0.31821442,1,0,0,3,0,0,0,0,3,289
1773940431033,4584,1,55,2.774,14.408315,15.945455,-0.91993046,1,0,0,3,0,0,0,0,3,289
1773940465167,4640,1,56,1.384,14.410679,15.660714,-0.28474045,1,0,0,3,0,0,0,0,3,289
1773940519378,4692,1,52,1.241,14.412135,16.865385,1.2046709,1,0,0,3,0,0,0,0,3,289
1773940569615,4747,1,55,4.811,14.40747,15.945455,-0.91993046,1,0,0,3,0,0,0,0,3,289
1773940625880,4803,1,56,2.008,14.404237,15.660714,-0.28474045,1,0,0,3,0,0,0,0,3,289
1773940661979,4858,1,55,3.278,14.402782,15.945455,0.28474045,1,0,0,3,0,0,0,0,3,289
1773940706118,4912,1,54,1.58,14.406617,16.24074,0.29528522,1,0,0,3,0,0,0,0,3,289
1773940756343,4962,1,50,1.551,14.410888,17.54,1.2992611,1,0,0,3,0,0,0,0,3,289
1773940788510,5016,1,54,1.353,14.4155445,16.24074,-1.2992611,1,0,0,3,0,0,0,0,3,289
1773940842727,5071,1,55,1.466,14.419542,15.945455,-0.29528522,1,0,0,3,0,0,0,0,3,289
1773940900942,5124,1,53,1.739,14.423138,16.54717,0.60171604,1,0,0,3,0,0,0,0,3,289
1773940949132,5177,1,53,3.069,14.423908,16.54717,0,1,0,0,3,0,0,0,0,3,289
1773940979267,5232,1,55,1.876,14.421926,15.945455,-0.60171604,1,0,0,3,0,0,0,0,3,289
1773941031513,5283,1,51,2.041,14.42008,17.19608,1.2506247,1,0,0,3,0,0,0,0,3,289
1773941065618,5334,1,51,2.623,14.419961,17.19608,0,1,0,0,3,0,0,0,0,3,289
1773941107788,5391,1,57,1.393,14.423309,15.385965,-1.8101139,1,0,0,3,0,0,0,0,3,289
1773941159962,5441,1,50,1.232,14.425784,17.54,2.1540356,1,0,0,3,0,0,0,0,3,289
1773941210206,5491,1,50,1.45,14.42559,17.54,0,1,0,0,3,0,0,0,0,3,289
1773941250373,5544,1,53,1.398,14.425434,16.54717,-0.9928303,1,0,0,3,0,0,0,0,3,289
1773941306612,5594,1,50,0.998,14.427894,17.54,0.9928303,1,0,0,3,0,0,0,0,3,289
1773941380914,5649,1,55,3.075,14.428499,15.945455,-1.5945463,1,0,0,3,0,0,0,0,3,289
1773941435121,5702,1,53,4.023,14.423412,16.54717,0.60171604,1,0,0,3,0,0,0,0,3,289
1773941491389,5753,1,51,1.633,14.426465,17.19608,0.6489086,1,0,0,3,0,0,0,0,3,289
1773941557683,5805,1,52,2.031,14.425126,16.865385,-0.3306942,1,0,0,3,0,0,0,0,3,289
1773941597843,5856,1,51,3.097,14.421002,17.19608,0.3306942,1,0,0,3,0,0,0,0,3,289
1773941646108,5906,1,50,4.283,14.419263,17.54,0.34392166,1,0,0,3,0,0,0,0,3,289
1773941708381,5957,1,51,1.831,14.422621,17.19608,-0.34392166,1,0,0,3,0,0,0,0,3,289
1773941754540,6007,1,50,3.959,14.419395,17.54,0.34392166,1,0,0,3,0,0,0,0,3,289
1773941820794,6057,1,50,1.147,14.421112,17.54,0,1,0,0,3,0,0,0,0,3,289
1773941854921,6109,1,52,1.79,14.422192,16.865385,-0.67461586,1,0,0,3,0,0,0,0,3,289
1773941915154,6162,1,53,2.379,14.423925,16.54717,-0.31821442,1,0,0,3,0,0,0,0,3,289
1773941965330,6213,1,51,3.476,14.419265,17.19608,0.6489086,1,0,0,3,0,0,0,0,3,289
1773942021541,6269,1,56,1.149,14.423002,15.660714,-1.5353651,1,0,0,3,0,0,0,0,3,289
1773942057692,6324,1,55,1.976,14.42305,15.945455,0.28474045,1,0,0,3,0,0,0,0,3,289
1773942103865,6383,1,59,1.158,14.424055,14.864407,-1.081048,1,0,0,3,0,0,0,0,3,289
1773942168161,6436,1,53,2.444,14.421133,16.54717,1.682764,1,0,0,3,0,0,0,0,3,289
1773942214433,6487,1,51,1.22,14.42355,17.19608,0.6489086,1,0,0,3,0,0,0,0,3,289
1773942260634,6537,1,50,45.237,15.289209,17.54,0.34392166,1,0,0,3,0,0,0,0,3,289
1773942304811,6587,1,50,3.927,15.289189,17.54,0,1,0,0,3,0,0,0,0,3,289
1773942355063,6640,1,53,1.428,15.291871,16.54717,-0.9928303,1,0,0,3,0,0,0,0,3,289
1773942407334,6691,1,51,2.093,15.293332,17.19608,0.6489086,1,0,0,3,0,0,0,0,3,289
1773942437471,6745,1,54,1.219,15.292964,16.24074,-0.95533943,1,0,0,3,0,0,0,0,3,289
1773942485662,6796,1,51,1.13,15.300147,17.19608,0.95533943,1,0,0,3,0,0,0,0,3,289
1773942515820,6850,1,54,0.944,15.3047495,16.24074,-0.95533943,1,0,0,3,0,0,0,0,3,289
1773942562092,6900,1,50,1.336,15.30472,17.54,1.2992611,1,0,0,3,0,0,0,0,3,289
1773942610311,6954,1,54,0.918,15.305844,16.24074,-1.2992611,1,0,0,3,0,0,0,0,3,289
1773942644471,7010,1,56,1.103,15.310581,15.660714,-0.5800257,1,0,0,3,0,0,0,0,3,289
1773942702698,7060,1,50,1.396,5.4998217,17.54,1.8792868,1,0,0,3,0,0,0,0,3,289
1773942754924,7114,1,54,6.865,5.5172505,16.24074,-1.2992611,1,0,0,3,0,0,0,0,3,289
1773942795110,7164,1,50,2.482,5.514551,17.54,1.2992611,1,0,0,3,0,0,0,0,3,289
1773942833257,7214,1,50,3.432,5.510626,17.54,0,1,0,0,3,0,0,0,0,3,289
1773942883434,7273,1,59,1.408,5.511677,14.864407,-2.6755943,1,0,0,3,0,0,0,0,3,289
1773942915560,7323,1,50,1.112,5.5167236,17.54,2.6755943,1,0,0,3,0,0,0,0,3,289
1773942957737,7379,1,56,1.102,5.491343,15.660714,-1.8792868,1,0,0,3,0,0,0,0,3,289
1773942999922,7429,1,50,2.116,5.4872108,17.54,1.8792868,1,0,0,3,0,0,0,0,3,289
1773943034076,7481,1,52,1.193,5.4912887,16.865385,-0.67461586,1,0,0,3,0,0,0,0,3,289
1773943084317,7531,1,50,2.143,5.481803,17.54,0.67461586,1,0,0,3,0,0,0,0,3,289
1773943128489,7582,1,51,5.055,5.479251,17.19608,-0.34392166,1,0,0,3,0,0,0,0,3,289
1773943170694,7632,1,50,2.201,5.4759746,17.54,0.34392166,1,0,0,3,0,0,0,0,3,289
1773943218894,7682,1,50,1.326,5.476024,17.54,0,1,0,0,3,0,0,0,0,3,289
1773943259074,7738,1,56,1.581,5.4747133,15.660714,-1.8792868,1,0,0,3,0,0,0,0,3,289
1773943297226,7788,1,50,4.695,5.475746,17.54,1.8792868,1,0,0,3,0,0,0,0,3,289
1773943343374,7845,1,57,1.341,5.478469,15.385965,-2.1540356,1,0,0,3,0,0,0,0,3,289
1773943377519,7895,1,50,4.174,5.4773545,17.54,2.1540356,1,0,0,3,0,0,0,0,3,289
1773943433754,7948,1,53,1.311,5.4807086,16.54717,-0.9928303,1,0,0,3,0,0,0,0,3,289
1773943477945,7998,1,50,6.281,5.494086,17.54,0.9928303,1,0,0,3,0,0,0,0,3,289
1773943510079,8048,1,50,6.389,5.5067124,17.54,0,1,0,0,3,0,0,0,0,3,289
1773943558273,8100,1,52,1.579,5.5046167,16.865385,-0.67461586,1,0,0,3,0,0,0,0,3,289
1773943612518,8152,1,52,2.514,5.503634,16.865385,0,1,0,0,3,0,0,0,0,3,289
1773943658728,8205,1,53,1.667,5.505757,16.54717,-0.31821442,1,0,0,3,0,0,0,0,3,289
1773943690883,8255,1,50,6.087,5.516927,17.54,0.9928303,1,0,0,3,0,0,0,0,3,289
1773943757156,8311,1,56,1.218,5.518443,15.660714,-1.8792868,1,0,0,3,0,0,0,0,3,289
1773943811423,8361,1,50,1.343,5.5184894,17.54,1.8792868,1,0,0,3,0,0,0,0,3,289
1773943877733,8415,1,54,2.235,5.515997,16.24074,-1.2992611,1,0,0,3,0,0,0,0,3,289
1773943911875,8465,1,50,1.783,5.515842,17.54,1.2992611,1,0,0,3,0,0,0,0,3,289
1773943942007,8465,1,0,0,0,0,0,0,0,0,0,0,0,0,0,0,0
1773943970173,8517,1,52,1.28,5.5199623,16.865385,-0.67461586,1,0,0,3,0,0,0,0,3,289
1773944006319,8523,1,0,0,0,0,0,0,0,0,0,0,0,0,0,0,0
1773944008321,8523,1,0,0,0,0,0,0,0,0,0,0,0,0,0,0,0
1773944036415,8569,1,52,1.184,5.5227795,16.865385,0,1,0,0,3,0,0,0,0,3,289
1773944094656,8622,1,53,1.133,5.5262947,16.54717,-0.31821442,1,0,0,3,0,0,0,0,3,289
1773944158934,8676,1,54,1.077,5.531044,16.24074,-0.30643082,1,0,0,3,0,0,0,0,3,289
1773944227220,8729,1,53,2.735,5.5277395,16.54717,0.30643082,1,0,0,3,0,0,0,0,3,289
1773944287486,8779,1,50,1.526,5.5264354,17.54,0.9928303,1,0,0,3,0,0,0,0,3,289
1773944335701,8830,1,51,2.055,5.5243783,17.19608,-0.34392166,1,0,0,3,0,0,0,0,3,289
1773944371904,8882,1,52,2.536,5.521153,16.865385,-0.3306942,1,0,0,3,0,0,0,0,3,289
1773944438151,8936,1,54,1.698,5.5179133,16.24074,-0.62464523,1,0,0,3,0,0,0,0,3,289
1773944470297,8938,1,0,0,0,0,0,0,0,0,0,0,0,0,0,0,0
1773944506462,8986,1,50,1.884,5.519599,17.54,1.2992611,1,0,0,3,0,0,0,0,3,289
1773944574764,9036,1,50,1.283,5.5218897,17.54,0,1,0,0,3,0,0,0,0,3,289
1773944637035,9089,1,53,4.113,5.521374,16.54717,-0.9928303,1,0,0,3,0,0,0,0,3,289
1773944695315,9143,1,54,1.298,5.5240607,16.24074,-0.30643082,1,0,0,3,0,0,0,0,3,289
1773944765617,9197,1,54,6.609,5.5426188,16.24074,0,1,0,0,3,0,0,0,0,3,289
1773944799757,9205,1,0,0,0,0,0,0,0,0,0,0,0,0,0,0,0
1773944829903,9247,1,50,1.081,5.545346,17.54,1.2992611,1,0,0,3,0,0,0,0,3,289
1773944882120,9300,1,53,4.019,5.54503,16.54717,-0.9928303,1,0,0,3,0,0,0,0,3,289
1773944946409,9352,1,52,1.368,5.54729,16.865385,0.31821442,1,0,0,3,0,0,0,0,3,289
1773945000613,9409,1,57,1.194,5.547053,15.385965,-1.4794197,1,0,0,3,0,0,0,0,3,289
1773945036734,9460,1,51,3.412,5.545384,17.19608,1.8101139,1,0,0,3,0,0,0,0,3,289
1773945094969,9513,1,53,2.312,5.545503,16.54717,-0.6489086,1,0,0,3,0,0,0,0,3,289
1773945153207,9563,1,50,4.612,5.548887,17.54,0.9928303,1,0,0,3,0,0,0,0,3,289
1773945199453,9618,1,55,1.194,5.5486565,15.945455,-1.5945463,1,0,0,3,0,0,0,0,3,289
1773945249647,9668,1,50,1.346,5.551015,17.54,1.5945463,1,0,0,3,0,0,0,0,3,289
1773945299919,9723,1,55,2.365,5.54682,15.945455,-1.5945463,1,0,0,3,0,0,0,0,3,289
1773945348152,9774,1,51,2.501,5.546734,17.19608,1.2506247,1,0,0,3,0,0,0,0,3,289
1773945392357,9824,1,50,1.257,5.5465503,17.54,0.34392166,1,0,0,3,0,0,0,0,3,289
1773945426512,9875,1,51,2.437,1.5673594,17.19608,-0.34392166,1,0,0,3,0,0,0,0,3,289
1773945474707,9925,1,50,1.838,1.5556376,17.54,0.34392166,1,0,0,3,0,0,0,0,3,289
1773945512867,9975,1,50,1.222,1.5576613,17.54,0,1,0,0,3,0,0,0,0,3,289
1773945547020,10026,1,51,3.758,1.567821,17.19608,-0.34392166,1,0,0,3,0,0,0,0,3,289
1773945585193,10078,1,52,1.404,1.5659426,16.865385,-0.3306942,1,0,0,3,0,0,0,0,3,289
1773945623430,10129,1,51,1.147,1.5657405,17.19608,0.3306942,1,0,0,3,0,0,0,0,3,289
1773945665641,10181,1,52,1.208,1.5624242,16.865385,-0.3306942,1,0,0,3,0,0,0,0,3,289
1773945707770,10231,1,50,1.702,1.5594224,17.54,0.67461586,1,0,0,3,0,0,0,0,3,289
1773945745928,10282,1,51,1.943,1.5499581,17.19608,-0.34392166,1,0,0,3,0,0,0,0,3,289
1773945782048,10332,1,50,3.753,1.5512948,17.54,0.34392166,1,0,0,3,0,0,0,0,3,289
1773945820214,10382,1,50,1.345,1.5518225,17.54,0,1,0,0,3,0,0,0,0,3,289
1773945858388,10433,1,51,1.761,1.4478699,17.19608,-0.34392166,1,0,0,3,0,0,0,0,3,289
1773945896536,10483,1,50,1.948,1.4484396,17.54,0.34392166,1,0,0,3,0,0,0,0,3,289
1773945946783,10534,1,51,161.336,19.777185,17.19608,-0.34392166,1,0,0,3,0,0,0,0,3,289
1773945992996,10586,1,52,2.317,19.775087,16.865385,-0.3306942,1,0,0,3,0,0,0,0,3,289
1773946029121,10637,1,51,5.019,19.769665,17.19608,0.3306942,1,0,0,3,0,0,0,0,3,289
1773946075329,10694,1,57,1.141,19.769548,15.385965,-1.8101139,1,0,0,3,0,0,0,0,3,289
1773946123471,10745,1,51,1.823,19.770218,17.19608,1.8101139,1,0,0,3,0,0,0,0,3,289
1773946155603,10795,1,50,3.923,19.765228,17.54,0.34392166,1,0,0,3,0,0,0,0,3,289
1773946195820,10846,1,51,8.621,19.767483,17.19608,-0.34392166,1,0,0,3,0,0,0,0,3,289
1773946246046,10898,1,52,4.703,19.767513,16.865385,-0.3306942,1,0,0,3,0,0,0,0,3,289
1773946278139,10948,1,50,5.742,19.764593,17.54,0.67461586,1,0,0,3,0,0,0,0,3,289
1773946324345,10999,1,51,1.581,19.76387,17.19608,-0.34392166,1,0,0,3,0,0,0,0,3,289
1773946372533,11049,1,50,1.506,19.76408,17.54,0.34392166,1,0,0,3,0,0,0,0,3,289
1773946414710,11099,1,50,3.687,19.764751,17.54,0,1,0,0,3,0,0,0,0,3,289
1773946472937,11156,1,57,2.213,19.762505,15.385965,-2.1540356,1,0,0,3,0,0,0,0,3,289
1773946533306,11207,1,51,2.104,19.765594,17.19608,1.8101139,1,0,0,3,0,0,0,0,3,289
1773946589560,11257,1,50,5.484,19.760166,17.54,0.34392166,1,0,0,3,0,0,0,0,3,289
1773946625781,11309,1,52,4.563,19.759678,16.865385,-0.67461586,1,0,0,3,0,0,0,0,3,289
1773946683990,11359,1,50,3.722,19.759619,17.54,0.67461586,1,0,0,3,0,0,0,0,3,289
1773946742322,11410,1,51,1.493,19.759855,17.19608,-0.34392166,1,0,0,3,0,0,0,0,3,289
1773946804698,11463,1,53,4.715,19.757404,16.54717,-0.6489086,1,0,0,3,0,0,0,0,3,289
1773946869037,11520,1,57,1.313,19.758398,15.385965,-1.1612053,1,0,0,3,0,0,0,0,3,289
1773946945638,11571,1,51,2.676,19.760088,17.19608,1.8101139,1,0,0,3,0,0,0,0,3,289
1773947010118,11624,1,53,12.436,19.775679,16.54717,-0.6489086,1,0,0,3,0,0,0,0,3,289
1773947078514,11677,1,53,5.488,19.769867,16.54717,0,1,0,0,3,0,0,0,0,3,289
1773947142951,11728,1,51,1.129,19.772955,17.19608,0.6489086,1,0,0,3,0,0,0,0,3,289
1773947205605,11782,1,54,1.558,19.773582,16.24074,-0.95533943,1,0,0,3,0,0,0,0,3,289
1773947262362,11834,1,52,1.449,19.77307,16.865385,0.62464523,1,0,0,3,0,0,0,0,3,289
1773947314768,11884,1,50,3.03,19.768532,17.54,0.67461586,1,0,0,3,0,0,0,0,3,289
1773947351009,11935,1,51,1.661,19.766928,17.19608,-0.34392166,1,0,0,3,0,0,0,0,3,289
1773947405520,11988,1,53,2.428,19.763193,16.54717,-0.6489086,1,0,0,3,0,0,0,0,3,289
1773947463798,12038,1,50,3.75,19.761566,17.54,0.9928303,1,0,0,3,0,0,0,0,3,289
1773947602107,12090,1,52,5.364,19.755913,16.865385,-0.67461586,1,0,0,3,0,0,0,0,3,289
1773947670601,12143,1,53,1.968,19.756142,16.54717,-0.31821442,1,0,0,3,0,0,0,0,3,289
1773947728813,12200,1,57,1.028,19.760365,15.385965,-1.1612053,1,0,0,3,0,0,0,0,3,289
1773947770978,12251,1,51,1.343,19.76143,17.19608,1.8101139,1,0,0,3,0,0,0,0,3,289
1773947835287,12306,1,55,16.591,19.805754,15.945455,-1.2506247,1,0,0,3,0,0,0,0,3,289
1773947887508,12356,1,50,3.579,19.800097,17.54,1.5945463,1,0,0,3,0,0,0,0,3,289
1773947949726,12414,1,58,1.24,19.806612,15.120689,-2.4193115,1,0,0,3,0,0,0,0,3,289
1773948009911,12465,1,51,1.442,19.806139,17.19608,2.0753899,1,0,0,3,0,0,0,0,3,289
1773948062125,12518,1,53,1.366,19.812346,16.54717,-0.6489086,1,0,0,3,0,0,0,0,3,289
1773948104351,12576,1,58,1.222,19.811872,15.120689,-1.4264812,1,0,0,3,0,0,0,0,3,289
1773948164579,12629,1,53,2.958,19.813503,16.54717,1.4264812,1,0,0,3,0,0,0,0,3,289
1773948216735,12680,1,51,1.362,19.813519,17.19608,0.6489086,1,0,0,3,0,0,0,0,3,289
1773948271000,12732,1,52,5.791,19.806356,16.865385,-0.3306942,1,0,0,3,0,0,0,0,3,289
1773948325380,12792,1,60,4.489,19.805025,14.616667,-2.2487183,1,0,0,3,0,0,0,0,3,289
1773948371687,12842,1,50,2.904,19.803661,17.54,2.9233341,1,0,0,3,0,0,0,0,3,289
1773948415857,12893,1,51,1.472,19.809767,17.19608,-0.34392166,1,0,0,3,0,0,0,0,3,289
1773948466078,12943,1,50,5.005,19.802515,17.54,0.34392166,1,0,0,3,0,0,0,0,3,289
1773948506242,12998,1,55,1.315,19.80262,15.945455,-1.5945463,1,0,0,3,0,0,0,0,3,289
1773948560519,13049,1,51,2.512,19.802258,17.19608,1.2506247,1,0,0,3,0,0,0,0,3,289
1773948598719,13102,1,53,1.71,19.804396,16.54717,-0.6489086,1,0,0,3,0,0,0,0,3,289
1773948655039,13152,1,50,4.842,19.797297,17.54,0.9928303,1,0,0,3,0,0,0,0,3,289
1773948701582,13204,1,52,6.894,19.793938,16.865385,-0.67461586,1,0,0,3,0,0,0,0,3,289
1773948746400,13255,1,51,50.42,20.550041,17.19608,0.3306942,1,0,0,3,0,0,0,0,3,289
1773948798911,13313,1,58,1.251,20.549927,15.120689,-2.0753899,1,0,0,3,0,0,0,0,3,289
1773948845732,13364,1,51,1.919,20.55491,17.19608,2.0753899,1,0,0,3,0,0,0,0,3,289
1773948904243,13415,1,51,2.141,20.552322,17.19608,0,1,0,0,3,0,0,0,0,3,289
1773948962757,13473,1,58,1.862,20.549658,15.120689,-2.0753899,1,0,0,3,0,0,0,0,3,289
1773949017337,13527,1,54,3.834,20.54185,16.24074,1.1200504,1,0,0,3,0,0,0,0,3,289
1773949082127,13583,1,56,1.231,20.543634,15.660714,-0.5800257,1,0,0,3,0,0,0,0,3,289
1773949132576,13633,1,50,3.426,20.539375,17.54,1.8792868,1,0,0,3,0,0,0,0,3,289
1773949180939,13685,1,52,7.613,20.53699,16.865385,-0.67461586,1,0,0,3,0,0,0,0,3,289
1773949235397,13740,1,55,1.329,20.537052,15.945455,-0.91993046,1,0,0,3,0,0,0,0,3,289
1773949300175,13793,1,53,4.025,20.53076,16.54717,0.60171604,1,0,0,3,0,0,0,0,3,289
1773949364722,13843,1,50,1.145,20.533823,17.54,0.9928303,1,0,0,3,0,0,0,0,3,289
1773949415011,13894,1,51,1.26,6.4393063,17.19608,-0.34392166,1,0,0,3,0,0,0,0,3,289
1773949459402,13946,1,52,5.817,6.4392285,16.865385,-0.3306942,1,0,0,3,0,0,0,0,3,289
1773949503733,13996,1,50,1.367,6.44704,17.54,0.67461586,1,0,0,3,0,0,0,0,3,289
1773949552051,14047,1,51,4.036,6.436643,17.19608,-0.34392166,1,0,0,3,0,0,0,0,3,289
1773949596352,14103,1,56,1.545,6.4382663,15.660714,-1.5353651,1,0,0,3,0,0,0,0,3,289
1773949662776,14159,1,56,1.402,6.4468584,15.660714,0,1,0,0,3,0,0,0,0,3,289
1773949704937,14209,1,50,1.477,6.428534,17.54,1.8792868,1,0,0,3,0,0,0,0,3,289
1773949759182,14263,1,54,2.911,6.429036,16.24074,-1.2992611,1,0,0,3,0,0,0,0,3,289
1773949797387,14315,1,52,1.435,6.432031,16.865385,0.62464523,1,0,0,3,0,0,0,0,3,289
1773949841689,14366,1,51,2.046,6.4297366,17.19608,0.3306942,1,0,0,3,0,0,0,0,3,289
1773949885852,14416,1,50,5.858,6.4276175,17.54,0.34392166,1,0,0,3,0,0,0,0,3,289
1773949930100,14469,1,53,1.633,6.4338074,16.54717,-0.9928303,1,0,0,3,0,0,0,0,3,289
1773949966237,14521,1,52,1.644,6.4365034,16.865385,0.31821442,1,0,0,3,0,0,0,0,3,289
1773950016526,14575,1,54,1.51,6.439478,16.24074,-0.62464523,1,0,0,3,0,0,0,0,3,289
1773950058752,14627,1,52,2.627,6.4380107,16.865385,0.62464523,1,0,0,3,0,0,0,0,3,289
1773950117115,14677,1,50,2.058,6.440997,17.54,0.67461586,1,0,0,3,0,0,0,0,3,289
1773950171578,14736,1,59,1.312,6.44828,14.864407,-2.6755943,1,0,0,3,0,0,0,0,3,289
1773950232122,14794,1,58,1.338,6.449155,15.120689,0.2562828,1,0,0,3,0,0,0,0,3,289
1773950288509,14844,1,50,3.689,6.4479914,17.54,2.4193115,1,0,0,3,0,0,0,0,3,289
1773950332961,14897,1,53,1.368,6.447674,16.54717,-0.9928303,1,0,0,3,0,0,0,0,3,289
1773950385388,14947,1,50,3.283,6.4465666,17.54,0.9928303,1,0,0,3,0,0,0,0,3,289
1773950435817,14997,1,50,1.628,6.3574085,17.54,0,1,0,0,3,0,0,0,0,3,289
1773950504459,15053,1,56,1.253,6.3591166,15.660714,-1.8792868,1,0,0,3,0,0,0,0,3,289
1773950564973,15103,1,50,1.575,6.356757,17.54,1.8792868,1,0,0,3,0,0,0,0,3,289
1773950619719,15153,1,50,6.374,6.3617263,17.54,0,1,0,0,3,0,0,0,0,3,289
1773950682651,15205,1,52,1.328,6.3623776,16.865385,-0.67461586,1,0,0,3,0,0,0,0,3,289
1773950747766,15257,1,52,13.522,6.48013,16.865385,0,1,0,0,3,0,0,0,0,3,289
1773950814386,15308,1,51,3.489,6.474905,17.19608,0.3306942,1,0,0,3,0,0,0,0,3,289
1773950868750,15363,1,55,12.476,6.5615964,15.945455,-1.2506247,1,0,0,3,0,0,0,0,3,289
1773950935484,15415,1,52,2.96,6.5626683,16.865385,0.91993046,1,0,0,3,0,0,0,0,3,289
1773950992267,15468,1,53,5.012,6.5616016,16.54717,-0.31821442,1,0,0,3,0,0,0,0,3,289
1773951054727,15522,1,54,4.046,6.557034,16.24074,-0.30643082,1,0,0,3,0,0,0,0,3,289
1773951119223,15576,1,54,5.518,6.5494547,16.24074,0,1,0,0,3,0,0,0,0,3,289
1773951182936,15630,1,54,1.703,6.5473113,16.24074,0,1,0,0,3,0,0,0,0,3,289
1773951243439,15685,1,55,2.459,6.3551664,15.945455,-0.29528522,1,0,0,3,0,0,0,0,3,289
1773951304242,15738,1,53,2.002,6.3590336,16.54717,0.60171604,1,0,0,3,0,0,0,0,3,289
1773951358751,15788,1,50,1.575,6.3570824,17.54,0.9928303,1,0,0,3,0,0,0,0,3,289
1773951421208,15840,1,52,2.746,6.3516393,16.865385,-0.67461586,1,0,0,3,0,0,0,0,3,289
1773951481576,15890,1,50,7.568,6.36104,17.54,0.67461586,1,0,0,3,0,0,0,0,3,289
1773951560326,15943,1,53,8.8,6.380612,16.54717,-0.9928303,1,0,0,3,0,0,0,0,3,289
1773951616757,15993,1,50,4.451,6.3794255,17.54,0.9928303,1,0,0,3,0,0,0,0,3,289
1773951657098,16044,1,51,2.382,6.373986,17.19608,-0.34392166,1,0,0,3,0,0,0,0,3,289
1773951721539,16094,1,50,3.053,6.3713875,17.54,0.34392166,1,0,0,3,0,0,0,0,3,289
1773951759856,16104,1,0,0,0,0,0,0,0,0,0,0,0,0,0,0,0
1773951761864,16104,1,0,0,0,0,0,0,0,0,0,0,0,0,0,0,0
1773951792159,16148,1,54,1.979,6.3760653,16.24074,-1.2992611,1,0,0,3,0,0,0,0,3,289
1773951826481,16152,1,0,0,0,0,0,0,0,0,0,0,0,0,0,0,0
1773951828546,16152,1,0,0,0,0,0,0,0,0,0,0,0,0,0,0,0
1773951897082,16201,1,53,1.223,6.383879,16.54717,0.30643082,1,0,0,3,0,0,0,0,3,289
1773951979763,16253,1,52,6.278,6.382576,16.865385,0.31821442,1,0,0,3,0,0,0,0,3,289
1773952048379,16306,1,53,20.322,6.69445,16.54717,-0.31821442,1,0,0,3,0,0,0,0,3,289
1773952119044,16358,1,52,4.046,6.684223,16.865385,0.31821442,1,0,0,3,0,0,0,0,3,289
1773952187949,16408,1,50,4.261,6.6804094,17.54,0.67461586,1,0,0,3,0,0,0,0,3,289
1773952244334,16458,1,50,1.885,6.6793723,17.54,0,1,0,0,3,0,0,0,0,3,289
1773952292753,16480,1,0,0,0,0,0,0,0,0,0,0,0,0,0,0,0
1773952294778,16480,1,0,0,0,0,0,0,0,0,0,0,0,0,0,0,0
1773952302959,16480,1,0,0,0,0,0,0,0,0,0,0,0,0,0,0,0
1773952304963,16480,1,0,0,0,0,0,0,0,0,0,0,0,0,0,0,0
1773952359853,16509,1,51,7.716,6.692276,17.19608,-0.34392166,1,0,0,3,0,0,0,0,3,289
1773952448389,16562,1,53,1.494,6.6940928,16.54717,-0.6489086,1,0,0,3,0,0,0,0,3,289
1773952521286,16612,1,50,7.321,3.355472,17.54,0.9928303,1,0,0,3,0,0,0,0,3,289
1773952596096,16665,1,53,1.579,3.352095,16.54717,-0.9928303,1,0,0,3,0,0,0,0,3,289
1773952630258,16666,1,0,0,0,0,0,0,0,0,0,0,0,0,0,0,0
1773952632266,16666,1,0,0,0,0,0,0,0,0,0,0,0,0,0,0,0
1773952664387,16715,1,50,1.233,3.3586316,17.54,0.9928303,1,0,0,3,0,0,0,0,3,289
1773952722654,16769,1,54,2.021,3.3594885,16.24074,-1.2992611,1,0,0,3,0,0,0,0,3,289
1773952778948,16822,1,53,1.353,3.3642278,16.54717,0.30643082,1,0,0,3,0,0,0,0,3,289
1773952837152,16872,1,50,2.321,3.367864,17.54,0.9928303,1,0,0,3,0,0,0,0,3,289
1773952897363,16923,1,51,2.104,3.3600674,17.19608,-0.34392166,1,0,0,3,0,0,0,0,3,289
1773952957702,16965,1,0,0,0,0,0,0,0,0,0,0,0,0,0,0,0
1773952959713,16973,1,50,23.212,4.1479745,17.54,0.34392166,1,0,0,3,0,0,0,0,3,289
1773953032049,17027,1,54,1.756,4.1297536,16.24074,-1.2992611,1,0,0,3,0,0,0,0,3,289
1773953092291,17081,1,54,2.104,4.1235785,16.24074,0,1,0,0,3,0,0,0,0,3,289
1773953130441,17131,1,50,2.017,4.1295857,17.54,1.2992611,1,0,0,3,0,0,0,0,3,289
1773953162638,17132,1,0,0,0,0,0,0,0,0,0,0,0,0,0,0,0
1773953164654,17132,1,0,0,0,0,0,0,0,0,0,0,0,0,0,0,0
1773953226989,17179,1,0,0,0,0,0,0,0,0,0,0,0,0,0,0,0
1773953229073,17179,1,0,0,0,0,0,0,0,0,0,0,0,0,0,0,0
1773953237111,17185,1,54,2.502,4.1193943,16.24074,-1.2992611,1,0,0,3,0,0,0,0,3,289
1773953297339,17222,1,0,0,0,0,0,0,0,0,0,0,0,0,0,0,0
1773953299346,17222,1,0,0,0,0,0,0,0,0,0,0,0,0,0,0,0
1773953311389,17235,1,50,1.907,4.1138973,17.54,1.2992611,1,0,0,3,0,0,0,0,3,289
1773953361637,17264,1,0,0,0,0,0,0,0,0,0,0,0,0,0,0,0
1773953363655,17264,1,0,0,0,0,0,0,0,0,0,0,0,0,0,0,0
1773953383734,17290,1,55,2.353,4.1101418,15.945455,-1.5945463,1,0,0,3,0,0,0,0,3,289
1773953450089,17346,1,56,1.244,4.1112947,15.660714,-0.28474045,1,0,0,3,0,0,0,0,3,289
1773953510357,17398,1,52,2.522,4.1140547,16.865385,1.2046709,1,0,0,3,0,0,0,0,3,289
1773953570647,17449,1,51,1.455,4.1148224,17.19608,0.3306942,1,0,0,3,0,0,0,0,3,289
1773953628918,17481,1,0,0,0,0,0,0,0,0,0,0,0,0,0,0,0
1773953630927,17481,1,0,0,0,0,0,0,0,0,0,0,0,0,0,0,0
1773953646970,17501,1,52,1.281,4.1159267,16.865385,-0.3306942,1,0,0,3,0,0,0,0,3,289
1773953691134,17529,1,0,0,0,0,0,0,0,0,0,0,0,0,0,0,0
1773953693139,17529,1,0,0,0,0,0,0,0,0,0,0,0,0,0,0,0
1773953717272,17557,1,56,2.822,4.107725,15.660714,-1.2046709,1,0,0,3,0,0,0,0,3,289
1773953781568,17608,1,51,2.505,4.1093516,17.19608,1.5353651,1,0,0,3,0,0,0,0,3,289
1773953847954,17659,1,51,3.99,4.098984,17.19608,0,1,0,0,3,0,0,0,0,3,289
1773953894139,17679,1,0,0,0,0,0,0,0,0,0,0,0,0,0,0,0
1773953896144,17679,1,0,0,0,0,0,0,0,0,0,0,0,0,0,0,0
1773953916208,17714,1,55,2.31,4.097351,15.945455,-1.2506247,1,0,0,3,0,0,0,0,3,289
1773953958387,17733,1,0,0,0,0,0,0,0,0,0,0,0,0,0,0,0
1773953960402,17733,1,0,0,0,0,0,0,0,0,0,0,0,0,0,0,0
1773953984520,17764,1,50,1.173,4.1018214,17.54,1.5945463,1,0,0,3,0,0,0,0,3,289
1773954046728,17820,1,56,1.834,4.1002913,15.660714,-1.8792868,1,0,0,3,0,0,0,0,3,289
1773954092933,17835,1,0,0,0,0,0,0,0,0,0,0,0,0,0,0,0
1773954094945,17835,1,0,0,0,0,0,0,0,0,0,0,0,0,0,0,0
1773954119037,17872,1,52,1.471,4.1017246,16.865385,1.2046709,1,0,0,3,0,0,0,0,3,289
1773954159213,17887,1,0,0,0,0,0,0,0,0,0,0,0,0,0,0,0
1773954161217,17887,1,0,0,0,0,0,0,0,0,0,0,0,0,0,0,0
1773954193474,17922,1,50,1.988,4.098109,17.54,0.67461586,1,0,0,3,0,0,0,0,3,289
1773954255730,17977,1,55,2.682,4.097882,15.945455,-1.5945463,1,0,0,3,0,0,0,0,3,289
1773954356124,18020,1,0,0,0,0,0,0,0,0,0,0,0,0,0,0,0
1773954358126,18020,1,0,0,0,0,0,0,0,0,0,0,0,0,0,0,0
1773954368154,18033,1,56,5.997,4.1017666,15.660714,-0.28474045,1,0,0,3,0,0,0,0,3,289
1773954424437,18068,1,0,0,0,0,0,0,0,0,0,0,0,0,0,0,0
1773954426445,18068,1,0,0,0,0,0,0,0,0,0,0,0,0,0,0,0
1773954450540,18087,1,54,7.76,4.118583,16.24074,0.5800257,1,0,0,3,0,0,0,0,3,289
1773954552973,18140,1,53,1.738,4.1149926,16.54717,0.30643082,1,0,0,3,0,0,0,0,3,289
1773954591165,18190,1,50,2.391,4.1192107,17.54,0.9928303,1,0,0,3,0,0,0,0,3,289
1773954689603,18237,1,0,0,0,0,0,0,0,0,0,0,0,0,0,0,0
1773954691612,18237,1,0,0,0,0,0,0,0,0,0,0,0,0,0,0,0
1773954697636,18244,1,54,3.652,4.1071153,16.24074,-1.2992611,1,0,0,3,0,0,0,0,3,289
1773954755909,18285,1,0,0,0,0,0,0,0,0,0,0,0,0,0,0,0
1773954757911,18285,1,0,0,0,0,0,0,0,0,0,0,0,0,0,0,0
1773954765944,18294,1,50,2.403,4.110702,17.54,1.2992611,1,0,0,3,0,0,0,0,3,289
1773954846353,18344,1,50,1.556,4.111336,17.54,0,1,0,0,3,0,0,0,0,3,289
1773954916682,18396,1,52,1.338,4.110492,16.865385,-0.67461586,1,0,0,3,0,0,0,0,3,289
1773954983044,18450,1,54,1.608,4.110202,16.24074,-0.62464523,1,0,0,3,0,0,0,0,3,289
1773955039295,18500,1,50,1.207,4.1117344,17.54,1.2992611,1,0,0,3,0,0,0,0,3,289
1773955087515,18556,1,56,1.318,4.11183,15.660714,-1.8792868,1,0,0,3,0,0,0,0,3,289
1773955141720,18607,1,51,4.091,3.9265993,17.19608,1.5353651,1,0,0,3,0,0,0,0,3,289
1773955181892,18662,1,55,5.849,3.935697,15.945455,-1.2506247,1,0,0,3,0,0,0,0,3,289
1773955250179,18712,1,50,1.696,3.785048,17.54,1.5945463,1,0,0,3,0,0,0,0,3,289
1773955288367,18724,1,0,0,0,0,0,0,0,0,0,0,0,0,0,0,0
1773955290380,18724,1,0,0,0,0,0,0,0,0,0,0,0,0,0,0,0
1773955320525,18763,1,51,3.789,3.784429,17.19608,-0.34392166,1,0,0,3,0,0,0,0,3,289
1773955420934,18801,1,0,0,0,0,0,0,0,0,0,0,0,0,0,0,0
1773955422941,18801,1,0,0,0,0,0,0,0,0,0,0,0,0,0,0,0
1773955435042,18814,1,51,122.73,15.257669,17.19608,0,1,0,0,3,0,0,0,0,3,289
1773955489293,18872,1,58,1.438,15.264716,15.120689,-2.0753899,1,0,0,3,0,0,0,0,3,289
1773955551528,18927,1,55,3.372,15.266689,15.945455,0.8247652,1,0,0,3,0,0,0,0,3,289
1773955601729,18981,1,54,2.566,15.2638645,16.24074,0.29528522,1,0,0,3,0,0,0,0,3,289
1773955633860,19033,1,52,2.552,15.263594,16.865385,0.62464523,1,0,0,3,0,0,0,0,3,289
1773955696220,19084,1,51,2.074,15.263351,17.19608,0.3306942,1,0,0,3,0,0,0,0,3,289
1773955738374,19135,1,51,2.148,15.261305,17.19608,0,1,0,0,3,0,0,0,0,3,289
1773955776561,19185,1,50,1.751,15.264459,17.54,0.34392166,1,0,0,3,0,0,0,0,3,289
1773955836835,19235,1,50,2.544,15.2657,17.54,0,1,0,0,3,0,0,0,0,3,289
1773955893244,19290,1,55,1.779,15.2650795,15.945455,-1.5945463,1,0,0,3,0,0,0,0,3,289
1773955949502,19343,1,53,2.435,15.268567,16.54717,0.60171604,1,0,0,3,0,0,0,0,3,289
1773955991649,19397,1,54,6.123,15.265145,16.24074,-0.30643082,1,0,0,3,0,0,0,0,3,289
1773956053871,19447,1,50,1.944,15.268173,17.54,1.2992611,1,0,0,3,0,0,0,0,3,289
1773956084017,19447,1,0,0,0,0,0,0,0,0,0,0,0,0,0,0,0
1773956086021,19447,1,0,0,0,0,0,0,0,0,0,0,0,0,0,0,0
1773956094063,19447,1,0,0,0,0,0,0,0,0,0,0,0,0,0,0,0
1773956096070,19447,1,0,0,0,0,0,0,0,0,0,0,0,0,0,0,0
1773956164319,19498,1,51,1.418,15.270156,17.19608,-0.34392166,1,0,0,3,0,0,0,0,3,289
1773956222577,19553,1,55,1.295,15.269871,15.945455,-1.2506247,1,0,0,3,0,0,0,0,3,289
1773956278807,19604,1,51,2.046,15.274007,17.19608,1.2506247,1,0,0,3,0,0,0,0,3,289
1773956312944,19656,1,52,3.349,15.154011,16.865385,-0.3306942,1,0,0,3,0,0,0,0,3,289
1773956379237,19707,1,51,1.452,15.159492,17.19608,0.3306942,1,0,0,3,0,0,0,0,3,289
1773956417351,19716,1,0,0,0,0,0,0,0,0,0,0,0,0,0,0,0
1773956449528,19757,1,50,3.038,15.160903,17.54,0.34392166,1,0,0,3,0,0,0,0,3,289
1773956551927,19803,1,0,0,0,0,0,0,0,0,0,0,0,0,0,0,0
1773956553938,19803,1,0,0,0,0,0,0,0,0,0,0,0,0,0,0,0
1773956561966,19808,1,51,1.639,15.161662,17.19608,-0.34392166,1,0,0,3,0,0,0,0,3,289
1773956620206,19859,1,51,4.475,15.157102,17.19608,0,1,0,0,3,0,0,0,0,3,289
1773956684521,19911,1,52,5.149,15.151781,16.865385,-0.3306942,1,0,0,3,0,0,0,0,3,289
1773956750750,19961,1,50,1.405,15.153933,17.54,0.67461586,1,0,0,3,0,0,0,0,3,289
1773956817034,20013,1,52,1.206,15.155192,16.865385,-0.67461586,1,0,0,3,0,0,0,0,3,289
1773956873278,20068,1,55,1.202,15.155302,15.945455,-0.91993046,1,0,0,3,0,0,0,0,3,289
1773956939616,20118,1,50,2.08,15.155143,17.54,1.5945463,1,0,0,3,0,0,0,0,3,289
1773956969766,20171,1,53,5.78,15.149974,16.54717,-0.9928303,1,0,0,3,0,0,0,0,3,289
1773957027972,20224,1,53,1.568,15.152135,16.54717,0,1,0,0,3,0,0,0,0,3,289
1773957076174,20246,1,0,0,0,0,0,0,0,0,0,0,0,0,0,0,0
1773957096231,20278,1,54,8.005,15.153881,16.24074,-0.30643082,1,0,0,3,0,0,0,0,3,289
1773957142397,20292,1,0,0,0,0,0,0,0,0,0,0,0,0,0,0,0
1773957144403,20292,1,0,0,0,0,0,0,0,0,0,0,0,0,0,0,0
1773957164486,20329,1,51,1.536,14.98013,17.19608,0.95533943,1,0,0,3,0,0,0,0,3,289
1773957206679,20333,1,0,0,0,0,0,0,0,0,0,0,0,0,0,0,0
1773957238819,20381,1,52,1.665,14.980392,16.865385,-0.3306942,1,0,0,3,0,0,0,0,3,289
1773957287048,20432,1,51,1.237,14.982921,17.19608,0.3306942,1,0,0,3,0,0,0,0,3,289
1773957347272,20489,1,57,1.044,14.985887,15.385965,-1.8101139,1,0,0,3,0,0,0,0,3,289
1773957413580,20532,1,0,0,0,0,0,0,0,0,0,0,0,0,0,0,0
1773957415594,20532,1,0,0,0,0,0,0,0,0,0,0,0,0,0,0,0
1773957429650,20541,1,52,4.117,14.983952,16.865385,1.4794197,1,0,0,3,0,0,0,0,3,289
1773957473809,20593,1,52,1.389,14.9854765,16.865385,0,1,0,0,3,0,0,0,0,3,289
1773957507919,20644,1,51,2.263,14.985679,17.19608,0.3306942,1,0,0,3,0,0,0,0,3,289
1773957570200,20702,1,58,1.746,14.984121,15.120689,-2.0753899,1,0,0,3,0,0,0,0,3,289
1773957624436,20757,1,55,1.199,14.987703,15.945455,0.8247652,1,0,0,3,0,0,0,0,3,289
1773957680670,20811,1,54,2.696,14.984624,16.24074,0.29528522,1,0,0,3,0,0,0,0,3,289
1773957732902,20836,1,0,0,0,0,0,0,0,0,0,0,0,0,0,0,0
1773957734909,20836,1,0,0,0,0,0,0,0,0,0,0,0,0,0,0,0
1773957755013,20863,1,52,4.57,14.979249,16.865385,0.62464523,1,0,0,3,0,0,0,0,3,289
1773957803221,20888,1,0,0,0,0,0,0,0,0,0,0,0,0,0,0,0
1773957805229,20888,1,0,0,0,0,0,0,0,0,0,0,0,0,0,0,0
1773957821314,20920,1,57,2.057,14.980901,15.385965,-1.4794197,1,0,0,3,0,0,0,0,3,289
1773957869487,20935,1,0,0,0,0,0,0,0,0,0,0,0,0,0,0,0
1773957871497,20935,1,0,0,0,0,0,0,0,0,0,0,0,0,0,0,0
1773957891581,20973,1,53,1.275,14.984245,16.54717,1.1612053,1,0,0,3,0,0,0,0,3,289
1773957951829,21028,1,55,3.873,14.984314,15.945455,-0.60171604,1,0,0,3,0,0,0,0,3,289
1773958002076,21048,1,0,0,0,0,0,0,0,0,0,0,0,0,0,0,0
1773958004085,21048,1,0,0,0,0,0,0,0,0,0,0,0,0,0,0,0
1773958024155,21082,1,54,8.127,14.9884815,16.24074,0.29528522,1,0,0,3,0,0,0,0,3,289
1773958084447,21132,1,50,5.352,14.982614,17.54,1.2992611,1,0,0,3,0,0,0,0,3,289
1773958130681,21160,1,0,0,0,0,0,0,0,0,0,0,0,0,0,0,0
1773958132687,21160,1,0,0,0,0,0,0,0,0,0,0,0,0,0,0,0
1773958148728,21188,1,56,3.39,14.9793,15.660714,-1.8792868,1,0,0,3,0,0,0,0,3,289
1773958196922,21213,1,0,0,0,0,0,0,0,0,0,0,0,0,0,0,0
1773958198924,21213,1,0,0,0,0,0,0,0,0,0,0,0,0,0,0,0
1773958221029,21240,1,52,3.89,14.974242,16.865385,1.2046709,1,0,0,3,0,0,0,0,3,289
1773958265209,21264,1,0,0,0,0,0,0,0,0,0,0,0,0,0,0,0
1773958267218,21264,1,0,0,0,0,0,0,0,0,0,0,0,0,0,0,0
1773958287313,21298,1,58,1.168,14.976912,15.120689,-1.7446957,1,0,0,3,0,0,0,0,3,289
1773958349585,21348,1,50,1.154,14.981313,17.54,2.4193115,1,0,0,3,0,0,0,0,3,289
1773958397789,21374,1,0,0,0,0,0,0,0,0,0,0,0,0,0,0,0
1773958399801,21374,1,0,0,0,0,0,0,0,0,0,0,0,0,0,0,0
1773958417903,21398,1,50,3.842,14.980705,17.54,0,1,0,0,3,0,0,0,0,3,289
1773958472137,21449,1,51,44.785,15.783657,17.19608,-0.34392166,1,0,0,3,0,0,0,0,3,289
1773958526354,21500,1,51,1.393,15.784902,17.19608,0,1,0,0,3,0,0,0,0,3,289
1773958560493,21552,1,52,5.018,15.780941,16.865385,-0.3306942,1,0,0,3,0,0,0,0,3,289
1773958594625,21560,1,0,0,0,0,0,0,0,0,0,0,0,0,0,0,0
1773958596633,21560,1,0,0,0,0,0,0,0,0,0,0,0,0,0,0,0
1773958626734,21606,1,54,4.26,15.78016,16.24074,-0.62464523,1,0,0,3,0,0,0,0,3,289
1773958664910,21611,1,0,0,0,0,0,0,0,0,0,0,0,0,0,0,0
1773958666913,21611,1,0,0,0,0,0,0,0,0,0,0,0,0,0,0,0
1773958694994,21656,1,50,1.537,15.782971,17.54,1.2992611,1,0,0,3,0,0,0,0,3,289
1773958727159,21660,1,0,0,0,0,0,0,0,0,0,0,0,0,0,0,0
1773958729167,21660,1,0,0,0,0,0,0,0,0,0,0,0,0,0,0,0
1773958759332,21712,1,56,2.785,15.779221,15.660714,-1.8792868,1,0,0,3,0,0,0,0,3,289
1773958815601,21762,1,50,2.771,15.774652,17.54,1.8792868,1,0,0,3,0,0,0,0,3,289
1773958863810,21780,1,0,0,0,0,0,0,0,0,0,0,0,0,0,0,0
1773958881915,21815,1,53,6.772,15.768842,16.54717,-0.9928303,1,0,0,3,0,0,0,0,3,289
1773958944220,21872,1,57,1.489,15.767719,15.385965,-1.1612053,1,0,0,3,0,0,0,0,3,289
1773959002498,21923,1,51,3.317,15.761639,17.19608,1.8101139,1,0,0,3,0,0,0,0,3,289
1773959058712,21974,1,51,1.062,15.770049,17.19608,0,1,0,0,3,0,0,0,0,3,289
1773959092829,22026,1,52,1.905,15.7757015,16.865385,-0.3306942,1,0,0,3,0,0,0,0,3,289
1773959157136,22077,1,51,2.41,15.773403,17.19608,0.3306942,1,0,0,3,0,0,0,0,3,289
1773959193305,22087,1,0,0,0,0,0,0,0,0,0,0,0,0,0,0,0
1773959195312,22087,1,0,0,0,0,0,0,0,0,0,0,0,0,0,0,0
1773959219430,22127,1,50,1.753,15.778482,17.54,0.34392166,1,0,0,3,0,0,0,0,3,289
1773959283715,22178,1,51,1.417,5.480085,17.19608,-0.34392166,1,0,0,3,0,0,0,0,3,289
1773959325892,22199,1,0,0,0,0,0,0,0,0,0,0,0,0,0,0,0
1773959327897,22199,1,0,0,0,0,0,0,0,0,0,0,0,0,0,0,0
1773959350007,22228,1,50,3.397,5.47464,17.54,0.34392166,1,0,0,3,0,0,0,0,3,289
1773959404154,22280,1,52,4.21,5.4755416,16.865385,-0.67461586,1,0,0,3,0,0,0,0,3,289
1773959458350,22322,1,0,0,0,0,0,0,0,0,0,0,0,0,0,0,0
1773959460357,22322,1,0,0,0,0,0,0,0,0,0,0,0,0,0,0,0
1773959466405,22331,1,51,1.284,5.4809723,17.19608,0.3306942,1,0,0,3,0,0,0,0,3,289
1773959528696,22369,1,0,0,0,0,0,0,0,0,0,0,0,0,0,0,0
1773959534716,22381,1,50,1.393,5.4856577,17.54,0.34392166,1,0,0,3,0,0,0,0,3,289
1773959590911,22437,1,56,1.344,5.489124,15.660714,-1.8792868,1,0,0,3,0,0,0,0,3,289
1773959625069,22488,1,51,3.009,5.487166,17.19608,1.5353651,1,0,0,3,0,0,0,0,3,289
1773959659232,22489,1,0,0,0,0,0,0,0,0,0,0,0,0,0,0,0
1773959661245,22489,1,0,0,0,0,0,0,0,0,0,0,0,0,0,0,0
1773959721480,22540,1,52,1.18,5.4902773,16.865385,-0.3306942,1,0,0,3,0,0,0,0,3,289
1773959747587,22592,1,52,1.934,5.4922404,16.865385,0,1,0,0,3,0,0,0,0,3,289
1773959793741,22609,1,0,0,0,0,0,0,0,0,0,0,0,0,0,0,0
1773959813824,22642,1,50,1.211,5.4952555,17.54,0.67461586,1,0,0,3,0,0,0,0,3,289
1773959858046,22659,1,0,0,0,0,0,0,0,0,0,0,0,0,0,0,0
1773959860069,22659,1,0,0,0,0,0,0,0,0,0,0,0,0,0,0,0
1773959868111,22659,1,0,0,0,0,0,0,0,0,0,0,0,0,0,0,0
1773959888177,22693,1,51,2.16,5.496082,17.19608,-0.34392166,1,0,0,3,0,0,0,0,3,289
1773959922308,22698,1,0,0,0,0,0,0,0,0,0,0,0,0,0,0,0
1773959924321,22698,1,0,0,0,0,0,0,0,0,0,0,0,0,0,0,0
1773959932354,22698,1,0,0,0,0,0,0,0,0,0,0,0,0,0,0,0
1773959934370,22698,1,0,0,0,0,0,0,0,0,0,0,0,0,0,0,0
1773959988598,22740,1,0,0,0,0,0,0,0,0,0,0,0,0,0,0,0
1773959990606,22740,1,0,0,0,0,0,0,0,0,0,0,0,0,0,0,0
1773959992620,22743,1,50,1.793,5.4882064,17.54,0.34392166,1,0,0,3,0,0,0,0,3,289
1773960050928,22793,1,50,1.009,5.492999,17.54,0,1,0,0,3,0,0,0,0,3,289
1773960083071,22843,1,50,2.821,5.4883604,17.54,0,1,0,0,3,0,0,0,0,3,289
1773960137347,22899,1,56,1.313,5.4882584,15.660714,-1.8792868,1,0,0,3,0,0,0,0,3,289
1773960197628,22949,1,50,4.843,5.4892955,17.54,1.8792868,1,0,0,3,0,0,0,0,3,289
1773960257917,22989,1,0,0,0,0,0,0,0,0,0,0,0,0,0,0,0
1773960259933,22989,1,0,0,0,0,0,0,0,0,0,0,0,0,0,0,0
1773960267955,22999,1,50,1.175,5.4958334,17.54,0,1,0,0,3,0,0,0,0,3,289
1773960324152,23042,1,0,0,0,0,0,0,0,0,0,0,0,0,0,0,0
1773960326167,23042,1,0,0,0,0,0,0,0,0,0,0,0,0,0,0,0
1773960330179,23050,1,51,1.933,5.493626,17.19608,-0.34392166,1,0,0,3,0,0,0,0,3,289
1773960388424,23105,1,55,1.332,5.4990163,15.945455,-1.2506247,1,0,0,3,0,0,0,0,3,289
1773960450657,23153,1,0,0,0,0,0,0,0,0,0,0,0,0,0,0,0
1773960452664,23153,1,0,0,0,0,0,0,0,0,0,0,0,0,0,0,0
1773960460698,23156,1,51,1.136,5.501719,17.19608,1.2506247,1,0,0,3,0,0,0,0,3,289
1773960518924,23195,1,0,0,0,0,0,0,0,0,0,0,0,0,0,0,0
1773960520931,23195,1,0,0,0,0,0,0,0,0,0,0,0,0,0,0,0
1773960534979,23206,1,50,1.526,5.503826,17.54,0.34392166,1,0,0,3,0,0,0,0,3,289
1773960589172,23245,1,0,0,0,0,0,0,0,0,0,0,0,0,0,0,0
1773960591184,23245,1,0,0,0,0,0,0,0,0,0,0,0,0,0,0,0
1773960597222,23259,1,53,2.448,5.4992967,16.54717,-0.9928303,1,0,0,3,0,0,0,0,3,289
1773960655475,23301,1,0,0,0,0,0,0,0,0,0,0,0,0,0,0,0
1773960657478,23301,1,0,0,0,0,0,0,0,0,0,0,0,0,0,0,0
1773960661495,23312,1,53,1.922,5.4970527,16.54717,0,1,0,0,3,0,0,0,0,3,289
1773960723713,23347,1,0,0,0,0,0,0,0,0,0,0,0,0,0,0,0
1773960725714,23347,1,0,0,0,0,0,0,0,0,0,0,0,0,0,0,0
1773960741767,23370,1,58,1.272,5.496685,15.120689,-1.4264812,1,0,0,3,0,0,0,0,3,289
1773960804006,23422,1,52,1.596,5.494669,16.865385,1.7446957,1,0,0,3,0,0,0,0,3,289
1773960854283,23452,1,0,0,0,0,0,0,0,0,0,0,0,0,0,0,0
1773960856291,23452,1,0,0,0,0,0,0,0,0,0,0,0,0,0,0,0
1773960874349,23474,1,52,3.1,5.4928694,16.865385,0,1,0,0,3,0,0,0,0,3,289
1773960940653,23526,1,52,2.512,5.4839997,16.865385,0,1,0,0,3,0,0,0,0,3,289
1773961008972,23576,1,50,2.119,5.4819145,17.54,0.67461586,1,0,0,3,0,0,0,0,3,289
1773961071311,23626,1,50,1.055,5.453939,17.54,0,1,0,0,3,0,0,0,0,3,289
1773961119512,23681,1,55,5.982,5.462303,15.945455,-1.5945463,1,0,0,3,0,0,0,0,3,289
1773961171723,23733,1,52,7.9,5.490717,16.865385,0.91993046,1,0,0,3,0,0,0,0,3,289
1773961205883,23786,1,53,3.216,5.4849534,16.54717,-0.31821442,1,0,0,3,0,0,0,0,3,289
1773961250123,23838,1,52,1.895,5.4805827,16.865385,0.31821442,1,0,0,3,0,0,0,0,3,289
1773961284280,23893,1,55,1.338,5.484772,15.945455,-0.91993046,1,0,0,3,0,0,0,0,3,289
1773961344522,23943,1,50,1.304,5.48523,17.54,1.5945463,1,0,0,3,0,0,0,0,3,289
1773961384681,23961,1,0,0,0,0,0,0,0,0,0,0,0,0,0,0,0
1773961386693,23961,1,0,0,0,0,0,0,0,0,0,0,0,0,0,0,0
1773961412764,23994,1,51,1.34,5.4889746,17.19608,-0.34392166,1,0,0,3,0,0,0,0,3,289
1773961452947,24004,1,0,0,0,0,0,0,0,0,0,0,0,0,0,0,0
1773961454952,24004,1,0,0,0,0,0,0,0,0,0,0,0,0,0,0,0
1773961462978,24004,1,0,0,0,0,0,0,0,0,0,0,0,0,0,0,0
1773961464988,24004,1,0,0,0,0,0,0,0,0,0,0,0,0,0,0,0
1773961517197,24026,1,0,0,0,0,0,0,0,0,0,0,0,0,0,0,0
1773961519205,24026,1,0,0,0,0,0,0,0,0,0,0,0,0,0,0,0
1773961527232,24026,1,0,0,0,0,0,0,0,0,0,0,0,0,0,0,0
1773961529241,24026,1,0,0,0,0,0,0,0,0,0,0,0,0,0,0,0
1773961537277,24026,1,0,0,0,0,0,0,0,0,0,0,0,0,0,0,0
1773961547325,24045,1,51,5.061,5.490471,17.19608,0,1,0,0,3,0,0,0,0,3,289
1773961585497,24052,1,0,0,0,0,0,0,0,0,0,0,0,0,0,0,0
1773961587509,24052,1,0,0,0,0,0,0,0,0,0,0,0,0,0,0,0
1773961655772,24081,1,0,0,0,0,0,0,0,0,0,0,0,0,0,0,0
1773961657791,24081,1,0,0,0,0,0,0,0,0,0,0,0,0,0,0,0
1773961665827,24098,1,53,1.446,5.4891,16.54717,-0.6489086,1,0,0,3,0,0,0,0,3,289
1773961730134,24127,1,0,0,0,0,0,0,0,0,0,0,0,0,0,0,0
1773961732154,24127,1,0,0,0,0,0,0,0,0,0,0,0,0,0,0,0
1773961754224,24148,1,50,1.506,5.4930415,17.54,0.9928303,1,0,0,3,0,0,0,0,3,289
1773961786357,24149,1,0,0,0,0,0,0,0,0,0,0,0,0,0,0,0
1773961788361,24149,1,0,0,0,0,0,0,0,0,0,0,0,0,0,0,0
1773961796401,24149,1,0,0,0,0,0,0,0,0,0,0,0,0,0,0,0
1773961798419,24149,1,0,0,0,0,0,0,0,0,0,0,0,0,0,0,0
1773961852646,24178,1,0,0,0,0,0,0,0,0,0,0,0,0,0,0,0
1773961854659,24178,1,0,0,0,0,0,0,0,0,0,0,0,0,0,0,0
1773961862694,24178,1,0,0,0,0,0,0,0,0,0,0,0,0,0,0,0
1773961864706,24178,1,0,0,0,0,0,0,0,0,0,0,0,0,0,0,0
1773961884789,24200,1,52,3.495,5.490642,16.865385,-0.67461586,1,0,0,3,0,0,0,0,3,289
1773961918957,24201,1,0,0,0,0,0,0,0,0,0,0,0,0,0,0,0
1773961920970,24201,1,0,0,0,0,0,0,0,0,0,0,0,0,0,0,0
1773961928997,24201,1,0,0,0,0,0,0,0,0,0,0,0,0,0,0,0
1773961931002,24201,1,0,0,0,0,0,0,0,0,0,0,0,0,0,0,0
1773961985237,24232,1,0,0,0,0,0,0,0,0,0,0,0,0,0,0,0
1773961987239,24232,1,0,0,0,0,0,0,0,0,0,0,0,0,0,0,0
1773961999274,24256,1,56,1.98,5.490909,15.660714,-1.2046709,1,0,0,3,0,0,0,0,3,289
1773962049495,24279,1,0,0,0,0,0,0,0,0,0,0,0,0,0,0,0
1773962051504,24279,1,0,0,0,0,0,0,0,0,0,0,0,0,0,0,0
1773962059545,24279,1,0,0,0,0,0,0,0,0,0,0,0,0,0,0,0
1773962061550,24279,1,0,0,0,0,0,0,0,0,0,0,0,0,0,0,0
1773962111771,24299,1,0,0,0,0,0,0,0,0,0,0,0,0,0,0,0
1773962121815,24306,1,50,1.623,5.4891343,17.54,1.8792868,1,0,0,3,0,0,0,0,3,289
1773962182126,24356,1,50,9.599,5.545046,17.54,0,1,0,0,3,0,0,0,0,3,289
1773962250417,24401,1,0,0,0,0,0,0,0,0,0,0,0,0,0,0,0
1773962252426,24401,1,0,0,0,0,0,0,0,0,0,0,0,0,0,0,0
1773962260459,24401,1,0,0,0,0,0,0,0,0,0,0,0,0,0,0,0
1773962262475,24401,1,0,0,0,0,0,0,0,0,0,0,0,0,0,0,0
1773962270515,24410,1,54,2.653,5.5125613,16.24074,-1.2992611,1,0,0,3,0,0,0,0,3,289
1773962332756,24462,1,52,1.057,5.512675,16.865385,0.62464523,1,0,0,3,0,0,0,0,3,289
1773962407091,24517,1,55,1.113,5.5185523,15.945455,-0.91993046,1,0,0,3,0,0,0,0,3,289
1773962473316,24569,1,52,2.398,5.5185056,16.865385,0.91993046,1,0,0,3,0,0,0,0,3,289
1773962513476,24576,1,0,0,0,0,0,0,0,0,0,0,0,0,0,0,0
1773962515482,24576,1,0,0,0,0,0,0,0,0,0,0,0,0,0,0,0
1773962523522,24576,1,0,0,0,0,0,0,0,0,0,0,0,0,0,0,0
1773962525529,24576,1,0,0,0,0,0,0,0,0,0,0,0,0,0,0,0
1773962589784,24622,1,53,1.463,5.5169954,16.54717,-0.31821442,1,0,0,3,0,0,0,0,3,289
1773962660123,24679,1,57,2.517,5.51197,15.385965,-1.1612053,1,0,0,3,0,0,0,0,3,289
1773962724415,24729,1,50,7.835,5.5419974,17.54,2.1540356,1,0,0,3,0,0,0,0,3,289
1773962790727,24783,1,54,1.195,1.8180733,16.24074,-1.2992611,1,0,0,3,0,0,0,0,3,289
1773962863070,24836,1,53,5.016,1.8381262,16.54717,0.30643082,1,0,0,3,0,0,0,0,3,289
1773962927360,24888,1,52,1.558,1.8165346,16.865385,0.31821442,1,0,0,3,0,0,0,0,3,289
1773962993667,24939,1,51,4.148,1.8149216,17.19608,0.3306942,1,0,0,3,0,0,0,0,3,289
1773963057938,24996,1,57,1.347,1.816697,15.385965,-1.8101139,1,0,0,3,0,0,0,0,3,289
1773963124208,25047,1,51,1.867,1.8182223,17.19608,1.8101139,1,0,0,3,0,0,0,0,3,289
1773963190559,25098,1,51,2.772,1.8182245,17.19608,0,1,0,0,3,0,0,0,0,3,289
1773963254819,25149,1,51,1.399,1.7420429,17.19608,0,1,0,0,3,0,0,0,0,3,289
1773963321103,25199,1,50,6.666,1.8152136,17.54,0.34392166,1,0,0,3,0,0,0,0,3,289
1773963389380,25252,1,53,2.64,1.8124449,16.54717,-0.9928303,1,0,0,3,0,0,0,0,3,289
1773963459711,25305,1,53,6.618,1.8735905,16.54717,0,1,0,0,3,0,0,0,0,3,289
1773963523947,25356,1,51,5.16,1.8984474,17.19608,0.6489086,1,0,0,3,0,0,0,0,3,289
1773963594253,25409,1,53,2.503,1.8983094,16.54717,-0.6489086,1,0,0,3,0,0,0,0,3,289
1773963656530,25459,1,50,1.868,1.8975252,17.54,0.9928303,1,0,0,3,0,0,0,0,3,289
1773963724865,25510,1,51,1.986,1.8931053,17.19608,-0.34392166,1,0,0,3,0,0,0,0,3,289
1773963791139,25564,1,54,4.351,1.9026735,16.24074,-0.95533943,1,0,0,3,0,0,0,0,3,289
1773963855396,25617,1,53,7.646,1.991944,16.54717,0.30643082,1,0,0,3,0,0,0,0,3,289
1773963921704,25670,1,53,5.852,2.0209508,16.54717,0,1,0,0,3,0,0,0,0,3,289
1773963985947,25720,1,50,2.923,2.0133398,17.54,0.9928303,1,0,0,3,0,0,0,0,3,289
1773964050190,25770,1,50,2.339,2.0057697,17.54,0,1,0,0,3,0,0,0,0,3,289
1773964106462,25820,1,50,1.024,2.0180366,17.54,0,1,0,0,3,0,0,0,0,3,289
1773964174765,25874,1,54,1.409,2.0153682,16.24074,-1.2992611,1,0,0,3,0,0,0,0,3,289
1773964241096,25925,1,51,1.382,2.0202322,17.19608,0.95533943,1,0,0,3,0,0,0,0,3,289
1773964309340,25979,1,54,5.043,2.0292637,16.24074,-0.95533943,1,0,0,3,0,0,0,0,3,289
1773964373600,26034,1,55,4.998,2.044618,15.945455,-0.29528522,1,0,0,3,0,0,0,0,3,289
1773964439859,26087,1,53,1.268,2.0500722,16.54717,0.60171604,1,0,0,3,0,0,0,0,3,289
1773964508176,26139,1,52,6.342,2.08018,16.865385,0.31821442,1,0,0,3,0,0,0,0,3,289
1773964576487,26194,1,55,1.171,2.0920699,15.945455,-0.91993046,1,0,0,3,0,0,0,0,3,289
1773964644794,26245,1,51,2.52,2.0826905,17.19608,1.2506247,1,0,0,3,0,0,0,0,3,289
1773964705036,26301,1,56,3.351,2.069839,15.660714,-1.5353651,1,0,0,3,0,0,0,0,3,289
1773964771304,26356,1,55,1.495,2.0659504,15.945455,0.28474045,1,0,0,3,0,0,0,0,3,289
1773964835557,26409,1,53,2.544,2.062657,16.54717,0.60171604,1,0,0,3,0,0,0,0,3,289
1773964899803,26459,1,50,5.878,2.0837,17.54,0.9928303,1,0,0,3,0,0,0,0,3,289
1773964958058,26503,1,0,0,0,0,0,0,0,0,0,0,0,0,0,0,0
1773964966098,26514,1,55,6.259,2.1078062,15.945455,-1.5945463,1,0,0,3,0,0,0,0,3,289
1773965036429,26567,1,53,3.117,2.0983813,16.54717,0.60171604,1,0,0,3,0,0,0,0,3,289
1773965102720,26618,1,51,2.682,2.0973916,17.19608,0.6489086,1,0,0,3,0,0,0,0,3,289
1773965163013,26668,1,50,2.941,2.0919845,17.54,0.34392166,1,0,0,3,0,0,0,0,3,289
1773965227309,26725,1,57,1.222,2.092695,15.385965,-2.1540356,1,0,0,3,0,0,0,0,3,289
1773965291549,26775,1,50,1.491,2.0939534,17.54,2.1540356,1,0,0,3,0,0,0,0,3,289
1773965349811,26827,1,52,1.359,2.105682,16.865385,-0.67461586,1,0,0,3,0,0,0,0,3,289
1773965393986,26880,1,53,2.336,2.10659,16.54717,-0.31821442,1,0,0,3,0,0,0,0,3,289
1773965478336,26930,1,50,2.193,2.1060617,17.54,0.9928303,1,0,0,3,0,0,0,0,3,289
1773965518525,26984,1,54,1.581,2.099003,16.24074,-1.2992611,1,0,0,3,0,0,0,0,3,289
1773965584773,27035,1,51,1.963,2.0726275,17.19608,0.95533943,1,0,0,3,0,0,0,0,3,289
1773965641061,27086,1,51,1.927,1.9854587,17.19608,0,1,0,0,3,0,0,0,0,3,289
1773965701336,27141,1,55,2.026,1.9886533,15.945455,-1.2506247,1,0,0,3,0,0,0,0,3,289
1773965755593,27193,1,52,1.415,1.9935288,16.865385,0.91993046,1,0,0,3,0,0,0,0,3,289
1773965785713,27244,1,51,9.209,2.1287606,17.19608,0.3306942,1,0,0,3,0,0,0,0,3,289
1773965849937,27302,1,58,3.802,2.1189263,15.120689,-2.0753899,1,0,0,3,0,0,0,0,3,289
1773965920210,27358,1,56,2.273,2.1099055,15.660714,0.54002476,1,0,0,3,0,0,0,0,3,289
1773965980429,27410,1,52,3.573,2.096569,16.865385,1.2046709,1,0,0,3,0,0,0,0,3,289
1773966038669,27460,1,50,1.33,2.0980468,17.54,0.67461586,1,0,0,3,0,0,0,0,3,289
1773966096919,27511,1,51,7.803,2.1676207,17.19608,-0.34392166,1,0,0,3,0,0,0,0,3,289
1773966157175,27564,1,53,3.234,2.1672988,16.54717,-0.6489086,1,0,0,3,0,0,0,0,3,289
1773966209431,27614,1,50,1.083,2.177962,17.54,0.9928303,1,0,0,3,0,0,0,0,3,289
1773966247560,27667,1,53,1.183,2.183545,16.54717,-0.9928303,1,0,0,3,0,0,0,0,3,289
1773966315833,27721,1,54,36.841,4.653496,16.24074,-0.30643082,1,0,0,3,0,0,0,0,3,289
1773966378126,27771,1,50,1.653,4.658313,17.54,1.2992611,1,0,0,3,0,0,0,0,3,289
1773966436377,27822,1,51,4.934,4.6503034,17.19608,-0.34392166,1,0,0,3,0,0,0,0,3,289
1773966500665,27875,1,53,1.946,4.644371,16.54717,-0.6489086,1,0,0,3,0,0,0,0,3,289
1773966560933,27931,1,56,1.299,4.651011,15.660714,-0.8864565,1,0,0,3,0,0,0,0,3,289
1773966625264,27981,1,50,2.402,4.6456075,17.54,1.8792868,1,0,0,3,0,0,0,0,3,289
1773966689509,28036,1,55,2.196,4.647003,15.945455,-1.5945463,1,0,0,3,0,0,0,0,3,289
1773966747720,28086,1,50,1.271,4.625819,17.54,1.5945463,1,0,0,3,0,0,0,0,3,289
1773966815949,28136,1,50,1.187,4.625883,17.54,0,1,0,0,3,0,0,0,0,3,289
1773966876198,28187,1,51,1.538,4.6287,17.19608,-0.34392166,1,0,0,3,0,0,0,0,3,289
1773966912351,28241,1,54,2.508,4.624002,16.24074,-0.95533943,1,0,0,3,0,0,0,0,3,289
1773966968599,28291,1,50,4.577,4.6252413,17.54,1.2992611,1,0,0,3,0,0,0,0,3,289
1773967030857,28344,1,53,3.569,4.617198,16.54717,-0.9928303,1,0,0,3,0,0,0,0,3,289
1773967093098,28395,1,51,144.886,18.122408,17.19608,0.6489086,1,0,0,3,0,0,0,0,3,289
1773967155333,28447,1,52,5.577,18.118471,16.865385,-0.3306942,1,0,0,3,0,0,0,0,3,289
1773967215537,28499,1,52,1.44,18.118317,16.865385,0,1,0,0,3,0,0,0,0,3,289
1773967279802,28549,1,50,1.452,18.126072,17.54,0.67461586,1,0,0,3,0,0,0,0,3,289
1773967338031,28600,1,51,1.508,18.129642,17.19608,-0.34392166,1,0,0,3,0,0,0,0,3,289
1773967380210,28650,1,50,2.152,18.134668,17.54,0.34392166,1,0,0,3,0,0,0,0,3,289
1773967434436,28701,1,51,2.547,18.138681,17.19608,-0.34392166,1,0,0,3,0,0,0,0,3,289
1773967498735,28754,1,53,1.508,18.141768,16.54717,-0.6489086,1,0,0,3,0,0,0,0,3,289
1773967563049,28808,1,54,1.383,18.143425,16.24074,-0.30643082,1,0,0,3,0,0,0,0,3,289
1773967623318,28859,1,51,1.878,18.143766,17.19608,0.95533943,1,0,0,3,0,0,0,0,3,289
1773967677526,28913,1,54,1.407,18.150583,16.24074,-0.95533943,1,0,0,3,0,0,0,0,3,289
1773967735712,28963,1,50,1.342,18.156013,17.54,1.2992611,1,0,0,3,0,0,0,0,3,289
1773967775904,29016,1,53,2.014,18.160913,16.54717,-0.9928303,1,0,0,3,0,0,0,0,3,289
1773967840214,29069,1,53,0.9,18.166931,16.54717,0,1,0,0,3,0,0,0,0,3,289
1773967906483,29124,1,55,6.105,18.163166,15.945455,-0.60171604,1,0,0,3,0,0,0,0,3,289
1773967970777,29174,1,50,1.809,18.160463,17.54,1.5945463,1,0,0,3,0,0,0,0,3,289
1773968026980,29228,1,54,8.308,18.156778,16.24074,-1.2992611,1,0,0,3,0,0,0,0,3,289
1773968087231,29279,1,51,1.564,18.156141,17.19608,0.95533943,1,0,0,3,0,0,0,0,3,289
1773968143518,29331,1,52,2.017,18.161304,16.865385,-0.3306942,1,0,0,3,0,0,0,0,3,289
1773968197773,29381,1,50,1.511,18.167925,17.54,0.67461586,1,0,0,3,0,0,0,0,3,289
1773968243958,29431,1,50,1.105,18.16852,17.54,0,1,0,0,3,0,0,0,0,3,289
1773968304175,29482,1,51,1.524,18.174572,17.19608,-0.34392166,1,0,0,3,0,0,0,0,3,289
1773968362395,29536,1,54,4.461,18.167315,16.24074,-0.95533943,1,0,0,3,0,0,0,0,3,289
1773968416621,29586,1,50,1.522,18.170212,17.54,1.2992611,1,0,0,3,0,0,0,0,3,289
1773968472779,29637,1,51,6.559,18.168938,17.19608,-0.34392166,1,0,0,3,0,0,0,0,3,289
1773968529036,29687,1,50,1.927,18.167551,17.54,0.34392166,1,0,0,3,0,0,0,0,3,289
1773968565223,29737,1,50,3.19,18.166111,17.54,0,1,0,0,3,0,0,0,0,3,289
1773968621476,29794,1,57,1.646,18.17217,15.385965,-2.1540356,1,0,0,3,0,0,0,0,3,289
1773968685789,29850,1,56,15.335,18.21374,15.660714,0.2747488,1,0,0,3,0,0,0,0,3,289
1773968744010,29901,1,51,2.079,18.216347,17.19608,1.5353651,1,0,0,3,0,0,0,0,3,289
1773968804244,29955,1,54,3.086,18.21543,16.24074,-0.95533943,1,0,0,3,0,0,0,0,3,289
1773968864495,30012,1,57,1.611,18.219128,15.385965,-0.8547745,1,0,0,3,0,0,0,0,3,289
1773968902700,30065,1,53,1.3,18.218847,16.54717,1.1612053,1,0,0,3,0,0,0,0,3,289
1773968960954,30119,1,54,1.433,18.219046,16.24074,-0.30643082,1,0,0,3,0,0,0,0,3,289
1773969017179,30169,1,50,2.952,18.214453,17.54,1.2992611,1,0,0,3,0,0,0,0,3,289
1773969065450,30191,1,0,0,0,0,0,0,0,0,0,0,0,0,0,0,0
1773969073475,30222,1,53,1.151,18.218288,16.54717,-0.9928303,1,0,0,3,0,0,0,0,3,289
1773969129696,30272,1,50,1.029,18.222174,17.54,0.9928303,1,0,0,3,0,0,0,0,3,289
1773969192003,30324,1,52,2.724,18.218893,16.865385,-0.67461586,1,0,0,3,0,0,0,0,3,289
1773969226159,30376,1,52,168.746,27.226463,16.865385,0,1,0,0,3,0,0,0,0,3,289
1773969296510,30427,1,51,1.387,27.228464,17.19608,0.3306942,1,0,0,3,0,0,0,0,3,289
1773969330649,30430,1,0,0,0,0,0,0,0,0,0,0,0,0,0,0,0
1773969332656,30430,1,0,0,0,0,0,0,0,0,0,0,0,0,0,0,0
1773969358794,30479,1,52,1.191,27.231577,16.865385,-0.3306942,1,0,0,3,0,0,0,0,3,289
1773969396965,30486,1,0,0,0,0,0,0,0,0,0,0,0,0,0,0,0
1773969398972,30486,1,0,0,0,0,0,0,0,0,0,0,0,0,0,0,0
1773969427129,30532,1,53,3.458,27.22492,16.54717,-0.31821442,1,0,0,3,0,0,0,0,3,289
1773969495379,30585,1,53,3.501,27.230583,16.54717,0,1,0,0,3,0,0,0,0,3,289
1773969527499,30587,1,0,0,0,0,0,0,0,0,0,0,0,0,0,0,0
1773969529504,30587,1,0,0,0,0,0,0,0,0,0,0,0,0,0,0,0
1773969561614,30636,1,51,2.271,27.234964,17.19608,0.6489086,1,0,0,3,0,0,0,0,3,289
1773969617835,30687,1,51,2.248,27.235044,17.19608,0,1,0,0,3,0,0,0,0,3,289
1773969662084,30701,1,0,0,0,0,0,0,0,0,0,0,0,0,0,0,0
1773969664085,30701,1,0,0,0,0,0,0,0,0,0,0,0,0,0,0,0
1773969684153,30739,1,52,1.338,27.24215,16.865385,-0.3306942,1,0,0,3,0,0,0,0,3,289
1773969742405,30793,1,54,2.024,27.23964,16.24074,-0.62464523,1,0,0,3,0,0,0,0,3,289
1773969794619,30846,1,53,1.239,27.252504,16.54717,0.30643082,1,0,0,3,0,0,0,0,3,289
1773969832805,30896,1,50,2.498,27.25462,17.54,0.9928303,1,0,0,3,0,0,0,0,3,289
1773969862934,30896,1,0,0,0,0,0,0,0,0,0,0,0,0,0,0,0
1773969864941,30896,1,0,0,0,0,0,0,0,0,0,0,0,0,0,0,0
1773969891059,30948,1,52,1.338,27.253641,16.865385,-0.67461586,1,0,0,3,0,0,0,0,3,289
1773969959334,31001,1,53,2.252,27.24986,16.54717,-0.31821442,1,0,0,3,0,0,0,0,3,289
1773969995488,31003,1,0,0,0,0,0,0,0,0,0,0,0,0,0,0,0
1773970025594,31059,1,58,4.315,27.007526,15.120689,-1.4264812,1,0,0,3,0,0,0,0,3,289
1773970061764,31060,1,0,0,0,0,0,0,0,0,0,0,0,0,0,0,0
1773970095888,31111,1,52,1.373,27.008474,16.865385,1.7446957,1,0,0,3,0,0,0,0,3,289
1773970126007,31111,1,0,0,0,0,0,0,0,0,0,0,0,0,0,0,0
1773970128010,31111,1,0,0,0,0,0,0,0,0,0,0,0,0,0,0,0
1773970162126,31165,1,54,2.317,27.014133,16.24074,-0.62464523,1,0,0,3,0,0,0,0,3,289
1773970220507,31215,1,50,84.444,28.644918,17.54,1.2992611,1,0,0,3,0,0,0,0,3,289
1773970288771,31270,1,55,6.944,28.630892,15.945455,-1.5945463,1,0,0,3,0,0,0,0,3,289
1773970342992,31324,1,54,2.462,28.630688,16.24074,0.29528522,1,0,0,3,0,0,0,0,3,289
1773970389193,31350,1,0,0,0,0,0,0,0,0,0,0,0,0,0,0,0
1773970391207,31350,1,0,0,0,0,0,0,0,0,0,0,0,0,0,0,0
1773970405296,31377,1,53,1.193,28.634525,16.54717,0.30643082,1,0,0,3,0,0,0,0,3,289
1773970465533,31430,1,53,1.642,28.63306,16.54717,0,1,0,0,3,0,0,0,0,3,289
1773970523733,31490,1,60,1.549,28.63161,14.616667,-1.9305038,1,0,0,3,0,0,0,0,3,289
1773970585945,31548,1,58,1.789,28.630644,15.120689,0.5040226,1,0,0,3,0,0,0,0,3,289
1773970620108,31601,1,53,4.672,28.624563,16.54717,1.4264812,1,0,0,3,0,0,0,0,3,289
1773970656267,31604,1,0,0,0,0,0,0,0,0,0,0,0,0,0,0,0
1773970684367,31653,1,52,1.172,28.635439,16.865385,0.31821442,1,0,0,3,0,0,0,0,3,289
1773970750612,31705,1,52,1.653,28.641788,16.865385,0,1,0,0,3,0,0,0,0,3,289
1773970788827,31711,1,0,0,0,0,0,0,0,0,0,0,0,0,0,0,0
1773970790846,31711,1,0,0,0,0,0,0,0,0,0,0,0,0,0,0,0
1773970822967,31760,1,55,1.337,22.940104,15.945455,-0.91993046,1,0,0,3,0,0,0,0,3,289
1773970877228,31812,1,52,4.276,22.941425,16.865385,0.91993046,1,0,0,3,0,0,0,0,3,289
1773970917446,31836,1,0,0,0,0,0,0,0,0,0,0,0,0,0,0,0
1773970919464,31836,1,0,0,0,0,0,0,0,0,0,0,0,0,0,0,0
1773970935520,31865,1,53,5.468,22.93323,16.54717,-0.31821442,1,0,0,3,0,0,0,0,3,289
1773970995782,31923,1,58,1.203,22.934105,15.120689,-1.4264812,1,0,0,3,0,0,0,0,3,289
1773971056098,31977,1,54,2.013,22.932484,16.24074,1.1200504,1,0,0,3,0,0,0,0,3,289
1773971118395,32017,1,0,0,0,0,0,0,0,0,0,0,0,0,0,0,0
1773971120402,32017,1,0,0,0,0,0,0,0,0,0,0,0,0,0,0,0
1773971130452,32029,1,52,5.913,22.926147,16.865385,0.62464523,1,0,0,3,0,0,0,0,3,289
1773971184691,32070,1,0,0,0,0,0,0,0,0,0,0,0,0,0,0,0
1773971186696,32070,1,0,0,0,0,0,0,0,0,0,0,0,0,0,0,0
1773971198740,32084,1,55,2.037,22.927622,15.945455,-0.91993046,1,0,0,3,0,0,0,0,3,289
1773971259053,32145,1,61,1.139,22.928928,14.377049,-1.5684052,1,0,0,3,0,0,0,0,3,289
1773971313284,32196,1,51,1.21,22.929548,17.19608,2.8190298,1,0,0,3,0,0,0,0,3,289
1773971347400,32246,1,50,1.038,22.932434,17.54,0.34392166,1,0,0,3,0,0,0,0,3,289
1773971383568,32251,1,0,0,0,0,0,0,0,0,0,0,0,0,0,0,0
1773971385583,32251,1,0,0,0,0,0,0,0,0,0,0,0,0,0,0,0
1773971413719,32297,1,51,6.706,22.92345,17.19608,-0.34392166,1,0,0,3,0,0,0,0,3,289
1773971449834,32301,1,0,0,0,0,0,0,0,0,0,0,0,0,0,0,0
1773971451842,32301,1,0,0,0,0,0,0,0,0,0,0,0,0,0,0,0
1773971477940,32352,1,55,1.16,22.92411,15.945455,-1.2506247,1,0,0,3,0,0,0,0,3,289
1773971534148,32405,1,53,2.06,22.92397,16.54717,0.60171604,1,0,0,3,0,0,0,0,3,289
1773971592354,32455,1,50,2.307,22.919178,17.54,0.9928303,1,0,0,3,0,0,0,0,3,289
1773971630509,32505,1,50,1.112,22.92925,17.54,0,1,0,0,3,0,0,0,0,3,289
1773971678721,32557,1,52,6.408,22.921555,16.865385,-0.67461586,1,0,0,3,0,0,0,0,3,289
1773971716872,32568,1,0,0,0,0,0,0,0,0,0,0,0,0,0,0,0
1773971718878,32568,1,0,0,0,0,0,0,0,0,0,0,0,0,0,0,0
1773971750986,32613,1,56,2.79,22.925343,15.660714,-1.2046709,1,0,0,3,0,0,0,0,3,289
1773971811228,32663,1,50,4.76,22.917986,17.54,1.8792868,1,0,0,3,0,0,0,0,3,289
1773971869492,32713,1,50,1.013,22.921436,17.54,0,1,0,0,3,0,0,0,0,3,289
1773971923720,32765,1,52,1.505,22.921453,16.865385,-0.67461586,1,0,0,3,0,0,0,0,3,289
1773971981963,32806,1,0,0,0,0,0,0,0,0,0,0,0,0,0,0,0
1773971983968,32806,1,0,0,0,0,0,0,0,0,0,0,0,0,0,0,0
1773971992008,32806,1,0,0,0,0,0,0,0,0,0,0,0,0,0,0,0
1773971994020,32806,1,0,0,0,0,0,0,0,0,0,0,0,0,0,0,0
1773971998036,32818,1,53,3.996,22.913532,16.54717,-0.31821442,1,0,0,3,0,0,0,0,3,289
1773972052272,32871,1,53,1.219,22.914618,16.54717,0,1,0,0,3,0,0,0,0,3,289
1773972114547,32923,1,52,1.962,22.92034,16.865385,0.31821442,1,0,0,3,0,0,0,0,3,289
1773972172778,32973,1,50,2.767,22.916595,17.54,0.67461586,1,0,0,3,0,0,0,0,3,289
1773972241066,33023,1,50,2.76,22.921461,17.54,0,1,0,0,3,0,0,0,0,3,289
1773972279213,33074,1,51,1.191,22.923944,17.19608,-0.34392166,1,0,0,3,0,0,0,0,3,289
1773972343534,33126,1,52,4.166,22.92206,16.865385,-0.3306942,1,0,0,3,0,0,0,0,3,289
1773972393728,33176,1,50,1.336,22.92312,17.54,0.67461586,1,0,0,3,0,0,0,0,3,289
1773972449933,33231,1,55,1.349,22.904596,15.945455,-1.5945463,1,0,0,3,0,0,0,0,3,289
1773972510189,33269,1,0,0,0,0,0,0,0,0,0,0,0,0,0,0,0
1773972512194,33269,1,0,0,0,0,0,0,0,0,0,0,0,0,0,0,0
1773972518217,33284,1,53,1.432,22.906593,16.54717,0.60171604,1,0,0,3,0,0,0,0,3,289
1773972580488,33341,1,57,1.042,22.912455,15.385965,-1.1612053,1,0,0,3,0,0,0,0,3,289
1773972646724,33401,1,60,1.434,22.913023,14.616667,-0.76929855,1,0,0,3,0,0,0,0,3,289
1773972711018,33452,1,51,11.026,22.911963,17.19608,2.5794125,1,0,0,3,0,0,0,0,3,289
1773972745180,33504,1,52,3.333,22.906755,16.865385,-0.3306942,1,0,0,3,0,0,0,0,3,289
1773972805407,33556,1,52,1.54,22.910759,16.865385,0,1,0,0,3,0,0,0,0,3,289
1773972841569,33564,1,0,0,0,0,0,0,0,0,0,0,0,0,0,0,0
1773972843572,33564,1,0,0,0,0,0,0,0,0,0,0,0,0,0,0,0
1773972869658,33610,1,54,1.221,22.910515,16.24074,-0.62464523,1,0,0,3,0,0,0,0,3,289
1773972931916,33660,1,50,1.355,22.909353,17.54,1.2992611,1,0,0,3,0,0,0,0,3,289
1773972984123,33717,1,57,1.807,22.91194,15.385965,-2.1540356,1,0,0,3,0,0,0,0,3,289
1773973040371,33750,1,0,0,0,0,0,0,0,0,0,0,0,0,0,0,0
1773973042383,33750,1,0,0,0,0,0,0,0,0,0,0,0,0,0,0,0
1773973060439,33771,1,54,5.078,10.325369,16.24074,0.8547745,1,0,0,3,0,0,0,0,3,289
1773973106606,33790,1,0,0,0,0,0,0,0,0,0,0,0,0,0,0,0
1773973108613,33790,1,0,0,0,0,0,0,0,0,0,0,0,0,0,0,0
1773973136759,33827,1,56,1.307,10.325668,15.660714,-0.5800257,1,0,0,3,0,0,0,0,3,289
1773973174950,33835,1,0,0,0,0,0,0,0,0,0,0,0,0,0,0,0
1773973176955,33835,1,0,0,0,0,0,0,0,0,0,0,0,0,0,0,0
1773973209096,33880,1,53,1.33,10.325128,16.54717,0.8864565,1,0,0,3,0,0,0,0,3,289
1773973239258,33880,1,0,0,0,0,0,0,0,0,0,0,0,0,0,0,0
1773973241274,33880,1,0,0,0,0,0,0,0,0,0,0,0,0,0,0,0
1773973309620,33931,1,51,3.842,10.325014,17.19608,0.6489086,1,0,0,3,0,0,0,0,3,289
1773973369885,33994,1,63,1.567,10.328811,13.920635,-3.275444,1,0,0,3,0,0,0,0,3,289
1773973410037,34051,1,57,1.765,10.330183,15.385965,1.4653301,1,0,0,3,0,0,0,0,3,289
1773973440201,34051,1,0,0,0,0,0,0,0,0,0,0,0,0,0,0,0
1773973442202,34051,1,0,0,0,0,0,0,0,0,0,0,0,0,0,0,0
1773973474328,34102,1,51,1.508,10.332337,17.19608,1.8101139,1,0,0,3,0,0,0,0,3,289
1773973528550,34152,1,50,1.659,10.33122,17.54,0.34392166,1,0,0,3,0,0,0,0,3,289
1773973580778,34203,1,51,4.409,10.329042,17.19608,-0.34392166,1,0,0,3,0,0,0,0,3,289
1773973637030,34230,1,0,0,0,0,0,0,0,0,0,0,0,0,0,0,0
1773973639047,34230,1,0,0,0,0,0,0,0,0,0,0,0,0,0,0,0
1773973651110,34259,1,56,1.178,10.329285,15.660714,-1.5353651,1,0,0,3,0,0,0,0,3,289
1773973707328,34290,1,0,0,0,0,0,0,0,0,0,0,0,0,0,0,0
1773973709332,34290,1,0,0,0,0,0,0,0,0,0,0,0,0,0,0,0
1773973723404,34314,1,55,6.438,10.332854,15.945455,0.28474045,1,0,0,3,0,0,0,0,3,289
1773973769602,34341,1,0,0,0,0,0,0,0,0,0,0,0,0,0,0,0
1773973771608,34341,1,0,0,0,0,0,0,0,0,0,0,0,0,0,0,0
1773973785668,34370,1,56,5.974,10.330892,15.660714,-0.28474045,1,0,0,3,0,0,0,0,3,289
1773973835900,34394,1,0,0,0,0,0,0,0,0,0,0,0,0,0,0,0
1773973857988,34424,1,54,5.028,10.329405,16.24074,0.5800257,1,0,0,3,0,0,0,0,3,289
1773973904160,34444,1,0,0,0,0,0,0,0,0,0,0,0,0,0,0,0
1773973906167,34444,1,0,0,0,0,0,0,0,0,0,0,0,0,0,0,0
1773973922228,34478,1,54,1.939,10.332533,16.24074,0,1,0,0,3,0,0,0,0,3,289
1773973972472,34499,1,0,0,0,0,0,0,0,0,0,0,0,0,0,0,0
1773973974484,34499,1,0,0,0,0,0,0,0,0,0,0,0,0,0,0,0
1773973994541,34528,1,50,1.863,10.330781,17.54,1.2992611,1,0,0,3,0,0,0,0,3,289
1773974068822,34581,1,53,1.815,10.332237,16.54717,-0.9928303,1,0,0,3,0,0,0,0,3,289
1773974104964,34586,1,0,0,0,0,0,0,0,0,0,0,0,0,0,0,0
1773974106968,34586,1,0,0,0,0,0,0,0,0,0,0,0,0,0,0,0
1773974135103,34637,1,56,2.023,1.997163,15.660714,-0.8864565,1,0,0,3,0,0,0,0,3,289
1773974171257,34638,1,0,0,0,0,0,0,0,0,0,0,0,0,0,0,0
1773974173274,34638,1,0,0,0,0,0,0,0,0,0,0,0,0,0,0,0
1773974243577,34691,1,54,1.456,1.929358,16.24074,0.5800257,1,0,0,3,0,0,0,0,3,289
1773974299824,34748,1,57,5.016,1.9522704,15.385965,-0.8547745,1,0,0,3,0,0,0,0,3,289
1773974333987,34802,1,54,3.5,1.9464242,16.24074,0.8547745,1,0,0,3,0,0,0,0,3,289
1773974400255,34853,1,51,2.233,1.9428732,17.19608,0.95533943,1,0,0,3,0,0,0,0,3,289
1773974448470,34904,1,51,1.042,1.9485345,17.19608,0,1,0,0,3,0,0,0,0,3,289
1773974504730,34954,1,50,1.182,1.9543266,17.54,0.34392166,1,0,0,3,0,0,0,0,3,289
1773974566931,35002,1,0,0,0,0,0,0,0,0,0,0,0,0,0,0,0
1773974568936,35002,1,0,0,0,0,0,0,0,0,0,0,0,0,0,0,0
1773974572947,35006,1,52,5.466,1.969442,16.865385,-0.67461586,1,0,0,3,0,0,0,0,3,289
1773974601120,35060,1,54,1.158,1.9696108,16.24074,-0.62464523,1,0,0,3,0,0,0,0,3,289
1773974677486,35112,1,52,1.787,1.9685841,16.865385,0.62464523,1,0,0,3,0,0,0,0,3,289
1773974707611,35112,1,0,0,0,0,0,0,0,0,0,0,0,0,0,0,0
1773974731703,35164,1,52,1.15,1.9707227,16.865385,0,1,0,0,3,0,0,0,0,3,289
1773974781913,35215,1,51,1.23,1.9684771,17.19608,0.3306942,1,0,0,3,0,0,0,0,3,289
1773974836125,35268,1,53,1.583,1.9399121,16.54717,-0.6489086,1,0,0,3,0,0,0,0,3,289
1773974872289,35318,1,50,2.084,1.9332378,17.54,0.9928303,1,0,0,3,0,0,0,0,3,289
1773974918485,35374,1,56,5.994,1.977238,15.660714,-1.8792868,1,0,0,3,0,0,0,0,3,289
1773974972747,35428,1,54,6.448,1.9920845,16.24074,0.5800257,1,0,0,3,0,0,0,0,3,289
1773975012977,35482,1,54,4.175,1.9992725,16.24074,0,1,0,0,3,0,0,0,0,3,289
1773975077265,35536,1,54,4.985,2.0094259,16.24074,0,1,0,0,3,0,0,0,0,3,289
1773975119419,35586,1,50,1.074,2.0111282,17.54,1.2992611,1,0,0,3,0,0,0,0,3,289
1773975173675,35637,1,51,3.919,2.004508,17.19608,-0.34392166,1,0,0,3,0,0,0,0,3,289
1773975234018,35687,1,50,2.207,1.9441435,17.54,0.34392166,1,0,0,3,0,0,0,0,3,289
1773975268159,35743,1,56,1.109,1.9447957,15.660714,-1.8792868,1,0,0,3,0,0,0,0,3,289
1773975324393,35793,1,50,1.117,1.953333,17.54,1.8792868,1,0,0,3,0,0,0,0,3,289
1773975376565,35844,1,51,2.96,1.9529046,17.19608,-0.34392166,1,0,0,3,0,0,0,0,3,289
1773975438853,35896,1,52,2.891,1.9424422,16.865385,-0.3306942,1,0,0,3,0,0,0,0,3,289
1773975501111,35952,1,56,1.495,1.8927451,15.660714,-1.2046709,1,0,0,3,0,0,0,0,3,289
1773975537300,36005,1,53,1.85,1.8954153,16.54717,0.8864565,1,0,0,3,0,0,0,0,3,289
1773975589518,36056,1,51,1.667,1.8805518,17.19608,0.6489086,1,0,0,3,0,0,0,0,3,289
1773975639722,36114,1,58,1.416,1.8758672,15.120689,-2.0753899,1,0,0,3,0,0,0,0,3,289
1773975699928,36165,1,51,3.337,1.8726858,17.19608,2.0753899,1,0,0,3,0,0,0,0,3,289
1773975756119,36217,1,52,2.067,1.866189,16.865385,-0.3306942,1,0,0,3,0,0,0,0,3,289
1773975792241,36270,1,53,1.52,1.8630455,16.54717,-0.31821442,1,0,0,3,0,0,0,0,3,289
1773975844543,36325,1,55,2.968,1.8616862,15.945455,-0.60171604,1,0,0,3,0,0,0,0,3,289
1773975898771,36375,1,50,1.286,1.8690777,17.54,1.5945463,1,0,0,3,0,0,0,0,3,289
1773975938931,36425,1,50,1.6,1.873162,17.54,0,1,0,0,3,0,0,0,0,3,289
1773975995180,36476,1,51,2.609,1.8648202,17.19608,-0.34392166,1,0,0,3,0,0,0,0,3,289
1773976041392,36526,1,50,2.547,1.8545587,17.54,0.34392166,1,0,0,3,0,0,0,0,3,289
1773976097634,36580,1,54,1.236,1.8556558,16.24074,-1.2992611,1,0,0,3,0,0,0,0,3,289
1773976135802,36631,1,51,1.184,1.8574886,17.19608,0.95533943,1,0,0,3,0,0,0,0,3,289
1773976204093,36683,1,52,2.16,1.8526138,16.865385,-0.3306942,1,0,0,3,0,0,0,0,3,289
1773976266370,36735,1,52,3.042,1.8429682,16.865385,0,1,0,0,3,0,0,0,0,3,289
1773976304522,36789,1,54,1.965,1.8387653,16.24074,-0.62464523,1,0,0,3,0,0,0,0,3,289
1773976364782,36849,1,60,1.065,1.5151229,14.616667,-1.624073,1,0,0,3,0,0,0,0,3,289
1773976423079,36900,1,51,1.296,1.5182745,17.19608,2.5794125,1,0,0,3,0,0,0,0,3,289
1773976485257,36951,1,51,1.489,1.5187647,17.19608,0,1,0,0,3,0,0,0,0,3,289
1773976517357,37002,1,51,1.146,1.5197399,17.19608,0,1,0,0,3,0,0,0,0,3,289
1773976577606,37052,1,50,3.203,1.516273,17.54,0.34392166,1,0,0,3,0,0,0,0,3,289
1773976639894,37103,1,51,1.275,1.5213659,17.19608,-0.34392166,1,0,0,3,0,0,0,0,3,289
1773976696125,37159,1,56,1.395,1.4908794,15.660714,-1.5353651,1,0,0,3,0,0,0,0,3,289
1773976736269,37211,1,52,1.647,1.487542,16.865385,1.2046709,1,0,0,3,0,0,0,0,3,289
1773976786469,37263,1,52,2.887,1.482319,16.865385,0,1,0,0,3,0,0,0,0,3,289
1773976864852,37315,1,52,1.254,1.4788024,16.865385,0,1,0,0,3,0,0,0,0,3,289
1773976902968,37369,1,54,1.417,1.4802376,16.24074,-0.62464523,1,0,0,3,0,0,0,0,3,289
1773976965254,37424,1,55,1.704,1.4806637,15.945455,-0.29528522,1,0,0,3,0,0,0,0,3,289
1773977031667,37477,1,53,7.044,1.5843511,16.54717,0.60171604,1,0,0,3,0,0,0,0,3,289
1773977087869,37527,1,50,1.529,1.5854882,17.54,0.9928303,1,0,0,3,0,0,0,0,3,289
1773977132027,37580,1,53,2.939,1.5679302,16.54717,-0.9928303,1,0,0,3,0,0,0,0,3,289
1773977196281,37630,1,50,2.916,1.5605725,17.54,0.9928303,1,0,0,3,0,0,0,0,3,289
1773977240444,37680,1,50,1.501,1.4833448,17.54,0,1,0,0,3,0,0,0,0,3,289
1773977298640,37731,1,51,2.075,1.4140538,17.19608,-0.34392166,1,0,0,3,0,0,0,0,3,289
1773977362902,37785,1,54,1.218,1.3796854,16.24074,-0.95533943,1,0,0,3,0,0,0,0,3,289
1773977429155,37836,1,51,1.413,1.3832947,17.19608,0.95533943,1,0,0,3,0,0,0,0,3,289
1773977479340,37886,1,50,4.051,1.3995438,17.54,0.34392166,1,0,0,3,0,0,0,0,3,289
1773977511514,37941,1,55,3.518,1.4060013,15.945455,-1.5945463,1,0,0,3,0,0,0,0,3,289
1773977565708,37991,1,50,3.987,1.4201235,17.54,1.5945463,1,0,0,3,0,0,0,0,3,289
1773977615935,38048,1,57,1.112,1.424218,15.385965,-2.1540356,1,0,0,3,0,0,0,0,3,289
1773977672173,38103,1,55,3.114,1.3879669,15.945455,0.55948925,1,0,0,3,0,0,0,0,3,289
1773977704344,38153,1,50,1.185,1.387299,17.54,1.5945463,1,0,0,3,0,0,0,0,3,289
1773977754559,38205,1,52,2.92,1.3894047,16.865385,-0.67461586,1,0,0,3,0,0,0,0,3,289
1773977800760,38263,1,58,1.532,1.3837372,15.120689,-1.7446957,1,0,0,3,0,0,0,0,3,289
1773977836940,38313,1,50,76.585,9.310717,17.54,2.4193115,1,0,0,3,0,0,0,0,3,289
1773977897181,38365,1,52,4.582,9.308438,16.865385,-0.67461586,1,0,0,3,0,0,0,0,3,289
1773977949444,38415,1,50,6.991,9.313796,17.54,0.67461586,1,0,0,3,0,0,0,0,3,289
1773978001612,38468,1,53,1.948,9.313335,16.54717,-0.9928303,1,0,0,3,0,0,0,0,3,289
1773978041804,38521,1,53,4.023,9.308459,16.54717,0,1,0,0,3,0,0,0,0,3,289
1773978091985,38572,1,51,1.401,9.307797,17.19608,0.6489086,1,0,0,3,0,0,0,0,3,289
1773978140223,38599,1,0,0,0,0,0,0,0,0,0,0,0,0,0,0,0
1773978146247,38622,1,50,1.089,9.309691,17.54,0.34392166,1,0,0,3,0,0,0,0,3,289
1773978218544,38677,1,55,1.367,9.311957,15.945455,-1.5945463,1,0,0,3,0,0,0,0,3,289
1773978260761,38733,1,56,1.276,9.3114195,15.660714,-0.28474045,1,0,0,3,0,0,0,0,3,289
1773978302962,38784,1,51,1.815,9.306461,17.19608,1.5353651,1,0,0,3,0,0,0,0,3,289
1773978353157,38838,1,54,1.923,9.30794,16.24074,-0.95533943,1,0,0,3,0,0,0,0,3,289
1773978399344,38888,1,50,1.616,9.308483,17.54,1.2992611,1,0,0,3,0,0,0,0,3,289
1773978429470,38940,1,52,2.759,9.304334,16.865385,-0.67461586,1,0,0,3,0,0,0,0,3,289
1773978479730,38993,1,53,2.463,9.304807,16.54717,-0.31821442,1,0,0,3,0,0,0,0,3,289
1773978509803,39043,1,50,3.129,9.303702,17.54,0.9928303,1,0,0,3,0,0,0,0,3,289
1773978565990,39101,1,58,1.132,9.303616,15.120689,-2.4193115,1,0,0,3,0,0,0,0,3,289
1773978634318,39151,1,50,6.525,9.307161,17.54,2.4193115,1,0,0,3,0,0,0,0,3,289
1773978692524,39204,1,53,10.808,9.351194,16.54717,-0.9928303,1,0,0,3,0,0,0,0,3,289
1773978740698,39258,1,54,5.726,9.354466,16.24074,-0.30643082,1,0,0,3,0,0,0,0,3,289
1773978772823,39310,1,52,1.154,9.355783,16.865385,0.62464523,1,0,0,3,0,0,0,0,3,289
1773978831193,39366,1,56,3.321,9.353179,15.660714,-1.2046709,1,0,0,3,0,0,0,0,3,289
1773978887784,39424,1,58,1.648,9.353242,15.120689,-0.54002476,1,0,0,3,0,0,0,0,3,289
1773978930042,39474,1,50,3.119,9.349249,17.54,2.4193115,1,0,0,3,0,0,0,0,3,289
1773978990251,39525,1,51,1.908,9.351756,17.19608,-0.34392166,1,0,0,3,0,0,0,0,3,289
1773979024431,39575,1,50,4.139,9.349767,17.54,0.34392166,1,0,0,3,0,0,0,0,3,289
1773979080662,39627,1,52,1.441,9.35006,16.865385,-0.67461586,1,0,0,3,0,0,0,0,3,289
1773979126907,39678,1,51,5.359,9.351868,17.19608,0.3306942,1,0,0,3,0,0,0,0,3,289
1773979163076,39732,1,54,1.339,9.351653,16.24074,-0.95533943,1,0,0,3,0,0,0,0,3,289
1773979213300,39788,1,56,1.148,9.353431,15.660714,-0.5800257,1,0,0,3,0,0,0,0,3,289
1773979259533,39840,1,52,3.092,9.352722,16.865385,1.2046709,1,0,0,3,0,0,0,0,3,289
1773979309785,39892,1,52,4.167,9.351675,16.865385,0,1,0,0,3,0,0,0,0,3,289
1773979353928,39952,1,60,1.158,9.35201,14.616667,-2.2487183,1,0,0,3,0,0,0,0,3,289
1773979414243,40007,1,55,0.978,9.35293,15.945455,1.3287878,1,0,0,3,0,0,0,0,3,289
1773979456420,40063,1,56,2.155,9.3529415,16.571428,0.6259737,1,0,0,3,0,0,0,0,3,306
1773979496569,40116,1,53,2.985,9.353013,18.509434,1.9380054,1,0,0,3,0,0,0,0,3,324
1773979540780,40167,1,51,2.517,9.351617,20.117647,1.6082134,1,0,0,3,0,0,0,0,3,339
1773979588994,40220,1,53,4.852,9.346358,19.35849,-0.7591572,1,0,0,3,0,0,0,0,3,339
1773979631141,40273,1,53,5.094,9.342208,21.056604,1.6981144,1,0,0,3,0,0,0,0,3,369
1773979685362,40323,1,50,10.499,9.372982,29.54,8.483397,1,0,0,3,0,0,0,0,3,501
1773979721504,40376,1,53,3.196,9.366608,32.5283,2.9883003,1,0,0,3,0,0,0,0,3,591
1773979771681,40427,1,51,2.809,9.367292,36.117645,3.589344,1,0,0,3,0,0,0,0,3,633
1773979825880,40479,1,52,1.151,9.367878,36.134617,0.016971588,1,0,0,3,0,0,0,0,3,647
1773979878047,40529,1,50,1.264,9.368473,38.42,2.2853813,1,0,0,3,0,0,0,0,3,662
1773979944311,40583,1,54,1.391,9.369546,36.51852,-1.9014778,1,0,0,3,0,0,0,0,3,681
1773979986476,40637,1,54,1.255,9.374861,37.12963,0.6111107,1,0,0,3,0,0,0,0,3,691
1773980030666,40687,1,50,1.185,9.375179,40.7,3.5703697,1,0,0,3,0,0,0,0,3,705
1773980080864,40738,1,51,2.034,9.3728285,40.60784,-0.09215927,1,0,0,3,0,0,0,0,3,716
1773980117018,40791,1,53,2.711,9.369772,39.24528,-1.3625603,1,0,0,3,0,0,0,0,3,719
1773980169299,40841,1,50,1.539,9.367026,41.96,2.7147179,1,0,0,3,0,0,0,0,3,725
1773980219515,40894,1,53,4.208,9.362102,40.377357,-1.5826416,1,0,0,3,0,0,0,0,3,740
1773980273713,40946,1,52,5.896,9.364088,41.826923,1.4495659,1,0,0,3,0,0,0,0,3,753
1773980313845,40997,1,51,1.278,9.369358,43.333332,1.5064087,1,0,0,3,0,0,0,0,3,765
1773980362112,41050,1,53,2.195,9.366848,42.264153,-1.0691795,1,0,0,3,0,0,0,0,3,777
1773980416385,41100,1,50,4.711,9.363984,45.48,3.215847,1,0,0,3,0,0,0,0,3,791
1773980466607,41152,1,52,1.354,9.363356,44.442307,-1.037693,1,0,0,3,0,0,0,0,3,805
1773980502733,41203,1,51,1.255,9.364076,45.313725,0.871418,1,0,0,3,0,0,0,0,3,805
1773980544909,41254,1,51,1.425,9.369794,45.313725,0,1,0,0,3,0,0,0,0,3,805
1773980605149,41307,1,53,1.42,9.375167,43.603775,-1.7099495,1,0,0,3,0,0,0,0,3,805
1773980647286,41357,1,50,2.378,9.377301,46.22,2.6162262,1,0,0,3,0,0,0,0,3,805
1773980701517,41408,1,51,5.317,9.371812,45.313725,-0.9062767,1,0,0,3,0,0,0,0,3,805
1773980749721,41460,1,52,1.203,9.3777275,44.442307,-0.871418,1,0,0,3,0,0,0,0,3,805
1773980799900,41516,1,56,1.257,9.377392,41.267857,-3.17445,1,0,0,3,0,0,0,0,3,805
1773980846049,41574,1,58,1.138,9.383207,39.844826,-1.4230309,1,0,0,3,0,0,0,0,3,805
1774036402745,56,1,56,6.328,0,0,0,1,1,0,3,0,0,0,0,2,0
1774036446938,115,0.0013507374,59,1.408,2.46,0,0,1,0,0,3,0,0,0,0,2,0
1774036497134,171,0.0030021386,56,10.398,3.6756163,0,0,1,0,0,3,0,0,0,0,2,0
1774036535270,221,0.0008569192,50,2.641,3.507819,0,0,1,0,0,3,0,0,0,0,2,0
1774036577525,271,0.0011465036,50,5.623,3.1421833,0,0,1,0,0,3,0,0,0,0,2,0
1774036611672,322,0.0006630536,51,2.592,3.0382535,0,0,1,0,0,3,0,0,0,0,2,0
1774036663956,374,0.00073193276,52,1.47,3.0489416,0,0,1,0,0,3,0,0,0,0,2,0
1774036704181,425,0.0009170947,51,1.212,3.0351343,0,0,1,0,0,3,0,0,0,0,2,0
1774036726295,476,0.000808764,51,1.643,2.9526672,0,0,1,0,0,3,0,0,0,0,2,0
1774036766471,527,0.0008607106,51,1.402,2.884854,0,0,1,0,0,3,0,0,0,0,2,0
1774036796582,577,0.001111408,50,1.081,2.8351634,0,0,1,0,0,3,0,0,0,0,2,0
1774037380450,56,1,56,3.252,0,0,0,1,1,0,3,0,0,0,0,1,0
1774037400517,112,1,56,5.139,0.9434999,0,0,1,0,0,3,0,0,0,0,1,0
1774037418551,162,1,50,1.463,1.5008984,0,0,1,0,0,3,0,0,0,0,1,0
1774037448673,215,1,53,1.891,1.4330752,0,0,1,0,0,3,0,0,0,0,1,0
1774037466713,266,1,51,0.987,1.5002985,0,0,1,0,0,3,0,0,0,0,1,0
1774037502857,316,1,50,1.934,1.3884648,0,0,1,0,0,3,0,0,0,0,1,0
1774037520907,371,1,55,1.351,1.3411944,0,0,1,0,0,3,0,0,0,0,1,0
1774037538935,423,1,52,1.407,1.2879722,0,0,1,0,0,3,0,0,0,0,1,0
1774037581065,476,1,53,3.806,1.3176948,0,0,1,0,0,3,0,0,0,0,1,0
1774037601136,528,1,52,1.184,1.298815,0,0,1,0,0,3,0,0,0,0,1,0
1774037641264,578,1,50,1.413,1.2610625,0,0,1,0,0,3,0,0,0,0,1,0
1774037659319,634,1,56,1.322,1.229708,0,0,1,0,0,3,0,0,0,0,1,0
1774037679403,691,1,57,1.331,1.1989108,0,0,1,0,0,3,0,0,0,0,1,0
1774037719550,741,1,50,2.769,1.1705824,0,0,1,0,0,3,0,0,0,0,1,0
1774037739613,791,1,50,1.34,1.1462282,0,0,1,0,0,3,0,0,0,0,1,0
1774037781783,845,1,54,3.733,1.1831374,0,0,1,0,0,3,0,0,0,0,1,0
1774037803863,899,1,54,4.147,1.2407017,0,0,1,0,0,3,0,0,0,0,1,0
1774037846025,952,1,53,1.075,1.236066,0,0,1,0,0,3,0,0,0,0,1,0
1774037866113,1005,1,53,3.56,1.2410042,0,0,1,0,0,3,0,0,0,0,1,0
1774037906293,1057,1,52,1.671,1.2165741,0,0,1,0,0,3,0,0,0,0,1,0
1774037928352,1109,1,52,2.68,1.1909676,0,0,1,0,0,3,0,0,0,0,1,0
1774037944439,1159,1,50,1.541,1.1731777,0,0,1,0,0,3,0,0,0,0,1,0
1774037994621,1220,1,61,1.38,1.1603218,0,0,1,0,0,3,0,0,0,0,1,0
1774038038770,1273,1,53,4.551,1.2299535,0,0,1,0,0,3,0,0,0,0,1,0
1774038060843,1325,1,52,4.925,1.3111721,0,0,1,0,0,3,0,0,0,0,1,0
1774038094960,1377,1,52,1.363,1.3009102,0,0,1,0,0,3,0,0,0,0,1,0
1774038115021,1435,1,58,2.22,1.2768444,0,0,1,0,0,3,0,0,0,0,1,0
1774038135100,1486,1,51,3.347,1.2674289,0,0,1,0,0,3,0,0,0,0,1,0
1774038163202,1539,1,53,1.37,1.2590824,0,0,1,0,0,3,0,0,0,0,1,0
1774038183270,1593,1,54,1.16,1.2562169,0,0,1,0,0,3,0,0,0,0,1,0
1774038207359,1652,1,59,1.059,1.2554128,0,0,1,0,0,3,0,0,0,0,1,0
1774038239477,1708,1,56,1.464,1.2435747,0,0,1,0,0,3,0,0,0,0,1,0
1774038259541,1760,1,52,3.016,1.2317019,0,0,1,0,0,3,0,0,0,0,1,0
1774038279658,1816,1,56,1.504,1.2203037,0,0,1,0,0,3,0,0,0,0,1,0
1774038311818,1867,1,51,2.029,1.2032863,0,0,1,0,0,3,0,0,0,0,1,0
1774038329881,1919,1,52,1.005,1.2036772,0,0,1,0,0,3,0,0,0,0,1,0
1774038362007,1970,1,51,8.834,1.6016117,0,0,1,0,0,3,0,0,0,0,1,0
1774038382060,2020,1,50,4.704,1.6234293,0,0,1,0,0,3,0,0,0,0,1,0
1774038402116,2073,1,53,1.073,1.6170975,0,0,1,0,0,3,0,0,0,0,1,0
1774038432209,2129,1,56,1.119,1.6094319,0,0,1,0,0,3,0,0,0,0,1,0
1774038452271,2181,1,52,3.443,1.5981501,0,0,1,0,0,3,0,0,0,0,1,0
1774038468335,2231,1,50,1.218,1.5893278,0,0,1,0,0,3,0,0,0,0,1,0
1774038508481,2282,1,51,2.597,1.5710926,0,0,1,0,0,3,0,0,0,0,1,0
1774038526555,2340,1,58,1.256,1.5621578,0,0,1,0,0,3,0,0,0,0,1,0
1774038568731,2401,1,61,1.12,1.5553982,0,0,1,0,0,3,0,0,0,0,1,0
1774038588782,2451,1,50,1.46,1.5435958,0,0,1,0,0,3,0,0,0,0,1,0
1774038606860,2503,1,52,1.423,1.5324289,0,0,1,0,0,3,0,0,0,0,1,0
1774038645019,2553,1,50,3.617,1.5281785,0,0,1,0,0,3,0,0,0,0,1,0
1774038663088,2603,1,50,1.372,1.5184044,0,0,1,0,0,3,0,0,0,0,1,0
1774038703265,2659,1,56,1.188,1.511162,0,0,1,0,0,3,0,0,0,0,1,0
