timestamp_ms,batch_height,score,block_height_delta,commit_latency_ms,commit_latency_stddev,tps,tps_acceleration,base_fee,base_fee_delta,equivocation_count,validator_set_size,total_gas_used,block_fullness,empty_block_ratio,time_since_finality_ms,peer_count,mempool_size
1773767831035,54,0,54,6.437,0,0,0,1,1,0,3,0,0,0,0,2,0
1773767843068,110,0,56,0.896,2.7705,0,0,1,0,0,3,0,0,0,0,2,0
1773767857131,171,0,61,3.331,2.2676258,0,0,1,0,0,3,0,0,0,0,2,0
1773767871178,233,0,62,1.509,2.1543527,0,0,1,0,0,3,0,0,0,0,2,0
1773767895265,285,0,52,2.942,1.9273373,0,0,1,0,0,3,0,0,0,0,2,0
1773767909321,335,0,50,3.178,1.7603581,0,0,1,0,0,3,0,0,0,0,2,0
1773767921378,387,0,52,7.834,2.3366604,0,0,1,0,0,3,0,0,0,0,2,0
1773767933424,441,0,54,12.786,3.707107,0,0,1,0,0,3,0,0,0,0,2,0
1773767979629,491,0,50,2.316,3.5856602,0,0,1,0,0,3,0,0,0,0,2,0
1773767991660,542,0,51,2.907,3.438527,0,0,1,0,0,3,0,0,0,0,2,0
1773768003683,592,0,50,3.269,3.2949781,0,0,1,0,0,3,0,0,0,0,2,0
1773768031803,643,0,51,6.392,3.206776,0,0,1,0,0,3,0,0,0,0,2,0
1773768045863,699,0,56,8.475,3.2594304,0,0,1,0,0,3,0,0,0,0,2,0
1773768057908,752,0,53,1.839,3.2315161,0,0,1,0,0,3,0,0,0,0,2,0
1773768069957,804,0,52,3.722,3.1292574,0,0,1,0,0,3,0,0,0,0,2,0
1773768098098,858,0,54,12.489,3.5915425,0,0,1,0,0,3,0,0,0,0,2,0
1773768112158,908,0,50,3.551,3.501413,0,0,1,0,0,3,0,0,0,0,2,0
1773768126215,961,0,53,2.054,3.4661076,0,0,1,0,0,3,0,0,0,0,2,0
1773768170388,1012,0,51,2.095,3.426277,0,0,1,0,0,3,0,0,0,0,2,0
1773768182430,1062,0,50,1.857,3.3938737,0,0,1,0,0,3,0,0,0,0,2,0
1773768200524,1121,0,59,1.061,3.3918076,0,0,1,0,0,3,0,0,0,0,2,0
1773768232659,1127,0.1,6,0,3.4343994,0,0,1,0,0,3,0,0,0,30000,2,0
1773768244681,1177,0,50,2.947,3.3676147,0,0,1,0,0,3,0,0,0,0,2,0
1773768258740,1232,0,55,3.542,3.2984755,0,0,1,0,0,3,0,0,0,0,2,0
1773768304949,1282,0,50,5.805,3.249882,0,0,1,0,0,3,0,0,0,0,2,0
1773768321020,1332,0,50,1.691,3.2210855,0,0,1,0,0,3,0,0,0,0,2,0
1773768335070,1382,0,50,13.716,3.6514838,0,0,1,0,0,3,0,0,0,0,2,0
1773768365225,1382,0.35,0,0,3.6772401,0,0,1,0,0,3,0,0,0,30000,2,0
1773768379254,1441,0,59,6.88,3.64532,0,0,1,0,0,3,0,0,0,0,2,0
1773768606662,52,0,52,1.462,0,0,0,1,1,0,3,0,0,0,0,3,0
1773768628754,103,0,51,3.978,1.2579999,0,0,1,0,0,3,0,0,0,0,3,0
1773768658877,158,0,55,1.914,1.0951741,0,0,1,0,0,3,0,0,0,0,3,0
1773768689006,220,0,62,3.976,1.1556032,0,0,1,0,0,3,0,0,0,0,3,0
1773768725199,273,0,53,3.418,1.059804,0,0,1,0,0,3,0,0,0,0,3,0
1773768745308,324,0,51,3.039,0.96803784,0,0,1,0,0,3,0,0,0,0,3,0
1773768779458,383,0,59,2.891,0.89659786,0.15254237,0.15254237,1,0,0,3,0,0,0,0,3,1
1773768799569,435,0,52,26.545,7.8469386,0.26923078,0.116688415,1,0,0,4,0,0,0,0,3,2
1773768821694,486,0,51,9.817,7.499731,0.27450982,0.0052790344,1,0,0,4,0,0,0,0,3,2
1773768851829,538,0,52,3.78,7.1561284,0.44230768,0.16779786,1,0,0,4,0,0,0,0,3,3
1773768873895,594,0,56,1.099,6.971857,0.4107143,-0.031593382,1,0,0,4,0,0,0,0,3,3
1773768924145,643,0.1,49,0,6.853952,0,-0.4107143,1,0,0,4,0,0,0,30000,3,3
1773768926153,663,0,20,2.588,6.6206307,0.33333334,0.33333334,1,0,0,4,0,0,0,0,3,3
1773768946307,718,0,55,2.382,6.4143095,0.4181818,0.08484846,1,0,0,4,0,0,0,0,3,3
1773768988479,750,0.1,32,0,6.3103757,0,-0.4181818,1,0,0,4,0,0,0,30000,3,3
1773768996515,772,0,22,17.48,6.875026,0.42592594,0.42592594,1,0,0,4,0,0,0,0,3,3
1773769012590,823,0,51,4.767,6.6708183,0.4509804,0.025054455,1,0,0,4,0,0,0,0,3,3
1773769062822,879,0,56,1.956,6.5264535,0.4107143,-0.040266097,1,0,0,4,0,0,0,0,3,3
1773769080882,930,0,51,6.589,6.361544,0.4509804,0.040266097,1,0,0,4,0,0,0,0,3,3
1773769123047,954,0.1,24,0,6.300893,0,-0.4509804,1,0,0,4,0,0,0,30000,3,3
1773769139118,980,0,26,3.063,6.161259,0.46,0.46,1,0,0,4,0,0,0,0,3,3
1773769169248,1031,0,51,3.344,6.0272098,0.4509804,-0.009019613,1,0,0,4,0,0,0,0,3,3
1773769193354,1087,0,56,2.316,5.915269,0.4107143,-0.040266097,1,0,0,4,0,0,0,0,3,3
1773769213438,1137,0,50,3.732,5.79348,0.46,0.04928571,1,0,0,4,0,0,0,0,3,3
1773769249582,1192,0,55,3.601,5.679729,0.4181818,-0.0418182,1,0,0,4,0,0,0,0,3,3
1773769273687,1247,0,55,4.713,5.5695205,0.4181818,0,1,0,0,4,0,0,0,0,3,3
1773769315891,1299,0,52,3.635,5.468175,0.44230768,0.024125874,1,0,0,4,0,0,0,0,3,3
1773769338021,1350,0,51,1.387,5.4010587,0.4509804,0.008672714,1,0,0,4,0,0,0,0,3,3
1773769370165,1400,0,50,1.918,5.3265595,0.46,0.009019613,1,0,0,4,0,0,0,0,3,3
1773769390245,1450,0,50,3.577,5.2387466,0.46,0,1,0,0,4,0,0,0,0,3,3
1773769410342,1502,0,52,16.796,5.6066594,0.44230768,-0.017692327,1,0,0,4,0,0,0,0,3,3
1773769442454,1554,0,52,3.674,5.521258,0.44230768,0,1,0,0,4,0,0,0,0,3,3
1773769466556,1607,0,53,1.743,5.46006,0.43396226,-0.008345425,1,0,0,4,0,0,0,0,3,3
1773769500690,1657,0,50,3.208,5.384167,0.46,0.026037753,1,0,0,4,0,0,0,0,3,3
1773769528867,1708,0,51,213.088,35.146606,0.4509804,-0.009019613,1,0,0,4,0,0,0,0,3,3
1773769567062,1758,0,50,1.887,34.683907,0.46,0.009019613,1,0,0,4,0,0,0,0,3,3
1773769595177,1809,0,51,2.679,34.234074,0.4509804,-0.009019613,1,0,0,4,0,0,0,0,3,3
1773769615250,1860,0,51,4.757,33.79127,0.4509804,0,1,0,0,4,0,0,0,0,3,3
1773769659427,1911,0,51,3.25,33.371872,0.4509804,0,1,0,0,4,0,0,0,0,3,3
1773769679508,1963,0,52,7.517,32.95392,0.44230768,-0.008672714,1,0,0,4,0,0,0,0,3,3
1773769715649,2019,0,56,5.674,32.55545,0.4107143,-0.031593382,1,0,0,4,0,0,0,0,3,3
1773769735741,2069,0,50,2.276,32.18488,0.46,0.04928571,1,0,0,4,0,0,0,0,3,3
1773769771885,2123,0,54,3.229,31.822107,0.42592594,-0.034074068,1,0,0,4,0,0,0,0,3,3
1773769791982,2176,0,53,2.17,31.476217,0.43396226,0.008036315,1,0,0,4,0,0,0,0,3,3
1773769816064,2230,0,54,3.723,31.13465,0.42592594,-0.008036315,1,0,0,4,0,0,0,0,3,3
1773769864248,2282,0,52,4.218,30.802242,0.44230768,0.01638174,1,0,0,4,0,0,0,0,3,3
1773769884302,2332,0,50,3.644,30.482191,0.46,0.017692327,1,0,0,4,0,0,0,0,3,3
1773769920481,2382,0,50,1.157,30.182623,0.46,0,1,0,0,4,0,0,0,0,3,3
1773769940559,2438,0,56,2.751,29.884565,0.4107143,-0.04928571,1,0,0,4,0,0,0,0,3,3
1773769984746,2490,0,52,11.438,29.587072,0.44230768,0.031593382,1,0,0,4,0,0,0,0,3,3
1773770016933,2541,0,51,3.34,29.304497,0.4509804,0.008672714,1,0,0,4,0,0,0,0,3,3
1773770059186,2593,0,52,1.39,29.037569,0.44230768,-0.008672714,1,0,0,4,0,0,0,0,3,3
1773770081284,2647,0,54,1.602,28.77684,0.42592594,-0.01638174,1,0,0,4,0,0,0,0,3,3
1773770117501,2700,0,53,0.996,28.52564,0.43396226,0.008036315,1,0,0,4,0,0,0,0,3,3
1773770137578,2750,0,50,1.597,28.27831,0.46,0.026037753,1,0,0,4,0,0,0,0,3,3
1773770175836,2805,0,55,1.365,28.03822,0.4181818,-0.0418182,1,0,0,4,0,0,0,0,3,3
1773770195921,2855,0,50,6.024,27.792185,0.46,0.0418182,1,0,0,4,0,0,0,0,3,3
1773770216012,2907,0,52,3.209,27.558016,0.44230768,-0.017692327,1,0,0,4,0,0,0,0,3,3
1773770258173,2960,0,53,3.486,27.328922,0.5471698,0.104862124,1,0,0,4,0,0,0,0,3,4
1773770284250,3010,0,50,3.53,27.105335,0.7,0.15283018,1,0,0,4,0,0,0,0,3,5
1773770368588,3060,0,50,3.53,26.887146,0.7,0,1,0,0,4,0,0,0,0,3,5
1773770418876,3111,0,51,3.53,26.674133,0.6862745,-0.01372546,1,0,0,4,0,0,0,0,3,5
1773770481075,3161,0,50,3.53,26.466106,0.7,0.01372546,1,0,0,4,0,0,0,0,3,5
1773770543395,3211,0,50,3.53,26.262867,0.7,0,1,0,0,4,0,0,0,0,3,5
1773770603652,3261,0,50,3.53,26.256916,0.7,0,1,0,0,4,0,0,0,0,3,5
1773770664033,3311,0,50,3.53,26.257868,0.7,0,1,0,0,4,0,0,0,0,3,5
1773770730338,3362,0,51,3.53,26.253414,0.6862745,-0.01372546,1,0,0,4,0,0,0,0,3,5
1773770817173,3412,0,50,3.53,26.254374,0.7,0.01372546,1,0,0,4,0,0,0,0,3,5
1773770919619,3462,0,50,3.53,26.254107,0.7,0,1,0,0,4,0,0,0,0,3,5
1773770985880,3514,0,52,3.53,26.252926,0.6730769,-0.02692306,1,0,0,4,0,0,0,0,3,5
1773771048125,3565,0,51,3.53,26.251333,0.6862745,0.013197601,1,0,0,4,0,0,0,0,3,5
1773771110381,3615,0,50,3.53,26.143799,0.7,0.01372546,1,0,0,4,0,0,0,0,3,5
1773771174623,3666,0,51,3.53,26.144936,0.6862745,-0.01372546,1,0,0,4,0,0,0,0,3,5
1773771246890,3718,0,52,3.53,26.14542,0.6730769,-0.013197601,1,0,0,4,0,0,0,0,3,5
1773771317198,3768,0,50,3.53,26.138695,0.7,0.02692306,1,0,0,4,0,0,0,0,3,5
1773771387524,3818,0,50,3.53,26.127678,0.7,0,1,0,0,4,0,0,0,0,3,5
1773771467839,3868,0,50,3.53,26.12544,0.7,0,1,0,0,4,0,0,0,0,3,5
1773771538142,3919,0,51,3.53,26.122631,0.6862745,-0.01372546,1,0,0,4,0,0,0,0,3,5
1773771606395,3970,0,51,3.53,26.111414,0.6862745,0,1,0,0,4,0,0,0,0,3,5
1773771674743,3991,0.1,21,0,26.092865,0,-0.6862745,1,0,0,4,0,0,0,30000,3,5
1773806737461,68,0,68,6.931,0,0,0,1,1,0,3,0,0,0,0,2,0
1773806759546,119,0,51,6.62,0.15550017,0,0,1,0,0,3,0,0,0,0,2,0
1773806801728,174,0,55,6.475,0.19022867,0,0,1,0,0,3,0,0,0,0,2,0
1773806815784,226,0,52,26.073,8.4010515,0,0,1,0,0,3,0,0,0,0,2,0
1773806864029,283,0,57,3.783,8.127218,0,0,1,0,0,3,0,0,0,0,2,0
1773806878111,338,0,55,4.319,7.712871,0,0,1,0,0,3,0,0,0,0,2,0
1773806928309,400,0,62,4.7,7.299968,0,0,1,0,0,3,0,0,0,0,2,0
1773806952368,451,0,51,3.46,7.022328,0,0,1,0,0,3,0,0,0,0,2,0
1773806996548,505,0,54,4.169,6.718074,0,0,1,0,0,3,0,0,0,0,2,0
1773807016650,557,0,52,3.876,6.460031,0,0,1,0,0,3,0,0,0,0,2,0
1773807068887,611,0,54,3.362,6.2495227,0,0,1,0,0,3,0,0,0,0,2,0
1773807088939,663,0,52,5.269,5.996633,0,0,1,0,0,3,0,0,0,0,2,0
1773807119113,663,0.35,0,0,6.022772,0,0,1,0,0,3,0,0,0,30000,2,0
1773807131154,718,0,55,2.81,5.864463,0,0,1,0,0,3,0,0,0,0,2,0
1773807155294,770,0,52,7.498,5.6805716,0,0,1,0,0,3,0,0,0,0,2,0
1773807183340,825,0,55,3.118,5.542935,0,0,1,0,0,3,0,0,0,0,2,0
1773807209466,879,0,54,1.835,5.45692,0,0,1,0,0,3,0,0,0,0,2,0
1773807249643,940,0,61,2.932,5.3368936,0,0,1,0,0,3,0,0,0,0,2,0
1773807261695,1000,0,60,3.313,5.215446,0,0,1,0,0,3,0,0,0,0,2,0
1773807271728,1054,0,54,4.05,5.0905867,0,0,1,0,0,3,0,0,0,0,2,0
1773807342091,1106,0,52,4.13,4.97342,0,0,1,0,0,3,0,0,0,0,2,0
1773807384290,1152,0.1,46,0,4.977308,0,0,1,0,0,3,0,0,0,30000,2,0
1773807390328,1172,0,20,3.088,4.882563,0,0,1,0,0,3,0,0,0,0,2,0
1773807416410,1223,0,51,3.4,4.7886724,0,0,1,0,0,3,0,0,0,0,2,0
1773807456592,1276,0,53,2.702,4.7099075,0,0,1,0,0,3,0,0,0,0,2,0
1773807482711,1327,0,51,2.968,4.630669,0,0,1,0,0,3,0,0,0,0,2,0
1773807534956,1380,0,53,2.473,4.5626554,0,0,1,0,0,3,0,0,0,0,2,0
1773807605278,1431,0,51,1.687,4.51224,0,0,1,0,0,3,0,0,0,0,2,0
1773807653484,1490,0,59,5.643,4.4389606,0,0,1,0,0,3,0,0,0,0,2,0
1773807665528,1543,0,53,3.305,4.369675,0,0,1,0,0,3,0,0,0,0,2,0
1773807685614,1599,0,56,5.77,4.3047857,0,0,1,0,0,3,0,0,0,0,2,0
1773807735884,1652,0,53,5.733,4.2423444,0,0,1,0,0,3,0,0,0,0,2,0
1773807770033,1702,0,50,79.409,13.49575,0,0,1,0,0,3,0,0,0,0,2,0
1773807804189,1762,0,60,3.578,13.307048,0,0,1,0,0,3,0,0,0,0,2,0
1773807856462,1818,0,56,2.701,13.132649,0,0,1,0,0,3,0,0,0,0,2,0
1773807884569,1870,0,52,7.396,12.949618,0,0,1,0,0,3,0,0,0,0,2,0
1773807918727,1880,0.1,10,0,12.818553,0,0,1,0,0,3,0,0,0,30000,2,0
1773807938828,1930,0,50,5.117,12.650558,0,0,1,0,0,3,0,0,0,0,2,0
1773807989086,1982,0,52,2.446,12.503052,0,0,1,0,0,3,0,0,0,0,2,0
1773808005136,2033,0,51,1.195,12.371588,0,0,1,0,0,3,0,0,0,0,2,0
1773808053400,2083,0,50,1.536,12.240792,0,0,1,0,0,3,0,0,0,0,2,0
1773808075490,2133,0,50,2.374,12.10731,0,0,1,0,0,3,0,0,0,0,2,0
1773808131692,2186,0,53,4.659,11.96736,0,0,1,0,0,3,0,0,0,0,2,0
1773808185971,2241,0,55,2.826,11.839751,0,0,1,0,0,3,0,0,0,0,2,0
1773808208082,2296,0,55,5.009,11.708162,0,0,1,0,0,3,0,0,0,0,2,0
1773808262327,2350,0,54,4.704,11.581431,0,0,1,0,0,3,0,0,0,0,2,0
1773808288436,2400,0,50,4.569,11.45902,0,0,1,0,0,3,0,0,0,0,2,0
1773808318553,2400,0.35,0,0,11.369336,0,0,1,0,0,3,0,0,0,30000,2,0
1773808340671,2453,0,53,3.168,11.258365,0,0,1,0,0,3,0,0,0,0,2,0
1773808384850,2503,0,50,3.033,11.151169,0,0,1,0,0,3,0,0,0,0,2,0
1773808408946,2555,0,52,3.609,11.044698,0,0,1,0,0,3,0,0,0,0,2,0
1773808447129,2582,0.1,27,0,10.964466,0,0,1,0,0,3,0,0,0,30000,2,0
1773808455173,2606,0,24,1.225,10.875658,0,0,1,0,0,3,0,0,0,0,2,0
1773808471207,2658,0,52,6.682,10.775963,0,0,1,0,0,3,0,0,0,0,2,0
1773808521438,2711,0,53,2.894,10.682731,0,0,1,0,0,3,0,0,0,0,2,0
1773808533485,2763,0,52,1.17,10.601303,0,0,1,0,0,3,0,0,0,0,2,0
1773808585688,2809,0.1,46,0,10.530601,0,0,1,0,0,3,0,0,0,30000,2,0
1773808597730,2831,0,22,3.26,10.4423895,0,0,1,0,0,3,0,0,0,0,2,0
1773808615809,2887,0,56,1.565,10.363789,0,0,1,0,0,3,0,0,0,0,2,0
1773808661981,2943,0,56,4.961,10.277072,0,0,1,0,0,3,0,0,0,0,2,0
1773808684106,3000,0,57,28.361,10.612693,0,0,1,0,0,3,0,0,0,0,2,0
1773808724242,3058,0,58,7.869,10.5311365,0,0,1,0,0,3,0,0,0,0,2,0
1773808740290,3110,0,52,2.642,10.453314,0,0,1,0,0,3,0,0,0,0,2,0
1773808792455,3169,0,59,4.018,10.372849,0,0,1,0,0,3,0,0,0,0,2,0
1773808816522,3223,0,54,3.238,10.374608,0,0,1,0,0,3,0,0,0,0,2,0
1773808866728,3273,0,50,5.231,10.3734255,0,0,1,0,0,3,0,0,0,0,2,0
1773808914943,3323,0,50,4.64,10.372812,0,0,1,0,0,3,0,0,0,0,2,0
1773808933030,3373,0,50,2.037,10.044596,0,0,1,0,0,3,0,0,0,0,2,0
1773808949098,3428,0,55,27.058,10.410601,0,0,1,0,0,3,0,0,0,0,2,0
1773808991284,3478,0,50,3.559,10.412156,0,0,1,0,0,3,0,0,0,0,2,0
1773809015379,3532,0,54,4.014,10.413117,0,0,1,0,0,3,0,0,0,0,2,0
1773809057527,3582,0,50,1.752,10.419951,0,0,1,0,0,3,0,0,0,0,2,0
1773809097697,3632,0,50,13.27,10.466093,0,0,1,0,0,3,0,0,0,0,2,0
1773809129823,3684,0,52,7.752,10.4683,0,0,1,0,0,3,0,0,0,0,2,0
1773809157944,3734,0,50,3.213,10.468784,0,0,1,0,0,3,0,0,0,0,2,0
1773809198085,3790,0,56,4.482,10.469462,0,0,1,0,0,3,0,0,0,0,2,0
1773809216148,3840,0,50,8.533,10.453555,0,0,1,0,0,3,0,0,0,0,2,0
1773809258328,3895,0,55,1.783,10.458583,0,0,1,0,0,3,0,0,0,0,2,0
1773809302527,3945,0,50,2.664,10.461808,0,0,1,0,0,3,0,0,0,0,2,0
1773809336633,3995,0,50,3.521,10.460499,0,0,1,0,0,3,0,0,0,0,2,0
1773809376786,4017,0.1,22,0,10.473004,0,0,1,0,0,3,0,0,0,30000,2,0
1773809386838,4056,0,39,8.61,10.475198,0,0,1,0,0,3,0,0,0,0,2,0
1773809400891,4108,0,52,2.892,10.476736,0,0,1,0,0,3,0,0,0,0,2,0
1773809449097,4158,0,50,5.556,10.475032,0,0,1,0,0,3,0,0,0,0,2,0
1773809467160,4209,0,51,3.44,10.476866,0,0,1,0,0,3,0,0,0,0,2,0
1773809503266,4262,0,53,7.996,10.457451,0.018867925,0.018867925,1,0,0,3,0,0,0,0,2,2
1773809521330,4318,0,56,19.871,10.598458,0.125,0.106132075,1,0,0,3,0,0,0,0,2,3
1773809531356,4368,0,50,2.996,10.600098,0.2,0.075,1,0,0,3,0,0,0,0,2,3
1773809557477,4419,0,51,4.227,10.594497,0.19607843,-0.0039215684,1,0,0,3,0,0,0,0,2,3
1773809577559,4469,0,50,2.243,10.598082,0.2,0.0039215684,1,0,0,3,0,0,0,0,2,3
1773809599664,4524,0,55,5.806,10.589027,0.18181819,-0.018181816,1,0,0,3,0,0,0,0,2,3
1773809627771,4586,0,62,2.975,10.582016,0.16129032,-0.02052787,1,0,0,3,0,0,0,0,2,3
1773809645875,4641,0,55,3.591,10.586243,0.18181819,0.02052787,1,0,0,3,0,0,0,0,2,3
1773809655892,4695,0,54,3.045,10.587324,0.18518518,0.0033669919,1,0,0,3,0,0,0,0,2,3
1773809673930,4746,0,51,6.524,10.587491,0.19607843,0.0108932555,1,0,0,3,0,0,0,0,2,3
1773809720120,4796,0,50,7.208,10.588483,0.2,0.0039215684,1,0,0,3,0,0,0,0,2,3
1773809738201,4865,0,69,8.401,5.1800413,0.14492753,-0.05507247,1,0,0,3,0,0,0,0,2,3
1773809774335,4895,0.1,30,0,5.2133927,0,-0.14492753,1,0,0,3,0,0,0,30000,2,3
1773809780339,4922,0,27,2.868,5.2123523,0.1754386,0.1754386,1,0,0,3,0,0,0,0,2,3
1773809798430,4973,0,51,4.101,5.2033525,0.19607843,0.020639837,1,0,0,3,0,0,0,0,2,3
1773809826515,5032,0,59,3.196,5.17217,0.16949153,-0.026586905,1,0,0,3,0,0,0,0,2,3
1773809842573,5088,0,56,3.128,5.1765203,0.17857143,0.009079903,1,0,0,3,0,0,0,0,2,3
1773809858633,5141,0,53,3.598,5.170194,0.18867925,0.010107815,1,0,0,3,0,0,0,0,2,3
1773809886749,5196,0,55,10.345,5.193628,0.18181819,-0.006861061,1,0,0,3,0,0,0,0,2,3
1773809908841,5248,0,52,9.747,5.2080626,0.1923077,0.0104895085,1,0,0,3,0,0,0,0,2,3
1773809918888,5304,0,56,1.745,5.213827,0.17857143,-0.013736263,1,0,0,3,0,0,0,0,2,3
1773809940930,5362,0,58,3.623,5.216811,0.1724138,-0.0061576366,1,0,0,3,0,0,0,0,2,3
1773809963042,5414,0,52,8.42,5.224929,0.1923077,0.0198939,1,0,0,3,0,0,0,0,2,3
1773809989130,5464,0,50,4.253,5.2261605,0.2,0.0076923072,1,0,0,3,0,0,0,0,2,3
1773810009233,5515,0,51,2.319,5.237841,0.19607843,-0.0039215684,1,0,0,3,0,0,0,0,2,3
1773810041350,5567,0,52,12.326,5.312608,0.1923077,-0.0037707388,1,0,0,3,0,0,0,0,2,3
1773810055402,5623,0,56,2.788,5.2806816,0.17857143,-0.013736263,1,0,0,3,0,0,0,0,2,3
1773810065456,5677,0,54,3.94,5.2766843,0.18518518,0.0066137463,1,0,0,3,0,0,0,0,2,3
1773810075486,5727,0,50,3.357,5.2746525,0.2,0.014814824,1,0,0,3,0,0,0,0,2,3
1773810107599,5782,0,55,6.35,5.271756,0.18181819,-0.018181816,1,0,0,3,0,0,0,0,2,3
1773810121665,5832,0,50,1.567,5.2504125,0.2,0.018181816,1,0,0,3,0,0,0,0,2,3
1773810133692,5887,0,55,7.529,5.2305975,0.18181819,-0.018181816,1,0,0,3,0,0,0,0,2,3
1773810179891,5940,0,53,2.303,5.2430587,0.18867925,0.006861061,1,0,0,3,0,0,0,0,2,3
1773810207986,5990,0,50,2.078,5.250154,0.2,0.011320755,1,0,0,3,0,0,0,0,2,3
1773810248122,6042,0,52,2.868,5.2329774,0.1923077,-0.0076923072,1,0,0,3,0,0,0,0,2,3
1773810268235,6092,0,50,10.263,5.221488,0.2,0.0076923072,1,0,0,3,0,0,0,0,2,3
1773810296344,6143,0,51,3.906,5.217604,0.19607843,-0.0039215684,1,0,0,3,0,0,0,0,2,3
1773810312423,6197,0,54,1.874,5.214014,0.18518518,-0.0108932555,1,0,0,3,0,0,0,0,2,3
1773810322461,6252,0,55,3.102,5.222669,0.18181819,-0.0033669919,1,0,0,3,0,0,0,0,2,3
1773810332492,6304,0,52,3.303,4.3690743,0.1923077,0.0104895085,1,0,0,3,0,0,0,0,2,3
1773810364653,6356,0,52,4.489,4.356668,0.1923077,0,1,0,0,3,0,0,0,0,2,3
1773810378695,6406,0,50,3.249,4.351905,0.2,0.0076923072,1,0,0,3,0,0,0,0,2,3
1773810402825,6464,0,58,19.104,4.6810184,0.1724138,-0.027586207,1,0,0,3,0,0,0,0,2,3
1773810446998,6524,0,60,7.037,4.677655,0.16666667,-0.0057471246,1,0,0,3,0,0,0,0,2,3
1773810469106,6582,0,58,3.157,4.6861134,0.1724138,0.0057471246,1,0,0,3,0,0,0,0,2,3
1773810503265,6600,0.1,18,0,4.7329683,0,-0.1724138,1,0,0,3,0,0,0,30000,2,3
1773810513289,6633,0,33,3.197,4.7225423,0.19607843,0.19607843,1,0,0,3,0,0,0,0,2,3
1773810535367,6686,0,53,2.111,3.8662386,0.18867925,-0.0073991865,1,0,0,3,0,0,0,0,2,3
1773810561493,6741,0,55,2.874,3.8710356,0.18181819,-0.006861061,1,0,0,3,0,0,0,0,2,3
1773810577563,6791,0,50,4.326,3.8700562,0.2,0.018181816,1,0,0,3,0,0,0,0,2,3
1773810593635,6841,0,50,1.717,3.8705108,0.2,0,1,0,0,3,0,0,0,0,2,3
1773810635846,6879,0.1,38,0,3.7734377,0,-0.2,1,0,0,3,0,0,0,30000,2,3
1773810639862,6896,0,17,6.213,3.7590556,0.18181819,0.18181819,1,0,0,3,0,0,0,0,2,3
1773810659927,6946,0,50,2.561,3.7640004,0.2,0.018181816,1,0,0,3,0,0,0,0,2,3
1773810686026,6997,0,51,4.77,3.7639003,0.19607843,-0.0039215684,1,0,0,3,0,0,0,0,2,3
1773810708121,7047,0,50,1.748,3.7503207,0.2,0.0039215684,1,0,0,3,0,0,0,0,2,3
1773810724173,7105,0,58,3.671,3.7353926,0.1724138,-0.027586207,1,0,0,3,0,0,0,0,2,3
1773810762321,7155,0,50,45.304,6.26824,0.2,0.027586207,1,0,0,3,0,0,0,0,2,3
1773810786368,7209,0,54,3.448,6.268571,0.18518518,-0.014814824,1,0,0,3,0,0,0,0,2,3
1773810836574,7267,0,58,3.015,6.23982,0.1724138,-0.012771383,1,0,0,3,0,0,0,0,2,3
1773810848620,7330,0,63,2.973,6.232934,0.15873016,-0.013683632,1,0,0,3,0,0,0,0,2,3
1773810904811,7385,0,55,2.662,6.2343645,0.18181819,0.023088023,1,0,0,3,0,0,0,0,2,3
1773810924883,7439,0,54,3.274,6.239072,0.18518518,0.0033669919,1,0,0,3,0,0,0,0,2,3
1773810973075,7492,0,53,3.059,6.2409496,0.18867925,0.003494069,1,0,0,3,0,0,0,0,2,3
1773810987117,7542,0,50,2.759,6.2382774,0.2,0.011320755,1,0,0,3,0,0,0,0,2,3
1773811037288,7600,0,58,3.807,5.9570646,0.1724138,-0.027586207,1,0,0,3,0,0,0,0,2,3
1773811053337,7656,0,56,1.931,5.9637933,0.17857143,0.0061576366,1,0,0,3,0,0,0,0,2,3
1773811101526,7708,0,52,3.989,5.9642634,0.1923077,0.013736263,1,0,0,3,0,0,0,0,2,3
1773811117574,7761,0,53,1.925,5.966575,0.18867925,-0.0036284477,1,0,0,3,0,0,0,0,2,3
1773811169818,7825,0,64,1.575,5.9791155,0.15625,-0.032429248,1,0,0,3,0,0,0,0,2,3
1773811179849,7877,0,52,4.417,5.9749475,0.1923077,0.036057696,1,0,0,3,0,0,0,0,2,3
1773811191893,7938,0,61,1.229,5.9896584,0.16393442,-0.028373271,1,0,0,3,0,0,0,0,2,3
1773811236083,7989,0,51,1.669,5.998296,0.19607843,0.03214401,1,0,0,3,0,0,0,0,2,3
1773811248111,8049,0,60,3.87,5.9950924,0.16666667,-0.029411763,1,0,0,3,0,0,0,0,2,3
1773811258133,8106,0,57,3.568,5.988416,0.1754386,0.008771926,1,0,0,3,0,0,0,0,2,3
1773811300282,8157,0,51,1.889,5.979239,0.19607843,0.020639837,1,0,0,3,0,0,0,0,2,3
1773811316327,8209,0,52,7.135,5.9597664,0.1923077,-0.0037707388,1,0,0,3,0,0,0,0,2,3
1773811334398,8260,0,51,2.193,5.9635344,0.19607843,0.0037707388,1,0,0,3,0,0,0,0,2,3
1773811364505,8260,0.35,0,0,5.9911165,0,-0.19607843,1,0,0,3,0,0,0,30000,2,3
1773811378531,8316,0,56,5.767,5.9902453,0.17857143,0.17857143,1,0,0,3,0,0,0,0,2,3
1773811396606,8372,0,56,4.531,5.9872694,0.17857143,0,1,0,0,3,0,0,0,0,2,3
1773811432766,8395,0.1,23,0,6.013749,0,-0.17857143,1,0,0,3,0,0,0,30000,2,3
1773811438794,8427,0,32,2.999,5.9729137,0.18181819,0.18181819,1,0,0,3,0,0,0,0,2,3
1773811462922,8494,0,67,5.086,5.9365835,0.14925373,-0.03256446,1,0,0,3,0,0,0,0,2,3
1773811487035,8548,0,54,4.336,5.9271026,0.18518518,0.035931453,1,0,0,3,0,0,0,0,2,3
1773811503095,8603,0,55,23.293,6.369706,0.18181819,-0.0033669919,1,0,0,3,0,0,0,0,2,3
1773811515172,8654,0,51,6.97,6.359208,0.19607843,0.014260247,1,0,0,3,0,0,0,0,2,3
1773811527211,8706,0,52,6.384,6.362177,0.1923077,-0.0037707388,1,0,0,3,0,0,0,0,2,3
1773811565373,8738,0.1,32,0,6.382593,0,-0.1923077,1,0,0,3,0,0,0,30000,2,3
1773811569391,8764,0,26,1.638,6.3212366,0.1724138,0.1724138,1,0,0,3,0,0,0,0,2,3
1773811587482,8815,0,51,4.798,6.3173227,0.19607843,0.023664638,1,0,0,3,0,0,0,0,2,3
1773811635669,8867,0,52,4.042,6.317169,0.1923077,-0.0037707388,1,0,0,3,0,0,0,0,2,3
1773811647711,8919,0,52,4.346,6.3153253,0.1923077,0,1,0,0,3,0,0,0,0,2,3
1773811709907,8981,0,62,3.589,6.3127437,0.16129032,-0.031017378,1,0,0,3,0,0,0,0,2,3
1773811733974,9031,0,50,2.745,6.305674,0.26,0.09870967,1,0,0,3,0,0,0,0,2,4
1773811780151,9086,0,55,3.127,6.297227,0.23636363,-0.023636356,1,0,0,3,0,0,0,0,2,4
1773811792195,9141,0,55,1.432,6.302942,0.23636363,0,1,0,0,3,0,0,0,0,2,4
1773811840404,9194,0,53,2.428,6.300983,0.24528302,0.008919388,1,0,0,3,0,0,0,0,2,4
1773811850447,9250,0,56,6.991,6.3049254,0.23214285,-0.013140172,1,0,0,3,0,0,0,0,2,4
1773811894615,9299,0.1,49,0,6.2887373,0,-0.23214285,1,0,0,3,0,0,0,30000,2,4
1773811902631,9300,0,1,2.168,6.2946296,0.26,0.26,1,0,0,3,0,0,0,0,2,4
1773811914679,9352,0,52,9.179,6.3142,0.25,-0.00999999,1,0,0,3,0,0,0,0,2,4
1773811958829,9390,0.1,38,0,6.336632,0,-0.25,1,0,0,3,0,0,0,30000,2,4
1773811972881,9415,0,25,3.918,6.3353443,0.20634921,0.20634921,1,0,0,3,0,0,0,0,2,4
1773811996940,9466,0,51,2.384,6.3405905,0.25490198,0.048552766,1,0,0,3,0,0,0,0,2,4
1773812027045,9466,0.35,0,0,6.362818,0,-0.25490198,1,0,0,3,0,0,0,30000,2,4
1773812043109,9520,0,54,1.098,6.098133,0.24074075,0.24074075,1,0,0,3,0,0,0,0,2,4
1773812093300,9560,0.1,40,0,6.107597,0,-0.24074075,1,0,0,3,0,0,0,30000,2,4
1773812103330,9576,0,16,5.597,6.1099,0.23214285,0.23214285,1,0,0,3,0,0,0,0,2,4
1773812127410,9643,0,67,3.238,6.0897193,0.19402985,-0.038112998,1,0,0,3,0,0,0,0,2,4
1773812179639,9696,0,53,2.725,6.0910673,0.24528302,0.05125317,1,0,0,3,0,0,0,0,2,4
1773812193688,9747,0,51,5.348,6.0880256,0.25490198,0.009618953,1,0,0,3,0,0,0,0,2,4
1773812223845,9747,0.35,0,0,6.107625,0,-0.25490198,1,0,0,3,0,0,0,30000,2,4
1773812249925,9799,0,52,1.729,6.1144514,0.25,0.25,1,0,0,3,0,0,0,0,2,4
1773812261972,9853,0,54,2.815,6.109461,0.24074075,-0.009259254,1,0,0,3,0,0,0,0,2,4
1773812292074,9853,0.35,0,0,6.109461,0,-0.24074075,1,0,0,3,0,0,0,30000,2,4
1773812308130,9905,0,52,1.23,6.1131806,0.25,0.25,1,0,0,3,0,0,0,0,2,4
1773812326194,9969,0,64,3.54,6.1108494,0.203125,-0.046875,1,0,0,3,0,0,0,0,2,4
1773812356296,9969,0.35,0,0,6.129939,0,-0.203125,1,0,0,3,0,0,0,30000,2,4
1773812380404,10028,0,59,7.885,6.1432705,0.22033899,0.22033899,1,0,0,3,0,0,0,0,2,4
1773812438640,10083,0,55,2.657,6.145437,0.23636363,0.01602465,1,0,0,3,0,0,0,0,2,4
1773812456692,10133,0,50,3.812,3.2686465,0.26,0.023636356,1,0,0,3,0,0,0,0,2,4
1773812492812,10146,0.1,13,0,3.2948494,0,-0.26,1,0,0,3,0,0,0,30000,2,4
1773812506885,10192,0,46,1.221,3.304714,0.22033899,0.22033899,1,0,0,3,0,0,0,0,2,4
1773812516910,10244,0,52,3.669,3.3048792,0.25,0.029661015,1,0,0,3,0,0,0,0,2,4
1773812575107,10297,0,53,3.489,3.30407,0.24528302,-0.0047169775,1,0,0,3,0,0,0,0,2,4
1773812591164,10348,0,51,2.208,3.3067896,0.25490198,0.009618953,1,0,0,3,0,0,0,0,2,4
1773812625337,10364,0.1,16,0,3.331542,0,-0.25490198,1,0,0,3,0,0,0,30000,2,4
1773812643422,10416,0,52,2.837,3.331386,0.19117647,0.19117647,1,0,0,3,0,0,0,0,2,4
1773812653452,10468,0,52,4.214,3.3328774,0.25,0.058823526,1,0,0,3,0,0,0,0,2,4
1773812705671,10523,0,55,3.858,3.32969,0.23636363,-0.0136363655,1,0,0,3,0,0,0,0,2,4
1773812725717,10577,0,54,3.968,3.3296196,0.24074075,0.004377112,1,0,0,3,0,0,0,0,2,4
1773812757862,10584,0.1,7,0,3.3501916,0,-0.24074075,1,0,0,3,0,0,0,30000,2,4
1773812781931,10634,0,50,4.084,3.3452516,0.22807017,0.22807017,1,0,0,3,0,0,0,0,2,4
1773812824095,10686,0,52,29.147,4.6349626,0.25,0.02192983,1,0,0,3,0,0,0,0,2,4
1773812842151,10742,0,56,1.303,4.6343656,0.23214285,-0.01785715,1,0,0,3,0,0,0,0,2,4
1773812898370,10796,0,54,1.062,4.6390467,0.24074075,0.0085978955,1,0,0,3,0,0,0,0,2,4
1773812910434,10853,0,57,13.569,4.799438,0.22807017,-0.012670577,1,0,0,3,0,0,0,0,2,4
1773812954614,10886,0.1,33,0,4.8224835,0,-0.22807017,1,0,0,3,0,0,0,30000,2,4
1773812966646,10909,0,23,1.341,4.826256,0.23214285,0.23214285,1,0,0,3,0,0,0,0,2,4
1773812986732,10961,0,52,6.455,4.8195057,0.25,0.01785715,1,0,0,3,0,0,0,0,2,4
1773813022853,10975,0.1,14,0,4.838041,0,-0.25,1,0,0,3,0,0,0,30000,2,4
1773813034899,11019,0,44,1.034,4.827402,0.22413793,0.22413793,1,0,0,3,0,0,0,0,2,4
1773813052969,11070,0,51,2.785,4.8216877,0.25490198,0.030764043,1,0,0,3,0,0,0,0,2,4
1773813087114,11077,0.1,7,0,4.841616,0,-0.25490198,1,0,0,3,0,0,0,30000,2,4
1773813115233,11127,0,50,3.711,4.8204474,0.22807017,0.22807017,1,0,0,3,0,0,0,0,2,4
1773813153388,11152,0.1,25,0,4.8410635,0,-0.22807017,1,0,0,3,0,0,0,30000,2,4
1773813165450,11193,0,41,2.753,4.838529,0.1969697,0.1969697,1,0,0,3,0,0,0,0,2,4
1773813185528,11245,0,52,2.513,4.8392715,0.25,0.053030297,1,0,0,3,0,0,0,0,2,4
1773813217689,11253,0.1,8,0,4.169252,0,-0.25,1,0,0,3,0,0,0,30000,2,4
1773813247848,11307,0,54,1.669,4.145573,0.20967741,0.20967741,1,0,0,3,0,0,0,0,2,4
1773813308082,11364,0,57,4.903,4.1312284,0.22807017,0.018392757,1,0,0,3,0,0,0,0,2,4
1773813322120,11414,0,50,3.556,4.113487,0.26,0.03192982,1,0,0,3,0,0,0,0,2,4
1773813352267,11414,0.35,0,0,4.1277122,0,-0.26,1,0,0,3,0,0,0,30000,2,4
1773813376359,11468,0,54,3.077,4.122141,0.24074075,0.24074075,1,0,0,3,0,0,0,0,2,4
1773813420513,11500,0.1,32,0,4.137693,0,-0.24074075,1,0,0,3,0,0,0,30000,2,4
1773813434546,11527,0,27,1.227,4.1399946,0.22033899,0.22033899,1,0,0,3,0,0,0,0,2,4
1773813456645,11581,0,54,2.966,4.139231,0.24074075,0.020401761,1,0,0,3,0,0,0,0,2,4
1773813486808,11581,0.35,0,0,4.155301,0,-0.24074075,1,0,0,3,0,0,0,30000,2,4
1773813506883,11636,0,55,4.319,4.158925,0.23636363,0.23636363,1,0,0,3,0,0,0,0,2,4
1773813551040,11674,0.1,38,0,4.1707244,0,-0.23636363,1,0,0,3,0,0,0,30000,2,4
1773813555054,11690,0,16,1.706,4.1729655,0.24074075,0.24074075,1,0,0,3,0,0,0,0,2,4
1773813571109,11748,0,58,2.886,4.1408634,0.22413793,-0.016602814,1,0,0,3,0,0,0,0,2,4
1773813587140,11801,0,53,4.472,4.1303067,0.24528302,0.02114509,1,0,0,3,0,0,0,0,2,4
1773813617291,11801,0.35,0,0,4.145,0,-0.24528302,1,0,0,3,0,0,0,30000,2,4
1773813635348,11858,0,57,2.308,4.0682616,0.22807017,0.22807017,1,0,0,3,0,0,0,0,2,4
1773813687522,11908,0,50,2.381,4.053764,0.26,0.03192982,1,0,0,3,0,0,0,0,2,4
1773813707608,11961,0,53,2.421,4.0515156,0.24528302,-0.014716968,1,0,0,3,0,0,0,0,2,4
1773813751780,12004,0.1,43,0,4.065811,0,-0.24528302,1,0,0,3,0,0,0,30000,2,4
1773813761821,12016,0,12,3.145,4.051487,0.23636363,0.23636363,1,0,0,3,0,0,0,0,2,4
1773813781887,12067,0,51,2.687,4.0459676,0.25490198,0.01853834,1,0,0,3,0,0,0,0,2,4
1773813830064,12128,0,61,2.949,4.030523,0.21311475,-0.041787222,1,0,0,3,0,0,0,0,2,4
1773813840105,12179,0,51,2.621,4.015714,0.25490198,0.041787222,1,0,0,3,0,0,0,0,2,4
1773813854135,12231,0,52,2.369,4.015695,0.25,-0.0049019754,1,0,0,3,0,0,0,0,2,4
1773813902293,12284,0,53,2.584,4.0157695,0.24528302,-0.0047169775,1,0,0,3,0,0,0,0,2,4
1773813918415,12342,0,58,4.295,4.0073996,0.22413793,-0.02114509,1,0,0,3,0,0,0,0,2,4
1773813948550,12342,0.35,0,0,4.007399,0,-0.22413793,1,0,0,3,0,0,0,30000,2,4
1773813966658,12393,0,51,2.851,4.005249,0.25490198,0.25490198,1,0,0,3,0,0,0,0,2,4
1773814014824,12430,0.1,37,0,4.020161,0,-0.25490198,1,0,0,3,0,0,0,30000,2,4
1773814018840,12444,0,14,1.544,4.0082254,0.25490198,0.25490198,1,0,0,3,0,0,0,0,2,4
1773814040894,12495,0,51,10.22,4.1080785,0.25490198,0,1,0,0,3,0,0,0,0,2,4
1773814085062,12547,0,52,16.805,4.454624,0.25,-0.0049019754,1,0,0,3,0,0,0,0,2,4
1773814101116,12604,0,57,3.408,4.437373,0.22807017,-0.02192983,1,0,0,3,0,0,0,0,2,4
1773814149256,12645,0.1,41,0,4.4141817,0,-0.22807017,1,0,0,3,0,0,0,30000,2,4
1773814153278,12665,0,20,14.589,4.6399455,0.21311475,0.21311475,1,0,0,3,0,0,0,0,2,4
1773814177328,12730,0,65,3.468,4.639472,0.2,-0.01311475,1,0,0,3,0,0,0,0,2,4
1773814233532,12785,0,55,1.309,4.628064,0.23636363,0.03636363,1,0,0,3,0,0,0,0,2,4
1773814249589,12839,0,54,5.317,4.6278934,0.24074075,0.004377112,1,0,0,3,0,0,0,0,2,4
1773814300180,12892,0,53,3.619,4.6278377,0.24528302,0.0045422763,1,0,0,3,0,0,0,0,2,4
1773814316230,12943,0,51,1.823,4.6314564,0.25490198,0.009618953,1,0,0,3,0,0,0,0,2,4
1773814348361,12945,0.1,2,0,4.6475573,0,-0.25490198,1,0,0,3,0,0,0,30000,2,4
1773814364448,13005,0,60,4.863,4.633501,0.20967741,0.20967741,1,0,0,3,0,0,0,0,2,4
1773814420649,13057,0,52,2.772,4.633615,0.25,0.040322587,1,0,0,3,0,0,0,0,2,4
1773814444727,13108,0,51,3.224,4.6322813,0.25490198,0.0049019754,1,0,0,3,0,0,0,0,2,4
1773814480867,13123,0.1,15,0,4.6498456,0,-0.25490198,1,0,0,3,0,0,0,30000,2,4
1773814492902,13167,0,44,9.29,4.7091312,0.22033899,0.22033899,1,0,0,3,0,0,0,0,2,4
1773814506942,13228,0,61,3.898,4.6907835,0.21311475,-0.007224232,1,0,0,3,0,0,0,0,2,4
1773814547116,13247,0.1,19,0,4.7087255,0,-0.21311475,1,0,0,3,0,0,0,30000,2,4
1773814559144,13285,0,38,2.294,3.4058354,0.22807017,0.22807017,1,0,0,3,0,0,0,0,2,4
1773814577244,13337,0,52,5.722,3.417292,0.25,0.02192983,1,0,0,3,0,0,0,0,2,4
1773814613413,13346,0.1,9,0,3.4291284,0,-0.25,1,0,0,3,0,0,0,30000,2,4
1773814635515,13388,0,42,3.692,3.160096,0.25490198,0.25490198,1,0,0,3,0,0,0,0,2,4
1773814679703,13426,0.1,38,0,3.160096,0,-0.25490198,1,0,0,3,0,0,0,30000,2,4
1773814693731,13449,0,23,3.319,3.1552467,0.21311475,0.21311475,1,0,0,3,0,0,0,0,2,4
1773814713825,13501,0,52,6.606,3.1580033,0.25,0.036885247,1,0,0,3,0,0,0,0,2,4
1773814745980,13506,0.1,5,0,3.1580033,0,-0.25,1,0,0,3,0,0,0,30000,2,4
1773814760035,13553,0,47,3.843,3.1520672,0.25,0.25,1,0,0,3,0,0,0,0,2,4
1773814780097,13609,0,56,4.96,3.16249,0.23214285,-0.01785715,1,0,0,3,0,0,0,0,2,4
1773814812235,13614,0.1,5,0,3.16249,0,-0.23214285,1,0,0,3,0,0,0,30000,2,4
1773814838318,13661,0,47,4.927,3.1708202,0.25,0.25,1,0,0,3,0,0,0,0,2,4
1773814888498,13711,0,50,2.368,3.1500437,0.26,0.00999999,1,0,0,3,0,0,0,0,2,4
1773814908535,13761,0,50,4.209,3.1535988,0.26,0,1,0,0,3,0,0,0,0,2,4
1773814944693,13774,0.1,13,0,3.1749887,0,-0.26,1,0,0,3,0,0,0,30000,2,4
1773814958766,13811,0,37,7.461,3.2010095,0.26,0.26,1,0,0,3,0,0,0,0,2,4
1773814978843,13864,0,53,4.789,3.2029486,0.24528302,-0.014716968,1,0,0,3,0,0,0,0,2,4
1773815010950,13865,0.1,1,0,3.2181292,0,-0.24528302,1,0,0,3,0,0,0,30000,2,4
1773815023002,13915,0,50,3.077,3.2174988,0.25490198,0.25490198,1,0,0,3,0,0,0,0,2,4
1773815047118,13965,0,50,7.35,3.2379825,0.26,0.005098015,1,0,0,3,0,0,0,0,2,4
1773815077254,13965,0.35,0,0,3.2615676,0,-0.26,1,0,0,3,0,0,0,30000,2,4
1773815097329,14019,0,54,3.49,3.2382295,0.24074075,0.24074075,1,0,0,3,0,0,0,0,2,4
1773815107351,14070,0,51,4.104,3.2310002,0.25490198,0.014161229,1,0,0,3,0,0,0,0,2,4
1773815143515,14075,0.1,5,0,3.2553208,0,-0.25490198,1,0,0,3,0,0,0,30000,2,4
1773815171658,14128,0,53,5.086,3.2392042,0.22413793,0.22413793,1,0,0,3,0,0,0,0,2,4
1773815209804,14142,0.1,14,0,3.260966,0,-0.22413793,1,0,0,3,0,0,0,30000,2,4
1773815229882,14180,0,38,3.987,3.2377405,0.25,0.25,1,0,0,3,0,0,0,0,2,4
1773815282094,14240,0,60,3.242,3.2319973,0.21666667,-0.03333333,1,0,0,3,0,0,0,0,2,4
1773815296129,14295,0,55,8.456,3.295131,0.23636363,0.019696966,1,0,0,3,0,0,0,0,2,4
1773815348338,14355,0,60,5.862,3.3070323,0.21666667,-0.019696966,1,0,0,3,0,0,0,0,2,4
1773815362410,14413,0,58,4.533,3.282575,0.22413793,0.0074712634,1,0,0,3,0,0,0,0,2,4
1773815372479,14466,0,53,3.549,3.2794974,0.24528302,0.02114509,1,0,0,3,0,0,0,0,2,4
1773815416607,14521,0,55,4.114,3.2776384,0.23636363,-0.008919388,1,0,0,3,0,0,0,0,2,4
1773815432674,14584,0,63,2.236,3.2786582,0.20634921,-0.030014426,1,0,0,3,0,0,0,0,2,4
1773815474831,14612,0.1,28,0,3.2786582,0,-0.20634921,1,0,0,3,0,0,0,30000,2,4
1773815480846,14636,0,24,2.647,3.2800424,0.25,0.25,1,0,0,3,0,0,0,0,2,4
1773815498885,14699,0,63,2.917,3.2793014,0.20634921,-0.04365079,1,0,0,3,0,0,0,0,2,4
1773815541058,14733,0.1,34,0,3.3070269,0,-0.20634921,1,0,0,3,0,0,0,30000,2,4
1773815547081,14757,0,24,5.645,3.3166778,0.22413793,0.22413793,1,0,0,3,0,0,0,0,2,4
1773815573170,14807,0,50,6.929,3.340932,0.26,0.03586206,1,0,0,3,0,0,0,0,2,4
1773815621355,14857,0,50,2.528,3.341193,0.26,0,1,0,0,3,0,0,0,0,2,4
1773815677590,14914,0,57,4.574,3.342343,0.22807017,-0.03192982,1,0,0,3,0,0,0,0,2,4
1773815697665,14965,0,51,3.846,3.312327,0.25490198,0.026831806,1,0,0,3,0,0,0,0,2,4
1773815739843,14989,0.1,24,0,3.3413467,0,-0.25490198,1,0,0,3,0,0,0,30000,2,4
1773815749880,15017,0,28,3.977,3.3112123,0.25,0.25,1,0,0,3,0,0,0,0,2,4
1773815769939,15068,0,51,3.641,3.3007412,0.25490198,0.0049019754,1,0,0,3,0,0,0,0,2,4
1773815820128,15118,0,50,3.863,3.1959872,0.26,0.005098015,1,0,0,3,0,0,0,0,2,4
1773815836187,15168,0,50,3.327,2.7262242,0.26,0,1,0,0,3,0,0,0,0,2,4
1773815874374,15187,0.1,19,0,2.7577791,0,-0.26,1,0,0,3,0,0,0,30000,2,4
1773815884410,15220,0,33,3.561,2.726336,0.25,0.25,1,0,0,3,0,0,0,0,2,4
1773815906496,15272,0,52,3.136,2.3303945,0.25,0,1,0,0,3,0,0,0,0,2,4
1773815942669,15293,0.1,21,0,2.3631315,0,-0.25,1,0,0,3,0,0,0,30000,2,4
1773815958725,15322,0,29,2.166,2.3552203,0.26,0.26,1,0,0,3,0,0,0,0,2,4
1773816010945,15386,0,64,3.264,2.339252,0.203125,-0.05687499,1,0,0,3,0,0,0,0,2,4
1773816039036,15439,0,53,3.568,2.3390863,0.24528302,0.042158023,1,0,0,3,0,0,0,0,2,4
1773816073175,15448,0.1,9,0,2.3654783,0,-0.24528302,1,0,0,3,0,0,0,30000,2,4
1773816089247,15506,0,58,1.447,2.3427682,0.19402985,0.19402985,1,0,0,3,0,0,0,0,2,4
1773816141473,15562,0,56,2.882,2.332326,0.23214285,0.038112998,1,0,0,3,0,0,0,0,2,4
1773816157528,15618,0,56,4.404,2.337861,0.23214285,0,1,0,0,3,0,0,0,0,2,4
1773816211727,15668,0,50,2.014,2.3416219,0.26,0.02785714,1,0,0,3,0,0,0,0,2,4
1773816233816,15726,0,58,3.25,2.3094041,0.22413793,-0.03586206,1,0,0,3,0,0,0,0,2,4
1773816269989,15747,0.1,21,0,2.207086,0,-0.22413793,1,0,0,3,0,0,0,30000,2,4
1773816282063,15777,0,30,12.8,2.5189874,0.25490198,0.25490198,1,0,0,3,0,0,0,0,2,4
1773816308121,15827,0,50,3.05,2.488178,0.26,0.005098015,1,0,0,3,0,0,0,0,2,4
1773816354297,15879,0,52,3.393,2.4858823,0.25,-0.00999999,1,0,0,3,0,0,0,0,2,4
1773816368329,15933,0,54,4.717,2.4729445,0.24074075,-0.009259254,1,0,0,3,0,0,0,0,2,4
1773816416489,15983,0,50,3.575,2.4409041,0.26,0.019259244,1,0,0,3,0,0,0,0,2,4
1773816430530,16036,0,53,4.198,2.4432235,0.24528302,-0.014716968,1,0,0,3,0,0,0,0,2,4
1773816456634,16098,0,62,1.991,2.4143698,0.20967741,-0.03560561,1,0,0,3,0,0,0,0,2,4
1773816480728,16152,0,54,3.844,2.4154353,0.24074075,0.031063333,1,0,0,3,0,0,0,0,2,4
1773816496769,16205,0,53,2.582,2.3799422,0.24528302,0.0045422763,1,0,0,3,0,0,0,0,2,4
1773816524873,16257,0,52,56.231,6.9755464,0.25,0.0047169775,1,0,0,3,0,0,0,0,2,4
1773816534890,16309,0,52,2.876,6.977107,0.25,0,1,0,0,3,0,0,0,0,2,4
1773816552950,16370,0,61,3.125,6.9771724,0.21311475,-0.036885247,1,0,0,3,0,0,0,0,2,4
1773816591119,16421,0,51,17.837,7.163826,0.25490198,0.041787222,1,0,0,3,0,0,0,0,2,4
1773816607156,16471,0,50,19.204,7.3976474,0.26,0.005098015,1,0,0,3,0,0,0,0,2,4
1773816627247,16522,0,51,3.346,7.394143,0.25490198,-0.005098015,1,0,0,3,0,0,0,0,2,4
1773816667402,16573,0,51,6.824,7.3993087,0.25490198,0,1,0,0,3,0,0,0,0,2,4
1773816695489,16628,0,55,9.623,7.4020414,0.23636363,-0.01853834,1,0,0,3,0,0,0,0,2,4
1773816725636,16678,0,50,4.549,7.3941965,0.26,0.023636356,1,0,0,3,0,0,0,0,2,4
1773816747711,16733,0,55,5.053,7.394315,0.23636363,-0.023636356,1,0,0,3,0,0,0,0,2,4
1773816791863,16790,0,57,3.3,7.3727603,0.22807017,-0.008293465,1,0,0,3,0,0,0,0,2,4
1773816801890,16844,0,54,2.818,7.3737545,0.24074075,0.012670577,1,0,0,3,0,0,0,0,2,4
1773816817927,16895,0,51,15.258,7.481618,0.25490198,0.014161229,1,0,0,3,0,0,0,0,2,4
1773816850035,16948,0,53,7.762,7.4643903,0.24528302,-0.009618953,1,0,0,3,0,0,0,0,2,4
1773816868130,16999,0,51,1.896,7.472053,0.25490198,0.009618953,1,0,0,3,0,0,0,0,2,4
1773816886216,17050,0,51,2.093,7.4798875,0.25490198,0,1,0,0,3,0,0,0,0,2,4
1773816896262,17105,0,55,1.937,7.4637117,0.23636363,-0.01853834,1,0,0,3,0,0,0,0,2,4
1773816922359,17158,0,53,5.34,7.463836,0.24528302,0.008919388,1,0,0,3,0,0,0,0,2,4
1773816946441,17214,0,56,6.298,7.4389915,0.23214285,-0.013140172,1,0,0,3,0,0,0,0,2,4
1773816962494,17265,0,51,2.876,7.442816,0.25490198,0.022759125,1,0,0,3,0,0,0,0,2,4
1773816988600,17316,0,51,6.772,7.4422035,0.25490198,0,1,0,0,3,0,0,0,0,2,4
1773817004677,17369,0,53,2.727,7.435958,0.24528302,-0.009618953,1,0,0,3,0,0,0,0,2,4
1773817028728,17424,0,55,3.286,7.438305,0.23636363,-0.008919388,1,0,0,3,0,0,0,0,2,4
1773817058844,17476,0,52,3.906,7.439309,0.25,0.0136363655,1,0,0,3,0,0,0,0,2,4
1773817072889,17530,0,54,3.742,7.438769,0.24074075,-0.009259254,1,0,0,3,0,0,0,0,2,4
1773817094958,17580,0,50,9.074,7.4551544,0.26,0.019259244,1,0,0,3,0,0,0,0,2,4
1773817127086,17632,0,52,4.584,7.446949,0.25,-0.00999999,1,0,0,3,0,0,0,0,2,4
1773817151155,17685,0,53,4.13,7.4203672,0.24528302,-0.0047169775,1,0,0,3,0,0,0,0,2,4
1773817173244,17739,0,54,2.221,7.4228077,0.24074075,-0.0045422763,1,0,0,3,0,0,0,0,2,4
1773817193328,17791,0,52,10.944,7.4517307,0.25,0.009259254,1,0,0,3,0,0,0,0,2,4
1773817213435,17841,0,50,5.062,7.4220924,0.26,0.00999999,1,0,0,3,0,0,0,0,2,4
1773817235501,17891,0,50,1.966,7.43388,0.26,0,1,0,0,3,0,0,0,0,2,4
1773817261578,17944,0,53,4.723,7.4313593,0.24528302,-0.014716968,1,0,0,3,0,0,0,0,2,4
1773817279680,17995,0,51,3.597,7.4263873,0.25490198,0.009618953,1,0,0,3,0,0,0,0,2,4
1773817303756,18050,0,55,3.614,7.4287705,0.23636363,-0.01853834,1,0,0,3,0,0,0,0,2,4
1773817329876,18103,0,53,2.476,7.434807,0.24528302,0.008919388,1,0,0,3,0,0,0,0,2,4
1773817353926,18159,0,56,2.571,7.413269,0.23214285,-0.013140172,1,0,0,3,0,0,0,0,2,4
1773817380039,18210,0,51,3.525,7.4147277,0.25490198,0.022759125,1,0,0,3,0,0,0,0,2,4
1773817398122,18260,0,50,1.376,7.427854,0.26,0.005098015,1,0,0,3,0,0,0,0,2,4
1773817420238,18310,0,50,1.936,7.4372883,0.26,0,1,0,0,3,0,0,0,0,2,4
1773817432279,18363,0,53,5.645,7.433658,0.24528302,-0.014716968,1,0,0,3,0,0,0,0,2,4
1773817460344,18414,0,51,5.005,7.40429,0.25490198,0.009618953,1,0,0,3,0,0,0,0,2,4
1773817478420,18469,0,55,4.936,7.4011273,0.23636363,-0.01853834,1,0,0,3,0,0,0,0,2,4
1773817506530,18519,0,50,4.161,7.3974285,0.26,0.023636356,1,0,0,3,0,0,0,0,2,4
1773817530607,18569,0,50,6.735,7.368205,0.26,0,1,0,0,3,0,0,0,0,2,4
1773817548674,18621,0,52,2.796,7.364203,0.25,-0.00999999,1,0,0,3,0,0,0,0,2,4
1773817576750,18674,0,53,2.595,7.3678155,0.24528302,-0.0047169775,1,0,0,3,0,0,0,0,2,4
1773817596826,18725,0,51,7.107,7.3666143,0.25490198,0.009618953,1,0,0,3,0,0,0,0,2,4
1773817612884,18778,0,53,6.043,7.333848,0.24528302,-0.009618953,1,0,0,3,0,0,0,0,2,4
1773817639003,18829,0,51,9.198,7.32794,0.25490198,0.009618953,1,0,0,3,0,0,0,0,2,4
1773817667123,18879,0,50,4.506,7.3208055,0.26,0.005098015,1,0,0,3,0,0,0,0,2,4
1773817687213,18930,0,51,2.153,7.3326626,0.25490198,-0.005098015,1,0,0,3,0,0,0,0,2,4
1773817721358,18980,0,50,10.042,7.336673,0.26,0.005098015,1,0,0,3,0,0,0,0,2,4
1773817735426,19039,0,59,2.972,7.3382964,0.22033899,-0.039661005,1,0,0,3,0,0,0,0,2,4
1773817753503,19091,0,52,4.832,7.3024707,0.25,0.029661015,1,0,0,3,0,0,0,0,2,4
1773817771562,19143,0,52,3.569,7.256319,0.25,0,1,0,0,3,0,0,0,0,2,4
1773817793658,19195,0,52,6.862,7.2492814,0.25,0,1,0,0,3,0,0,0,0,2,4
1773817815716,19246,0,51,1.79,7.2604628,0.25490198,0.0049019754,1,0,0,3,0,0,0,0,2,4
1773817837816,19297,0,51,15.908,7.3658442,0.25490198,0,1,0,0,3,0,0,0,0,2,4
1773817861893,19352,0,55,6.709,7.3600254,0.23636363,-0.01853834,1,0,0,3,0,0,0,0,2,4
1773817883985,19402,0,50,4.089,7.360463,0.26,0.023636356,1,0,0,3,0,0,0,0,2,4
1773817906066,19459,0,57,4.44,7.345667,0.22807017,-0.03192982,1,0,0,3,0,0,0,0,2,4
1773817928153,19511,0,52,3.973,7.3450704,0.25,0.02192983,1,0,0,3,0,0,0,0,2,4
1773817954243,19567,0,56,3.969,7.336759,0.23214285,-0.01785715,1,0,0,3,0,0,0,0,2,4
1773817980318,19619,0,52,5.102,3.7337298,0.25,0.01785715,1,0,0,3,0,0,0,0,2,4
1773818004403,19672,0,53,3.248,3.7302344,0.24528302,-0.0047169775,1,0,0,3,0,0,0,0,2,4
1773818028485,19741,0,69,1.333,3.753176,0.1884058,-0.056877226,1,0,0,3,0,0,0,0,2,4
1773818054540,19796,0,55,8.929,3.4367828,0.23636363,0.047957838,1,0,0,3,0,0,0,0,2,4
1773818076632,19850,0,54,1.873,2.9690342,0.24074075,0.004377112,1,0,0,3,0,0,0,0,2,4
1773818100752,19900,0,50,1.561,2.9915247,0.26,0.019259244,1,0,0,3,0,0,0,0,2,4
1773818126876,19951,0,51,1.72,3.0056458,0.25490198,-0.005098015,1,0,0,3,0,0,0,0,2,4
1773818138918,20006,0,55,22.61,3.6878788,0.23636363,-0.01853834,1,0,0,3,0,0,0,0,2,4
1773818163030,20064,0,58,6.689,3.6936436,0.22413793,-0.012225702,1,0,0,3,0,0,0,0,2,4
1773818193153,20115,0,51,2.896,3.7028303,0.25490198,0.030764043,1,0,0,3,0,0,0,0,2,4
1773818219257,20168,0,53,3.269,3.7030506,0.24528302,-0.009618953,1,0,0,3,0,0,0,0,2,4
1773818233284,20220,0,52,2.724,3.7039201,0.25,0.0047169775,1,0,0,3,0,0,0,0,2,4
1773818251325,20271,0,51,8.911,3.5066845,0.25490198,0.0049019754,1,0,0,3,0,0,0,0,2,4
1773818269418,20330,0,59,3.444,3.4917965,0.22033899,-0.03456299,1,0,0,3,0,0,0,0,2,4
1773818289484,20394,0,64,3.189,3.478669,0.203125,-0.017213985,1,0,0,3,0,0,0,0,2,4
1773818315584,20449,0,55,5.081,3.4618022,0.23636363,0.033238634,1,0,0,3,0,0,0,0,2,4
1773818333665,20502,0,53,2.861,3.4514763,0.24528302,0.008919388,1,0,0,3,0,0,0,0,2,4
1773818349719,20555,0,53,2.896,3.4596689,0.24528302,0,1,0,0,3,0,0,0,0,2,4
1773818359754,20615,0,60,1.101,3.4853957,0.21666667,-0.028616354,1,0,0,3,0,0,0,0,2,4
1773818389888,20666,0,51,3.078,3.4837801,0.25490198,0.038235307,1,0,0,3,0,0,0,0,2,4
1773818407929,20725,0,59,2.167,3.4890785,0.22033899,-0.03456299,1,0,0,3,0,0,0,0,2,4
1773818424012,20776,0,51,76.166,9.519528,0.25490198,0.03456299,1,0,0,3,0,0,0,0,2,4
1773818450136,20828,0,52,3.724,9.517848,0.25,-0.0049019754,1,0,0,3,0,0,0,0,2,4
1773818468241,20879,0,51,6.179,9.514789,0.25490198,0.0049019754,1,0,0,3,0,0,0,0,2,4
1773818492300,20929,0,50,3.312,9.516448,0.26,0.005098015,1,0,0,3,0,0,0,0,2,4
1773818516384,20980,0,51,3.327,9.512938,0.25490198,-0.005098015,1,0,0,3,0,0,0,0,2,4
1773818532448,21038,0,58,4.118,9.51403,0.22413793,-0.030764043,1,0,0,3,0,0,0,0,2,4
1773818552488,21099,0,61,22.091,9.723918,0.21311475,-0.011023179,1,0,0,3,0,0,0,0,2,4
1773818564651,21149,0,50,2.132,9.724471,0.26,0.046885237,1,0,0,3,0,0,0,0,2,4
1773818588721,21200,0,51,1.978,9.71762,0.25490198,-0.005098015,1,0,0,3,0,0,0,0,2,4
1773818612828,21254,0,54,9.06,9.72478,0.24074075,-0.014161229,1,0,0,3,0,0,0,0,2,4
1773818636920,21304,0,50,3.685,9.716032,0.26,0.019259244,1,0,0,3,0,0,0,0,2,4
1773818663031,21355,0,51,16.781,9.805845,0.25490198,-0.005098015,1,0,0,3,0,0,0,0,2,4
1773818689114,21414,0,59,4.055,9.804115,0.22033899,-0.03456299,1,0,0,3,0,0,0,0,2,4
1773818713216,21467,0,53,1.895,9.813514,0.24528302,0.024944037,1,0,0,3,0,0,0,0,2,4
1773818733295,21518,0,51,5.882,9.802547,0.25490198,0.009618953,1,0,0,3,0,0,0,0,2,4
1773818751362,21569,0,51,2.07,9.805662,0.25490198,0,1,0,0,3,0,0,0,0,2,4
1773818773443,21622,0,53,14.699,9.8554945,0.24528302,-0.009618953,1,0,0,3,0,0,0,0,2,4
1773818797513,21674,0,52,6.152,9.835281,0.25,0.0047169775,1,0,0,3,0,0,0,0,2,4
1773818813565,21727,0,53,2.85,9.829351,0.24528302,-0.0047169775,1,0,0,3,0,0,0,0,2,4
1773818825621,21778,0,51,4.612,9.831562,0.25490198,0.009618953,1,0,0,3,0,0,0,0,2,4
1773818845719,21832,0,54,4.326,9.833499,0.24074075,-0.014161229,1,0,0,3,0,0,0,0,2,4
1773818865779,21890,0,58,4.935,9.833501,0.22413793,-0.016602814,1,0,0,3,0,0,0,0,2,4
1773818881851,21942,0,52,2.116,9.844224,0.25,0.025862068,1,0,0,3,0,0,0,0,2,4
1773818905957,21996,0,54,6.478,9.844147,0.24074075,-0.009259254,1,0,0,3,0,0,0,0,2,4
1773818934066,22054,0,58,4.962,9.83535,0.22413793,-0.016602814,1,0,0,3,0,0,0,0,2,4
1773818956142,22105,0,51,2.357,9.836853,0.25490198,0.030764043,1,0,0,3,0,0,0,0,2,4
1773818974216,22160,0,55,9.986,9.846335,0.23636363,-0.01853834,1,0,0,3,0,0,0,0,2,4
1773819002318,22210,0,50,4.749,9.848568,0.26,0.023636356,1,0,0,3,0,0,0,0,2,4
1773819028408,22261,0,51,8.133,9.844852,0.25490198,-0.005098015,1,0,0,3,0,0,0,0,2,4
1773819054530,22316,0,55,4.532,9.844772,0.23636363,-0.01853834,1,0,0,3,0,0,0,0,2,4
1773819074600,22370,0,54,4.859,9.831993,0.24074075,0.004377112,1,0,0,3,0,0,0,0,2,4
1773819104706,22427,0,57,3.24,9.829902,0.22807017,-0.012670577,1,0,0,3,0,0,0,0,2,4
1773819124812,22478,0,51,3.166,9.8288765,0.25490198,0.026831806,1,0,0,3,0,0,0,0,2,4
1773819150913,22531,0,53,5.273,9.82793,0.24528302,-0.009618953,1,0,0,3,0,0,0,0,2,4
1773819168962,22583,0,52,4.149,9.82558,0.25,0.0047169775,1,0,0,3,0,0,0,0,2,4
1773819195078,22634,0,51,2.609,9.836698,0.25490198,0.0049019754,1,0,0,3,0,0,0,0,2,4
1773819217154,22687,0,53,3.669,9.825849,0.24528302,-0.009618953,1,0,0,3,0,0,0,0,2,4
1773819241264,22739,0,52,1.947,9.766608,0.25,0.0047169775,1,0,0,3,0,0,0,0,2,4
1773819269328,22790,0,51,6.548,9.766486,0.25490198,0.0049019754,1,0,0,3,0,0,0,0,2,4
1773819289415,22862,0,72,3.633,9.768158,0.18055555,-0.07434642,1,0,0,3,0,0,0,0,2,4
1773819313512,22913,0,51,12.439,9.796632,0.25490198,0.07434642,1,0,0,3,0,0,0,0,2,4
1773819337588,22966,0,53,4.114,9.796129,0.24528302,-0.009618953,1,0,0,3,0,0,0,0,2,4
1773819363683,23021,0,55,7.214,9.792458,0.23636363,-0.008919388,1,0,0,3,0,0,0,0,2,4
1773819383739,23072,0,51,2.029,9.805867,0.25490198,0.01853834,1,0,0,3,0,0,0,0,2,4
1773819407835,23123,0,51,3.707,9.803814,0.25490198,0,1,0,0,3,0,0,0,0,2,4
1773819431903,23173,0,50,2.966,9.793014,0.26,0.005098015,1,0,0,3,0,0,0,0,2,4
1773819461967,23232,0,59,9.942,9.798048,0.22033899,-0.039661005,1,0,0,3,0,0,0,0,2,4
1773819488073,23285,0,53,2.399,9.79453,0.24528302,0.024944037,1,0,0,3,0,0,0,0,2,4
1773819558306,23345,0,60,4.666,9.778438,0.21666667,-0.028616354,1,0,0,3,0,0,0,0,2,4
1773819580400,23397,0,52,1.574,9.779543,0.25,0.03333333,1,0,0,3,0,0,0,0,2,4
1773819602492,23459,0,62,3.785,9.567813,0.20967741,-0.040322587,1,0,0,3,0,0,0,0,2,4
1773819620551,23512,0,53,2.509,9.577745,0.24528302,0.03560561,1,0,0,3,0,0,0,0,2,4
1773819636641,23569,0,57,1.394,9.587212,0.22807017,-0.017212853,1,0,0,3,0,0,0,0,2,4
1773819662701,23620,0,51,3.865,9.584844,0.25490198,0.026831806,1,0,0,3,0,0,0,0,2,4
1773819682783,23672,0,52,12.23,9.606438,0.25,-0.0049019754,1,0,0,3,0,0,0,0,2,4
1773819704877,23725,0,53,2.929,9.608282,0.24528302,-0.0047169775,1,0,0,3,0,0,0,0,2,4
1773819728960,23776,0,51,3.072,9.609978,0.25490198,0.009618953,1,0,0,3,0,0,0,0,2,4
1773819751072,23827,0,51,1.83,9.617789,0.25490198,0,1,0,0,3,0,0,0,0,2,4
1773819777116,23884,0,57,4.07,9.620174,0.22807017,-0.026831806,1,0,0,3,0,0,0,0,2,4
1773819805236,23935,0,51,4.09,9.615072,0.25490198,0.026831806,1,0,0,3,0,0,0,0,2,4
1773819829287,23985,0,50,4.362,9.609304,0.26,0.005098015,1,0,0,3,0,0,0,0,2,4
1773819849341,24036,0,51,5.061,9.589892,0.25490198,-0.005098015,1,0,0,3,0,0,0,0,2,4
1773819865407,24087,0,51,5.747,9.582356,0.25490198,0,1,0,0,3,0,0,0,0,2,4
1773819875462,24137,0,50,1.764,9.585112,0.26,0.005098015,1,0,0,3,0,0,0,0,2,4
1773819901574,24190,0,53,3.43,3.7579107,0.24528302,-0.014716968,1,0,0,3,0,0,0,0,2,4
1773819923680,24243,0,53,3.661,3.7582593,0.24528302,0,1,0,0,3,0,0,0,0,2,4
1773819947775,24298,0,55,5.656,3.756302,0.23636363,-0.008919388,1,0,0,3,0,0,0,0,2,4
1773819967869,24349,0,51,3.701,3.7538576,0.25490198,0.01853834,1,0,0,3,0,0,0,0,2,4
1773819995972,24407,0,58,2.459,3.7615094,0.22413793,-0.030764043,1,0,0,3,0,0,0,0,2,4
1773820020089,24457,0,50,1.895,3.7797694,0.26,0.03586206,1,0,0,3,0,0,0,0,2,4
1773820040183,24508,0,51,3.768,3.1061108,0.25490198,-0.005098015,1,0,0,3,0,0,0,0,2,4
1773820062290,24569,0,61,3.963,3.0908585,0.21311475,-0.041787222,1,0,0,3,0,0,0,0,2,4
1773820086393,24620,0,51,3.212,3.077553,0.25490198,0.041787222,1,0,0,3,0,0,0,0,2,4
1773820114489,24670,0,50,3.595,3.031786,0.26,0.005098015,1,0,0,3,0,0,0,0,2,4
1773820130526,24721,0,51,3.853,3.0310242,0.25490198,-0.005098015,1,0,0,3,0,0,0,0,2,4
1773820152678,24773,0,52,2.061,2.6343212,0.25,-0.0049019754,1,0,0,3,0,0,0,0,2,4
1773820178734,24823,0,50,2.95,2.6402729,0.26,0.00999999,1,0,0,3,0,0,0,0,2,4
1773820206857,24877,0,54,50.132,6.243304,0.24074075,-0.019259244,1,0,0,3,0,0,0,0,2,4
1773820230925,24927,0,50,7.944,6.252278,0.26,0.019259244,1,0,0,3,0,0,0,0,2,4
1773820259079,24979,0,52,3.557,6.2434015,0.25,-0.00999999,1,0,0,3,0,0,0,0,2,4
1773820279144,25031,0,52,5.987,6.1290007,0.25,0,1,0,0,3,0,0,0,0,2,4
1773820305261,25086,0,55,2.78,6.134016,0.23636363,-0.0136363655,1,0,0,3,0,0,0,0,2,4
1773820327349,25139,0,53,3.784,6.1299376,0.24528302,0.008919388,1,0,0,3,0,0,0,0,2,4
1773820357477,25193,0,54,2.788,6.136088,0.24074075,-0.0045422763,1,0,0,3,0,0,0,0,2,4
1773820383566,25254,0,61,3.412,6.1387253,0.21311475,-0.027625993,1,0,0,3,0,0,0,0,2,4
1773820403677,25305,0,51,1.774,6.1517124,0.25490198,0.041787222,1,0,0,3,0,0,0,0,2,4
1773820427735,25357,0,52,4.025,6.142541,0.25,-0.0049019754,1,0,0,3,0,0,0,0,2,4
1773820447821,25412,0,55,2.009,6.1504607,0.23636363,-0.0136363655,1,0,0,3,0,0,0,0,2,4
1773820467877,25467,0,55,2.15,6.1599383,0.23636363,0,1,0,0,3,0,0,0,0,2,4
1773820489982,25518,0,51,4.187,6.1524878,0.25490198,0.01853834,1,0,0,3,0,0,0,0,2,4
1773820514081,25580,0,62,15.352,6.257033,0.20967741,-0.045224562,1,0,0,3,0,0,0,0,2,4
1773820536173,25631,0,51,3.485,6.2597075,0.25490198,0.045224562,1,0,0,3,0,0,0,0,2,4
1773820562313,25684,0,53,3.015,6.251276,0.24528302,-0.009618953,1,0,0,3,0,0,0,0,2,4
1773820588417,25739,0,55,2.948,6.255717,0.23636363,-0.008919388,1,0,0,3,0,0,0,0,2,4
1773820610485,25790,0,51,2.297,6.263722,0.25490198,0.01853834,1,0,0,3,0,0,0,0,2,4
1773820634595,25840,0,50,4.565,6.2606883,0.26,0.005098015,1,0,0,3,0,0,0,0,2,4
1773820658703,25891,0,51,2.921,6.261779,0.25490198,-0.005098015,1,0,0,3,0,0,0,0,2,4
1773820676766,25943,0,52,1.752,6.2730727,0.25,-0.0049019754,1,0,0,3,0,0,0,0,2,4
1773820698851,25998,0,55,6.261,6.275265,0.23636363,-0.0136363655,1,0,0,3,0,0,0,0,2,4
1773820726926,26048,0,50,6.39,6.2721157,0.26,0.023636356,1,0,0,3,0,0,0,0,2,4
1773820736967,26103,0,55,3.208,6.2737474,0.23636363,-0.023636356,1,0,0,3,0,0,0,0,2,4
1773820751025,26154,0,51,8.634,6.280103,0.25490198,0.01853834,1,0,0,3,0,0,0,0,2,4
1773820771102,26213,0,59,3.793,6.278519,0.22033899,-0.03456299,1,0,0,3,0,0,0,0,2,4
1773820791191,26263,0,50,3.376,6.279422,0.26,0.039661005,1,0,0,3,0,0,0,0,2,4
1773820811267,26314,0,51,3.559,6.2093296,0.25490198,-0.005098015,1,0,0,3,0,0,0,0,2,4
1773820837319,26366,0,52,2.939,6.212992,0.25,-0.0049019754,1,0,0,3,0,0,0,0,2,4
1773820863439,26420,0,54,7.081,6.212192,0.24074075,-0.009259254,1,0,0,3,0,0,0,0,2,4
1773820893549,26474,0,54,3.048,6.206488,0.24074075,0,1,0,0,3,0,0,0,0,2,4
1773820915643,26529,0,55,22.087,6.565487,0.23636363,-0.004377112,1,0,0,3,0,0,0,0,2,4
1773820935689,26579,0,50,1.755,6.573229,0.26,0.023636356,1,0,0,3,0,0,0,0,2,4
1773820953721,26629,0,50,12.93,6.618344,0.26,0,1,0,0,3,0,0,0,0,2,4
1773820981823,26694,0,65,3.57,6.612508,0.2,-0.059999987,1,0,0,3,0,0,0,0,2,4
1773821001879,26745,0,51,3.288,6.616142,0.25490198,0.054901972,1,0,0,3,0,0,0,0,2,4
1773821027997,26798,0,53,2.062,6.6123743,0.24528302,-0.009618953,1,0,0,3,0,0,0,0,2,4
1773821052079,26857,0,59,3.513,6.6132994,0.22033899,-0.024944037,1,0,0,3,0,0,0,0,2,4
1773821078192,26911,0,54,3.265,6.6093607,0.24074075,0.020401761,1,0,0,3,0,0,0,0,2,4
1773821102313,26975,0,64,6.102,6.5939136,0.203125,-0.037615746,1,0,0,3,0,0,0,0,2,4
1773821126397,27027,0,52,6.132,6.5928907,0.25,0.046875,1,0,0,3,0,0,0,0,2,4
1773821144486,27080,0,53,7.622,6.5407505,0.24528302,-0.0047169775,1,0,0,3,0,0,0,0,2,4
1773821174608,27131,0,51,2.483,6.543334,0.25490198,0.009618953,1,0,0,3,0,0,0,0,2,4
1773821190681,27183,0,52,4.045,6.539669,0.25,-0.0049019754,1,0,0,3,0,0,0,0,2,4
1773821216821,27234,0,51,3.113,6.531445,0.25490198,0.0049019754,1,0,0,3,0,0,0,0,2,4
1773821240894,27286,0,52,7.084,6.5342607,0.25,-0.0049019754,1,0,0,3,0,0,0,0,2,4
1773821264970,27336,0,50,5.235,6.5327377,0.26,0.00999999,1,0,0,3,0,0,0,0,2,4
1773821293074,27390,0,54,8.77,6.546468,0.24074075,-0.019259244,1,0,0,3,0,0,0,0,2,4
1773821315145,27441,0,51,4.998,6.5465093,0.25490198,0.014161229,1,0,0,3,0,0,0,0,2,4
1773821343236,27491,0,50,3.309,6.5508633,0.26,0.005098015,1,0,0,3,0,0,0,0,2,4
1773821369319,27545,0,54,3.528,6.539807,0.24074075,-0.019259244,1,0,0,3,0,0,0,0,2,4
1773821387413,27597,0,52,3.958,6.5377955,0.25,0.009259254,1,0,0,3,0,0,0,0,2,4
1773821411506,27651,0,54,2.543,6.5436244,0.24074075,-0.009259254,1,0,0,3,0,0,0,0,2,4
1773821437611,27709,0,58,5.057,6.5435033,0.22413793,-0.016602814,1,0,0,3,0,0,0,0,2,4
1773821459678,27763,0,54,8.095,6.5497646,0.24074075,0.016602814,1,0,0,3,0,0,0,0,2,4
1773821481757,27815,0,52,3.412,6.5442896,0.25,0.009259254,1,0,0,3,0,0,0,0,2,4
1773821503866,27866,0,51,6.296,6.530732,0.25490198,0.0049019754,1,0,0,3,0,0,0,0,2,4
1773821535982,27918,0,52,5.837,6.5276,0.25,-0.0049019754,1,0,0,3,0,0,0,0,2,4
1773821558098,27974,0,56,6.187,6.525506,0.23214285,-0.01785715,1,0,0,3,0,0,0,0,2,4
1773821586208,28025,0,51,3.786,6.522768,0.25490198,0.022759125,1,0,0,3,0,0,0,0,2,4
1773821606282,28078,0,53,4.494,6.5196285,0.24528302,-0.009618953,1,0,0,3,0,0,0,0,2,4
1773821636417,28128,0,50,3.723,6.5201635,0.26,0.014716968,1,0,0,3,0,0,0,0,2,4
1773821660513,28180,0,52,3.823,6.5092654,0.25,-0.00999999,1,0,0,3,0,0,0,0,2,4
1773821690670,28239,0,59,2.516,6.5121803,0.22033899,-0.029661015,1,0,0,3,0,0,0,0,2,4
1773821718722,28291,0,52,1.772,3.3122895,0.25,0.029661015,1,0,0,3,0,0,0,0,2,4
1773821740820,28343,0,52,5.469,3.2893994,0.25,0,1,0,0,3,0,0,0,0,2,4
1773821764915,28399,0,56,2.791,3.295046,0.23214285,-0.01785715,1,0,0,3,0,0,0,0,2,4
1773821789034,28449,0,50,3.068,3.2974138,0.26,0.02785714,1,0,0,3,0,0,0,0,2,4
1773821813130,28510,0,61,3.049,3.2951655,0.21311475,-0.046885237,1,0,0,3,0,0,0,0,2,4
1773821841225,28560,0,50,8.637,3.329336,0.26,0.046885237,1,0,0,3,0,0,0,0,2,4
1773821863305,28610,0,50,2.923,3.328131,0.26,0,1,0,0,3,0,0,0,0,2,4
1773821885440,28662,0,52,1.272,3.352149,0.25,-0.00999999,1,0,0,3,0,0,0,0,2,4
1773821907507,28712,0,50,3.203,3.3371475,0.26,0.00999999,1,0,0,3,0,0,0,0,2,4
1773821919545,28762,0,50,7.647,3.3550904,0.26,0,1,0,0,3,0,0,0,0,2,4
1773821939643,28813,0,51,3.28,3.3422272,0.25490198,-0.005098015,1,0,0,3,0,0,0,0,2,4
1773821963724,28878,0,65,2.936,3.3338153,0.2,-0.054901972,1,0,0,3,0,0,0,0,2,4
1773821981818,28928,0,50,1.745,3.3549278,0.26,0.059999987,1,0,0,3,0,0,0,0,2,4
1773821999874,28983,0,55,20.049,3.6254773,0.23636363,-0.023636356,1,0,0,3,0,0,0,0,2,4
1773822019947,29036,0,53,4.801,3.6212895,0.24528302,0.008919388,1,0,0,3,0,0,0,0,2,4
1773822048059,29090,0,54,2.738,3.6236935,0.24074075,-0.0045422763,1,0,0,3,0,0,0,0,2,4
1773822066136,29142,0,52,3.459,3.6199737,0.25,0.009259254,1,0,0,3,0,0,0,0,2,4
1773822090218,29194,0,52,4.35,3.6058779,0.25,0,1,0,0,3,0,0,0,0,2,4
1773822110289,29249,0,55,3.147,3.612386,0.23636363,-0.0136363655,1,0,0,3,0,0,0,0,2,4
1773822136380,29307,0,58,3.708,3.6069467,0.22413793,-0.012225702,1,0,0,3,0,0,0,0,2,4
1773822164481,29357,0,50,2.355,3.5994456,0.26,0.03586206,1,0,0,3,0,0,0,0,2,4
1773822182559,29407,0,50,7.751,3.6127954,0.26,0,1,0,0,3,0,0,0,0,2,4
1773822202650,29462,0,55,5.128,3.6083226,0.23636363,-0.023636356,1,0,0,3,0,0,0,0,2,4
1773822226718,29516,0,54,5.359,3.6021364,0.24074075,0.004377112,1,0,0,3,0,0,0,0,2,4
1773822244798,29566,0,50,3.483,3.576689,0.26,0.019259244,1,0,0,3,0,0,0,0,2,4
1773822264875,29619,0,53,10.937,3.651613,0.24528302,-0.014716968,1,0,0,3,0,0,0,0,2,4
1773822293008,29670,0,51,2.189,3.6627855,0.25490198,0.009618953,1,0,0,3,0,0,0,0,2,4
1773822311077,29721,0,51,3.454,3.663444,0.25490198,0,1,0,0,3,0,0,0,0,2,4
1773822339150,29772,0,51,4.198,3.6558313,0.25490198,0,1,0,0,3,0,0,0,0,2,4
1773822363247,29825,0,53,3.737,3.6495278,0.24528302,-0.009618953,1,0,0,3,0,0,0,0,2,4
1773822391335,29877,0,52,3.613,3.6456163,0.25,0.0047169775,1,0,0,3,0,0,0,0,2,4
1773822425484,29932,0,55,3.82,2.9395397,0.23636363,-0.0136363655,1,0,0,3,0,0,0,0,2,4
1773822447550,29982,0,50,4.256,2.9171245,0.26,0.023636356,1,0,0,3,0,0,0,0,2,4
1773822473648,30032,0,50,3.744,2.728794,0.26,0,1,0,0,3,0,0,0,0,2,4
1773822495694,30082,0,50,2.238,2.741325,0.26,0,1,0,0,3,0,0,0,0,2,4
1773822515751,30133,0,51,7.634,2.7632022,0.25490198,-0.005098015,1,0,0,3,0,0,0,0,2,4
1773822543864,30187,0,54,11.435,2.8706672,0.24074075,-0.014161229,1,0,0,3,0,0,0,0,2,4
1773822569947,30237,0,50,3.158,2.873403,0.26,0.019259244,1,0,0,3,0,0,0,0,2,4
1773822594060,30290,0,53,11.225,2.9768803,0.24528302,-0.014716968,1,0,0,3,0,0,0,0,2,4
1773822624163,30344,0,54,1.176,3.0076458,0.24074075,-0.0045422763,1,0,0,3,0,0,0,0,2,4
1773822648268,30397,0,53,4.154,3.0039246,0.24528302,0.0045422763,1,0,0,3,0,0,0,0,2,4
1773822668313,30454,0,57,2.411,2.996012,0.22807017,-0.017212853,1,0,0,3,0,0,0,0,2,4
1773822692391,30508,0,54,3.234,2.9888294,0.24074075,0.012670577,1,0,0,3,0,0,0,0,2,4
1773822716473,30566,0,58,2.846,2.996599,0.22413793,-0.016602814,1,0,0,3,0,0,0,0,2,4
1773822744523,30619,0,53,2.345,3.0043666,0.24528302,0.02114509,1,0,0,3,0,0,0,0,2,4
1773822770614,30669,0,50,16.97,3.358077,0.26,0.014716968,1,0,0,3,0,0,0,0,2,4
1773822790671,30720,0,51,2.806,3.3668838,0.25490198,-0.005098015,1,0,0,3,0,0,0,0,2,4
1773822808712,30771,0,51,1.945,3.3468997,0.25490198,0,1,0,0,3,0,0,0,0,2,4
1773822836818,30828,0,57,6.408,3.3535867,0.22807017,-0.026831806,1,0,0,3,0,0,0,0,2,4
1773822858883,30878,0,50,6.676,3.3578048,0.26,0.03192982,1,0,0,3,0,0,0,0,2,4
1773822888983,30930,0,52,3.302,3.3592062,0.25,-0.00999999,1,0,0,3,0,0,0,0,2,4
1773822909063,30982,0,52,4.271,3.3582835,0.25,0,1,0,0,3,0,0,0,0,2,4
1773822937146,31040,0,58,7.961,3.3698225,0.22413793,-0.025862068,1,0,0,3,0,0,0,0,2,4
1773822965273,31093,0,53,2.981,3.3775196,0.24528302,0.02114509,1,0,0,3,0,0,0,0,2,4
1773822983315,31146,0,53,1.621,3.3743656,0.24528302,0,1,0,0,3,0,0,0,0,2,4
1773823007390,31197,0,51,18.244,3.7645662,0.25490198,0.009618953,1,0,0,3,0,0,0,0,2,4
1773823031482,31248,0,51,5.424,3.7611885,0.25490198,0,1,0,0,3,0,0,0,0,2,4
1773823057584,31300,0,52,13.478,3.906845,0.25,-0.0049019754,1,0,0,3,0,0,0,0,2,4
1773823089678,31355,0,55,4.279,3.9052565,0.23636363,-0.0136363655,1,0,0,3,0,0,0,0,2,4
1773823109727,31407,0,52,151.61,18.59298,0.25,0.0136363655,1,0,0,3,0,0,0,0,2,4
1773823119778,31458,0,51,5.216,18.59148,0.25490198,0.0049019754,1,0,0,3,0,0,0,0,2,4
1773823137846,31519,0,61,2.683,18.595081,0.21311475,-0.041787222,1,0,0,3,0,0,0,0,2,4
1773823167957,31570,0,51,10.677,18.594398,0.25490198,0.041787222,1,0,0,3,0,0,0,0,2,4
1773823190053,31623,0,53,2.641,18.593891,0.24528302,-0.009618953,1,0,0,3,0,0,0,0,2,4
1773823206084,31674,0,51,10.582,18.584148,0.25490198,0.009618953,1,0,0,3,0,0,0,0,2,4
1773823234167,31727,0,53,1.729,18.596512,0.24528302,-0.009618953,1,0,0,3,0,0,0,0,2,4
1773823252229,31782,0,55,13.451,18.601303,0.23636363,-0.008919388,1,0,0,3,0,0,0,0,2,4
1773823272281,31837,0,55,7.929,18.59228,0.23636363,0,1,0,0,3,0,0,0,0,2,4
1773823300404,31888,0,51,1.885,18.597437,0.25490198,0.01853834,1,0,0,3,0,0,0,0,2,4
1773823316475,31943,0,55,4.423,18.601557,0.23636363,-0.01853834,1,0,0,3,0,0,0,0,2,4
1773823334522,31996,0,53,6.729,18.592394,0.24528302,0.008919388,1,0,0,3,0,0,0,0,2,4
1773823358612,32051,0,55,3.738,18.581541,0.23636363,-0.008919388,1,0,0,3,0,0,0,0,2,4
1773823380723,32102,0,51,5.45,18.57502,0.25490198,0.01853834,1,0,0,3,0,0,0,0,2,4
1773823400816,32160,0,58,5.21,18.577782,0.22413793,-0.030764043,1,0,0,3,0,0,0,0,2,4
1773823424881,32218,0,58,4.319,18.574316,0.22413793,0,1,0,0,3,0,0,0,0,2,4
1773823442970,32271,0,53,3.019,18.57398,0.24528302,0.02114509,1,0,0,3,0,0,0,0,2,4
1773823463053,32321,0,50,8.946,18.558924,0.26,0.014716968,1,0,0,3,0,0,0,0,2,4
1773823491170,32375,0,54,2.327,18.507528,0.24074075,-0.019259244,1,0,0,3,0,0,0,0,2,4
1773823515277,32437,0,62,5.17,18.50671,0.20967741,-0.031063333,1,0,0,3,0,0,0,0,2,4
1773823533316,32488,0,51,4.1,18.501871,0.25490198,0.045224562,1,0,0,3,0,0,0,0,2,4
1773823557412,32549,0,61,7.386,18.494423,0.21311475,-0.041787222,1,0,0,3,0,0,0,0,2,4
1773823583513,32599,0,50,7.386,18.48967,0.26,0.046885237,1,0,0,3,0,0,0,0,2,4
1773823607627,32658,0,59,8.159,18.480642,0.22033899,-0.039661005,1,0,0,3,0,0,0,0,2,4
1773823637715,32722,0,64,2.975,18.48341,0.203125,-0.017213985,1,0,0,3,0,0,0,0,2,4
1773823647740,32777,0,55,2.521,18.482656,0.23636363,0.033238634,1,0,0,3,0,0,0,0,2,4
1773823663817,32827,0,50,4.127,18.488316,0.26,0.023636356,1,0,0,3,0,0,0,0,2,4
1773823689903,32882,0,55,3.896,18.491688,0.23636363,-0.023636356,1,0,0,3,0,0,0,0,2,4
1773823716017,32932,0,50,2.044,18.50292,0.26,0.023636356,1,0,0,3,0,0,0,0,2,4
1773823744115,32985,0,53,3.537,18.502731,0.24528302,-0.014716968,1,0,0,3,0,0,0,0,2,4
1773823776223,33044,0,59,2.048,18.51118,0.22033899,-0.024944037,1,0,0,3,0,0,0,0,2,4
1773823798307,33099,0,55,3.627,18.505535,0.23636363,0.01602465,1,0,0,3,0,0,0,0,2,4
1773823836457,33157,0,58,2.031,18.511324,0.22413793,-0.012225702,1,0,0,3,0,0,0,0,2,4
1773823862523,33210,0,53,6.193,18.507332,0.24528302,0.02114509,1,0,0,3,0,0,0,0,2,4
1773823906715,33269,0,59,2.87,18.510456,0.22033899,-0.024944037,1,0,0,3,0,0,0,0,2,4
1773823922768,33335,0,66,4.01,18.509195,0.1969697,-0.023369282,1,0,0,3,0,0,0,0,2,4
1773823942868,33388,0,53,5.374,18.505276,0.24528302,0.04831332,1,0,0,3,0,0,0,0,2,4
1773823983030,33440,0,52,3.821,18.50658,0.25,0.0047169775,1,0,0,3,0,0,0,0,2,4
1773824007109,33490,0,50,3.579,18.507132,0.26,0.00999999,1,0,0,3,0,0,0,0,2,4
1773824043259,33540,0,50,5.385,18.497028,0.26,0,1,0,0,3,0,0,0,0,2,4
1773824065333,33591,0,51,1.382,18.513288,0.25490198,-0.005098015,1,0,0,3,0,0,0,0,2,4
1773824109512,33645,0,54,1.923,18.519598,0.24074075,-0.014161229,1,0,0,3,0,0,0,0,2,4
1773824135648,33695,0,50,2.321,18.522879,0.26,0.019259244,1,0,0,3,0,0,0,0,2,4
1773824173785,33721,0.1,26,0,18.538757,0,-0.26,1,0,0,3,0,0,0,30000,2,4
1773824181832,33751,0,30,3.909,18.527973,0.23214285,0.23214285,1,0,0,3,0,0,0,0,2,4
1773824205906,33805,0,54,6.334,18.524261,0.24074075,0.0085978955,1,0,0,3,0,0,0,0,2,4
1773824244064,33869,0,64,1.146,18.530117,0.203125,-0.037615746,1,0,0,3,0,0,0,0,2,4
1773824266112,33926,0,57,3.862,18.52815,0.22807017,0.02494517,1,0,0,3,0,0,0,0,2,4
1773824308257,33952,0.1,26,0,18.542126,0,-0.22807017,1,0,0,3,0,0,0,30000,2,4
1773824316273,33977,0,25,2.798,18.540348,0.25490198,0.25490198,1,0,0,3,0,0,0,0,2,4
1773824336318,34036,0,59,4.39,18.50271,0.22033899,-0.03456299,1,0,0,3,0,0,0,0,2,4
1773824376481,34098,0,62,5.038,18.49681,0.20967741,-0.010661572,1,0,0,3,0,0,0,0,2,4
1773824402579,34153,0,55,43.651,19.031694,0.23636363,0.026686221,1,0,0,3,0,0,0,0,2,4
1773824456785,34203,0,50,1.536,19.04654,0.26,0.023636356,1,0,0,3,0,0,0,0,2,4
1773824488891,34262,0,59,7.26,19.04621,0.22033899,-0.039661005,1,0,0,3,0,0,0,0,2,4
1773824502944,34315,0,53,2.439,19.04959,0.24528302,0.024944037,1,0,0,3,0,0,0,0,2,4
1773824512991,34365,0,50,3.851,19.050823,0.26,0.014716968,1,0,0,3,0,0,0,0,2,4
1773824535078,34416,0,51,4.764,19.054092,0.25490198,-0.005098015,1,0,0,3,0,0,0,0,2,4
1773824565209,34474,0,58,3.637,19.05179,0.22413793,-0.030764043,1,0,0,3,0,0,0,0,2,4
1773824587318,34532,0,58,55.704,19.94649,0.22413793,0,1,0,0,3,0,0,0,0,2,4
1773824637766,34592,0,60,2.228,19.922377,0.21666667,-0.0074712634,1,0,0,3,0,0,0,0,2,4
1773824649881,34642,0,50,1.941,19.934612,0.26,0.04333332,1,0,0,3,0,0,0,0,2,4
1773824676074,34693,0,51,2.023,19.937265,0.25490198,-0.005098015,1,0,0,3,0,0,0,0,2,4
1773824706206,34693,0.35,0,0,19.956648,0,-0.25490198,1,0,0,3,0,0,0,30000,2,4
1773824730309,34745,0,52,3.602,8.394299,0.25,0.25,1,0,0,3,0,0,0,0,2,4
1773824762405,34795,0,50,2.618,8.402224,0.26,0.00999999,1,0,0,3,0,0,0,0,2,4
1773824776469,34846,0,51,1.842,8.407333,0.25490198,-0.005098015,1,0,0,3,0,0,0,0,2,4
1773824794516,34898,0,52,3.192,8.386864,0.25,-0.0049019754,1,0,0,3,0,0,0,0,2,4
1773824822645,34950,0,52,9.505,8.394699,0.25,0,1,0,0,3,0,0,0,0,2,4
1773824866815,35005,0,55,3.85,8.37268,0.23636363,-0.0136363655,1,0,0,3,0,0,0,0,2,4
1773824892902,35057,0,52,3.51,8.363359,0.25,0.0136363655,1,0,0,3,0,0,0,0,2,4
1773824910960,35120,0,63,2.137,8.311493,0.20634921,-0.04365079,1,0,0,3,0,0,0,0,2,4
1773824920988,35176,0,56,7.706,8.31042,0.23214285,0.025793642,1,0,0,3,0,0,0,0,2,4
1773824937056,35228,0,52,3.832,8.301584,0.25,0.01785715,1,0,0,3,0,0,0,0,2,4
1773824985261,35283,0,55,2.577,8.307736,0.23636363,-0.0136363655,1,0,0,3,0,0,0,0,2,4
1773825037445,35342,0,59,3.34,8.30899,0.22033899,-0.01602465,1,0,0,3,0,0,0,0,2,4
1773825055493,35394,0,52,19.7,8.498622,0.25,0.029661015,1,0,0,3,0,0,0,0,2,4
1773825087640,35452,0,58,0.956,8.5169115,0.22413793,-0.025862068,1,0,0,3,0,0,0,0,2,4
1773825103713,35504,0,52,9.112,8.529406,0.25,0.025862068,1,0,0,3,0,0,0,0,2,4
1773825121794,35561,0,57,1.181,8.544743,0.22807017,-0.02192983,1,0,0,3,0,0,0,0,2,4
1773825139866,35616,0,55,2.339,8.548111,0.23636363,0.008293465,1,0,0,3,0,0,0,0,2,4
1773825166038,35670,0,54,2.621,8.542933,0.24074075,0.004377112,1,0,0,3,0,0,0,0,2,4
1773825182193,35729,0,59,1.355,8.549044,0.22033899,-0.020401761,1,0,0,3,0,0,0,0,2,4
1773825202269,35779,0,50,7.036,8.551829,0.26,0.039661005,1,0,0,3,0,0,0,0,2,4
1773825246433,35839,0,60,1.928,8.560831,0.21666667,-0.04333332,1,0,0,3,0,0,0,0,2,4
1773825272543,35894,0,55,1.41,8.569788,0.23636363,0.019696966,1,0,0,3,0,0,0,0,2,4
1773825304671,35945,0,51,1.45,8.577454,0.25490198,0.01853834,1,0,0,3,0,0,0,0,2,4
1773825322688,35995,0,50,3.628,8.570444,0.26,0.005098015,1,0,0,3,0,0,0,0,2,4
1773825356832,36055,0,60,3.089,8.570035,0.21666667,-0.04333332,1,0,0,3,0,0,0,0,2,4
1773825382908,36120,0,65,1.41,8.576184,0.2,-0.016666666,1,0,0,3,0,0,0,0,2,4
1773825407005,36170,0,50,5.651,8.57586,0.26,0.059999987,1,0,0,3,0,0,0,0,2,4
1773825451186,36226,0,56,1.861,8.583729,0.23214285,-0.02785714,1,0,0,3,0,0,0,0,2,4
1773825469301,36279,0,53,7.195,8.579915,0.24528302,0.013140172,1,0,0,3,0,0,0,0,2,4
1773825495396,36330,0,51,2.112,8.585704,0.25490198,0.009618953,1,0,0,3,0,0,0,0,2,4
1773825515582,36384,0,54,7.541,8.582778,0.24074075,-0.014161229,1,0,0,3,0,0,0,0,2,4
1773825537683,36440,0,56,4.192,8.581517,0.23214285,-0.0085978955,1,0,0,3,0,0,0,0,2,4
1773825575824,36494,0,54,1.437,8.585195,0.24074075,0.0085978955,1,0,0,3,0,0,0,0,2,4
1773825595895,36544,0,50,5.097,8.584148,0.26,0.019259244,1,0,0,3,0,0,0,0,2,4
1773825617988,36596,0,52,9.404,8.595721,0.25,-0.00999999,1,0,0,3,0,0,0,0,2,4
1773825644113,36646,0,50,2.843,8.599493,0.26,0.00999999,1,0,0,3,0,0,0,0,2,4
1773825662187,36702,0,56,1.395,8.612355,0.23214285,-0.02785714,1,0,0,3,0,0,0,0,2,4
1773825694314,36753,0,51,159.266,20.962934,0.25490198,0.022759125,1,0,0,3,0,0,0,0,2,4
1773825718404,36809,0,56,8.228,20.957058,0.23214285,-0.022759125,1,0,0,3,0,0,0,0,2,4
1773825762651,36840,0.1,31,0,20.976725,0,-0.23214285,1,0,0,3,0,0,0,30000,2,4
1773825780710,36860,0,20,16.595,20.99166,0.25490198,0.25490198,1,0,0,3,0,0,0,0,2,4
1773825796750,36910,0,50,2.966,20.987503,0.26,0.005098015,1,0,0,3,0,0,0,0,2,4
1773825842955,36941,0.1,31,0,20.998951,0,-0.26,1,0,0,3,0,0,0,30000,2,4
1773825855006,36965,0,24,2.501,20.98678,0.23636363,0.23636363,1,0,0,3,0,0,0,0,2,4
1773825871073,37015,0,50,3.512,20.98799,0.26,0.023636356,1,0,0,3,0,0,0,0,2,4
1773825903209,37068,0,53,3.936,20.992716,0.24528302,-0.014716968,1,0,0,3,0,0,0,0,2,4
1773825927309,37122,0,54,9.886,20.97764,0.24074075,-0.0045422763,1,0,0,3,0,0,0,0,2,4
1773825975490,37162,0.1,40,0,20.99472,0,-0.24074075,1,0,0,3,0,0,0,30000,2,4
1773825981509,37182,0,20,3.252,20.979612,0.21666667,0.21666667,1,0,0,3,0,0,0,0,2,4
1773826007621,37234,0,52,5.352,20.972311,0.25,0.03333333,1,0,0,3,0,0,0,0,2,4
1773826029716,37286,0,52,4.082,20.973162,0.25,0,1,0,0,3,0,0,0,0,2,4
1773826047789,37348,0,62,17.909,21.006182,0.20967741,-0.040322587,1,0,0,3,0,0,0,0,2,4
1773826059824,37409,0,61,3.504,20.530048,0.21311475,0.0034373403,1,0,0,3,0,0,0,0,2,4
1773826114030,37471,0,62,3.755,20.52182,0.20967741,-0.0034373403,1,0,0,3,0,0,0,0,2,4
1773826136114,37524,0,53,6.593,20.522127,0.24528302,0.03560561,1,0,0,3,0,0,0,0,2,4
1773826164229,37587,0,63,3.028,20.519978,0.20634921,-0.038933814,1,0,0,3,0,0,0,0,2,4
1773826186277,37648,0,61,16.31,20.543198,0.21311475,0.0067655444,1,0,0,3,0,0,0,0,2,4
1773826206331,37698,0,50,2.831,20.548954,0.26,0.046885237,1,0,0,3,0,0,0,0,2,4
1773826232470,37750,0,52,1.369,20.557884,0.25,-0.00999999,1,0,0,3,0,0,0,0,2,4
1773826250532,37805,0,55,2.281,19.655039,0.23636363,-0.0136363655,1,0,0,3,0,0,0,0,2,4
1773826302763,37869,0,64,6.127,19.646729,0.203125,-0.033238634,1,0,0,3,0,0,0,0,2,4
1773826316824,37920,0,51,3.174,19.64247,0.25490198,0.051776975,1,0,0,3,0,0,0,0,2,4
1773826326850,37974,0,54,3.431,19.637775,0.24074075,-0.014161229,1,0,0,3,0,0,0,0,2,4
1773826352914,38026,0,52,4.34,19.621214,0.25,0.009259254,1,0,0,3,0,0,0,0,2,4
1773826371006,38076,0,50,2.105,19.626137,0.26,0.00999999,1,0,0,3,0,0,0,0,2,4
1773826395076,38129,0,53,4.579,19.620844,0.24528302,-0.014716968,1,0,0,3,0,0,0,0,2,4
1773826419174,38179,0,50,3.027,19.616518,0.26,0.014716968,1,0,0,3,0,0,0,0,2,4
1773826439257,38236,0,57,4.778,19.612663,0.22807017,-0.03192982,1,0,0,3,0,0,0,0,2,4
1773826461330,38286,0,50,3.223,19.615849,0.26,0.03192982,1,0,0,3,0,0,0,0,2,4
1773826487421,38337,0,51,1.807,19.622528,0.25490198,-0.005098015,1,0,0,3,0,0,0,0,2,4
1773826509485,38391,0,54,3.254,19.62325,0.24074075,-0.014161229,1,0,0,3,0,0,0,0,2,4
1773826529574,38453,0,62,24.331,19.731562,0.20967741,-0.031063333,1,0,0,3,0,0,0,0,2,4
1773826561703,38504,0,51,5.53,19.732641,0.25490198,0.045224562,1,0,0,3,0,0,0,0,2,4
1773826581771,38562,0,58,4.845,19.730316,0.22413793,-0.030764043,1,0,0,3,0,0,0,0,2,4
1773826601845,38615,0,53,1.384,19.735277,0.24528302,0.02114509,1,0,0,3,0,0,0,0,2,4
1773826627946,38667,0,52,5.441,19.730537,0.25,0.0047169775,1,0,0,3,0,0,0,0,2,4
1773826650007,38719,0,52,45.222,20.229591,0.25,0,1,0,0,3,0,0,0,0,2,4
1773826682131,38780,0,61,2.887,20.221018,0.21311475,-0.036885247,1,0,0,3,0,0,0,0,2,4
1773826706262,38843,0,63,1.358,20.235336,0.20634921,-0.0067655444,1,0,0,3,0,0,0,0,2,4
1773826718275,38895,0,52,3.017,20.227566,0.25,0.04365079,1,0,0,3,0,0,0,0,2,4
1773826750388,38953,0,58,3.008,20.22502,0.22413793,-0.025862068,1,0,0,3,0,0,0,0,2,4
1773826778494,39011,0,58,3.453,20.22208,0.22413793,0,1,0,0,3,0,0,0,0,2,4
1773826800560,39062,0,51,3.934,20.21213,0.25490198,0.030764043,1,0,0,3,0,0,0,0,2,4
1773826830712,39113,0,51,3.003,20.220251,0.25490198,0,1,0,0,3,0,0,0,0,2,4
1773826846758,39170,0,57,11.821,20.214153,0.22807017,-0.026831806,1,0,0,3,0,0,0,0,2,4
1773826858812,39229,0,59,3.562,20.205372,0.22033899,-0.0077311844,1,0,0,3,0,0,0,0,2,4
1773826896961,39283,0,54,3.62,20.196535,0.24074075,0.020401761,1,0,0,3,0,0,0,0,2,4
1773826911028,39333,0,50,3.402,20.197285,0.26,0.019259244,1,0,0,3,0,0,0,0,2,4
1773826933079,39385,0,52,4.139,20.193869,0.25,-0.00999999,1,0,0,3,0,0,0,0,2,4
1773826959198,39435,0,50,5.608,20.17972,0.26,0.00999999,1,0,0,3,0,0,0,0,2,4
1773826981308,39489,0,54,1.812,20.192003,0.24074075,-0.019259244,1,0,0,3,0,0,0,0,2,4
1773827035521,39529,0.1,40,0,20.201925,0,-0.24074075,1,0,0,3,0,0,0,30000,2,4
1773827041534,39545,0,16,1.7,20.216011,0.23214285,0.23214285,1,0,0,3,0,0,0,0,2,4
1773827061630,39596,0,51,2.968,20.21258,0.25490198,0.022759125,1,0,0,3,0,0,0,0,2,4
1773827085710,39649,0,53,6.705,20.212969,0.24528302,-0.009618953,1,0,0,3,0,0,0,0,2,4
1773827103747,39699,0,50,3.262,20.215834,0.26,0.014716968,1,0,0,3,0,0,0,0,2,4
1773827123799,39749,0,50,3.079,20.208904,0.26,0,1,0,0,3,0,0,0,0,2,4
1773827149905,39801,0,52,2.617,20.2163,0.25,-0.00999999,1,0,0,3,0,0,0,0,2,4
1773827165970,39857,0,56,4.034,20.220163,0.23214285,-0.01785715,1,0,0,3,0,0,0,0,2,4
1773827194105,39907,0,50,3.514,20.217865,0.26,0.02785714,1,0,0,3,0,0,0,0,2,4
1773827228232,39977,0,70,3.189,20.210455,0.18571429,-0.0742857,1,0,0,3,0,0,0,0,2,4
1773827238270,40035,0,58,4.369,6.60175,0.22413793,0.038423643,1,0,0,3,0,0,0,0,2,4
1773827256328,40086,0,51,8.398,6.6029897,0.25490198,0.030764043,1,0,0,3,0,0,0,0,2,4
1773827282476,40137,0,51,5.816,6.5703263,0.25490198,0,1,0,0,3,0,0,0,0,2,4
1773827304585,40187,0,50,3.023,6.420335,0.26,0.005098015,1,0,0,3,0,0,0,0,2,4
1773827324660,40237,0,50,8.02,6.424573,0.26,0,1,0,0,3,0,0,0,0,2,4
1773827352739,40288,0,51,1.612,6.4073215,0.25490198,-0.005098015,1,0,0,3,0,0,0,0,2,4
1773827376835,40341,0,53,6.804,6.4010844,0.24528302,-0.009618953,1,0,0,3,0,0,0,0,2,4
1773827398879,40392,0,51,9.029,6.413829,0.25490198,0.009618953,1,0,0,3,0,0,0,0,2,4
1773827443081,40446,0,54,10.417,6.441548,0.24074075,-0.014161229,1,0,0,3,0,0,0,0,2,4
1773827467164,40498,0,52,1.129,6.439248,0.25,0.009259254,1,0,0,3,0,0,0,0,2,4
1773827495293,40548,0,50,15.175,6.517504,0.26,0.00999999,1,0,0,3,0,0,0,0,2,4
1773827507342,40600,0,52,4.466,6.5125012,0.25,-0.00999999,1,0,0,3,0,0,0,0,2,4
1773827529466,40652,0,52,4.772,6.5132246,0.25,0,1,0,0,3,0,0,0,0,2,4
1773827559572,40702,0,50,4.834,6.511194,0.26,0.00999999,1,0,0,3,0,0,0,0,2,4
1773827583673,40752,0,50,4.405,6.324688,0.26,0,1,0,0,3,0,0,0,0,2,4
1773827611771,40808,0,56,3.313,6.3256145,0.23214285,-0.02785714,1,0,0,3,0,0,0,0,2,4
1773827629842,40859,0,51,7.825,6.329461,0.25490198,0.022759125,1,0,0,3,0,0,0,0,2,4
1773827641896,40910,0,51,3.949,6.330425,0.25490198,0,1,0,0,3,0,0,0,0,2,4
1773827659972,40973,0,63,1.712,6.340218,0.20634921,-0.048552766,1,0,0,3,0,0,0,0,2,4
1773827710191,41031,0,58,6.236,6.1901183,0.22413793,0.017788723,1,0,0,3,0,0,0,0,2,4
1773827728273,41081,0,50,8.101,6.1928434,0.26,0.03586206,1,0,0,3,0,0,0,0,2,4
1773827758348,41132,0,51,2.032,6.186806,0.25490198,-0.005098015,1,0,0,3,0,0,0,0,2,4
1773827774412,41182,0,50,1.894,6.1899557,0.26,0.005098015,1,0,0,3,0,0,0,0,2,4
1773827788468,41235,0,53,1.962,6.202868,0.24528302,-0.014716968,1,0,0,3,0,0,0,0,2,4
1773827812545,41291,0,56,1.346,6.2165174,0.23214285,-0.013140172,1,0,0,3,0,0,0,0,2,4
1773827830639,41347,0,56,3.413,6.2165985,0.23214285,0,1,0,0,3,0,0,0,0,2,4
1773827846701,41414,0,67,3.044,6.221517,0.19402985,-0.038112998,1,0,0,3,0,0,0,0,2,4
1773827856715,41467,0,53,9.339,6.230105,0.24528302,0.05125317,1,0,0,3,0,0,0,0,2,4
1773827882830,41524,0,57,1.46,6.247771,0.22807017,-0.017212853,1,0,0,3,0,0,0,0,2,4
1773827898866,41574,0,50,5.82,6.2417955,0.26,0.03192982,1,0,0,3,0,0,0,0,2,4
1773827912899,41626,0,52,3.646,6.244854,0.25,-0.00999999,1,0,0,3,0,0,0,0,2,4
1773827926943,41676,0,50,8.497,6.2519245,0.26,0.00999999,1,0,0,3,0,0,0,0,2,4
1773827957106,41727,0,51,4.075,6.2380686,0.25490198,-0.005098015,1,0,0,3,0,0,0,0,2,4
1773827971140,41784,0,57,3.599,6.2363596,0.22807017,-0.026831806,1,0,0,3,0,0,0,0,2,4
1773827991205,41846,0,62,85.707,11.538218,0.20967741,-0.018392757,1,0,0,3,0,0,0,0,2,4
1773828035372,41901,0,55,1.512,11.553511,0.23636363,0.026686221,1,0,0,3,0,0,0,0,2,4
1773828057462,41955,0,54,4.074,11.555427,0.24074075,0.004377112,1,0,0,3,0,0,0,0,2,4
1773828087576,42005,0,50,3.805,11.54326,0.26,0.019259244,1,0,0,3,0,0,0,0,2,4
1773828107663,42069,0,64,1.119,11.560879,0.203125,-0.05687499,1,0,0,3,0,0,0,0,2,4
1773828119707,42122,0,53,3.952,10.469119,0.24528302,0.042158023,1,0,0,3,0,0,0,0,2,4
1773828163914,42179,0,57,4.136,10.4651785,0.22807017,-0.017212853,1,0,0,3,0,0,0,0,2,4
1773828179971,42239,0,60,5.248,10.451448,0.21666667,-0.011403501,1,0,0,3,0,0,0,0,2,4
1773828232195,42280,0.1,41,0,10.470211,0,-0.21666667,1,0,0,3,0,0,0,30000,2,4
1773828238221,42290,0,10,2.856,10.470828,0.25490198,0.25490198,1,0,0,3,0,0,0,0,2,4
1773828246269,42343,0,53,3.717,10.470016,0.24528302,-0.009618953,1,0,0,3,0,0,0,0,2,4
1773828256302,42393,0,50,1.307,10.481807,0.26,0.014716968,1,0,0,3,0,0,0,0,2,4
1773828298461,42413,0.1,20,0,10.500074,0,-0.26,1,0,0,3,0,0,0,30000,2,4
1773828306482,42443,0,30,4.029,10.471935,0.26,0.26,1,0,0,3,0,0,0,0,2,4
1773828316518,42497,0,54,3.802,10.471307,0.24074075,-0.019259244,1,0,0,3,0,0,0,0,2,4
1773828346629,42556,0,59,4.652,10.469278,0.22033899,-0.020401761,1,0,0,3,0,0,0,0,2,4
1773828368711,42616,0,60,3.154,10.470085,0.21666667,-0.0036723167,1,0,0,3,0,0,0,0,2,4
1773828384768,42671,0,55,2.209,10.476616,0.23636363,0.019696966,1,0,0,3,0,0,0,0,2,4
1773828439017,42726,0,55,8.019,10.481534,0.23636363,0,1,0,0,3,0,0,0,0,2,4
1773828453067,42783,0,57,2.378,10.478687,0.22807017,-0.008293465,1,0,0,3,0,0,0,0,2,4
1773828491182,42838,0,55,2.066,10.46495,0.23636363,0.008293465,1,0,0,3,0,0,0,0,2,4
1773828509256,42891,0,53,3.484,10.45715,0.24528302,0.008919388,1,0,0,3,0,0,0,0,2,4
1773828529308,42948,0,57,5.886,10.452226,0.22807017,-0.017212853,1,0,0,3,0,0,0,0,2,4
1773828553406,43003,0,55,10.546,10.469532,0.23636363,0.008293465,1,0,0,3,0,0,0,0,2,4
1773828575493,43055,0,52,3.071,10.470238,0.25,0.0136363655,1,0,0,3,0,0,0,0,2,4
1773828593515,43106,0,51,3.388,10.469129,0.25490198,0.0049019754,1,0,0,3,0,0,0,0,2,4
1773828627683,43114,0.1,8,0,10.485956,0,-0.25490198,1,0,0,3,0,0,0,30000,2,4
1773828649772,43159,0,45,2.572,10.490933,0.24528302,0.24528302,1,0,0,3,0,0,0,0,2,4
1773828681891,43210,0,51,4.566,10.488512,0.25490198,0.009618953,1,0,0,3,0,0,0,0,2,4
1773828695954,43260,0,50,3.044,10.489047,0.26,0.005098015,1,0,0,3,0,0,0,0,2,4
1773828706005,43317,0,57,4.531,10.4887705,0.22807017,-0.03192982,1,0,0,3,0,0,0,0,2,4
1773828724093,43368,0,51,1.56,10.494486,0.25490198,0.026831806,1,0,0,3,0,0,0,0,2,4
1773828762261,43381,0.1,13,0,10.516401,0,-0.25490198,1,0,0,3,0,0,0,30000,2,4
1773828772281,43422,0,41,4.358,10.512996,0.24074075,0.24074075,1,0,0,3,0,0,0,0,2,4
1773828794333,43475,0,53,1.831,10.51707,0.24528302,0.0045422763,1,0,0,3,0,0,0,0,2,4
1773828818439,43533,0,58,3.585,10.509044,0.22413793,-0.02114509,1,0,0,3,0,0,0,0,2,4
1773828834504,43588,0,55,2.316,10.514087,0.23636363,0.012225702,1,0,0,3,0,0,0,0,2,4
1773828854587,43642,0,54,3.112,10.506734,0.24074075,0.004377112,1,0,0,3,0,0,0,0,2,4
1773828886713,43692,0,50,4.55,10.486287,0.26,0.019259244,1,0,0,3,0,0,0,0,2,4
1773828910810,43746,0,54,1.698,10.48316,0.24074075,-0.019259244,1,0,0,3,0,0,0,0,2,4
1773828940950,43796,0,50,2.05,10.412311,0.26,0.019259244,1,0,0,3,0,0,0,0,2,4
1773828965040,43852,0,56,2.499,10.41645,0.23214285,-0.02785714,1,0,0,3,0,0,0,0,2,4
1773828989102,43904,0,52,2.165,10.421846,0.25,0.01785715,1,0,0,3,0,0,0,0,2,4
1773829017162,43955,0,51,3.717,10.42276,0.25490198,0.0049019754,1,0,0,3,0,0,0,0,2,4
1773829037238,44006,0,51,3.942,10.423201,0.25490198,0,1,0,0,3,0,0,0,0,2,4
1773829055294,44063,0,57,3.987,10.4220295,0.22807017,-0.026831806,1,0,0,3,0,0,0,0,2,4
1773829095468,44079,0.1,16,0,10.431892,0,-0.22807017,1,0,0,3,0,0,0,30000,2,4
1773829105481,44115,0,36,3.042,10.433512,0.25,0.25,1,0,0,3,0,0,0,0,2,4
1773829117516,44167,0,52,4.801,10.426817,0.25,0,1,0,0,3,0,0,0,0,2,4
1773829139601,44217,0,50,14.748,10.499257,0.26,0.00999999,1,0,0,3,0,0,0,0,2,4
1773829165703,44268,0,51,9.965,10.510789,0.25490198,-0.005098015,1,0,0,3,0,0,0,0,2,4
1773829181746,44326,0,58,3.538,10.50605,0.22413793,-0.030764043,1,0,0,3,0,0,0,0,2,4
1773829207842,44378,0,52,9.837,10.516572,0.25,0.025862068,1,0,0,3,0,0,0,0,2,4
1773829227918,44437,0,59,2.881,10.512992,0.22033899,-0.029661015,1,0,0,3,0,0,0,0,2,4
1773829239973,44489,0,52,7.478,10.506732,0.25,0.029661015,1,0,0,3,0,0,0,0,2,4
1773829260041,44540,0,51,5.292,10.504471,0.25490198,0.0049019754,1,0,0,3,0,0,0,0,2,4
1773829284117,44591,0,51,2.047,10.508359,0.25490198,0,1,0,0,3,0,0,0,0,2,4
1773829304189,44645,0,54,14.939,10.565948,0.24074075,-0.014161229,1,0,0,3,0,0,0,0,2,4
1773829336307,44695,0,50,1.909,10.563579,0.26,0.019259244,1,0,0,3,0,0,0,0,2,4
1773829376493,44745,0,50,6.263,10.564094,0.26,0,1,0,0,3,0,0,0,0,2,4
1773829404609,44796,0,51,1.378,10.573253,0.25490198,-0.005098015,1,0,0,3,0,0,0,0,2,4
1773829426669,44861,0,65,3.08,10.568414,0.2,-0.054901972,1,0,0,3,0,0,0,0,2,4
1773829446730,44925,0,64,3.415,10.569769,0.203125,0.003124997,1,0,0,3,0,0,0,0,2,4
1773829478842,44976,0,51,9.042,10.578993,0.25490198,0.051776975,1,0,0,3,0,0,0,0,2,4
1773829494877,45034,0,58,3.07,3.0149288,0.22413793,-0.030764043,1,0,0,3,0,0,0,0,2,4
1773829506915,45092,0,58,1.929,3.0101535,0.22413793,0,1,0,0,3,0,0,0,0,2,4
1773829565174,45149,0,57,2.996,3.0123258,0.22807017,0.0039322376,1,0,0,3,0,0,0,0,2,4
1773829575206,45199,0,50,4.661,3.0137079,0.26,0.03192982,1,0,0,3,0,0,0,0,2,4
1773829619340,45251,0,52,3.661,2.9931014,0.25,-0.00999999,1,0,0,3,0,0,0,0,2,4
1773829631411,45301,0,50,2.585,2.9980133,0.26,0.00999999,1,0,0,3,0,0,0,0,2,4
1773829655512,45356,0,55,1.968,3.007915,0.23636363,-0.023636356,1,0,0,3,0,0,0,0,2,4
1773829689673,45408,0,52,8.012,3.0463717,0.25,0.0136363655,1,0,0,3,0,0,0,0,2,4
1773829703708,45462,0,54,4.819,3.0069625,0.24074075,-0.009259254,1,0,0,3,0,0,0,0,2,4
1773829719757,45514,0,52,1.824,3.0159748,0.25,0.009259254,1,0,0,3,0,0,0,0,2,4
1773829753909,45564,0,50,3.724,3.015964,0.26,0.00999999,1,0,0,3,0,0,0,0,2,4
1773829765939,45619,0,55,3.305,2.9980571,0.23636363,-0.023636356,1,0,0,3,0,0,0,0,2,4
1773829822183,45666,0.1,47,0,2.9980567,0,-0.23636363,1,0,0,3,0,0,0,30000,2,4
1773829828199,45681,0,15,3.921,2.9980967,0.20967741,0.20967741,1,0,0,3,0,0,0,0,2,4
1773829846269,45736,0,55,1.85,3.0103154,0.23636363,0.026686221,1,0,0,3,0,0,0,0,2,4
1773829886434,45790,0,54,2.005,3.01944,0.24074075,0.004377112,1,0,0,3,0,0,0,0,2,4
1773829910486,45841,0,51,3.229,3.0191367,0.25490198,0.014161229,1,0,0,3,0,0,0,0,2,4
1773829954648,45903,0,62,1.416,3.0279694,0.20967741,-0.045224562,1,0,0,3,0,0,0,0,2,4
1773829980750,45971,0,68,4.94,2.9873111,0.19117647,-0.018500939,1,0,0,3,0,0,0,0,2,4
1773830020941,45999,0.1,28,0,3.0207815,0,-0.19117647,1,0,0,3,0,0,0,30000,2,4
1773830028984,46026,0,27,2.23,3.0193143,0.23636363,0.23636363,1,0,0,3,0,0,0,0,2,4
1773830053071,46077,0,51,3.554,3.019183,0.25490198,0.01853834,1,0,0,3,0,0,0,0,2,4
1773830093240,46127,0,50,3.574,3.0087802,0.26,0.005098015,1,0,0,3,0,0,0,0,2,4
1773830115314,46181,0,54,4.399,2.889035,0.24074075,-0.019259244,1,0,0,3,0,0,0,0,2,4
1773830151478,46206,0.1,25,0,2.925157,0,-0.24074075,1,0,0,3,0,0,0,30000,2,4
1773830161506,46231,0,25,9.093,3.000255,0.26,0.26,1,0,0,3,0,0,0,0,2,4
1773830183596,46282,0,51,3.228,2.9630337,0.25490198,-0.005098015,1,0,0,3,0,0,0,0,2,4
1773830217725,46303,0.1,21,0,2.997198,0,-0.25490198,1,0,0,3,0,0,0,30000,2,4
1773830227764,46333,0,30,3.124,2.9967701,0.25490198,0.25490198,1,0,0,3,0,0,0,0,2,4
1773830237800,46384,0,51,3.993,2.995455,0.25490198,0,1,0,0,3,0,0,0,0,2,4
1773830247848,46434,0,50,2.984,2.9956331,0.26,0.005098015,1,0,0,3,0,0,0,0,2,4
1773830285973,46493,0,59,3.919,2.98273,0.22033899,-0.039661005,1,0,0,3,0,0,0,0,2,4
1773830296014,46546,0,53,3.958,2.9439907,0.24528302,0.024944037,1,0,0,3,0,0,0,0,2,4
1773830320102,46599,0,53,8.92,3.009535,0.24528302,0,1,0,0,3,0,0,0,0,2,4
1773830376309,46655,0,56,8.889,3.059231,0.23214285,-0.013140172,1,0,0,3,0,0,0,0,2,4
1773830416452,46709,0,54,2,3.0692759,0.24074075,0.0085978955,1,0,0,3,0,0,0,0,2,4
1773830440537,46760,0,51,3.617,3.0622034,0.25490198,0.014161229,1,0,0,3,0,0,0,0,2,4
1773830482727,46812,0,52,3.63,3.0604153,0.25,-0.0049019754,1,0,0,3,0,0,0,0,2,4
1773830506860,46864,0,52,2.854,3.0633245,0.25,0,1,0,0,3,0,0,0,0,2,4
1773830548988,46918,0,54,3.898,3.049332,0.24074075,-0.009259254,1,0,0,3,0,0,0,0,2,4
1773830563048,46971,0,53,27.608,4.211958,0.24528302,0.0045422763,1,0,0,3,0,0,0,0,2,4
1773830615251,47033,0,62,2.873,4.2094936,0.20967741,-0.03560561,1,0,0,3,0,0,0,0,2,4
1773830635317,47083,0,50,2.509,4.206773,0.26,0.050322577,1,0,0,3,0,0,0,0,2,4
1773830643339,47137,0,54,3.963,4.206196,0.24074075,-0.019259244,1,0,0,3,0,0,0,0,2,4
1773830681520,47191,0,54,3.724,4.206713,0.24074075,0,1,0,0,3,0,0,0,0,2,4
1773830699607,47241,0,50,2.716,4.211945,0.26,0.019259244,1,0,0,3,0,0,0,0,2,4
1773830729710,47291,0,50,4.424,4.1744747,0.26,0,1,0,0,3,0,0,0,0,2,4
1773830757810,47342,0,51,3.249,4.1734085,0.25490198,-0.005098015,1,0,0,3,0,0,0,0,2,4
1773830775874,47394,0,52,7.271,4.187201,0.25,-0.0049019754,1,0,0,3,0,0,0,0,2,4
1773830816013,47450,0,56,4.073,3.985874,0.23214285,-0.01785715,1,0,0,3,0,0,0,0,2,4
1773830834072,47509,0,59,36.122,5.564522,0.22033899,-0.011803865,1,0,0,3,0,0,0,0,2,4
1773830880268,47563,0,54,2.799,5.5679007,0.24074075,0.020401761,1,0,0,3,0,0,0,0,2,4
1773830902327,47616,0,53,2.181,5.5403953,0.24528302,0.0045422763,1,0,0,3,0,0,0,0,2,4
1773830946470,47666,0,50,3.163,5.539081,0.26,0.014716968,1,0,0,3,0,0,0,0,2,4
1773830970522,47718,0,52,6.267,5.531542,0.25,-0.00999999,1,0,0,3,0,0,0,0,2,4
1773831024714,47776,0,58,4.421,5.531036,0.22413793,-0.025862068,1,0,0,3,0,0,0,0,2,4
1773831044824,47829,0,53,4.642,5.5213523,0.24528302,0.02114509,1,0,0,3,0,0,0,0,2,4
1773831080961,47879,0,50,1.634,5.3800077,0.26,0.014716968,1,0,0,3,0,0,0,0,2,4
1773831101056,47931,0,52,5.436,5.371482,0.25,-0.00999999,1,0,0,3,0,0,0,0,2,4
1773831113104,47989,0,58,2.646,5.371997,0.22413793,-0.025862068,1,0,0,3,0,0,0,0,2,4
1773831159310,48043,0,54,1.731,5.3689947,0.24074075,0.016602814,1,0,0,3,0,0,0,0,2,4
1773831169321,48093,0,50,4.035,5.366407,0.26,0.019259244,1,0,0,3,0,0,0,0,2,4
1773831179369,48148,0,55,3.081,5.3676176,0.23636363,-0.023636356,1,0,0,3,0,0,0,0,2,4
1773831229545,48204,0,56,4.099,5.3370457,0.23214285,-0.0042207837,1,0,0,3,0,0,0,0,2,4
1773831245623,48256,0,52,8.304,5.355904,0.25,0.01785715,1,0,0,3,0,0,0,0,2,4
1773831289790,48308,0,52,2.545,5.351836,0.25,0,1,0,0,3,0,0,0,0,2,4
1773831303839,48363,0,55,6.112,5.3520637,0.23636363,-0.0136363655,1,0,0,3,0,0,0,0,2,4
1773831354015,48424,0,61,3.583,5.3533945,0.21311475,-0.023248881,1,0,0,3,0,0,0,0,2,4
1773831376095,48489,0,65,1.4,5.3665004,0.2,-0.01311475,1,0,0,3,0,0,0,0,2,4
1773831426292,48540,0,51,4.038,5.3614163,0.25490198,0.054901972,1,0,0,3,0,0,0,0,2,4
1773831452382,48594,0,54,4.583,5.3517385,0.24074075,-0.014161229,1,0,0,3,0,0,0,0,2,4
1773831496574,48647,0,53,2.958,5.3375573,0.24528302,0.0045422763,1,0,0,3,0,0,0,0,2,4
1773831518659,48697,0,50,10.676,5.392416,0.26,0.014716968,1,0,0,3,0,0,0,0,2,4
1773831562808,48759,0,62,2.93,5.385332,0.20967741,-0.050322577,1,0,0,3,0,0,0,0,2,4
1773831572839,48814,0,55,5.823,5.386322,0.23636363,0.026686221,1,0,0,3,0,0,0,0,2,4
1773831617022,48865,0,51,6.283,5.387561,0.25490198,0.01853834,1,0,0,3,0,0,0,0,2,4
1773831629064,48923,0,58,3.13,5.3590426,0.22413793,-0.030764043,1,0,0,3,0,0,0,0,2,4
1773831639078,48978,0,55,4.803,5.3580966,0.23636363,0.012225702,1,0,0,3,0,0,0,0,2,4
1773831651113,49032,0,54,1.449,5.3617024,0.24074075,0.004377112,1,0,0,3,0,0,0,0,2,4
1773831681256,49032,0.35,0,0,5.383348,0,-0.24074075,1,0,0,3,0,0,0,30000,2,4
1773831701329,49082,0,50,6.034,5.3826203,0.26,0.26,1,0,0,3,0,0,0,0,2,4
1773831749570,49134,0,52,2.964,5.371083,0.25,-0.00999999,1,0,0,3,0,0,0,0,2,4
1773831765637,49186,0,52,4.757,5.3710384,0.25,0,1,0,0,3,0,0,0,0,2,4
1773831783730,49237,0,51,2.709,5.3439326,0.25490198,0.0049019754,1,0,0,3,0,0,0,0,2,4
1773831829907,49288,0,51,3.351,5.337292,0.25490198,0,1,0,0,3,0,0,0,0,2,4
1773831882106,49347,0,59,2.448,5.3431635,0.22033899,-0.03456299,1,0,0,3,0,0,0,0,2,4
1773831896164,49398,0,51,4.253,5.341379,0.25490198,0.03456299,1,0,0,3,0,0,0,0,2,4
1773831906198,49455,0,57,4.183,5.341711,0.22807017,-0.026831806,1,0,0,3,0,0,0,0,2,4
1773831948400,49511,0,56,11.907,5.3780384,0.23214285,0.004072681,1,0,0,3,0,0,0,0,2,4
1773831966497,49575,0,64,2.016,5.365484,0.203125,-0.02901785,1,0,0,3,0,0,0,0,2,4
1773832018668,49630,0,55,3.212,5.3655624,0.23636363,0.033238634,1,0,0,3,0,0,0,0,2,4
1773832032713,49684,0,54,4.741,5.330161,0.24074075,0.004377112,1,0,0,3,0,0,0,0,2,4
1773832042739,49737,0,53,4.153,5.32614,0.24528302,0.0045422763,1,0,0,3,0,0,0,0,2,4
1773832084903,49791,0,54,3.963,5.326227,0.24074075,-0.0045422763,1,0,0,3,0,0,0,0,2,4
1773832110991,49843,0,52,3.699,5.3227806,0.25,0.009259254,1,0,0,3,0,0,0,0,2,4
1773832155197,49894,0,51,6.896,5.326225,0.25490198,0.0049019754,1,0,0,3,0,0,0,0,2,4
1773832177273,49952,0,58,4.396,5.3251166,0.22413793,-0.030764043,1,0,0,3,0,0,0,0,2,4
1773832223470,50004,0,52,10.856,5.3524814,0.25,0.025862068,1,0,0,3,0,0,0,0,2,4
1773832243568,50060,0,56,4.763,5.330942,0.23214285,-0.01785715,1,0,0,3,0,0,0,0,2,4
1773832283708,50110,0,50,1.866,5.3321495,0.26,0.02785714,1,0,0,3,0,0,0,0,2,4
1773832307820,50164,0,54,7.166,5.3358583,0.24074075,-0.019259244,1,0,0,3,0,0,0,0,2,4
1773832358061,50225,0,61,2.749,5.340671,0.21311475,-0.027625993,1,0,0,3,0,0,0,0,2,4
1773832374115,50278,0,53,24.793,5.866957,0.24528302,0.03216827,1,0,0,3,0,0,0,0,2,4
1773832412305,50291,0.1,13,0,5.9022717,0,-0.24528302,1,0,0,3,0,0,0,30000,2,4
1773832424353,50330,0,39,2.858,5.1988826,0.25,0.25,1,0,0,3,0,0,0,0,2,4
1773832442442,50383,0,53,3.039,5.1978908,0.24528302,-0.0047169775,1,0,0,3,0,0,0,0,2,4
1773832490634,50442,0,59,2.404,5.198676,0.22033899,-0.024944037,1,0,0,3,0,0,0,0,2,4
1773832508688,50495,0,53,9.811,5.231904,0.24528302,0.024944037,1,0,0,3,0,0,0,0,2,4
1773832540829,50546,0,51,7.587,5.238696,0.25490198,0.009618953,1,0,0,3,0,0,0,0,2,4
1773832562929,50599,0,53,10.998,5.280417,0.24528302,-0.009618953,1,0,0,3,0,0,0,0,2,4
1773832578992,50654,0,55,27.507,5.958154,0.23636363,-0.008919388,1,0,0,3,0,0,0,0,2,4
1773832611138,50708,0,54,2.868,5.960676,0.24074075,0.004377112,1,0,0,3,0,0,0,0,2,4
1773832629207,50759,0,51,3.597,5.961813,0.25490198,0.014161229,1,0,0,3,0,0,0,0,2,4
1773832647275,50813,0,54,4.625,5.9601083,0.24074075,-0.014161229,1,0,0,3,0,0,0,0,2,4
1773832683460,50867,0,54,2.056,4.5614915,0.24074075,0,1,0,0,3,0,0,0,0,2,4
1773832705524,50920,0,53,4.277,4.5540266,0.24528302,0.0045422763,1,0,0,3,0,0,0,0,2,4
1773832741670,50974,0,54,4.391,4.540707,0.24074075,-0.0045422763,1,0,0,3,0,0,0,0,2,4
1773832757718,51030,0,56,27.361,5.3095913,0.23214285,-0.0085978955,1,0,0,3,0,0,0,0,2,4
1773832781826,51088,0,58,6.053,5.309134,0.22413793,-0.008004919,1,0,0,3,0,0,0,0,2,4
1773832817966,51138,0,50,1.844,5.326393,0.26,0.03586206,1,0,0,3,0,0,0,0,2,4
1773832838048,51189,0,51,22.042,5.7113485,0.25490198,-0.005098015,1,0,0,3,0,0,0,0,2,4
1773832874160,51244,0,55,5.025,5.6894064,0.23636363,-0.01853834,1,0,0,3,0,0,0,0,2,4
1773832890238,51301,0,57,4.238,5.6922693,0.22807017,-0.008293465,1,0,0,3,0,0,0,0,2,4
1773832920379,51351,0,50,25.126,6.166903,0.26,0.03192982,1,0,0,3,0,0,0,0,2,4
1773832954518,51402,0,51,9.188,6.1546497,0.25490198,-0.005098015,1,0,0,3,0,0,0,0,2,4
1773832980637,51464,0,62,3.237,6.15976,0.20967741,-0.045224562,1,0,0,3,0,0,0,0,2,4
1773833012738,51514,0,50,3.374,6.157583,0.26,0.050322577,1,0,0,3,0,0,0,0,2,4
1773833032846,51573,0,59,3.941,6.1584396,0.22033899,-0.039661005,1,0,0,3,0,0,0,0,2,4
1773833072970,51630,0,57,4.706,6.1549897,0.22807017,0.0077311844,1,0,0,3,0,0,0,0,2,4
1773833099079,51681,0,51,2.114,6.159109,0.25490198,0.026831806,1,0,0,3,0,0,0,0,2,4
1773833137226,51733,0,52,7.778,6.162657,0.25,-0.0049019754,1,0,0,3,0,0,0,0,2,4
1773833155273,51791,0,58,32.105,6.944849,0.22413793,-0.025862068,1,0,0,3,0,0,0,0,2,4
1773833165288,51848,0,57,5.369,6.9161205,0.22807017,0.0039322376,1,0,0,3,0,0,0,0,2,4
1773833203433,51905,0,57,4.145,6.915508,0.22807017,0,1,0,0,3,0,0,0,0,2,4
1773833221476,51969,0,64,1.944,6.9354153,0.203125,-0.02494517,1,0,0,3,0,0,0,0,2,4
1773833247550,52021,0,52,12.058,6.9528284,0.25,0.046875,1,0,0,3,0,0,0,0,2,4
1773833275677,52072,0,51,7.341,6.935525,0.25490198,0.0049019754,1,0,0,3,0,0,0,0,2,4
1773833291704,52128,0,56,3.711,6.929607,0.23214285,-0.022759125,1,0,0,3,0,0,0,0,2,4
1773833305750,52178,0,50,14.533,6.9964747,0.26,0.02785714,1,0,0,3,0,0,0,0,2,4
1773833337866,52232,0,54,5.403,6.9983897,0.24074075,-0.019259244,1,0,0,3,0,0,0,0,2,4
1773833361940,52287,0,55,15.673,7.067843,0.23636363,-0.004377112,1,0,0,3,0,0,0,0,2,4
1773833406117,52349,0,62,5.649,7.064499,0.20967741,-0.026686221,1,0,0,3,0,0,0,0,2,4
1773833430238,52400,0,51,3.187,7.0463486,0.25490198,0.045224562,1,0,0,3,0,0,0,0,2,4
1773833446290,52450,0,50,1.614,7.0239325,0.26,0.005098015,1,0,0,3,0,0,0,0,2,4
1773833480402,52501,0,51,3.797,7.034572,0.25490198,-0.005098015,1,0,0,3,0,0,0,0,2,4
1773833502472,52552,0,51,4.518,7.0231423,0.25490198,0,1,0,0,3,0,0,0,0,2,4
1773833540642,52607,0,55,2.465,7.0406256,0.23636363,-0.01853834,1,0,0,3,0,0,0,0,2,4
1773833560705,52661,0,54,2.836,7.0394273,0.24074075,0.004377112,1,0,0,3,0,0,0,0,2,4
1773833602870,52722,0,61,5.07,7.0286164,0.21311475,-0.027625993,1,0,0,3,0,0,0,0,2,4
1773833622909,52788,0,66,1.889,7.034681,0.1969697,-0.01614505,1,0,0,3,0,0,0,0,2,4
1773833646996,52842,0,54,4.6,7.0326586,0.24074075,0.043771043,1,0,0,3,0,0,0,0,2,4
1773833685158,52892,0,50,4.235,7.0323296,0.26,0.019259244,1,0,0,3,0,0,0,0,2,4
1773833709267,52945,0,53,6.803,7.005718,0.24528302,-0.014716968,1,0,0,3,0,0,0,0,2,4
1773833743396,52999,0,54,3.522,6.991544,0.24074075,-0.0045422763,1,0,0,3,0,0,0,0,2,4
1773833771479,53051,0,52,3.647,6.9880714,0.25,0.009259254,1,0,0,3,0,0,0,0,2,4
1773833805613,53112,0,61,2.25,7.007472,0.21311475,-0.036885247,1,0,0,3,0,0,0,0,2,4
1773833819662,53163,0,51,2.389,7.02193,0.25490198,0.041787222,1,0,0,3,0,0,0,0,2,4
1773833831713,53218,0,55,3.378,7.026174,0.23636363,-0.01853834,1,0,0,3,0,0,0,0,2,4
1773833871877,53272,0,54,3.21,7.0299463,0.24074075,0.004377112,1,0,0,3,0,0,0,0,2,4
1773833893958,53329,0,57,2.006,7.056314,0.22807017,-0.012670577,1,0,0,3,0,0,0,0,2,4
1773833912063,53381,0,52,3.498,7.062058,0.25,0.02192983,1,0,0,3,0,0,0,0,2,4
1773833948200,53432,0,51,7.181,7.0440025,0.25490198,0.0049019754,1,0,0,3,0,0,0,0,2,4
1773833962281,53492,0,60,34.523,7.8340144,0.21666667,-0.038235307,1,0,0,3,0,0,0,0,2,4
1773834002421,53552,0,60,4.303,7.813711,0.21666667,0,1,0,0,3,0,0,0,0,2,4
1773834028509,53617,0,65,3.886,7.825007,0.2,-0.016666666,1,0,0,3,0,0,0,0,2,4
1773834050607,53667,0,50,2.245,7.829758,0.26,0.059999987,1,0,0,3,0,0,0,0,2,4
1773834082734,53717,0,50,6.169,7.510671,0.26,0,1,0,0,3,0,0,0,0,2,4
1773834108946,53779,0,62,7.046,7.459824,0.20967741,-0.050322577,1,0,0,3,0,0,0,0,2,4
1773834149196,53836,0,57,2.243,7.4655943,0.22807017,0.018392757,1,0,0,3,0,0,0,0,2,4
1773834165269,53888,0,52,3.261,7.4637923,0.25,0.02192983,1,0,0,3,0,0,0,0,2,4
1773834221497,53939,0,51,1.333,7.475334,0.25490198,0.0049019754,1,0,0,3,0,0,0,0,2,4
1773834241560,53991,0,52,4.74,7.4721227,0.25,-0.0049019754,1,0,0,3,0,0,0,0,2,4
1773834275707,53993,0.1,2,0,7.520832,0,-0.25,1,0,0,3,0,0,0,30000,2,4
1773834295798,54054,0,61,3.788,7.5113134,0.20634921,0.20634921,1,0,0,3,0,0,0,0,2,4
1773834323915,54117,0,63,5.086,7.0409145,0.20634921,0,1,0,0,3,0,0,0,0,2,4
1773834333944,54169,0,52,2.053,7.0479364,0.25,0.04365079,1,0,0,3,0,0,0,0,2,4
1773834358039,54226,0,57,2.085,7.0596113,0.22807017,-0.02192983,1,0,0,3,0,0,0,0,2,4
1773834376103,54276,0,50,6.59,7.056467,0.26,0.03192982,1,0,0,3,0,0,0,0,2,4
1773834416276,54338,0,62,2.945,7.048879,0.20967741,-0.050322577,1,0,0,3,0,0,0,0,2,4
1773834428310,54391,0,53,6.718,7.044111,0.24528302,0.03560561,1,0,0,3,0,0,0,0,2,4
1773834468470,54441,0,50,2.161,7.059449,0.26,0.014716968,1,0,0,3,0,0,0,0,2,4
1773834488542,54493,0,52,1.621,6.5678053,0.25,-0.00999999,1,0,0,3,0,0,0,0,2,4
1773834508618,54547,0,54,3.343,6.575805,0.24074075,-0.009259254,1,0,0,3,0,0,0,0,2,4
1773834546901,54597,0,50,4.145,6.5597,0.26,0.019259244,1,0,0,3,0,0,0,0,2,4
1773834568972,54647,0,50,1.51,6.2603064,0.26,0,1,0,0,3,0,0,0,0,2,4
1773834603145,54698,0,51,1.955,6.276526,0.25490198,-0.005098015,1,0,0,3,0,0,0,0,2,4
1773834621253,54755,0,57,1.287,6.297062,0.22807017,-0.026831806,1,0,0,3,0,0,0,0,2,4
1773834639295,54816,0,61,1.981,5.8073936,0.21311475,-0.014955416,1,0,0,3,0,0,0,0,2,4
1773834681564,54871,0,55,3.336,5.789575,0.23636363,0.023248881,1,0,0,3,0,0,0,0,2,4
1773834695591,54921,0,50,1.135,5.8059125,0.26,0.023636356,1,0,0,3,0,0,0,0,2,4
1773834741945,54977,0,56,12.728,5.8790693,0.23214285,-0.02785714,1,0,0,3,0,0,0,0,2,4
1773834758012,55028,0,51,1.515,5.894863,0.25490198,0.022759125,1,0,0,3,0,0,0,0,2,4
1773834802197,55084,0,56,3.309,5.8990955,0.23214285,-0.022759125,1,0,0,3,0,0,0,0,2,4
1773834822275,55136,0,52,13.205,5.970137,0.25,0.01785715,1,0,0,3,0,0,0,0,2,4
1773834868477,55195,0,59,7.123,5.9664636,0.22033899,-0.029661015,1,0,0,3,0,0,0,0,2,4
1773834892577,55247,0,52,5.705,4.9200516,0.25,0.029661015,1,0,0,3,0,0,0,0,2,4
1773834934773,55300,0,53,1.599,4.936512,0.24528302,-0.0047169775,1,0,0,3,0,0,0,0,2,4
1773834954858,55351,0,51,1.76,4.9505367,0.25490198,0.009618953,1,0,0,3,0,0,0,0,2,4
1773834972902,55402,0,51,1.901,4.950927,0.25490198,0,1,0,0,3,0,0,0,0,2,4
1773835011065,55455,0,53,13.683,4.992112,0.24528302,-0.009618953,1,0,0,3,0,0,0,0,2,4
1773835029122,55508,0,53,3.661,4.9839196,0.24528302,0,1,0,0,3,0,0,0,0,2,4
1773835073335,55563,0,55,2.969,4.9872117,0.23636363,-0.008919388,1,0,0,3,0,0,0,0,2,4
1773835093410,55622,0,59,4.828,4.8325925,0.22033899,-0.01602465,1,0,0,3,0,0,0,0,2,4
1773835135572,55683,0,61,2.105,4.8413143,0.21311475,-0.007224232,1,0,0,3,0,0,0,0,2,4
1773835163712,55733,0,50,1.094,4.651715,0.26,0.046885237,1,0,0,3,0,0,0,0,2,4
1773835205869,55786,0,53,1.307,4.663472,0.24528302,-0.014716968,1,0,0,3,0,0,0,0,2,4
1773835219901,55844,0,58,1.502,4.6741495,0.22413793,-0.02114509,1,0,0,3,0,0,0,0,2,4
1773835235963,55896,0,52,1.354,4.6765294,0.25,0.025862068,1,0,0,3,0,0,0,0,2,4
1773835276164,55958,0,62,1.538,4.688105,0.20967741,-0.040322587,1,0,0,3,0,0,0,0,2,4
1773835296242,56008,0,50,3.219,4.6894336,0.26,0.050322577,1,0,0,3,0,0,0,0,2,4
1773835334398,56060,0,52,1.285,4.698393,0.25,-0.00999999,1,0,0,3,0,0,0,0,2,4
1773835354472,56113,0,53,1.816,4.704538,0.24528302,-0.0047169775,1,0,0,3,0,0,0,0,2,4
1773835370532,56163,0,50,1.735,4.712311,0.26,0.014716968,1,0,0,3,0,0,0,0,2,4
1773835410669,56219,0,56,1.458,4.715742,0.23214285,-0.02785714,1,0,0,3,0,0,0,0,2,4
1773835424725,56274,0,55,2.469,4.719418,0.23636363,0.0042207837,1,0,0,3,0,0,0,0,2,4
1773835468955,56327,0,53,3.798,4.719445,0.24528302,0.008919388,1,0,0,3,0,0,0,0,2,4
1773835491080,56381,0,54,2.286,4.711243,0.24074075,-0.0045422763,1,0,0,3,0,0,0,0,2,4
1773835541370,56433,0,52,7.177,4.727696,0.25,0.009259254,1,0,0,3,0,0,0,0,2,4
1773835700887,51,0,51,3.576,0,0,0,1,1,0,3,0,0,0,0,3,0
1773835722938,105,0,54,16.786,6.6049995,0,0,1,0,0,3,0,0,0,0,3,0
1773835811758,50,0,50,4.085,0,0,0,1,1,0,3,0,0,0,0,2,0
1773835823793,101,0,51,1.656,1.2145001,0,0,1,0,0,3,0,0,0,0,2,0
1773835837841,151,0,50,1.282,1.2426105,0,0,1,0,0,3,0,0,0,0,2,0
1773835863958,205,0,54,6.063,1.9379245,0,0,1,0,0,3,0,0,0,0,2,0
1773836007175,13,0.1,13,0,0,0,0,1,1,0,3,0,0,0,30000,2,0
1773836019211,54,0,41,2.781,1.3905,0,0,1,0,0,3,0,0,0,0,2,0
1773836031567,104,0,50,4.482,1.8473911,0,0,1,0,0,3,0,0,0,0,2,0
1773836110124,50,0.640848,50,1.304,0,0,0,1,1,0,3,0,0,0,0,2,0
1773836134249,100,0.0053710225,50,2.693,0.6945,0,0,1,0,0,3,0,0,0,0,2,0
1773836164376,151,0.004723729,51,7.46,2.6362844,0,0,1,0,0,3,0,0,0,0,2,0
1773836176420,209,0.0103554325,58,2.651,2.338437,0,0,1,0,0,3,0,0,0,0,2,0
1773836192466,260,0.004771235,51,3.615,2.0918577,0,0,1,0,0,3,0,0,0,0,2,0
1773836240685,310,0.0050361087,50,2.441,1.9533855,0,0,1,0,0,3,0,0,0,0,2,0
1773836260746,365,0.006120414,55,8.858,2.6402848,0,0,1,0,0,3,0,0,0,0,2,0
1773836294857,427,0.018422423,62,5.098,2.4897475,0,0,1,0,0,3,0,0,0,0,2,0
1773836316910,481,0.005764779,54,1.118,2.5471978,0,0,1,0,0,3,0,0,0,0,2,0
1773836335018,542,0.015280012,61,9.01,2.859266,0,0,1,0,0,3,0,0,0,0,2,0
1773836381268,602,0.013792683,60,3.27,2.746342,0,0,1,0,0,3,0,0,0,0,2,0
1773836399342,652,0.0048645698,50,2.263,2.690172,0,0,1,0,0,3,0,0,0,0,2,0
1773836433495,702,0.0048809154,50,2.195,2.6365278,0,0,1,0,0,3,0,0,0,0,2,0
1773836457587,752,0.0048882333,50,5.699,2.5781064,0,0,1,0,0,3,0,0,0,0,2,0
1773836471632,804,0.004736788,52,2.586,2.5198956,0,0,1,0,0,3,0,0,0,0,2,0
1773836501789,864,0.014346079,60,1.47,2.5165923,0,0,1,0,0,3,0,0,0,0,2,0
1773836511851,915,0.0047441022,51,1.942,2.4827354,0,0,1,0,0,3,0,0,0,0,2,0
1773836523919,966,0.00477736,51,1.62,2.4614158,0,0,1,0,0,3,0,0,0,0,2,0
1773836570101,1020,0.0056415545,54,2.458,2.4099543,0,0,1,0,0,3,0,0,0,0,2,0
1773836590171,1070,0.0049886294,50,1.439,2.3942327,0,0,1,0,0,3,0,0,0,0,2,0
1773836634346,1108,0.14396547,38,0,2.4499295,0,0,1,0,0,3,0,0,0,30000,2,0
1773836636349,1125,0.15303442,17,5.94,2.456202,0,0,1,0,0,3,0,0,0,0,2,0
1773836660462,1194,0.043353073,69,3.86,2.4039268,0,0,1,0,0,3,0,0,0,0,2,0
1773836700614,1246,0.004746698,52,3.291,2.3534865,0,0,1,0,0,3,0,0,0,0,2,0
1773836716663,1299,0.00519168,53,1.778,2.3285048,0,0,1,0,0,3,0,0,0,0,2,0
1773836724693,1349,0.005011415,50,1.389,2.3146086,0,0,1,0,0,3,0,0,0,0,2,0
1773836734731,1406,0.00858889,57,4.59,2.2846427,0,0,1,0,0,3,0,0,0,0,2,0
1773836785021,1459,0.005122157,53,2.772,2.245904,0,0,1,0,0,3,0,0,0,0,2,0
1773836835238,1516,0.008679122,57,4.131,2.2118633,0,0,1,0,0,3,0,0,0,0,2,0
1773836851263,1579,0.02145869,63,4.91,2.192807,0,0,1,0,0,3,0,0,0,0,2,0
1773836911539,1633,0.007319681,54,18.764,3.4679997,0,0,1,0,0,3,0,0,0,0,2,0
1773836929601,1683,0.0047215563,50,1.911,3.4307199,0,0,1,0,0,3,0,0,0,0,2,0
1773836973715,1739,0.0068496447,56,3.615,3.3785384,0,0,1,0,0,3,0,0,0,0,2,0
1773836983733,1793,0.005327866,54,1.898,3.3443274,0,0,1,0,0,3,0,0,0,0,2,0
1773836993787,1843,0.0046982868,50,2.833,3.2998664,0,0,1,0,0,3,0,0,0,0,2,0
1773837031954,1868,0.10730089,25,0,3.3112285,0,0,1,0,0,3,0,0,0,30000,2,0
1773837039990,1896,0.07344037,28,4.177,3.2673566,0,0,1,0,0,3,0,0,0,0,2,0
1773837060061,1950,0.00605847,54,15.288,3.7235994,0,0,1,0,0,3,0,0,0,0,2,0
1773837108292,2005,0.0058755786,55,12.345,3.9074032,0,0,1,0,0,3,0,0,0,0,2,0
1773837132358,2055,0.0045509324,50,3.69,3.8589833,0,0,1,0,0,3,0,0,0,0,2,0
1773837182542,2107,0.0043202266,52,2.677,3.8184845,0,0,1,0,0,3,0,0,0,0,2,0
1773837232707,2163,0.018423408,56,37.504,6.3350215,0,0,1,0,0,3,0,0,0,0,2,0
1773837252815,2214,0.0044748774,51,12.72,6.370392,0,0,1,0,0,3,0,0,0,0,2,0
1773837296992,2258,0.16066596,44,0,6.343275,0,0,1,0,0,3,0,0,0,30000,2,0
1773837309061,2267,0.24162345,9,12.457,6.3684053,0,0,1,0,0,3,0,0,0,0,2,0
1773837319092,2322,0.004617204,55,3.901,6.301434,0,0,1,0,0,3,0,0,0,0,2,0
1773837331112,2382,0.01193596,60,1.544,6.2553873,0,0,1,0,0,3,0,0,0,0,2,0
1773837379252,2433,0.0037486993,51,3.538,6.1936316,0,0,1,0,0,3,0,0,0,0,2,0
1773837395298,2494,0.013327432,61,5.106,6.130119,0,0,1,0,0,3,0,0,0,0,2,0
1773837443467,2545,0.0037515357,51,3.967,6.0702877,0,0,1,0,0,3,0,0,0,0,2,0
1773837461511,2596,0.0037563185,51,4.143,6.011643,0,0,1,0,0,3,0,0,0,0,2,0
1773837495663,2613,0.11561746,17,0,5.9926977,0,0,1,0,0,3,0,0,0,30000,2,0
1773837509711,2655,0.016039144,42,2.513,5.9446473,0,0,1,0,0,3,0,0,0,0,2,0
1773837519758,2712,0.0069933315,57,2.482,5.89791,0,0,1,0,0,3,0,0,0,0,2,0
1773837531814,2764,0.003742108,52,2.983,5.849059,0,0,1,0,0,3,0,0,0,0,2,0
1773837561942,2764,0.2173468,0,0,5.830804,0,0,1,0,0,3,0,0,0,30000,2,0
1773837582039,2817,0.004265626,53,12.514,5.870302,0,0,1,0,0,3,0,0,0,0,2,0
1773837598063,2867,0.0042838086,50,7.536,5.8302493,0,0,1,0,0,3,0,0,0,0,2,0
1773837640225,2925,0.008288768,58,3.279,5.7842364,0,0,1,0,0,3,0,0,0,0,2,0
1773837650272,2978,0.0038760682,53,3.356,5.7389536,0,0,1,0,0,3,0,0,0,0,2,0
1773837678394,3028,0.00419228,50,4.286,5.6921077,0,0,1,0,0,3,0,0,0,0,2,0
1773837704504,3082,0.004175165,54,4.701,5.6460314,0,0,1,0,0,3,0,0,0,0,2,0
1773837714533,3138,0.006036486,56,2.13,5.610972,0,0,1,0,0,3,0,0,0,0,2,0
1773837724581,3194,0.0057553127,56,4.138,5.567494,0,0,1,0,0,3,0,0,0,0,2,0
1773837754681,3245,0.0038364267,51,5.635,5.551524,0,0,1,0,0,3,0,0,0,0,2,0
1773837778807,3297,0.0037003437,52,5.283,5.545342,0,0,1,0,0,3,0,0,0,0,2,0
1773837794872,3353,0.006138612,56,1.725,5.548871,0,0,1,0,0,3,0,0,0,0,2,0
1773837826995,3404,0.003904605,51,7.389,5.551764,0,0,1,0,0,3,0,0,0,0,2,0
1773837853088,3458,0.0043420657,54,3.216,5.55336,0,0,1,0,0,3,0,0,0,0,2,0
1773837863106,3509,0.0039218687,51,2.863,5.5507646,0,0,1,0,0,3,0,0,0,0,2,0
1773837897213,3524,0.12223111,15,0,5.5592937,0,0,1,0,0,3,0,0,0,30000,2,0
1773837905253,3563,0.024466814,39,2.692,5.564622,0,0,1,0,0,3,0,0,0,0,2,0
1773837915301,3617,0.004349041,54,3.165,5.5500093,0,0,1,0,0,3,0,0,0,0,2,0
1773837925349,3671,0.0041682506,54,5.657,5.524812,0,0,1,0,0,3,0,0,0,0,2,0
1773837955464,3721,0.004374983,50,1.486,5.536164,0,0,1,0,0,3,0,0,0,0,2,0
1773837973528,3771,0.0042227106,50,4.113,5.5286264,0,0,1,0,0,3,0,0,0,0,2,0
1773837997621,3825,0.0047070524,54,13.13,5.618504,0,0,1,0,0,3,0,0,0,0,2,0
1773838027738,3875,0.004221769,50,3.575,5.6194644,0,0,1,0,0,3,0,0,0,0,2,0
1773838047848,3933,0.007950793,58,6.621,5.6170983,0,0,1,0,0,3,0,0,0,0,2,0
1773838057883,3985,0.0039406447,52,1.673,5.615248,0,0,1,0,0,3,0,0,0,0,2,0
1773838083990,4036,0.0038255427,51,4.82,5.6032987,0,0,1,0,0,3,0,0,0,0,2,0
1773838102060,4086,0.0042728046,50,2.626,5.595497,0,0,1,0,0,3,0,0,0,0,2,0
1773838128125,4139,0.003797334,53,7.384,5.5951223,0,0,1,0,0,3,0,0,0,0,2,0
1773838158262,4192,0.0040456722,53,2.22,5.5882196,0,0,1,0,0,3,0,0,0,0,2,0
1773838168346,4247,0.0050143115,55,3.006,5.55856,0,0,1,0,0,3,0,0,0,0,2,0
1773838180399,4300,0.0038935905,53,3.779,5.5595894,0,0,1,0,0,3,0,0,0,0,2,0
1773838190458,4357,0.0070993705,57,2.766,5.5647855,0,0,1,0,0,3,0,0,0,0,2,0
1773838230604,4410,0.0041436674,53,1.531,5.5774727,0,0,1,0,0,3,0,0,0,0,2,0
1773838252666,4466,0.006064945,56,2.058,5.575078,0,0,1,0,0,3,0,0,0,0,2,0
1773838298831,4521,0.0051173167,55,2.285,5.567183,0,0,1,0,0,3,0,0,0,0,2,0
1773838314881,4575,0.0041279225,54,6.795,5.571447,0,0,1,0,0,3,0,0,0,0,2,0
1773838342999,4625,0.004329728,50,7.498,5.572478,0,0,1,0,0,3,0,0,0,0,2,0
1773838375110,4680,0.004877467,55,4.105,5.5725493,0,0,1,0,0,3,0,0,0,0,2,0
1773838393190,4751,0.04907082,71,3.475,5.576129,0,0,1,0,0,3,0,0,0,0,2,0
1773838433328,4801,0.004340137,50,2.308,5.311959,0,0,1,0,0,3,0,0,0,0,2,0
1773838443375,4853,0.0039411625,52,2.325,5.308671,0,0,1,0,0,3,0,0,0,0,2,0
1773838453408,4905,0.010847926,52,27.646,6.0132203,0,0,1,0,0,3,0,0,0,0,2,0
1773838495584,4962,0.0064761047,57,5.93,5.9994407,0,0,1,0,0,3,0,0,0,0,2,0
1773838519674,5013,0.0037700234,51,6.81,5.994583,0,0,1,0,0,3,0,0,0,0,2,0
1773838565881,5073,0.0120205665,60,1.858,5.973203,0,0,1,0,0,3,0,0,0,0,2,0
1773838587965,5128,0.0047629173,55,3.716,5.9748917,0,0,1,0,0,3,0,0,0,0,2,0
1773838634102,5178,0.004286511,50,1.923,5.856038,0,0,1,0,0,3,0,0,0,0,2,0
1773838646137,5232,0.0044366154,54,1.895,5.7981095,0,0,1,0,0,3,0,0,0,0,2,0
1773838656185,5285,0.003810541,53,3.924,5.797375,0,0,1,0,0,3,0,0,0,0,2,0
1773838710393,5348,0.018834319,63,3.638,5.792648,0,0,1,0,0,3,0,0,0,0,2,0
1773838720441,5400,0.0042566587,52,2.45,4.1033063,0,0,1,0,0,3,0,0,0,0,2,0
1773838756546,5428,0.107847035,28,0,4.0044003,0,0,1,0,0,3,0,0,0,30000,2,0
1773838762587,5459,0.05797057,31,5.795,3.9728224,0,0,1,0,0,3,0,0,0,0,2,0
1773838774653,5513,0.004842926,54,8.21,3.8707414,0,0,1,0,0,3,0,0,0,0,2,0
1773838826861,5570,0.0078003965,57,3.77,3.8709695,0,0,1,0,0,3,0,0,0,0,2,0
1773838852960,5626,0.0066829007,56,12.583,3.9899766,0,0,1,0,0,3,0,0,0,0,2,0
1773838897151,5684,0.009307507,58,3.058,3.9921117,0,0,1,0,0,3,0,0,0,0,2,0
1773838923281,5734,0.004732755,50,8.14,4.0177855,0,0,1,0,0,3,0,0,0,0,2,0
1773838973463,5793,0.01080847,59,4.212,4.0174136,0,0,1,0,0,3,0,0,0,0,2,0
1773838987503,5843,0.0045110183,50,4.323,4.017238,0,0,1,0,0,3,0,0,0,0,2,0
1773839031664,5902,0.011221228,59,2.107,3.9888864,0,0,1,0,0,3,0,0,0,0,2,0
1773839041685,5957,0.0059254905,55,1.23,4.0021114,0,0,1,0,0,3,0,0,0,0,2,0
1773839051705,6009,0.0042487583,52,2.899,3.9991634,0,0,1,0,0,3,0,0,0,0,2,0
1773839091883,6050,0.15275425,41,0,4.033849,0,0,1,0,0,3,0,0,0,30000,2,0
1773839093886,6070,0.12809859,20,1.846,4.0083947,0,0,1,0,0,3,0,0,0,0,2,0
1773839113958,6123,0.00437999,53,5.174,3.880009,0,0,1,0,0,3,0,0,0,0,2,0
1773839162193,6176,0.0044347662,53,4.028,3.8596401,0,0,1,0,0,3,0,0,0,0,2,0
1773839172246,6228,0.0042594513,52,3.337,3.8594031,0,0,1,0,0,3,0,0,0,0,2,0
1773839182265,6280,0.004203059,52,4.654,3.8577077,0,0,1,0,0,3,0,0,0,0,2,0
1773839192298,6336,0.0067123375,56,2.861,3.862052,0,0,1,0,0,3,0,0,0,0,2,0
1773839224430,6338,0.19586475,2,0,3.898553,0,0,1,0,0,3,0,0,0,30000,2,0
1773839244516,6386,0.005852077,48,3.026,3.8925476,0,0,1,0,0,3,0,0,0,0,2,0
1773839254557,6441,0.0057108435,55,2.925,3.8960278,0,0,1,0,0,3,0,0,0,0,2,0
1773839300785,6492,0.0042883772,51,6.678,3.904014,0,0,1,0,0,3,0,0,0,0,2,0
1773839324887,6542,0.0046510873,50,7.098,3.9179585,0,0,1,0,0,3,0,0,0,0,2,0
1773839363053,6602,0.013150792,60,2.557,3.9108272,0,0,1,0,0,3,0,0,0,0,2,0
1773839373075,6653,0.0042408635,51,4.849,3.8920672,0,0,1,0,0,3,0,0,0,0,2,0
1773839385140,6704,0.004241292,51,4.835,3.8904936,0,0,1,0,0,3,0,0,0,0,2,0
1773839425309,6757,0.0047210115,53,1.121,3.9063752,0,0,1,0,0,3,0,0,0,0,2,0
1773839433332,6807,0.004612211,50,2.157,3.8787427,0,0,1,0,0,3,0,0,0,0,2,0
1773839443352,6862,0.0058314893,55,2.1,3.8832378,0,0,1,0,0,3,0,0,0,0,2,0
1773839453373,6914,0.0043355087,52,2.276,3.8887792,0,0,1,0,0,3,0,0,0,0,2,0
1773839485493,6974,0.012324889,60,9.657,3.9424438,0,0,1,0,0,3,0,0,0,0,2,0
1773839509592,7029,0.0056477487,55,3.331,3.9282904,0,0,1,0,0,3,0,0,0,0,2,0
1773839523661,7086,0.007816677,57,3.43,3.9298604,0,0,1,0,0,3,0,0,0,0,2,0
1773839565825,7140,0.004857785,54,5.344,3.7734015,0,0,1,0,0,3,0,0,0,0,2,0
1773839583883,7192,0.0055630966,52,15.018,4.002619,0,0,1,0,0,3,0,0,0,0,2,0
1773839628062,7253,0.01539381,61,2.229,4.001627,0,0,1,0,0,3,0,0,0,0,2,0
1773839638090,7311,0.009556702,58,1.749,4.0008483,0,0,1,0,0,3,0,0,0,0,2,0
1773839648103,7367,0.006736923,56,2.253,4.0086355,0,0,1,0,0,3,0,0,0,0,2,0
1773839658114,7420,0.004467758,53,2.93,4.006836,0,0,1,0,0,3,0,0,0,0,2,0
1773839702294,7473,0.0043518846,53,4.816,3.9885542,0,0,1,0,0,3,0,0,0,0,2,0
1773839736386,7523,0.004539399,50,5.506,3.9831285,0,0,1,0,0,3,0,0,0,0,2,0
1773839758459,7575,0.004280782,52,2.561,3.985786,0,0,1,0,0,3,0,0,0,0,2,0
1773839780550,7628,0.0044613574,53,3.069,3.9882169,0,0,1,0,0,3,0,0,0,0,2,0
1773839824703,7685,0.0078063016,57,3.301,3.9855695,0,0,1,0,0,3,0,0,0,0,2,0
1773839850830,7751,0.029868664,66,3.6,3.971342,0,0,1,0,0,3,0,0,0,0,2,0
1773839886975,7785,0.12127285,34,0,3.9978726,0,0,1,0,0,3,0,0,0,30000,2,0
1773839890991,7804,0.13841292,19,6.41,3.9981124,0,0,1,0,0,3,0,0,0,0,2,0
1773839915080,7855,0.004756175,51,10.946,4.0700326,0,0,1,0,0,3,0,0,0,0,2,0
1773839959263,7909,0.0049570873,54,2.618,4.0575275,0,0,1,0,0,3,0,0,0,0,2,0
1773839983334,7959,0.0045046895,50,4.738,4.057682,0,0,1,0,0,3,0,0,0,0,2,0
1773840025490,8010,0.0042035324,51,4.275,4.0561585,0,0,1,0,0,3,0,0,0,0,2,0
1773840035512,8068,0.009291669,58,2.955,4.0517955,0,0,1,0,0,3,0,0,0,0,2,0
1773840047559,8128,0.013263711,60,1.673,4.05778,0,0,1,0,0,3,0,0,0,0,2,0
1773840083682,8178,0.004788896,50,3.825,2.8054903,0,0,1,0,0,3,0,0,0,0,2,0
1773840093709,8238,0.013966208,60,2.247,2.8031564,0,0,1,0,0,3,0,0,0,0,2,0
1773840103727,8292,0.0053742486,54,3.584,2.7801125,0,0,1,0,0,3,0,0,0,0,2,0
1773840113786,8347,0.0061723306,55,3.328,2.7692351,0,0,1,0,0,3,0,0,0,0,2,0
1773840143907,8399,0.004853861,52,9.813,2.8638833,0,0,1,0,0,3,0,0,0,0,2,0
1773840153930,8455,0.00723659,56,2.667,2.8568742,0,0,1,0,0,3,0,0,0,0,2,0
1773840172006,8520,0.027647588,65,2.848,2.8482015,0,0,1,0,0,3,0,0,0,0,2,0
1773840184061,8581,0.01613552,61,2.568,2.8540254,0,0,1,0,0,3,0,0,0,0,2,0
1773840218199,8602,0.10979268,21,0,2.8969572,0,0,1,0,0,3,0,0,0,30000,2,0
1773840224244,8634,0.051589042,32,3.626,2.8910298,0,0,1,0,0,3,0,0,0,0,2,0
1773840240300,8685,0.0045328955,51,4.46,2.8476653,0,0,1,0,0,3,0,0,0,0,2,0
1773840288478,8736,0.0046155797,51,2.295,2.847243,0,0,1,0,0,3,0,0,0,0,2,0
1773840306569,8790,0.005305436,54,4.483,2.7981431,0,0,1,0,0,3,0,0,0,0,2,0
1773840344769,8846,0.007172747,56,3.368,2.7989633,0,0,1,0,0,3,0,0,0,0,2,0
1773840364842,8897,0.004693751,51,2.224,2.5853314,0,0,1,0,0,3,0,0,0,0,2,0
1773840401002,8947,0.004852842,50,3.188,2.5848227,0,0,1,0,0,3,0,0,0,0,2,0
1773840421095,9003,0.0075492132,56,1.712,2.5375738,0,0,1,0,0,3,0,0,0,0,2,0
1773840435115,9062,0.012102897,59,2.237,2.5428095,0,0,1,0,0,3,0,0,0,0,2,0
1773840449164,9114,0.006296517,52,16.04,2.9711204,0,0,1,0,0,3,0,0,0,0,2,0
1773840499319,9182,0.038981795,68,2.366,2.968956,0,0,1,0,0,3,0,0,0,0,2,0
1773840515395,9234,0.0045529343,52,7.352,2.9823287,0,0,1,0,0,3,0,0,0,0,2,0
1773840549514,9247,0.12979941,13,0,3.019321,0,0,1,0,0,3,0,0,0,30000,2,0
1773840557548,9287,0.020856887,40,3.743,2.9796371,0,0,1,0,0,3,0,0,0,0,2,0
1773840567589,9346,0.011505567,59,4.025,2.9679875,0,0,1,0,0,3,0,0,0,0,2,0
1773840577617,9399,0.0047397353,53,4.49,2.9648623,0,0,1,0,0,3,0,0,0,0,2,0
1773840615781,9436,0.13678141,37,0,3.0052161,0,0,1,0,0,3,0,0,0,30000,2,0
1773840619814,9461,0.091074556,25,1.987,3.0137944,0,0,1,0,0,3,0,0,0,0,2,0
1773840635872,9514,0.004819858,53,2.918,3.014476,0,0,1,0,0,3,0,0,0,0,2,0
1773840645902,9569,0.006139762,55,2.638,3.015744,0,0,1,0,0,3,0,0,0,0,2,0
1773840682054,9599,0.11378833,30,0,3.015744,0,0,1,0,0,3,0,0,0,30000,2,0
1773840688079,9625,0.08465594,26,2.025,3.022538,0,0,1,0,0,3,0,0,0,0,2,0
1773840702112,9677,0.0044744196,52,4.556,3.0216835,0,0,1,0,0,3,0,0,0,0,2,0
1773840712144,9731,0.005336458,54,2.982,3.0024278,0,0,1,0,0,3,0,0,0,0,2,0
1773840754340,9785,0.005281431,54,9.264,3.0512593,0,0,1,0,0,3,0,0,0,0,2,0
1773840774440,9839,0.0053110784,54,3.044,3.048679,0,0,1,0,0,3,0,0,0,0,2,0
1773840784464,9894,0.0061210585,55,2.664,3.0494037,0,0,1,0,0,3,0,0,0,0,2,0
1773840814603,9894,0.210754,0,0,3.08264,0,0,1,0,0,3,0,0,0,30000,2,0
1773840834694,9945,0.004472509,51,5.207,3.0702605,0,0,1,0,0,3,0,0,0,0,2,0
1773840884861,10009,0.023873063,64,4.104,3.0635438,0,0,1,0,0,3,0,0,0,0,2,0
1773840896892,10067,0.009826012,58,3.218,3.0568502,0,0,1,0,0,3,0,0,0,0,2,0
1773840906909,10125,0.009721783,58,3.932,3.0505018,0,0,1,0,0,3,0,0,0,0,2,0
1773840916936,10176,0.0044992412,51,4.889,2.965198,0,0,1,0,0,3,0,0,0,0,2,0
1773840947027,10176,0.2105962,0,0,3.0018349,0,0,1,0,0,3,0,0,0,30000,2,0
1773840963065,10229,0.0047626477,53,3.753,3.0015812,0,0,1,0,0,3,0,0,0,0,2,0
1773840983135,10280,0.004568694,51,2.368,2.9994965,0,0,1,0,0,3,0,0,0,0,2,0
1773841029275,10337,0.008185848,57,8.185,2.7014775,0,0,1,0,0,3,0,0,0,0,2,0
1773841045328,10388,0.004611422,51,3.084,2.696817,0,0,1,0,0,3,0,0,0,0,2,0
1773841091526,10442,0.005372615,54,4.151,2.6874268,0,0,1,0,0,3,0,0,0,0,2,0
1773841115590,10494,0.00469482,52,2.426,2.6861145,0,0,1,0,0,3,0,0,0,0,2,0
1773841155761,10550,0.0071603465,56,4.005,2.6849518,0,0,1,0,0,3,0,0,0,0,2,0
1773841165819,10607,0.008671183,57,2.285,2.6862993,0,0,1,0,0,3,0,0,0,0,2,0
1773841181873,10660,0.004864341,53,4.151,2.6766922,0,0,1,0,0,3,0,0,0,0,2,0
1773841224064,10718,0.010346485,58,1.608,2.6850748,0,0,1,0,0,3,0,0,0,0,2,0
1773841240119,10769,0.004634339,51,2.699,2.6865804,0,0,1,0,0,3,0,0,0,0,2,0
1773841284305,10820,0.004657949,51,2.31,2.6909986,0,0,1,0,0,3,0,0,0,0,2,0
1773841302362,10872,0.004697114,52,8.116,2.7495635,0,0,1,0,0,3,0,0,0,0,2,0
1773841350536,10933,0.015959809,61,3.907,2.7112746,0,0,1,0,0,3,0,0,0,0,2,0
1773841366597,10984,0.004578778,51,4.819,2.6935174,0,0,1,0,0,3,0,0,0,0,2,0
1773841414788,11025,0.15980144,41,0,2.5709188,0,0,1,0,0,3,0,0,0,30000,2,0
1773841416801,11045,0.12908018,20,6.898,2.6025605,0,0,1,0,0,3,0,0,0,0,2,0
1773841428860,11101,0.0071687885,56,4.379,2.6004179,0,0,1,0,0,3,0,0,0,0,2,0
1773841442922,11152,0.0046096384,51,4.061,2.5996366,0,0,1,0,0,3,0,0,0,0,2,0
1773841491086,11204,0.0047506327,52,8.352,2.665392,0,0,1,0,0,3,0,0,0,0,2,0
1773841503109,11256,0.0046448163,52,3.296,2.654227,0,0,1,0,0,3,0,0,0,0,2,0
1773841551303,11311,0.0064947335,55,1.31,2.670185,0,0,1,0,0,3,0,0,0,0,2,0
1773841565359,11361,0.005348981,50,10.058,2.7804623,0,0,1,0,0,3,0,0,0,0,2,0
1773841575407,11418,0.008590387,57,2.439,2.7851589,0,0,1,0,0,3,0,0,0,0,2,0
1773841613562,11453,0.1291799,35,0,2.8230474,0,0,1,0,0,3,0,0,0,30000,2,0
1773841617579,11468,0.17207214,15,7.355,2.7552712,0,0,1,0,0,3,0,0,0,0,2,0
1773841625628,11522,0.005299422,54,4.993,2.757501,0,0,1,0,0,3,0,0,0,0,2,0
1773841635662,11574,0.0047191205,52,1.884,2.7646232,0,0,1,0,0,3,0,0,0,0,2,0
1773841681867,11630,0.0070639034,56,4.602,2.763532,0,0,1,0,0,3,0,0,0,0,2,0
1773841693913,11685,0.0059980354,55,6.79,2.7499142,0,0,1,0,0,3,0,0,0,0,2,0
1773841738126,11735,0.004838452,50,2.477,2.75475,0,0,1,0,0,3,0,0,0,0,2,0
1773841756208,11790,0.0062402203,55,2.789,2.7561374,0,0,1,0,0,3,0,0,0,0,2,0
1773841766241,11849,0.0119737005,59,2.193,2.7570121,0,0,1,0,0,3,0,0,0,0,2,0
1773841778264,11899,0.0048034727,50,4.534,2.7572296,0,0,1,0,0,3,0,0,0,0,2,0
1773841814383,11953,0.007410434,54,18.814,3.329276,0,0,1,0,0,3,0,0,0,0,2,0
1773841824438,12005,0.0043903776,52,4.062,3.3217654,0,0,1,0,0,3,0,0,0,0,2,0
1773841834467,12059,0.005225042,54,2.795,3.3236737,0,0,1,0,0,3,0,0,0,0,2,0
1773841848529,12109,0.0048467987,50,7.659,3.3409092,0,0,1,0,0,3,0,0,0,0,2,0
1773841890670,12164,0.0059102764,55,3.347,3.3339946,0,0,1,0,0,3,0,0,0,0,2,0
1773841904750,12215,0.004512231,51,3.58,2.9776568,0,0,1,0,0,3,0,0,0,0,2,0
1773841950908,12271,0.0071375207,56,2.952,2.9737122,0,0,1,0,0,3,0,0,0,0,2,0
1773841960959,12323,0.004545995,52,3.356,2.9433315,0,0,1,0,0,3,0,0,0,0,2,0
1773841970993,12376,0.004829004,53,3.314,2.9034398,0,0,1,0,0,3,0,0,0,0,2,0
1773842009158,12437,0.015722621,61,4.42,2.9039543,0,0,1,0,0,3,0,0,0,0,2,0
1773842019215,12488,0.004571606,51,6.625,2.9229057,0,0,1,0,0,3,0,0,0,0,2,0
1773842039269,12541,0.0047298567,53,5.616,2.9292665,0,0,1,0,0,3,0,0,0,0,2,0
1773842077385,12603,0.018676555,62,2.378,2.8931034,0,0,1,0,0,3,0,0,0,0,2,0
1773842089453,12661,0.009847062,58,3.767,2.8817573,0,0,1,0,0,3,0,0,0,0,2,0
1773842099467,12714,0.0049426984,53,2.141,2.8882093,0,0,1,0,0,3,0,0,0,0,2,0
1773842137654,12764,0.004782358,50,5.02,2.8850346,0,0,1,0,0,3,0,0,0,0,2,0
1773842149672,12819,0.0062841736,55,2.136,2.8496199,0,0,1,0,0,3,0,0,0,0,2,0
1773842179791,12871,0.0046516694,52,8.138,2.8798437,0,0,1,0,0,3,0,0,0,0,2,0
1773842213913,12931,0.013749872,60,3.004,2.8834677,0,0,1,0,0,3,0,0,0,0,2,0
1773842223931,12981,0.004837081,50,1.943,2.89318,0,0,1,0,0,3,0,0,0,0,2,0
1773842242017,13044,0.020243868,63,14.632,3.1090438,0,0,1,0,0,3,0,0,0,0,2,0
1773842290186,13096,0.004552789,52,2.484,3.1132562,0,0,1,0,0,3,0,0,0,0,2,0
1773842308256,13156,0.013583436,60,3.055,3.1105058,0,0,1,0,0,3,0,0,0,0,2,0
1773842352419,13209,0.0047544334,53,3.515,3.0654461,0,0,1,0,0,3,0,0,0,0,2,0
1773842364471,13266,0.008167905,57,4.369,3.0634117,0,0,1,0,0,3,0,0,0,0,2,0
1773842414664,13318,0.0046120337,52,1.965,3.077064,0,0,1,0,0,3,0,0,0,0,2,0
1773842432712,13371,0.0047521433,53,3.493,3.0757809,0,0,1,0,0,3,0,0,0,0,2,0
1773842480909,13423,0.004450146,52,4.998,3.0767581,0,0,1,0,0,3,0,0,0,0,2,0
1773842505031,13477,0.011268233,54,27.284,4.19496,0,0,1,0,0,3,0,0,0,0,2,0
1773842547186,13529,0.0041663717,52,3.406,4.157157,0,0,1,0,0,3,0,0,0,0,2,0
1773842557235,13584,0.005698157,55,2.182,4.167279,0,0,1,0,0,3,0,0,0,0,2,0
1773842567266,13638,0.0048574703,54,3.147,4.1616664,0,0,1,0,0,3,0,0,0,0,2,0
1773842611455,13679,0.15209723,41,0,4.1778364,0,0,1,0,0,3,0,0,0,30000,2,0
1773842615463,13698,0.1368017,19,2.972,4.1784754,0,0,1,0,0,3,0,0,0,0,2,0
1773842627503,13750,0.0041692397,52,3.255,4.181302,0,0,1,0,0,3,0,0,0,0,2,0
1773842639531,13813,0.020077456,63,3.689,4.174253,0,0,1,0,0,3,0,0,0,0,2,0
1773842677662,13830,0.116042,17,0,4.2119503,0,0,1,0,0,3,0,0,0,30000,2,0
1773842687696,13868,0.028072385,38,6.439,4.209367,0,0,1,0,0,3,0,0,0,0,2,0
1773842705765,13920,0.004139003,52,3.597,4.210773,0,0,1,0,0,3,0,0,0,0,2,0
1773842747996,13970,0.0045931656,50,1.561,4.211291,0,0,1,0,0,3,0,0,0,0,2,0
1773842760046,14023,0.0043590246,53,3.395,4.2073855,0,0,1,0,0,3,0,0,0,0,2,0
1773842774116,14077,0.0046631256,54,6.218,4.202593,0,0,1,0,0,3,0,0,0,0,2,0
1773842818567,14133,0.0067848666,56,1.488,4.196942,0,0,1,0,0,3,0,0,0,0,2,0
1773842834613,14189,0.0061919824,56,7.373,4.2110076,0,0,1,0,0,3,0,0,0,0,2,0
1773842876811,14228,0.14105888,39,0,4.248889,0,0,1,0,0,3,0,0,0,30000,2,0
1773842880838,14247,0.13631342,19,1.786,4.22504,0,0,1,0,0,3,0,0,0,0,2,0
1773842898912,14297,0.004482361,50,3.459,4.2164145,0,0,1,0,0,3,0,0,0,0,2,0
1773842949139,14353,0.0065715234,56,2.658,4.222419,0,0,1,0,0,3,0,0,0,0,2,0
1773842975236,14403,0.004469211,50,4.087,4.2223825,0,0,1,0,0,3,0,0,0,0,2,0
1773843015440,14454,0.0042192456,51,2.984,4.197232,0,0,1,0,0,3,0,0,0,0,2,0
1773843025466,14508,0.0049596406,54,2.165,4.2040668,0,0,1,0,0,3,0,0,0,0,2,0
1773843037510,14569,0.015018675,61,3.267,4.188963,0,0,1,0,0,3,0,0,0,0,2,0
1773843075665,14604,0.12415486,35,0,4.1614494,0,0,1,0,0,3,0,0,0,30000,2,0
1773843079677,14623,0.13743755,19,4.303,4.155404,0,0,1,0,0,3,0,0,0,0,2,0
1773843091713,14679,0.0068252976,56,1.423,4.1363754,0,0,1,0,0,3,0,0,0,0,2,0
1773843109813,14732,0.004469768,53,2.519,4.123495,0,0,1,0,0,3,0,0,0,0,2,0
1773843143922,14736,0.18108222,4,0,4.1547794,0,0,1,0,0,3,0,0,0,30000,2,0
1773843156061,14793,0.00802981,57,1.538,4.157905,0,0,1,0,0,3,0,0,0,0,2,0
1773843168100,14852,0.010515123,59,5.741,4.1624007,0,0,1,0,0,3,0,0,0,0,2,0
1773843208253,14897,0.17778781,45,0,4.179738,0,0,1,0,0,3,0,0,0,30000,2,0
1773843216264,14918,0.1211154,21,3.135,4.1767287,0,0,1,0,0,3,0,0,0,0,2,0
1773843226290,14973,0.005565307,55,3.125,4.1753726,0,0,1,0,0,3,0,0,0,0,2,0
1773843236313,15023,0.0045507066,50,2.201,4.175317,0,0,1,0,0,3,0,0,0,0,2,0
1773843284473,15083,0.013118012,60,1.934,4.182946,0,0,1,0,0,3,0,0,0,0,2,0
1773843294512,15136,0.0045276564,53,8.789,3.7949224,0,0,1,0,0,3,0,0,0,0,2,0
1773843350746,15197,0.0155231925,61,2.28,3.7997391,0,0,1,0,0,3,0,0,0,0,2,0
1773843370863,15250,0.0044128895,53,5.013,3.8004014,0,0,1,0,0,3,0,0,0,0,2,0
1773843407021,15263,0.1297183,13,0,3.7991228,0,0,1,0,0,3,0,0,0,30000,2,0
1773843419062,15307,0.011362176,44,1.903,3.805608,0,0,1,0,0,3,0,0,0,0,2,0
1773843431101,15366,0.011081288,59,3.371,3.8058043,0,0,1,0,0,3,0,0,0,0,2,0
1773843475229,15407,0.15368454,41,0,3.8324256,0,0,1,0,0,3,0,0,0,30000,2,0
1773843481259,15427,0.1289121,20,4.048,3.8325365,0,0,1,0,0,3,0,0,0,0,2,0
1773843501317,15487,0.012346948,60,10.777,3.9322329,0,0,1,0,0,3,0,0,0,0,2,0
1773843543461,15540,0.0044196662,53,3.865,3.931434,0,0,1,0,0,3,0,0,0,0,2,0
1773843559506,15592,0.0042369165,52,3.429,3.9151912,0,0,1,0,0,3,0,0,0,0,2,0
1773843569537,15649,0.0075389724,57,6.181,3.9200766,0,0,1,0,0,3,0,0,0,0,2,0
1773843613689,15712,0.019892901,63,5.53,3.9225204,0,0,1,0,0,3,0,0,0,0,2,0
1773843625709,15774,0.017543789,62,3.827,3.9225235,0,0,1,0,0,3,0,0,0,0,2,0
1773843677868,15837,0.019948201,63,5.239,3.9210527,0,0,1,0,0,3,0,0,0,0,2,0
1773843697912,15891,0.004960092,54,3.062,3.9193127,0,0,1,0,0,3,0,0,0,0,2,0
1773843744067,15946,0.0056534675,55,3.335,3.9141643,0,0,1,0,0,3,0,0,0,0,2,0
1773843758104,15997,0.004310625,51,2.786,3.878054,0,0,1,0,0,3,0,0,0,0,2,0
1773843810319,16055,0.009434579,58,2.708,3.8791037,0,0,1,0,0,3,0,0,0,0,2,0
1773843834461,16111,0.006433822,56,5.408,3.8779194,0,0,1,0,0,3,0,0,0,0,2,0
1773843872582,16149,0.1386619,38,0,3.6568477,0,0,1,0,0,3,0,0,0,30000,2,0
1773843874597,16166,0.15265654,17,2.54,3.6565962,0,0,1,0,0,3,0,0,0,0,2,0
1773843882642,16217,0.0043344456,51,3.407,3.6560984,0,0,1,0,0,3,0,0,0,0,2,0
1773843892666,16267,0.004627478,50,2.685,3.6577256,0,0,1,0,0,3,0,0,0,0,2,0
1773843902720,16321,0.0051158527,54,2.585,3.6581912,0,0,1,0,0,3,0,0,0,0,2,0
1773843936851,16345,0.106532104,24,0,3.679335,0,0,1,0,0,3,0,0,0,30000,2,0
1773843944878,16376,0.056586415,31,1.878,3.684787,0,0,1,0,0,3,0,0,0,0,2,0
1773843966968,16426,0.0046468615,50,6.344,3.6972775,0,0,1,0,0,3,0,0,0,0,2,0
1773844023183,16493,0.0357726,67,2.389,2.1658375,0,0,1,0,0,3,0,0,0,0,2,0
1773844073396,16525,0.12147065,32,0,2.1992624,0,0,1,0,0,3,0,0,0,30000,2,0
1773844079434,16546,0.118503205,21,2.147,2.1994822,0,0,1,0,0,3,0,0,0,0,2,0
1773844103470,16597,0.0047285357,51,4.08,2.2031877,0,0,1,0,0,3,0,0,0,0,2,0
1773844159679,16649,0.0047821607,52,3.923,2.171511,0,0,1,0,0,3,0,0,0,0,2,0
1773844207852,16703,0.005690775,54,2.967,2.1715167,0,0,1,0,0,3,0,0,0,0,2,0
1773844229909,16767,0.02504357,64,2.605,2.1723926,0,0,1,0,0,3,0,0,0,0,2,0
1773844276062,16821,0.005689736,54,2.979,2.1712322,0,0,1,0,0,3,0,0,0,0,2,0
1773844286100,16881,0.013890988,60,5.316,2.1526086,0,0,1,0,0,3,0,0,0,0,2,0
1773844304217,16932,0.0051461183,51,9.832,2.2706609,0,0,1,0,0,3,0,0,0,0,2,0
1773844342404,16982,0.0049810614,50,1.958,2.2756963,0,0,1,0,0,3,0,0,0,0,2,0
1773844352436,17040,0.010465228,58,2.276,2.2693117,0,0,1,0,0,3,0,0,0,0,2,0
1773844362463,17090,0.005416019,50,9.838,2.413076,0,0,1,0,0,3,0,0,0,0,2,0
1773844400587,17115,0.10933447,25,0,2.419747,0,0,1,0,0,3,0,0,0,30000,2,0
1773844408608,17145,0.061351165,30,3.317,2.4098277,0,0,1,0,0,3,0,0,0,0,2,0
1773844424650,17196,0.0046809595,51,5.02,2.364238,0,0,1,0,0,3,0,0,0,0,2,0
1773844472843,17249,0.005168872,53,1.956,2.3349,0,0,1,0,0,3,0,0,0,0,2,0
1773844490882,17316,0.034638103,67,5.747,2.347769,0,0,1,0,0,3,0,0,0,0,2,0
1773844537060,17341,0.109423004,25,0,2.3832762,0,0,1,0,0,3,0,0,0,30000,2,0
1773844541064,17374,0.046614345,33,3.673,2.3826172,0,0,1,0,0,3,0,0,0,0,2,0
1773844559107,17424,0.005028837,50,7.057,2.4265492,0,0,1,0,0,3,0,0,0,0,2,0
1773844607291,17481,0.008508206,57,4.549,2.4309335,0,0,1,0,0,3,0,0,0,0,2,0
1773844625353,17532,0.0046714875,51,3.579,2.4265459,0,0,1,0,0,3,0,0,0,0,2,0
1773844671582,17588,0.007475517,56,2.53,2.428733,0,0,1,0,0,3,0,0,0,0,2,0
1773844681637,17642,0.005583525,54,3.09,2.392017,0,0,1,0,0,3,0,0,0,0,2,0
1773844693664,17692,0.004945715,50,2.067,2.3949318,0,0,1,0,0,3,0,0,0,0,2,0
1773844739877,17759,0.034964636,67,4.304,2.3850203,0,0,1,0,0,3,0,0,0,0,2,0
1773844759938,17810,0.010573429,51,24.933,3.576287,0,0,1,0,0,3,0,0,0,0,2,0
1773844816167,17866,0.0069186944,56,2.496,3.5485463,0,0,1,0,0,3,0,0,0,0,2,0
1773844836244,17920,0.005246042,54,1.918,3.5450704,0,0,1,0,0,3,0,0,0,0,2,0
1773844882437,17975,0.0060032397,55,1.938,3.5440335,0,0,1,0,0,3,0,0,0,0,2,0
1773844906493,18027,0.004351779,52,3.58,3.512549,0,0,1,0,0,3,0,0,0,0,2,0
1773844942642,18078,0.0043492033,51,4.182,3.5118337,0,0,1,0,0,3,0,0,0,0,2,0
1773844952666,18137,0.011530593,59,2.017,3.517944,0,0,1,0,0,3,0,0,0,0,2,0
1773844962698,18188,0.004414852,51,2.61,3.515399,0,0,1,0,0,3,0,0,0,0,2,0
1773845002846,18230,0.16106384,42,0,3.5396187,0,0,1,0,0,3,0,0,0,30000,2,0
1773845004853,18246,0.16189945,16,3.936,3.4830105,0,0,1,0,0,3,0,0,0,0,2,0
1773845022910,18303,0.0077746864,57,6.21,3.4920082,0,0,1,0,0,3,0,0,0,0,2,0
1773845071065,18364,0.015442649,61,3.627,3.4884953,0,0,1,0,0,3,0,0,0,0,2,0
1773845085113,18417,0.0047814604,53,10.193,3.5461752,0,0,1,0,0,3,0,0,0,0,2,0
1773845139379,18476,0.011278793,59,3.205,3.5383732,0,0,1,0,0,3,0,0,0,0,2,0
1773845153459,18526,0.004635444,50,3.104,3.5391784,0,0,1,0,0,3,0,0,0,0,2,0
1773845203654,18577,0.004471766,51,1.882,3.5142293,0,0,1,0,0,3,0,0,0,0,2,0
1773845229746,18637,0.013507356,60,18.595,3.9560266,0,0,1,0,0,3,0,0,0,0,2,0
1773845273901,18689,0.0042814338,52,2.973,3.8699946,0,0,1,0,0,3,0,0,0,0,2,0
1773845285956,18739,0.0045429673,50,4.455,3.870238,0,0,1,0,0,3,0,0,0,0,2,0
1773845297989,18791,0.0042339093,52,3.727,3.869652,0,0,1,0,0,3,0,0,0,0,2,0
1773845332099,18811,0.109793425,20,0,3.8927522,0,0,1,0,0,3,0,0,0,30000,2,0
1773845338104,18841,0.061983284,30,1.97,3.8955047,0,0,1,0,0,3,0,0,0,0,2,0
1773845348165,18896,0.005839895,55,1.991,3.9028003,0,0,1,0,0,3,0,0,0,0,2,0
1773845358206,18952,0.0065547903,56,3.944,3.8990893,0,0,1,0,0,3,0,0,0,0,2,0
1773845400375,19011,0.011028839,59,3.343,3.8983397,0,0,1,0,0,3,0,0,0,0,2,0
1773845416454,19061,0.0046781143,50,1.256,3.911306,0,0,1,0,0,3,0,0,0,0,2,0
1773845430504,19115,0.0050296416,54,2.479,3.9127815,0,0,1,0,0,3,0,0,0,0,2,0
1773845478669,19174,0.011076674,59,3.042,3.9114995,0,0,1,0,0,3,0,0,0,0,2,0
1773845496721,19224,0.004535129,50,4.158,3.9067304,0,0,1,0,0,3,0,0,0,0,2,0
1773845544863,19274,0.0047202297,50,7.79,3.907209,0,0,1,0,0,3,0,0,0,0,2,0
1773845564924,19333,0.011032381,59,3.304,3.9040775,0,0,1,0,0,3,0,0,0,0,2,0
1773845599039,19349,0.11905219,16,0,3.9342637,0,0,1,0,0,3,0,0,0,30000,2,0
1773845611062,19388,0.024075663,39,3.582,3.9315107,0,0,1,0,0,3,0,0,0,0,2,0
1773845633144,19439,0.0042762095,51,6.651,3.9423707,0,0,1,0,0,3,0,0,0,0,2,0
1773845675289,19492,0.004477692,53,3.182,3.9118514,0,0,1,0,0,3,0,0,0,0,2,0
1773845701385,19544,0.0042231595,52,3.741,3.9026773,0,0,1,0,0,3,0,0,0,0,2,0
1773845731487,19598,0.0051569226,54,1.58,3.9037511,0,0,1,0,0,3,0,0,0,0,2,0
1773845743560,19658,0.013230044,60,2.226,3.9048424,0,0,1,0,0,3,0,0,0,0,2,0
1773845753616,19708,0.0045559015,50,5.278,3.8755703,0,0,1,0,0,3,0,0,0,0,2,0
1773845763666,19761,0.0045200502,53,2.868,3.871035,0,0,1,0,0,3,0,0,0,0,2,0
1773845803847,19813,0.004272078,52,3.089,3.872955,0,0,1,0,0,3,0,0,0,0,2,0
1773845825924,19865,0.017122298,52,35.291,5.477463,0,0,1,0,0,3,0,0,0,0,2,0
1773845862060,19923,0.008543818,58,2.774,5.478385,0,0,1,0,0,3,0,0,0,0,2,0
1773845882106,19979,0.013783706,56,31.903,6.437389,0,0,1,0,0,3,0,0,0,0,2,0
1773845914212,20030,0.003729066,51,3.127,6.436689,0,0,1,0,0,3,0,0,0,0,2,0
1773845936261,20080,0.0040764813,50,5.615,6.437022,0,0,1,0,0,3,0,0,0,0,2,0
1773845952304,20135,0.004363964,55,7.142,6.4141326,0,0,1,0,0,3,0,0,0,0,2,0
1773845992457,20195,0.01140729,60,3.349,6.406252,0,0,1,0,0,3,0,0,0,0,2,0
1773846002477,20250,0.004775051,55,2.465,6.405045,0,0,1,0,0,3,0,0,0,0,2,0
1773846012507,20304,0.0038731305,54,5.532,6.376332,0,0,1,0,0,3,0,0,0,0,2,0
1773846022550,20359,0.0047559524,55,2.712,6.3524337,0,0,1,0,0,3,0,0,0,0,2,0
1773846032600,20420,0.013738271,61,2.535,6.3563457,0,0,1,0,0,3,0,0,0,0,2,0
1773846064722,20480,0.0116979005,60,2.208,6.365452,0,0,1,0,0,3,0,0,0,0,2,0
1773846088845,20530,0.004103169,50,3.694,6.3564906,0,0,1,0,0,3,0,0,0,0,2,0
1773846131011,20565,0.117055975,35,0,6.384951,0,0,1,0,0,3,0,0,0,30000,2,0
1773846133026,20580,0.17381318,15,1.762,6.3677645,0,0,1,0,0,3,0,0,0,0,2,0
1773846143059,20635,0.0048042736,55,2.354,6.3737535,0,0,1,0,0,3,0,0,0,0,2,0
1773846153081,20687,0.0036844213,52,2.323,6.375234,0,0,1,0,0,3,0,0,0,0,2,0
1773846199229,20749,0.01623955,62,1.983,6.384627,0,0,1,0,0,3,0,0,0,0,2,0
1773846209262,20802,0.0037918428,53,2.436,6.3894477,0,0,1,0,0,3,0,0,0,0,2,0
1773846219306,20856,0.004178628,54,2.333,6.3905506,0,0,1,0,0,3,0,0,0,0,2,0
1773846229337,20907,0.0036863706,51,4.028,6.3878713,0,0,1,0,0,3,0,0,0,0,2,0
1773846263503,20924,0.11566202,17,0,6.406474,0,0,1,0,0,3,0,0,0,30000,2,0
1773846269532,20958,0.044343077,34,3.816,6.407233,0,0,1,0,0,3,0,0,0,0,2,0
1773846289637,21015,0.0065185484,57,6.124,5.8820186,0,0,1,0,0,3,0,0,0,0,2,0
1773846333819,21066,0.0038403121,51,3.069,5.879548,0,0,1,0,0,3,0,0,0,0,2,0
1773846357881,21121,0.0054485803,55,15.318,6.0239196,0,0,1,0,0,3,0,0,0,0,2,0
1773846396030,21143,0.10486487,22,0,6.0421634,0,0,1,0,0,3,0,0,0,30000,2,0
1773846402056,21171,0.07553362,28,3.733,6.0417933,0,0,1,0,0,3,0,0,0,0,2,0
1773846418113,21224,0.0038033,53,9.831,6.07634,0,0,1,0,0,3,0,0,0,0,2,0
1773846466312,21290,0.028257113,66,2.656,6.07248,0,0,1,0,0,3,0,0,0,0,2,0
1773846488418,21340,0.004198984,50,2.646,6.07229,0,0,1,0,0,3,0,0,0,0,2,0
1773846528563,21370,0.1058807,30,0,6.07229,0,0,1,0,0,3,0,0,0,30000,2,0
1773846532581,21398,0.07519926,28,2.59,6.0771937,0,0,1,0,0,3,0,0,0,0,2,0
1773846542610,21448,0.004263656,50,1.815,6.0842166,0,0,1,0,0,3,0,0,0,0,2,0
1773846554660,21499,0.003872216,51,2.199,6.090358,0,0,1,0,0,3,0,0,0,0,2,0
1773846598809,21556,0.0066120513,57,13.245,6.145836,0,0,1,0,0,3,0,0,0,0,2,0
1773846608857,21608,0.0036535466,52,3.175,6.1459455,0,0,1,0,0,3,0,0,0,0,2,0
1773846620906,21660,0.0035665,52,7.371,6.1522264,0,0,1,0,0,3,0,0,0,0,2,0
1773846663058,21715,0.004686704,55,3.818,6.1430893,0,0,1,0,0,3,0,0,0,0,2,0
1773846687130,21777,0.016083185,62,3.904,5.8896546,0,0,1,0,0,3,0,0,0,0,2,0
1773846729277,21832,0.005021697,55,2.109,5.8941107,0,0,1,0,0,3,0,0,0,0,2,0
1773846749332,21902,0.044427156,70,2.633,5.8985553,0,0,1,0,0,3,0,0,0,0,2,0
1773846759349,21954,0.003809416,52,2.185,5.904607,0,0,1,0,0,3,0,0,0,0,2,0
1773846793494,21966,0.13504726,12,0,5.9046073,0,0,1,0,0,3,0,0,0,30000,2,0
1773846805542,22006,0.021731343,40,4.546,5.896501,0,0,1,0,0,3,0,0,0,0,2,0
1773846819578,22059,0.0037166781,53,5.042,5.8886228,0,0,1,0,0,3,0,0,0,0,2,0
1773846865768,22119,0.0120795565,60,1.805,5.897826,0,0,1,0,0,3,0,0,0,0,2,0
1773846875803,22172,0.0037718301,53,4.047,5.8963513,0,0,1,0,0,3,0,0,0,0,2,0
1773846885856,22223,0.003935819,51,1.943,5.891074,0,0,1,0,0,3,0,0,0,0,2,0
1773846927986,22274,0.0037943623,51,6.84,5.892495,0,0,1,0,0,3,0,0,0,0,2,0
1773846938034,22332,0.008354548,58,2.633,5.894372,0,0,1,0,0,3,0,0,0,0,2,0
1773846948059,22387,0.0048998534,55,2.889,5.897839,0,0,1,0,0,3,0,0,0,0,2,0
1773846960124,22447,0.0119269295,60,2.436,5.8891726,0,0,1,0,0,3,0,0,0,0,2,0
1773846992285,22457,0.14529257,10,0,5.9135175,0,0,1,0,0,3,0,0,0,30000,2,0
1773847010327,22501,0.011637288,44,3.607,5.8883634,0,0,1,0,0,3,0,0,0,0,2,0
1773847020382,22560,0.010169963,59,1.85,5.896335,0,0,1,0,0,3,0,0,0,0,2,0
1773847062571,22613,0.0036920446,53,5.809,5.892321,0,0,1,0,0,3,0,0,0,0,2,0
1773847086661,22665,0.0036543699,52,4.053,5.890441,0,0,1,0,0,3,0,0,0,0,2,0
1773847124800,22705,0.1394269,40,0,5.915582,0,0,1,0,0,3,0,0,0,30000,2,0
1773847128822,22716,0.21459752,11,6.101,5.908711,0,0,1,0,0,3,0,0,0,0,2,0
1773847146885,22770,0.0040445747,54,8.723,5.9253983,0,0,1,0,0,3,0,0,0,0,2,0
1773847195068,22828,0.008478484,58,1.952,5.933388,0,0,1,0,0,3,0,0,0,0,2,0
1773847209101,22886,0.0083360765,58,2.622,5.9345236,0,0,1,0,0,3,0,0,0,0,2,0
1773847221134,22947,0.014270673,61,1.549,5.943299,0,0,1,0,0,3,0,0,0,0,2,0
1773847273291,23008,0.015387331,61,0.949,4.5153856,0,0,1,0,0,3,0,0,0,0,2,0
1773847291372,23059,0.00409713,51,3.967,4.513012,0,0,1,0,0,3,0,0,0,0,2,0
1773847325505,23071,0.13392104,12,0,2.8562837,0,0,1,0,0,3,0,0,0,30000,2,0
1773847333540,23111,0.020566154,40,1.624,2.8650594,0,0,1,0,0,3,0,0,0,0,2,0
1773847357660,23162,0.0047133416,51,1.144,2.8655055,0,0,1,0,0,3,0,0,0,0,2,0
1773847401798,23214,0.0045412076,52,4.447,2.8292334,0,0,1,0,0,3,0,0,0,0,2,0
1773847459980,23278,0.024349445,64,3.026,2.8294663,0,0,1,0,0,3,0,0,0,0,2,0
1773847482064,23329,0.0045482274,51,3.807,2.8280563,0,0,1,0,0,3,0,0,0,0,2,0
1773847494107,23387,0.009899154,58,3.687,2.8149045,0,0,1,0,0,3,0,0,0,0,2,0
1773847524244,23387,0.2102936,0,0,2.8438199,0,0,1,0,0,3,0,0,0,30000,2,0
1773847534276,23441,0.0055006617,54,2.113,2.8459942,0,0,1,0,0,3,0,0,0,0,2,0
1773847558411,23493,0.004892366,52,10.345,2.9750361,0,0,1,0,0,3,0,0,0,0,2,0
1773847600621,23551,0.009954708,58,2.743,2.9758358,0,0,1,0,0,3,0,0,0,0,2,0
1773847618667,23603,0.004521537,52,6.753,2.9741535,0,0,1,0,0,3,0,0,0,0,2,0
1773847664850,23657,0.005476163,54,1.904,2.9729261,0,0,1,0,0,3,0,0,0,0,2,0
1773847688904,23711,0.006324673,54,15.544,3.3242323,0,0,1,0,0,3,0,0,0,0,2,0
1773847731049,23765,0.005134287,54,3.767,3.3198092,0,0,1,0,0,3,0,0,0,0,2,0
1773847743062,23824,0.01146328,59,2.974,3.3140354,0,0,1,0,0,3,0,0,0,0,2,0
1773847757105,23874,0.00470791,50,2.557,3.3133347,0,0,1,0,0,3,0,0,0,0,2,0
1773847805258,23927,0.004699107,53,3.074,3.3097432,0,0,1,0,0,3,0,0,0,0,2,0
1773847825337,23980,0.0047563096,53,2.452,3.3133438,0,0,1,0,0,3,0,0,0,0,2,0
1773847873461,24033,0.004926458,53,1.127,3.296522,0,0,1,0,0,3,0,0,0,0,2,0
1773847893538,24083,0.004758211,50,1.773,3.305409,0,0,1,0,0,3,0,0,0,0,2,0
1773847921658,24136,0.0047654104,53,2.428,3.2947822,0,0,1,0,0,3,0,0,0,0,2,0
1773847945756,24195,0.011754129,59,1.616,3.303631,0,0,1,0,0,3,0,0,0,0,2,0
1773847983933,24254,0.011132641,59,7.563,3.0005584,0,0,1,0,0,3,0,0,0,0,2,0
1773847991980,24304,0.0047659613,50,3.035,2.968747,0,0,1,0,0,3,0,0,0,0,2,0
1773848002043,24359,0.006199129,55,2.342,2.9723682,0,0,1,0,0,3,0,0,0,0,2,0
1773848012076,24409,0.0047818976,50,3.348,2.8641202,0,0,1,0,0,3,0,0,0,0,2,0
1773848062288,24474,0.026884358,65,5.866,2.8783672,0,0,1,0,0,3,0,0,0,0,2,0
1773848072316,24530,0.00737182,56,1.727,2.8847299,0,0,1,0,0,3,0,0,0,0,2,0
1773848084392,24589,0.011892882,59,2.277,2.855781,0,0,1,0,0,3,0,0,0,0,2,0
1773848124545,24640,0.005592865,51,13.255,3.0990987,0,0,1,0,0,3,0,0,0,0,2,0
1773848148656,24690,0.0047992896,50,1.824,3.0990157,0,0,1,0,0,3,0,0,0,0,2,0
1773848196845,24741,0.0044737197,51,3.778,3.093578,0,0,1,0,0,3,0,0,0,0,2,0
1773848216931,24797,0.0072589144,56,2.531,2.852082,0,0,1,0,0,3,0,0,0,0,2,0
1773848253076,24847,0.010937768,50,24.696,3.8767118,0,0,1,0,0,3,0,0,0,0,2,0
1773848269134,24900,0.0044754194,53,3.469,3.851491,0,0,1,0,0,3,0,0,0,0,2,0
1773848315314,24965,0.027105702,65,1.661,3.8605347,0,0,1,0,0,3,0,0,0,0,2,0
1773848333405,25021,0.00640154,56,6.031,3.8707957,0,0,1,0,0,3,0,0,0,0,2,0
1773848349456,25072,0.0042950134,51,3.103,3.8660088,0,0,1,0,0,3,0,0,0,0,2,0
1773848391639,25129,0.0077658244,57,4.068,3.8633003,0,0,1,0,0,3,0,0,0,0,2,0
1773848401686,25190,0.015371795,61,2.732,3.8602586,0,0,1,0,0,3,0,0,0,0,2,0
1773848413735,25250,0.012832636,60,4.489,3.8305697,0,0,1,0,0,3,0,0,0,0,2,0
1773848425772,25304,0.0048254444,54,5.565,3.835307,0,0,1,0,0,3,0,0,0,0,2,0
1773848455910,25304,0.21238425,0,0,3.863198,0,0,1,0,0,3,0,0,0,30000,2,0
1773848476001,25354,0.004588793,50,2.626,3.857764,0,0,1,0,0,3,0,0,0,0,2,0
1773848486052,25404,0.00456187,50,3.266,3.8583794,0,0,1,0,0,3,0,0,0,0,2,0
1773848522189,25430,0.10645327,26,0,3.8808045,0,0,1,0,0,3,0,0,0,30000,2,0
1773848528205,25457,0.07923332,27,2.216,3.8668263,0,0,1,0,0,3,0,0,0,0,2,0
1773848550303,25508,0.0044632764,51,1.087,3.8784926,0,0,1,0,0,3,0,0,0,0,2,0
1773848592466,25564,0.0068297917,56,2.055,3.8826554,0,0,1,0,0,3,0,0,0,0,2,0
1773848610547,25615,0.004349572,51,2.228,3.8838034,0,0,1,0,0,3,0,0,0,0,2,0
1773848648687,25675,0.013209558,60,2.447,3.8591375,0,0,1,0,0,3,0,0,0,0,2,0
1773848668764,25728,0.004441309,53,3.923,3.8591661,0,0,1,0,0,3,0,0,0,0,2,0
1773848684841,25788,0.013319758,60,1.976,3.858231,0,0,1,0,0,3,0,0,0,0,2,0
1773848714959,25845,0.007901848,57,3.142,3.8501306,0,0,1,0,0,3,0,0,0,0,2,0
1773848725005,25897,0.004305041,52,2.741,3.8517175,0,0,1,0,0,3,0,0,0,0,2,0
1773848735057,25953,0.0066075022,56,3.805,3.8236434,0,0,1,0,0,3,0,0,0,0,2,0
1773848745104,26007,0.004931445,54,3.815,3.8121226,0,0,1,0,0,3,0,0,0,0,2,0
1773848789273,26043,0.12935951,36,0,3.7862568,0,0,1,0,0,3,0,0,0,30000,2,0
1773848791290,26057,0.17998166,14,2.972,3.7815459,0,0,1,0,0,3,0,0,0,0,2,0
1773848801316,26116,0.010527864,59,9.959,3.8608959,0,0,1,0,0,3,0,0,0,0,2,0
1773848817379,26166,0.0045500407,50,4.801,3.853606,0,0,1,0,0,3,0,0,0,0,2,0
1773848861538,26218,0.004361356,52,2.15,3.8428116,0,0,1,0,0,3,0,0,0,0,2,0
1773848871575,26274,0.0067324177,56,2.781,3.8446882,0,0,1,0,0,3,0,0,0,0,2,0
1773848925799,26329,0.0057143643,55,3.18,3.8162954,0,0,1,0,0,3,0,0,0,0,2,0
1773848941860,26381,0.004325404,52,2.648,3.809264,0,0,1,0,0,3,0,0,0,0,2,0
1773848957911,26440,0.010674706,59,13.044,3.96151,0,0,1,0,0,3,0,0,0,0,2,0
1773849004069,26499,0.011407309,59,1.341,3.9748082,0,0,1,0,0,3,0,0,0,0,2,0
1773849024142,26553,0.005143215,54,1.469,3.9851837,0,0,1,0,0,3,0,0,0,0,2,0
1773849076357,26604,0.0042382954,51,6.148,3.9945936,0,0,1,0,0,3,0,0,0,0,2,0
1773849124541,26667,0.020321319,63,3.278,3.9953673,0,0,1,0,0,3,0,0,0,0,2,0
1773849150647,26717,0.0045586596,50,2.783,3.9670439,0,0,1,0,0,3,0,0,0,0,2,0
1773849186828,26744,0.1068734,27,0,3.9913826,0,0,1,0,0,3,0,0,0,30000,2,0
1773849192858,26774,0.06215681,30,2.559,3.9132164,0,0,1,0,0,3,0,0,0,0,2,0
1773849210923,26825,0.006582023,51,17.532,4.262026,0,0,1,0,0,3,0,0,0,0,2,0
1773849245039,26888,0.020415397,63,2.165,4.2550893,0,0,1,0,0,3,0,0,0,0,2,0
1773849261079,26957,0.04185557,69,2.39,4.2517548,0,0,1,0,0,3,0,0,0,0,2,0
1773849291149,27007,0.0052430253,50,11.345,4.1032033,0,0,1,0,0,3,0,0,0,0,2,0
1773849341283,27076,0.042069927,69,2.227,4.1087365,0,0,1,0,0,3,0,0,0,0,2,0
1773849359333,27127,0.004325595,51,8.034,4.138176,0,0,1,0,0,3,0,0,0,0,2,0
1773849401464,27178,0.0041769347,51,4.853,4.135391,0,0,1,0,0,3,0,0,0,0,2,0
1773849415523,27235,0.007958195,57,1.939,4.1419415,0,0,1,0,0,3,0,0,0,0,2,0
1773849453667,27251,0.11895815,16,0,4.1675873,0,0,1,0,0,3,0,0,0,30000,2,0
1773849465704,27285,0.042638183,34,1.73,4.1617866,0,0,1,0,0,3,0,0,0,0,2,0
1773849477746,27336,0.0042047673,51,6.433,4.162997,0,0,1,0,0,3,0,0,0,0,2,0
1773849524248,27386,0.0046004103,50,1.568,4.1696596,0,0,1,0,0,3,0,0,0,0,2,0
1773849540305,27436,0.0047367206,50,8.519,4.194337,0,0,1,0,0,3,0,0,0,0,2,0
1773849588513,27478,0.15787427,42,0,4.2034554,0,0,1,0,0,3,0,0,0,30000,2,0
1773849592535,27488,0.22080155,10,4.097,4.2015257,0,0,1,0,0,3,0,0,0,0,2,0
1773849608610,27541,0.004627748,53,1.078,4.2125263,0,0,1,0,0,3,0,0,0,0,2,0
1773849656856,27602,0.0152153075,61,2.342,4.2169647,0,0,1,0,0,3,0,0,0,0,2,0
1773849670902,27655,0.0045377105,53,1.69,4.2203207,0,0,1,0,0,3,0,0,0,0,2,0
1773849690999,27705,0.0046295384,50,7.663,4.235377,0,0,1,0,0,3,0,0,0,0,2,0
1773849739215,27756,0.00446708,51,9.572,4.283877,0,0,1,0,0,3,0,0,0,0,2,0
1773849757272,27806,0.0044892826,50,4.726,4.1290164,0,0,1,0,0,3,0,0,0,0,2,0
1773849799473,27864,0.009474276,58,1.799,4.1292267,0,0,1,0,0,3,0,0,0,0,2,0
1773849809494,27915,0.0042137387,51,3.399,4.129863,0,0,1,0,0,3,0,0,0,0,2,0
1773849821537,27969,0.004880938,54,3.05,4.1274214,0,0,1,0,0,3,0,0,0,0,2,0
1773849851645,27969,0.21105959,0,0,3.2362235,0,0,1,0,0,3,0,0,0,30000,2,0
1773849865665,28025,0.010892104,56,25.12,4.190411,0,0,1,0,0,3,0,0,0,0,2,0
1773849881721,28079,0.005092643,54,1.298,4.193804,0,0,1,0,0,3,0,0,0,0,2,0
1773849919864,28097,0.11349178,18,0,4.214464,0,0,1,0,0,3,0,0,0,30000,2,0
1773849927899,28137,0.022499787,40,9.425,4.2686,0,0,1,0,0,3,0,0,0,0,2,0
1773849950004,28188,0.0041457606,51,5.479,4.2725935,0,0,1,0,0,3,0,0,0,0,2,0
1773849994220,28249,0.015195081,61,2.261,4.2751946,0,0,1,0,0,3,0,0,0,0,2,0
1773850006254,28299,0.004643905,50,7.949,4.3027797,0,0,1,0,0,3,0,0,0,0,2,0
1773850024329,28349,0.0045820754,50,1.478,4.3102565,0,0,1,0,0,3,0,0,0,0,2,0
1773850062524,28410,0.014355757,61,6.828,4.2945566,0,0,1,0,0,3,0,0,0,0,2,0
1773850076587,28462,0.0043244553,52,1.324,4.3045654,0,0,1,0,0,3,0,0,0,0,2,0
1773850122818,28519,0.008038749,57,1.112,4.319195,0,0,1,0,0,3,0,0,0,0,2,0
1773850140900,28578,0.011252239,59,1.17,4.30448,0,0,1,0,0,3,0,0,0,0,2,0
1773850187140,28631,0.004434997,53,2.295,4.3039613,0,0,1,0,0,3,0,0,0,0,2,0
1773850199204,28686,0.0057755657,55,1.373,4.301014,0,0,1,0,0,3,0,0,0,0,2,0
1773850213253,28745,0.011260921,59,1.124,4.309372,0,0,1,0,0,3,0,0,0,0,2,0
1773850253417,28766,0.107816614,21,0,4.3329325,0,0,1,0,0,3,0,0,0,30000,2,0
1773850257440,28796,0.06210796,30,1.177,4.3429923,0,0,1,0,0,3,0,0,0,0,2,0
1773850277672,28864,0.03543836,68,11.181,4.4332924,0,0,1,0,0,3,0,0,0,0,2,0
1773850321855,28922,0.0092212735,58,2.208,4.431636,0,0,1,0,0,3,0,0,0,0,2,0
1773850337907,28978,0.0067199194,56,1.24,4.4444423,0,0,1,0,0,3,0,0,0,0,2,0
1773850386166,29038,0.013092515,60,1.347,4.454397,0,0,1,0,0,3,0,0,0,0,2,0
1773850400230,29098,0.012402595,60,4.57,4.4547067,0,0,1,0,0,3,0,0,0,0,2,0
1773850410272,29149,0.0042977827,51,1.338,4.467571,0,0,1,0,0,3,0,0,0,0,2,0
1773850450494,29187,0.13535725,38,0,4.467571,0,0,1,0,0,3,0,0,0,30000,2,0
1773850452507,29201,0.18019798,14,1.508,4.4767194,0,0,1,0,0,3,0,0,0,0,2,0
1773850470585,29270,0.04194134,69,1.713,4.4221845,0,0,1,0,0,3,0,0,0,0,2,0
1773850518812,29321,0.0043311887,51,1.115,4.4339104,0,0,1,0,0,3,0,0,0,0,2,0
1773850528862,29377,0.0067683486,56,1.005,4.4429564,0,0,1,0,0,3,0,0,0,0,2,0
1773850542920,29431,0.004960211,54,1.539,4.450128,0,0,1,0,0,3,0,0,0,0,2,0
1773850589155,29488,0.007886704,57,1.496,4.4586473,0,0,1,0,0,3,0,0,0,0,2,0
1773850603200,29549,0.015262973,61,1.506,4.4653707,0,0,1,0,0,3,0,0,0,0,2,0
1773850617260,29606,0.008037408,57,1.116,4.320099,0,0,1,0,0,3,0,0,0,0,2,0
1773850651424,29620,0.12579782,14,0,4.334054,0,0,1,0,0,3,0,0,0,30000,2,0
1773850659451,29658,0.027314788,38,2.537,4.3280926,0,0,1,0,0,3,0,0,0,0,2,0
1773850679548,29711,0.0042182035,53,5.398,4.322077,0,0,1,0,0,3,0,0,0,0,2,0
1773850721775,29761,0.0044727554,50,3.124,4.322269,0,0,1,0,0,3,0,0,0,0,2,0
1773850733820,29812,0.004319373,51,1.427,4.329267,0,0,1,0,0,3,0,0,0,0,2,0
1773850749883,29864,0.004331533,52,1.245,4.3161697,0,0,1,0,0,3,0,0,0,0,2,0
1773850784028,29873,0.14919552,9,0,4.3369017,0,0,1,0,0,3,0,0,0,30000,2,0
1773850794070,29914,0.018226119,41,3.07,3.960464,0,0,1,0,0,3,0,0,0,0,2,0
1773850804118,29970,0.0068768575,56,1.576,3.9637196,0,0,1,0,0,3,0,0,0,0,2,0
1773850850369,30021,0.0043723313,51,1.743,3.966769,0,0,1,0,0,3,0,0,0,0,2,0
1773850866434,30083,0.018244145,62,1.326,3.8401878,0,0,1,0,0,3,0,0,0,0,2,0
1773850884513,30133,0.00464439,50,1.81,3.8420181,0,0,1,0,0,3,0,0,0,0,2,0
1773850924720,30185,0.004214703,52,5.047,3.7996387,0,0,1,0,0,3,0,0,0,0,2,0
1773850938798,30242,0.008244925,57,1.39,3.7982025,0,0,1,0,0,3,0,0,0,0,2,0
1773850985044,30294,0.004459407,52,1.38,3.8012598,0,0,1,0,0,3,0,0,0,0,2,0
1773850999086,30345,0.004423383,51,1.67,3.786383,0,0,1,0,0,3,0,0,0,0,2,0
1773851017132,30404,0.01151631,59,1.357,3.7886367,0,0,1,0,0,3,0,0,0,0,2,0
1773851059326,30460,0.006562207,56,4.491,3.7687862,0,0,1,0,0,3,0,0,0,0,2,0
1773851071370,30517,0.007552586,57,7.413,3.804242,0,0,1,0,0,3,0,0,0,0,2,0
1773851115601,30564,0.19510256,47,0,3.7599,0,0,1,0,0,3,0,0,0,30000,2,0
1773851117608,30581,0.15247402,17,1.939,3.7439218,0,0,1,0,0,3,0,0,0,0,2,0
1773851129678,30632,0.004418378,51,1.834,3.7437348,0,0,1,0,0,3,0,0,0,0,2,0
1773851143743,30685,0.0047124308,53,1.574,3.7404084,0,0,1,0,0,3,0,0,0,0,2,0
1773851191964,30735,0.0046339533,50,2.256,3.7406378,0,0,1,0,0,3,0,0,0,0,2,0
1773851202008,30786,0.0044507594,51,1.506,3.7416635,0,0,1,0,0,3,0,0,0,0,2,0
1773851250237,30836,0.00468866,50,1.619,3.6970587,0,0,1,0,0,3,0,0,0,0,2,0
1773851264303,30896,0.013555112,60,1.707,3.6006055,0,0,1,0,0,3,0,0,0,0,2,0
1773851282387,30946,0.004755801,50,1.093,3.597077,0,0,1,0,0,3,0,0,0,0,2,0
1773851320531,30997,0.004367475,51,3.05,3.5957577,0,0,1,0,0,3,0,0,0,0,2,0
1773851338609,31054,0.008381224,57,1.233,3.5989945,0,0,1,0,0,3,0,0,0,0,2,0
1773851384804,31115,0.015916655,61,1.307,3.6024063,0,0,1,0,0,3,0,0,0,0,2,0
1773851396853,31165,0.0046904366,50,6.712,3.6223702,0,0,1,0,0,3,0,0,0,0,2,0
1773851412895,31219,0.0058083143,54,1.599,2.273037,0,0,1,0,0,3,0,0,0,0,2,0
1773851453069,31271,0.004813924,52,2.68,2.2694712,0,0,1,0,0,3,0,0,0,0,2,0
1773851469095,31324,0.004986801,53,5.538,2.2828112,0,0,1,0,0,3,0,0,0,0,2,0
1773851481152,31378,0.0055440054,54,6.762,2.177337,0,0,1,0,0,3,0,0,0,0,2,0
1773851519308,31429,0.0048973574,51,1.292,2.1471274,0,0,1,0,0,3,0,0,0,0,2,0
1773851535371,31486,0.008471827,57,7.201,2.229595,0,0,1,0,0,3,0,0,0,0,2,0
1773851549424,31538,0.005020099,52,1.053,2.1245034,0,0,1,0,0,3,0,0,0,0,2,0
1773851591548,31593,0.006666075,55,1.839,2.1227283,0,0,1,0,0,3,0,0,0,0,2,0
1773851607609,31643,0.0049904743,50,4.934,2.0724123,0,0,1,0,0,3,0,0,0,0,2,0
1773851651773,31693,0.0050630043,50,1.483,2.0713358,0,0,1,0,0,3,0,0,0,0,2,0
1773851667838,31750,0.009202779,57,1.272,2.069994,0,0,1,0,0,3,0,0,0,0,2,0
1773851714010,31801,0.0049313414,51,1.173,2.069968,0,0,1,0,0,3,0,0,0,0,2,0
1773851730093,31861,0.014709718,60,1.243,2.074154,0,0,1,0,0,3,0,0,0,0,2,0
1773851746161,31912,0.005127724,51,9.708,2.26544,0,0,1,0,0,3,0,0,0,0,2,0
1773851778309,31920,0.1534907,8,0,2.27972,0,0,1,0,0,3,0,0,0,30000,2,0
1773851790366,31970,0.005035313,50,1.241,2.2644415,0,0,1,0,0,3,0,0,0,0,2,0
1773851808457,32027,0.009061588,57,1.441,2.2624123,0,0,1,0,0,3,0,0,0,0,2,0
1773851850630,32091,0.0255215,64,1.559,1.9772645,0,0,1,0,0,3,0,0,0,0,2,0
1773851864677,32148,0.009218381,57,1.453,1.9798754,0,0,1,0,0,3,0,0,0,0,2,0
1773851878739,32198,0.005091219,50,1.411,1.9786087,0,0,1,0,0,3,0,0,0,0,2,0
1773851920941,32255,0.009236379,57,1.364,1.9784865,0,0,1,0,0,3,0,0,0,0,2,0
1773851939030,32305,0.0050168913,50,5.035,1.9877683,0,0,1,0,0,3,0,0,0,0,2,0
1773851983237,32358,0.0053889155,53,1.231,1.9885986,0,0,1,0,0,3,0,0,0,0,2,0
1773851997317,32412,0.005731447,54,3.499,1.9734519,0,0,1,0,0,3,0,0,0,0,2,0
1773852045547,32473,0.016784793,61,2.61,1.9710486,0,0,1,0,0,3,0,0,0,0,2,0
1773852057609,32524,0.0049487837,51,1.279,1.9739486,0,0,1,0,0,3,0,0,0,0,2,0
1773852071667,32585,0.017087612,61,1.361,1.9718055,0,0,1,0,0,3,0,0,0,0,2,0
1773852111852,32620,0.13260865,35,0,1.9863224,0,0,1,0,0,3,0,0,0,30000,2,0
1773852115869,32647,0.077398516,27,1.319,1.9878683,0,0,1,0,0,3,0,0,0,0,2,0
1773852135949,32702,0.0066699754,55,2.28,1.9851615,0,0,1,0,0,3,0,0,0,0,2,0
1773852182169,32758,0.007869682,56,1.503,1.9851811,0,0,1,0,0,3,0,0,0,0,2,0
1773852194223,32808,0.005089544,50,1.42,1.9826255,0,0,1,0,0,3,0,0,0,0,2,0
1773852212282,32861,0.0053238366,53,1.849,1.9617107,0,0,1,0,0,3,0,0,0,0,2,0
1773852250453,32911,0.00508005,50,1.616,1.9637854,0,0,1,0,0,3,0,0,0,0,2,0
1773852260497,32962,0.0049468866,51,1.44,1.9289082,0,0,1,0,0,3,0,0,0,0,2,0
1773852274561,33012,0.00510372,50,1.408,1.929061,0,0,1,0,0,3,0,0,0,0,2,0
1773852318764,33070,0.010678593,58,2.264,1.9261802,0,0,1,0,0,3,0,0,0,0,2,0
1773852332840,33124,0.0056797657,54,8.551,2.072587,0,0,1,0,0,3,0,0,0,0,2,0
1773852377007,33179,0.0064421115,55,4.092,2.0609298,0,0,1,0,0,3,0,0,0,0,2,0
1773852387050,33231,0.004805947,52,4.344,2.072894,0,0,1,0,0,3,0,0,0,0,2,0
1773852403096,33283,0.0050081606,52,1.295,2.0750895,0,0,1,0,0,3,0,0,0,0,2,0
1773852445253,33334,0.0048121833,51,2.714,2.0732648,0,0,1,0,0,3,0,0,0,0,2,0
1773852461320,33400,0.032377455,66,1.43,2.0723963,0,0,1,0,0,3,0,0,0,0,2,0
1773852509548,33457,0.0086432975,57,5.22,2.097981,0,0,1,0,0,3,0,0,0,0,2,0
1773852521603,33516,0.012621259,59,1.248,2.0798855,0,0,1,0,0,3,0,0,0,0,2,0
1773852539678,33569,0.0053188596,53,1.509,2.078962,0,0,1,0,0,3,0,0,0,0,2,0
1773852581863,33623,0.005870549,54,1.758,2.076356,0,0,1,0,0,3,0,0,0,0,2,0
1773852593890,33679,0.007896418,56,1.079,2.081285,0,0,1,0,0,3,0,0,0,0,2,0
1773852611969,33730,0.0048822653,51,1.674,2.0789838,0,0,1,0,0,3,0,0,0,0,2,0
1773852642097,33730,0.20895167,0,0,2.0858552,0,0,1,0,0,3,0,0,0,30000,2,0
1773852656161,33797,0.03556403,67,3.618,1.9948674,0,0,1,0,0,3,0,0,0,0,2,0
1773852674233,33852,0.006632476,55,2.62,1.9728806,0,0,1,0,0,3,0,0,0,0,2,0
1773852716409,33902,0.0050893286,50,1.446,1.9756101,0,0,1,0,0,3,0,0,0,0,2,0
1773852730449,33953,0.004913602,51,1.659,1.9764965,0,0,1,0,0,3,0,0,0,0,2,0
1773852776606,34003,0.005089401,50,1.439,1.9774332,0,0,1,0,0,3,0,0,0,0,2,0
1773852792654,34059,0.007860005,56,1.575,1.9799209,0,0,1,0,0,3,0,0,0,0,2,0
1773852808724,34113,0.005947777,54,1.496,1.9799896,0,0,1,0,0,3,0,0,0,0,2,0
1773852838849,34113,0.20881054,0,0,1.9997011,0,0,1,0,0,3,0,0,0,30000,2,0
1773852850879,34171,0.01071464,58,1.838,1.9991117,0,0,1,0,0,3,0,0,0,0,2,0
1773852864951,34231,0.014572784,60,2.062,1.9931995,0,0,1,0,0,3,0,0,0,0,2,0
1773852909179,34290,0.012664673,59,1.299,1.9956186,0,0,1,0,0,3,0,0,0,0,2,0
1773852923243,34341,0.0049224608,51,1.5,1.9935839,0,0,1,0,0,3,0,0,0,0,2,0
1773852935287,34397,0.007608165,56,3.259,1.9924579,0,0,1,0,0,3,0,0,0,0,2,0
1773852979469,34451,0.0056857993,54,4.495,1.9351472,0,0,1,0,0,3,0,0,0,0,2,0
1773852995536,34502,0.004961244,51,1.26,1.9376228,0,0,1,0,0,3,0,0,0,0,2,0
1773853043764,34565,0.022542894,63,1.321,1.941135,0,0,1,0,0,3,0,0,0,0,2,0
1773853059836,34615,0.0050197626,50,4.422,1.9169265,0,0,1,0,0,3,0,0,0,0,2,0
1773853071901,34672,0.009344856,57,1.222,1.8365762,0,0,1,0,0,3,0,0,0,0,2,0
1773853114085,34729,0.009256523,57,1.692,1.8341322,0,0,1,0,0,3,0,0,0,0,2,0
1773853128139,34783,0.006100708,54,1.194,1.7270453,0,0,1,0,0,3,0,0,0,0,2,0
1773853172334,34840,0.009341627,57,1.576,1.723215,0,0,1,0,0,3,0,0,0,0,2,0
1773853184401,34893,0.0054827034,53,1.29,1.7259923,0,0,1,0,0,3,0,0,0,0,2,0
1773853198484,34951,0.010946994,58,1.631,1.6900457,0,0,1,0,0,3,0,0,0,0,2,0
1773853242637,35008,0.009435685,57,1.18,1.692098,0,0,1,0,0,3,0,0,0,0,2,0
1773853258669,35065,0.06322212,57,69.439,8.523529,0,0,1,0,0,3,0,0,0,0,2,0
1773853270728,35116,0.0035797453,51,1.528,8.522371,0,0,1,0,0,3,0,0,0,0,2,0
1773853304883,35127,0.14374363,11,0,8.5280695,0,0,1,0,0,3,0,0,0,30000,2,0
1773853312906,35168,0.019458374,41,3.389,8.487635,0,0,1,0,0,3,0,0,0,0,2,0
1773853326975,35219,0.0032907205,51,5.352,8.483884,0,0,1,0,0,3,0,0,0,0,2,0
1773853373166,35281,0.015041432,62,1.442,8.4832325,0,0,1,0,0,3,0,0,0,0,2,0
1773853385215,35341,0.010424678,60,2.525,8.480982,0,0,1,0,0,3,0,0,0,0,2,0
1773853401278,35391,0.0038849404,50,3.191,8.478709,0,0,1,0,0,3,0,0,0,0,2,0
1773853445463,35452,0.012170418,61,3.599,8.476198,0,0,1,0,0,3,0,0,0,0,2,0
1773853459528,35502,0.0039434936,50,2.454,8.473787,0,0,1,0,0,3,0,0,0,0,2,0
1773853505742,35552,0.0039645536,50,2.231,8.471544,0,0,1,0,0,3,0,0,0,0,2,0
1773853517779,35609,0.006142274,57,1.3,8.471618,0,0,1,0,0,3,0,0,0,0,2,0
1773853529836,35663,0.0038044448,54,1.069,8.472214,0,0,1,0,0,3,0,0,0,0,2,0
1773853574047,35722,0.008962386,59,1.344,8.475029,0,0,1,0,0,3,0,0,0,0,2,0
1773853590106,35777,0.0043209502,55,1.213,8.478094,0,0,1,0,0,3,0,0,0,0,2,0
1773853606161,35835,0.006928575,58,3.533,8.475174,0,0,1,0,0,3,0,0,0,0,2,0
1773853644289,35888,0.0034703987,53,1.253,8.475537,0,0,1,0,0,3,0,0,0,0,2,0
1773853662356,35955,0.030210027,67,1.46,8.469059,0,0,1,0,0,3,0,0,0,0,2,0
1773853704536,36013,0.0066424147,58,5.286,8.469968,0,0,1,0,0,3,0,0,0,0,2,0
1773853714586,36063,0.004037314,50,1.554,8.47169,0,0,1,0,0,3,0,0,0,0,2,0
1773853728633,36122,0.009024767,59,1.124,8.473005,0,0,1,0,0,3,0,0,0,0,2,0
1773853774832,36177,0.0040948777,55,2.387,8.470695,0,0,1,0,0,3,0,0,0,0,2,0
1773853790891,36235,0.0071819588,58,2.338,8.469685,0,0,1,0,0,3,0,0,0,0,2,0
1773853804933,36286,0.003606833,51,1.376,8.470447,0,0,1,0,0,3,0,0,0,0,2,0
1773853847110,36336,0.00407273,50,1.265,8.4710455,0,0,1,0,0,3,0,0,0,0,2,0
1773853859168,36392,0.005097813,56,1.305,8.471397,0,0,1,0,0,3,0,0,0,0,2,0
1773853905416,36452,0.010805782,60,1.163,8.474412,0,0,1,0,0,3,0,0,0,0,2,0
1773853915453,36504,0.0033250502,52,1.931,8.448701,0,0,1,0,0,3,0,0,0,0,2,0
1773853929531,36559,0.0042723115,55,1.487,8.450031,0,0,1,0,0,3,0,0,0,0,2,0
1773853973747,36615,0.005087125,56,1.384,8.450897,0,0,1,0,0,3,0,0,0,0,2,0
1773853983846,36667,0.0034239665,52,1.269,8.450982,0,0,1,0,0,3,0,0,0,0,2,0
1773853999900,36718,0.0035985953,51,1.45,8.453099,0,0,1,0,0,3,0,0,0,0,2,0
1773854030048,36771,0.0033416962,53,2.063,8.451652,0,0,1,0,0,3,0,0,0,0,2,0
1773854042094,36826,0.0043660277,55,1.042,8.450301,0,0,1,0,0,3,0,0,0,0,2,0
1773854060173,36877,0.030613,51,48.631,10.171473,0,0,1,0,0,3,0,0,0,0,2,0
1773854074260,36929,0.0028770247,52,3.485,10.167883,0,0,1,0,0,3,0,0,0,0,2,0
1773854102381,36980,0.0034511152,51,1.342,10.169251,0,0,1,0,0,3,0,0,0,0,2,0
1773854118454,37041,0.0111117195,61,4.011,10.163997,0,0,1,0,0,3,0,0,0,0,2,0
1773854134520,37091,0.003895811,50,2.011,10.163016,0,0,1,0,0,3,0,0,0,0,2,0
1773854160650,37141,0.003883855,50,2.118,10.15423,0,0,1,0,0,3,0,0,0,0,2,0
1773854172692,37193,0.0027262964,52,5.615,10.156775,0,0,1,0,0,3,0,0,0,0,2,0
1773854188761,37249,0.0045251185,56,1.423,10.16004,0,0,1,0,0,3,0,0,0,0,2,0
1773854202810,37306,0.00543836,57,1.629,10.159408,0,0,1,0,0,3,0,0,0,0,2,0
1773854239054,37359,0.005562135,53,21.516,10.390245,0,0,1,0,0,3,0,0,0,0,2,0
1773854259331,37409,0.003915027,50,1.8,10.388898,0,0,1,0,0,3,0,0,0,0,2,0
1773854294161,37473,0.018862532,64,1.971,10.387509,0,0,1,0,0,3,0,0,0,0,2,0
1773854310251,37524,0.0030692366,51,5.152,10.38303,0,0,1,0,0,3,0,0,0,0,2,0
1773854322313,37575,0.0034864896,51,1.031,10.37735,0,0,1,0,0,3,0,0,0,0,2,0
1773854338397,37629,0.0032693634,54,1.569,10.378352,0,0,1,0,0,3,0,0,0,0,2,0
1773854366482,37682,0.00301644,53,1.84,10.379098,0,0,1,0,0,3,0,0,0,0,2,0
1773854382543,37738,0.003958127,56,3.976,10.372811,0,0,1,0,0,3,0,0,0,0,2,0
1773854396593,37790,0.0028640653,52,3.364,10.367757,0,0,1,0,0,3,0,0,0,0,2,0
1773854428704,37845,0.0037349204,55,1.521,10.372583,0,0,1,0,0,3,0,0,0,0,2,0
1773854444774,37897,0.0030538647,52,1.916,10.376442,0,0,1,0,0,3,0,0,0,0,2,0
1773854460840,37951,0.0033075078,54,1.382,10.375917,0,0,1,0,0,3,0,0,0,0,2,0
1773854490980,38010,0.007999824,59,1.677,10.374476,0,0,1,0,0,3,0,0,0,0,2,0
1773854501025,38066,0.0044669216,56,1.392,10.380208,0,0,1,0,0,3,0,0,0,0,2,0
1773854519089,38122,0.004488284,56,1.303,10.379857,0,0,1,0,0,3,0,0,0,0,2,0
1773854557248,38180,0.006658738,58,1.268,10.381554,0,0,1,0,0,3,0,0,0,0,2,0
1773854577322,38233,0.0030566372,53,1.612,10.379833,0,0,1,0,0,3,0,0,0,0,2,0
1773854593373,38286,0.0029151014,53,2.461,10.376996,0,0,1,0,0,3,0,0,0,0,2,0
1773854627488,38339,0.0030668627,53,1.559,10.375889,0,0,1,0,0,3,0,0,0,0,2,0
1773854647748,38399,0.009240279,60,3.375,10.371506,0,0,1,0,0,3,0,0,0,0,2,0
1773854671846,38452,0.002920929,53,2.434,10.366992,0,0,1,0,0,3,0,0,0,0,2,0
1773854695987,38505,0.0038407212,53,2.205,6.3199644,0,0,1,0,0,3,0,0,0,0,2,0
1773854712053,38564,0.0098865405,59,2.063,6.3181615,0,0,1,0,0,3,0,0,0,0,2,0
1773854726084,38617,0.0035704738,53,5.561,6.3123007,0,0,1,0,0,3,0,0,0,0,2,0
1773854760233,38668,0.0037990382,51,2.54,6.312886,0,0,1,0,0,3,0,0,0,0,2,0
1773854782353,38725,0.0067921923,57,2.541,6.307792,0,0,1,0,0,3,0,0,0,0,2,0
1773854800419,38775,0.004291801,50,1.245,6.3086944,0,0,1,0,0,3,0,0,0,0,2,0
1773854848638,38827,0.0038024483,52,1.495,6.3116813,0,0,1,0,0,3,0,0,0,0,2,0
1773854860681,38882,0.0050281985,55,1.222,6.31632,0,0,1,0,0,3,0,0,0,0,2,0
1773854904905,38943,0.023065325,61,2.575,6.3164387,0.09836066,0.09836066,1,0,0,3,0,0,0,0,2,1
1773854921208,38996,0.007170376,53,9.699,6.3680797,0.11320755,0.014846891,1,0,0,3,0,0,0,0,2,1
1773854961377,39046,0.009406511,50,1.749,6.3695526,0.18,0.06679246,1,0,0,3,0,0,0,0,2,2
1773854973419,39104,0.009056666,58,1.484,6.3687215,0.15517241,-0.0248276,1,0,0,3,0,0,0,0,2,2
1773854989520,39156,0.0051367204,52,1.386,6.3671584,0.17307693,0.01790452,1,0,0,3,0,0,0,0,2,2
1773855030056,39210,0.0049709138,54,1.387,6.3669605,0.16666667,-0.006410256,1,0,0,3,0,0,0,0,2,2
1773855050676,39260,0.005545278,50,4.065,6.3625894,0.18,0.0133333355,1,0,0,3,0,0,0,0,2,2
1773855104082,39307,0.120350346,47,0,6.375517,0,-0.18,1,0,0,3,0,0,0,31000,2,2
1773855110254,39317,0.23782972,10,2.637,6.371118,0.15789473,0.15789473,1,0,0,3,0,0,0,0,2,2
1773855124294,39367,0.005961793,50,1.799,6.369769,0.18,0.022105277,1,0,0,3,0,0,0,0,2,2
1773855166698,39407,0.062138338,40,0,6.377192,0,-0.18,1,0,0,3,0,0,0,30000,2,2
1773855170739,39427,0.14672446,20,7.151,6.3927264,0.15,0.15,1,0,0,3,0,0,0,0,2,2
1773855188838,39478,0.0056461785,51,2.958,6.3871856,0.1764706,0.026470587,1,0,0,3,0,0,0,0,2,2
1773855233290,39521,0.08041494,43,0,6.399311,0,-0.1764706,1,0,0,3,0,0,0,30000,2,2
1773855235303,39536,0.18848139,15,2.621,6.398776,0.15517241,0.15517241,1,0,0,3,0,0,0,0,2,2
1773855247434,39587,0.0053766305,51,3.525,6.3944497,0.1764706,0.021298185,1,0,0,3,0,0,0,0,2,2
1773855259472,39643,0.0061040153,56,4.555,6.391176,0.16071428,-0.015756309,1,0,0,3,0,0,0,0,2,2
1773855299892,39667,0.019492831,24,0,6.3997207,0,-0.16071428,1,0,0,3,0,0,0,30000,2,2
1773855307904,39700,0.06387622,33,2.297,6.395285,0.15789473,0.15789473,1,0,0,3,0,0,0,0,2,2
1773855324697,39751,0.0052581206,51,3.488,6.39284,0.1764706,0.018575862,1,0,0,3,0,0,0,0,2,2
1773855369194,39772,0.019443203,21,0,6.402317,0,-0.1764706,1,0,0,3,0,0,0,30000,2,2
1773855379238,39807,0.056004286,35,4.565,6.3992763,0.16071428,0.16071428,1,0,0,3,0,0,0,0,2,2
1773855395303,39859,0.0048182085,52,6.259,6.403343,0.17307693,0.012362644,1,0,0,3,0,0,0,0,2,2
1773855433457,39910,0.0048347963,51,1.279,6.4042215,0.1764706,0.003393665,1,0,0,3,0,0,0,0,2,2
1773855449505,39963,0.0046143914,53,1.263,6.407728,0.16981132,-0.0066592693,1,0,0,3,0,0,0,0,2,2
1773855461574,40017,0.0050150533,54,1.143,6.407146,0.16666667,-0.0031446517,1,0,0,3,0,0,0,0,2,2
1773855499837,40070,0.0059279506,53,1.255,2.9480603,0.16981132,0.0031446517,1,0,0,3,0,0,0,0,2,2
1773855517907,40122,0.005713537,52,1.338,2.9513218,0.17307693,0.0032656044,1,0,0,3,0,0,0,0,2,2
1773855528026,40172,0.0061133457,50,1.916,2.9481084,0.18,0.0069230795,1,0,0,3,0,0,0,0,2,2
1773855564188,40226,0.0063466677,54,1.559,2.946631,0.16666667,-0.0133333355,1,0,0,3,0,0,0,0,2,2
1773855576248,40279,0.0058654337,53,2.092,2.9463725,0.16981132,0.0031446517,1,0,0,3,0,0,0,0,2,2
1773855588298,40339,0.01438635,60,2.513,2.9456577,0.15,-0.019811317,1,0,0,3,0,0,0,0,2,2
1773855598333,40390,0.006493852,51,1.534,2.925091,0.1764706,0.026470587,1,0,0,3,0,0,0,0,2,2
1773855634474,40440,0.0060511045,50,1.328,2.9257104,0.18,0.0035294145,1,0,0,3,0,0,0,0,2,2
1773855646502,40496,0.00818738,56,1.481,2.9265301,0.16071428,-0.019285724,1,0,0,3,0,0,0,0,2,2
1773855656535,40550,0.006937516,54,1.421,1.7005498,0.16666667,0.005952388,1,0,0,3,0,0,0,0,2,2
1773855670589,40608,0.011405132,58,2.015,1.6998143,0.15517241,-0.011494264,1,0,0,3,0,0,0,0,2,2
1773855706837,40662,0.006987301,54,1.712,1.7008566,0.16666667,0.011494264,1,0,0,3,0,0,0,0,2,2
1773855718860,40721,0.013288445,59,1.649,1.6634218,0.15254237,-0.014124304,1,0,0,3,0,0,0,0,2,2
1773855728892,40776,0.0077198567,55,1.663,1.6581858,0.16363636,0.011093989,1,0,0,3,0,0,0,0,2,2
1773855769054,40817,0.08927412,41,0,1.6792791,0,-0.16363636,1,0,0,3,0,0,0,30000,2,2
1773855775066,40830,0.19979797,13,1.297,1.6824856,0.16666667,0.16666667,1,0,0,3,0,0,0,0,2,2
1773855789123,40882,0.0062153884,52,1.611,1.66898,0.17307693,0.006410256,1,0,0,3,0,0,0,0,2,2
1773855805294,40935,0.0063800323,53,1.597,1.6634833,0.16981132,-0.0032656044,1,0,0,3,0,0,0,0,2,2
1773855841475,40988,0.0065185344,53,7.883,1.8076651,0.16981132,0,1,0,0,3,0,0,0,0,2,2
1773855853529,41046,0.01147766,58,1.527,1.8093786,0.15517241,-0.014638916,1,0,0,3,0,0,0,0,2,2
1773855865576,41100,0.0069633573,54,1.47,1.8087684,0.16666667,0.011494264,1,0,0,3,0,0,0,0,2,2
1773855879651,41153,0.0063331355,53,1.998,1.8076736,0.16981132,0.0031446517,1,0,0,3,0,0,0,0,2,2
1773855893694,41206,0.0063488735,53,1.362,1.8078958,0.16981132,0,1,0,0,3,0,0,0,0,2,2
1773855905888,41257,0.006173747,51,1.894,1.8046222,0.1764706,0.0066592693,1,0,0,3,0,0,0,0,2,2
1773855917928,41314,0.009878311,57,3.3,1.805056,0.15789473,-0.018575862,1,0,0,3,0,0,0,0,2,2
1773855927973,41367,0.0064595593,53,2.12,1.8032385,0.16981132,0.011916593,1,0,0,3,0,0,0,0,2,2
1773855946172,41421,0.006810066,54,1.774,1.8041923,0.16666667,-0.0031446517,1,0,0,3,0,0,0,0,2,2
1773855964255,41476,0.007495035,55,2.469,1.8020984,0.16363636,-0.003030315,1,0,0,3,0,0,0,0,2,2
1773855976302,41531,0.0075776526,55,1.565,1.798996,0.16363636,0,1,0,0,3,0,0,0,0,2,2
1773855992366,41583,0.0061834827,52,2.617,1.7994183,0.17307693,0.009440571,1,0,0,3,0,0,0,0,2,2
1773856006427,41635,0.006053772,52,2.506,1.7996588,0.17307693,0,1,0,0,3,0,0,0,0,2,2
1773856028501,41693,0.017303545,58,28.919,3.7632232,0.15517241,-0.01790452,1,0,0,3,0,0,0,0,2,2
1773856042574,41752,0.011391155,59,3.968,3.7493644,0.15254237,-0.00263004,1,0,0,3,0,0,0,0,2,2
1773856054622,41808,0.0076559135,56,1.426,3.7524688,0.16071428,0.008171916,1,0,0,3,0,0,0,0,2,2
1773856072719,41861,0.0057232175,53,1.369,3.7557812,0.16981132,0.00909704,1,0,0,3,0,0,0,0,2,2
1773856088795,41914,0.005539431,53,1.825,3.7531393,0.16981132,0,1,0,0,3,0,0,0,0,2,2
1773856104855,41970,0.0075780503,56,1.692,3.7522848,0.16071428,-0.00909704,1,0,0,3,0,0,0,0,2,2
1773856114893,42025,0.0067026233,55,1.387,3.751368,0.16363636,0.002922073,1,0,0,3,0,0,0,0,2,2
1773856126919,42078,0.005626854,53,1.826,3.7527196,0.16981132,0.0061749667,1,0,0,3,0,0,0,0,2,2
1773856138984,42128,0.0060214764,50,1.858,3.6463554,0.18,0.010188684,1,0,0,3,0,0,0,0,2,2
1773856157041,42184,0.00764706,56,2.964,3.6455307,0.16071428,-0.019285724,1,0,0,3,0,0,0,0,2,2
1773856171088,42235,0.0058286646,51,2.69,3.64322,0.1764706,0.015756309,1,0,0,3,0,0,0,0,2,2
1773856183137,42288,0.00556108,53,1.52,3.6425931,0.16981132,-0.0066592693,1,0,0,3,0,0,0,0,2,2
1773856193178,42340,0.005405275,52,4.444,3.6471307,0.17307693,0.0032656044,1,0,0,3,0,0,0,0,2,2
1773856211251,42392,0.005415543,52,1.526,3.644713,0.17307693,0,1,0,0,3,0,0,0,0,2,2
1773856227288,42442,0.005947476,50,1.246,3.6343343,0.18,0.0069230795,1,0,0,3,0,0,0,0,2,2
1773856237317,42497,0.0066758175,55,2.785,3.6344213,0.16363636,-0.01636365,1,0,0,3,0,0,0,0,2,2
1773856249367,42549,0.047413457,52,57.646,7.7346954,0.17307693,0.009440571,1,0,0,3,0,0,0,0,2,2
1773856261402,42607,0.008156518,58,1.827,7.7252836,0.15517241,-0.01790452,1,0,0,3,0,0,0,0,2,2
1773856277442,42660,0.0047426512,53,1.272,7.71599,0.16981132,0.014638916,1,0,0,3,0,0,0,0,2,2
1773856293502,42715,0.005058024,55,1.475,7.719463,0.16363636,-0.0061749667,1,0,0,3,0,0,0,0,2,2
1773856305566,42770,0.0050911214,55,1.703,7.7107606,0.16363636,0,1,0,0,3,0,0,0,0,2,2
1773856315590,42821,0.004861136,51,1.684,7.713092,0.1764706,0.012834236,1,0,0,3,0,0,0,0,2,2
1773856327630,42879,0.008243993,58,1.692,7.715878,0.15517241,-0.021298185,1,0,0,3,0,0,0,0,2,2
1773856345698,42936,0.0068523395,57,1.904,7.7163854,0.15789473,0.002722323,1,0,0,3,0,0,0,0,2,2
1773856363780,42995,0.009695621,59,1.25,7.7095785,0.15254237,-0.005352363,1,0,0,3,0,0,0,0,2,2
1773856375822,43052,0.006723939,57,2.895,7.708692,0.15789473,0.005352363,1,0,0,3,0,0,0,0,2,2
1773856387870,43109,0.006752351,57,2.338,7.709648,0.15789473,0,1,0,0,3,0,0,0,0,2,2
1773856399906,43160,0.0051361527,51,1.387,7.702247,0.1764706,0.018575862,1,0,0,3,0,0,0,0,2,2
1773856436183,43214,0.00435358,54,2.799,7.700958,0.16666667,-0.009803921,1,0,0,3,0,0,0,0,2,2
1773856450314,43267,0.0042853924,53,2.405,7.692712,0.16981132,0.0031446517,1,0,0,3,0,0,0,0,2,2
1773856464688,43319,0.0043407106,52,1.534,7.6917577,0.17307693,0.0032656044,1,0,0,3,0,0,0,0,2,2
1773856494822,43374,0.0048108906,55,3.638,7.6878004,0.16363636,-0.009440571,1,0,0,3,0,0,0,0,2,2
1773856506867,43434,0.010607459,60,7.144,7.697643,0.15,-0.013636351,1,0,0,3,0,0,0,0,2,2
1773856518924,43484,0.0062476983,50,1.754,7.695736,0.18,0.030000001,1,0,0,3,0,0,0,0,2,2
1773856537006,43535,0.0043568304,51,1.954,7.6935477,0.1764706,-0.0035294145,1,0,0,3,0,0,0,0,2,2
1773856573161,43592,0.0068513383,57,2.075,7.6930933,0.15789473,-0.018575862,1,0,0,3,0,0,0,0,2,2
1773856585217,43647,0.005005873,55,3.204,7.6896377,0.16363636,0.005741626,1,0,0,3,0,0,0,0,2,2
1773856595250,43700,0.004432117,53,1.676,7.69094,0.16981132,0.0061749667,1,0,0,3,0,0,0,0,2,2
1773856611317,43752,0.0043080724,52,1.902,7.6924415,0.17307693,0.0032656044,1,0,0,3,0,0,0,0,2,2
1773856627380,43808,0.0055281734,56,4.137,7.6892834,0.16071428,-0.012362644,1,0,0,3,0,0,0,0,2,2
1773856639437,43862,0.004677765,54,1.814,7.687421,0.16666667,0.005952388,1,0,0,3,0,0,0,0,2,2
1773856651471,43920,0.0076294267,58,5.22,7.6863613,0.15517241,-0.011494264,1,0,0,3,0,0,0,0,2,2
1773856661496,43970,0.0058834073,50,3.06,7.682057,0.18,0.0248276,1,0,0,3,0,0,0,0,2,2
1773856679564,44023,0.004138934,53,1.907,7.682405,0.16981132,-0.010188684,1,0,0,3,0,0,0,0,2,2
1773856693620,44078,0.004830179,55,3.564,7.678941,0.16363636,-0.0061749667,1,0,0,3,0,0,0,0,2,2
1773856707676,44128,0.005458021,50,2.959,7.675533,0.18,0.01636365,1,0,0,3,0,0,0,0,2,2
1773856719715,44187,0.009864503,59,2.177,7.6737776,0.15254237,-0.02745764,1,0,0,3,0,0,0,0,2,2
1773856733798,44242,0.0053010676,55,1.912,7.663417,0.16363636,0.011093989,1,0,0,3,0,0,0,0,2,2
1773856765938,44294,0.0044952896,52,1.895,7.66093,0.17307693,0.009440571,1,0,0,3,0,0,0,0,2,2
1773856777983,44351,0.0069192876,57,1.529,7.6612773,0.15789473,-0.015182197,1,0,0,3,0,0,0,0,2,2
1773856790047,44405,0.004809733,54,1.415,7.662068,0.16666667,0.008771941,1,0,0,3,0,0,0,0,2,2
1773856804073,44455,0.0053549116,50,2.115,7.6454825,0.18,0.0133333355,1,0,0,3,0,0,0,0,2,2
1773856834210,44508,0.004094065,53,2.608,7.6421986,0.16981132,-0.010188684,1,0,0,3,0,0,0,0,2,2
1773856846322,44561,0.004318548,53,1.549,7.6418653,0.16981132,0,1,0,0,3,0,0,0,0,2,2
1773856860387,44620,0.009483285,59,3.079,7.6395826,0.15254237,-0.017268956,1,0,0,3,0,0,0,0,2,2
1773856886495,44675,0.0052611246,55,11.344,7.694397,0.16363636,0.011093989,1,0,0,3,0,0,0,0,2,2
1773856900557,44731,0.0056900685,56,2.689,7.692053,0.16071428,-0.002922073,1,0,0,3,0,0,0,0,2,2
1773856914605,44789,0.008028883,58,2.071,7.694684,0.15517241,-0.005541876,1,0,0,3,0,0,0,0,2,2
1773856924651,44840,0.0051842444,51,2.516,7.6935463,0.1764706,0.021298185,1,0,0,3,0,0,0,0,2,2
1773856958774,44896,0.0055639427,56,3.999,7.689628,0.16071428,-0.015756309,1,0,0,3,0,0,0,0,2,2
1773856970808,44947,0.0049409657,51,2.339,7.68999,0.1764706,0.015756309,1,0,0,3,0,0,0,0,2,2
1773856980849,44997,0.004966685,50,3.219,7.6853175,0.18,0.0035294145,1,0,0,3,0,0,0,0,2,2
1773856992887,45053,0.005908086,56,1.444,7.6895022,0.16071428,-0.019285724,1,0,0,3,0,0,0,0,2,2
1773857026990,45106,0.0045196814,53,1.626,7.6925464,0.16981132,0.00909704,1,0,0,3,0,0,0,0,2,2
1773857039030,45164,0.008541742,58,1.416,7.0134315,0.15517241,-0.014638916,1,0,0,3,0,0,0,0,2,2
1773857049074,45214,0.0060388446,50,5.905,7.020284,0.18,0.0248276,1,0,0,3,0,0,0,0,2,2
1773857061171,45267,0.0042190715,53,5.289,7.019978,0.16981132,-0.010188684,1,0,0,3,0,0,0,0,2,2
1773857099324,45325,0.008538194,58,1.418,7.019757,0.15517241,-0.014638916,1,0,0,3,0,0,0,0,2,2
1773857109383,45377,0.005429682,52,11.215,7.0826516,0.17307693,0.01790452,1,0,0,3,0,0,0,0,2,2
1773857125465,45430,0.0043493416,53,2.324,7.080466,0.16981132,-0.0032656044,1,0,0,3,0,0,0,0,2,2
1773857159642,45486,0.0060904245,56,1.494,7.0799594,0.16071428,-0.00909704,1,0,0,3,0,0,0,0,2,2
1773857171683,45543,0.0068191327,57,3.695,7.0765095,0.15789473,-0.002819553,1,0,0,3,0,0,0,0,2,2
1773857185767,45596,0.0047755376,53,1.506,7.078006,0.16981132,0.011916593,1,0,0,3,0,0,0,0,2,2
1773857199810,45653,0.007176241,57,1.401,7.0828743,0.15789473,-0.011916593,1,0,0,3,0,0,0,0,2,2
1773857219888,45703,0.0058161234,50,3.033,7.082328,0.18,0.022105277,1,0,0,3,0,0,0,0,2,2
1773857231946,45759,0.005954189,56,3.102,7.0778303,0.16071428,-0.019285724,1,0,0,3,0,0,0,0,2,2
1773857243969,45815,0.00612339,56,1.55,7.0816116,0.16071428,0,1,0,0,3,0,0,0,0,2,2
1773857256114,45866,0.032374106,51,46.943,8.88704,0.1764706,0.015756309,1,0,0,3,0,0,0,0,2,2
1773857282417,45918,0.003868092,52,2.275,8.882472,0.17307693,-0.003393665,1,0,0,3,0,0,0,0,2,2
1773857298587,45975,0.006185983,57,2.781,8.882482,0.15789473,-0.015182197,1,0,0,3,0,0,0,0,2,2
1773857310760,46025,0.0060393815,50,2.055,5.8089085,0.18,0.022105277,1,0,0,3,0,0,0,0,2,2
1773857324868,46080,0.005827283,55,1.335,5.8113413,0.16363636,-0.01636365,1,0,0,3,0,0,0,0,2,2
1773857343079,46131,0.005168445,51,4.161,5.805732,0.1764706,0.012834236,1,0,0,3,0,0,0,0,2,2
1773857357207,46187,0.00658889,56,2.208,5.802525,0.16071428,-0.015756309,1,0,0,3,0,0,0,0,2,2
1773857369244,46243,0.0098986635,56,22.594,6.263139,0.16071428,0,1,0,0,3,0,0,0,0,2,2
1773857381302,46296,0.004794553,53,2.858,6.2586355,0.16981132,0.00909704,1,0,0,3,0,0,0,0,2,2
1773857393361,46347,0.0049180873,51,5.46,6.2560906,0.1764706,0.0066592693,1,0,0,3,0,0,0,0,2,2
1773857413885,46404,0.007447751,57,2.7,6.252948,0.15789473,-0.018575862,1,0,0,3,0,0,0,0,2,2
1773857432015,46460,0.006381037,56,2.248,6.247591,0.16071428,0.002819553,1,0,0,3,0,0,0,0,2,2
1773857446070,46514,0.00514751,54,1.608,6.252875,0.16666667,0.005952388,1,0,0,3,0,0,0,0,2,2
1773857458179,46574,0.0120492065,60,2.998,6.250861,0.15,-0.016666666,1,0,0,3,0,0,0,0,2,2
1773857482499,46626,0.005242424,52,3.38,6.243252,0.17307693,0.023076922,1,0,0,3,0,0,0,0,2,2
1773857498546,46681,0.00558742,55,1.542,6.2487397,0.16363636,-0.009440571,1,0,0,3,0,0,0,0,2,2
1773857512593,46732,0.0050686244,51,4.321,6.2460666,0.1764706,0.012834236,1,0,0,3,0,0,0,0,2,2
1773857522681,46782,0.005242731,50,2.085,6.24313,0.18,0.0035294145,1,0,0,3,0,0,0,0,2,2
1773857546769,46836,0.004866384,54,2.842,6.2445207,0.16666667,-0.0133333355,1,0,0,3,0,0,0,0,2,2
1773857564884,46886,0.0062152124,50,9.77,6.2740493,0.18,0.0133333355,1,0,0,3,0,0,0,0,2,2
1773857581016,46937,0.0046543404,51,2.588,6.2702937,0.1764706,-0.0035294145,1,0,0,3,0,0,0,0,2,2
1773857603123,46991,0.004974061,54,1.528,6.2726707,0.16666667,-0.009803921,1,0,0,3,0,0,0,0,2,2
1773857625190,47048,0.0074235657,57,2.046,6.2728095,0.15789473,-0.008771941,1,0,0,3,0,0,0,0,2,2
1773857643310,47102,0.0052178395,54,1.478,6.2797904,0.16666667,0.008771941,1,0,0,3,0,0,0,0,2,2
1773857657520,47164,0.016890842,62,1.297,6.282111,0.14516129,-0.021505386,1,0,0,3,0,0,0,0,2,2
1773857671573,47215,0.0059734113,51,2.164,6.280863,0.1764706,0.031309307,1,0,0,3,0,0,0,0,2,2
1773857687725,47268,0.0046429248,53,1.348,6.289085,0.16981132,-0.0066592693,1,0,0,3,0,0,0,0,2,2
1773857703792,47324,0.006265159,56,2.66,6.2855616,0.16071428,-0.00909704,1,0,0,3,0,0,0,0,2,2
1773857715829,47375,0.0052582067,51,1.427,6.2908993,0.1764706,0.015756309,1,0,0,3,0,0,0,0,2,2
1773857727843,47427,0.004572048,52,1.296,6.298207,0.17307693,-0.003393665,1,0,0,3,0,0,0,0,2,2
1773857743929,47480,0.00468645,53,1.235,6.3019676,0.16981132,-0.0032656044,1,0,0,3,0,0,0,0,2,2
1773857760018,47530,0.0054285782,50,3.188,6.302381,0.18,0.010188684,1,0,0,3,0,0,0,0,2,2
1773857770048,47580,0.0051470273,50,1.778,6.306592,0.18,0,1,0,0,3,0,0,0,0,2,2
1773857782105,47630,0.005152607,50,1.608,6.309271,0.18,0,1,0,0,3,0,0,0,0,2,2
1773857792145,47684,0.0048576863,54,2.642,6.3065276,0.16666667,-0.0133333355,1,0,0,3,0,0,0,0,2,2
1773857814220,47736,0.004737854,52,1.714,6.307422,0.17307693,0.006410256,1,0,0,3,0,0,0,0,2,2
1773857826266,47789,0.004622997,53,1.869,6.30565,0.16981132,-0.0032656044,1,0,0,3,0,0,0,0,2,2
1773857838305,47843,0.0048071397,54,3.926,6.2984786,0.16666667,-0.0031446517,1,0,0,3,0,0,0,0,2,2
1773857852360,47899,0.006285613,56,2.42,6.2972846,0.16071428,-0.005952388,1,0,0,3,0,0,0,0,2,2
1773857864401,47952,0.004917399,53,1.363,6.303003,0.16981132,0.00909704,1,0,0,3,0,0,0,0,2,2
1773857904546,48008,0.0064155688,56,1.504,6.303261,0.16071428,-0.00909704,1,0,0,3,0,0,0,0,2,2
1773857914576,48058,0.0058360226,50,1.752,6.307866,0.18,0.019285724,1,0,0,3,0,0,0,0,2,2
1773857926764,48117,0.0107630715,59,1.73,6.240685,0.15254237,-0.02745764,1,0,0,3,0,0,0,0,2,2
1773857948846,48173,0.0066019157,56,1.341,6.246185,0.16071428,0.008171916,1,0,0,3,0,0,0,0,2,2
1773857962893,48230,0.0074855154,57,1.693,6.247838,0.15789473,-0.002819553,1,0,0,3,0,0,0,0,2,2
1773857974913,48286,0.006217027,56,3.624,6.2462664,0.16071428,0.002819553,1,0,0,3,0,0,0,0,2,2
1773857984948,48338,0.0048746145,52,2.47,6.247795,0.17307693,0.012362644,1,0,0,3,0,0,0,0,2,2
1773857997007,48393,0.005602946,55,1.418,6.2517943,0.16363636,-0.009440571,1,0,0,3,0,0,0,0,2,2
1773858031223,48454,0.014293287,61,1.95,6.2550077,0.14754099,-0.01609537,1,0,0,3,0,0,0,0,2,2
1773858041243,48504,0.0065181185,50,2.93,6.249761,0.18,0.03245902,1,0,0,3,0,0,0,0,2,2
1773858053411,48558,0.004813794,54,6.551,6.255161,0.16666667,-0.0133333355,1,0,0,3,0,0,0,0,2,2
1773858069448,48610,0.0046480554,52,4.15,6.248829,0.17307693,0.006410256,1,0,0,3,0,0,0,0,2,2
1773858101586,48662,0.0046322,52,1.422,6.249192,0.17307693,0,1,0,0,3,0,0,0,0,2,2
1773858113642,48717,0.005603317,55,1.415,6.251891,0.16363636,-0.009440571,1,0,0,3,0,0,0,0,2,2
1773858125684,48775,0.0088138245,58,1.684,6.2505283,0.15517241,-0.008463949,1,0,0,3,0,0,0,0,2,2
1773858151812,48833,0.00875538,58,2.097,6.178943,0.15517241,0,1,0,0,3,0,0,0,0,2,2
1773858163860,48888,0.005817741,55,1.389,6.182721,0.16363636,0.008463949,1,0,0,3,0,0,0,0,2,2
1773858175892,48944,0.0062964293,56,2.799,6.1783953,0.16071428,-0.002922073,1,0,0,3,0,0,0,0,2,2
1773858187923,49002,0.008775263,58,1.999,6.181001,0.15517241,-0.005541876,1,0,0,3,0,0,0,0,2,2
1773858201992,49060,0.008852491,58,1.581,6.1806407,0.15517241,0,1,0,0,3,0,0,0,0,2,2
1773858230119,49112,0.00510489,52,2.265,6.1771092,0.17307693,0.01790452,1,0,0,3,0,0,0,0,2,2
1773858244171,49162,0.0053599076,50,1.981,6.179613,0.18,0.0069230795,1,0,0,3,0,0,0,0,2,2
1773858254230,49212,0.0051814574,50,1.51,6.1841254,0.18,0,1,0,0,3,0,0,0,0,2,2
1773858266359,49262,0.0051864544,50,1.389,6.184915,0.18,0,1,0,0,3,0,0,0,0,2,2
1773858300505,49314,0.0056093456,52,4.193,2.8650076,0.17307693,-0.0069230795,1,0,0,3,0,0,0,0,2,2
1773858310549,49365,0.00577513,51,1.46,2.8688736,0.1764706,0.003393665,1,0,0,3,0,0,0,0,2,2
1773858322725,49420,0.007128969,55,1.401,2.8736029,0.16363636,-0.012834236,1,0,0,3,0,0,0,0,2,2
1773858358856,49474,0.006393772,54,1.42,2.8769414,0.16666667,0.003030315,1,0,0,3,0,0,0,0,2,2
1773858368901,49525,0.005919438,51,1.358,2.8767726,0.1764706,0.009803921,1,0,0,3,0,0,0,0,2,2
1773858378956,49575,0.0060671107,50,2.998,2.8711565,0.18,0.0035294145,1,0,0,3,0,0,0,0,2,2
1773858391192,49629,0.006402474,54,1.299,2.8757124,0.16666667,-0.0133333355,1,0,0,3,0,0,0,0,2,2
1773858425355,49685,0.008808217,56,1.564,1.40605,0.16071428,-0.005952388,1,0,0,3,0,0,0,0,2,2
1773858435409,49738,0.0066177514,53,1.41,1.4091703,0.16981132,0.00909704,1,0,0,3,0,0,0,0,2,2
1773858449471,49797,0.013632996,59,1.382,1.3568293,0.15254237,-0.017268956,1,0,0,3,0,0,0,0,2,2
1773858461508,49853,0.008773488,56,1.955,1.3561409,0.16071428,0.008171916,1,0,0,3,0,0,0,0,2,2
1773858495647,49912,0.013321665,59,1.88,1.3568808,0.15254237,-0.008171916,1,0,0,3,0,0,0,0,2,2
1773858509679,49967,0.007642008,55,5.268,1.4054778,0.16363636,0.011093989,1,0,0,3,0,0,0,0,2,2
1773858521708,50017,0.0068821367,50,4.077,1.4202288,0.18,0.01636365,1,0,0,3,0,0,0,0,2,2
1773858549808,50075,0.012048987,58,1.47,1.4174911,0.15517241,-0.0248276,1,0,0,3,0,0,0,0,2,2
1773858561851,50131,0.008721722,56,2.005,1.4148856,0.16071428,0.005541876,1,0,0,3,0,0,0,0,2,2
1773858573898,50184,0.0066287243,53,1.339,1.3961171,0.16981132,0.00909704,1,0,0,3,0,0,0,0,2,2
1773858585951,50239,0.007794265,55,1.615,1.3981507,0.16363636,-0.0061749667,1,0,0,3,0,0,0,0,2,2
1773858598007,50290,0.006466357,51,1.456,1.3992865,0.1764706,0.012834236,1,0,0,3,0,0,0,0,2,2
1773858634138,50347,0.010557203,57,1.462,1.0282365,0.15789473,-0.018575862,1,0,0,3,0,0,0,0,2,2
1773858646190,50400,0.006772055,53,2.283,1.0265845,0.16981132,0.011916593,1,0,0,3,0,0,0,0,2,2
1773858658256,50453,0.0066711367,53,1.621,1.0258721,0.16981132,0,1,0,0,3,0,0,0,0,2,2
1773858696506,50511,0.011874756,58,2.33,1.0263364,0.15517241,-0.014638916,1,0,0,3,0,0,0,0,2,2
1773858708565,50563,0.0066773207,52,2.581,1.025295,0.17307693,0.01790452,1,0,0,3,0,0,0,0,2,2
1773858720772,50623,0.01612364,60,1.268,1.0256561,0.15,-0.023076922,1,0,0,3,0,0,0,0,2,2
1773858736848,50673,0.007490531,50,2.094,1.0256243,0.18,0.030000001,1,0,0,3,0,0,0,0,2,2
1773858766967,50724,0.0063368366,51,1.369,1.0253874,0.1764706,-0.0035294145,1,0,0,3,0,0,0,0,2,2
1773858779000,50777,0.0066122534,53,3.28,1.0335393,0.16981132,-0.0066592693,1,0,0,3,0,0,0,0,2,2
1773858791137,50832,0.007972002,55,1.782,1.0308157,0.16363636,-0.0061749667,1,0,0,3,0,0,0,0,2,2
1773858825281,50886,0.0072212657,54,1.441,1.0291733,0.16666667,0.003030315,1,0,0,3,0,0,0,0,2,2
1773858837333,50944,0.011881496,58,1.74,1.0243098,0.15517241,-0.011494264,1,0,0,3,0,0,0,0,2,2
1773858849376,51003,0.013502651,59,1.622,1.0172874,0.15254237,-0.00263004,1,0,0,3,0,0,0,0,2,2
1773858861442,51061,0.011644489,58,2.085,1.016482,0.15517241,0.00263004,1,0,0,3,0,0,0,0,2,2
1773858895586,51115,0.007282521,54,1.86,1.0150379,0.16666667,0.011494264,1,0,0,3,0,0,0,0,2,2
1773858905616,51169,0.0072166715,54,1.423,1.0162852,0.16666667,0,1,0,0,3,0,0,0,0,2,2
1773858917682,51227,0.011842822,58,2.055,1.0151958,0.15517241,-0.011494264,1,0,0,3,0,0,0,0,2,2
1773858929717,51280,0.0068581337,53,1.825,1.0153635,0.16981132,0.014638916,1,0,0,3,0,0,0,0,2,2
1773858961851,51330,0.0067841015,50,2.388,0.98959637,0.18,0.010188684,1,0,0,3,0,0,0,0,2,2
1773858975897,51383,0.006686945,53,1.921,0.98877424,0.16981132,-0.010188684,1,0,0,3,0,0,0,0,2,2
1773858985944,51435,0.0064529204,52,1.301,0.989489,0.17307693,0.0032656044,1,0,0,3,0,0,0,0,2,2
1773858998017,51491,0.009100947,56,1.862,0.987332,0.16071428,-0.012362644,1,0,0,3,0,0,0,0,2,2
1773859024113,51548,0.010283239,57,1.55,0.98865575,0.15789473,-0.002819553,1,0,0,3,0,0,0,0,2,2
1773859036177,51604,0.009002714,56,1.534,0.9899877,0.16071428,0.002819553,1,0,0,3,0,0,0,0,2,2
1773859054316,51663,0.013642571,59,1.47,0.9886507,0.15254237,-0.008171916,1,0,0,3,0,0,0,0,2,2
1773859090674,51718,0.008044701,55,1.67,0.98878914,0.16363636,0.011093989,1,0,0,3,0,0,0,0,2,2
1773859102704,51775,0.010191908,57,2.653,0.9720183,0.15789473,-0.005741626,1,0,0,3,0,0,0,0,2,2
1773859114799,51829,0.007311377,54,1.317,0.9746961,0.16666667,0.008771941,1,0,0,3,0,0,0,0,2,2
1773859126846,51883,0.007247374,54,1.295,0.9760196,0.16666667,0,1,0,0,3,0,0,0,0,2,2
1773859157012,51944,0.01822827,61,1.537,0.9778727,0.14754099,-0.019125685,1,0,0,3,0,0,0,0,2,2
1773859169052,51994,0.007625175,50,2.406,0.97240424,0.18,0.03245902,1,0,0,3,0,0,0,0,2,2
1773859181086,52053,0.014401282,59,1.441,0.7889692,0.15254237,-0.02745764,1,0,0,3,0,0,0,0,2,2
1773859193146,52103,0.007522184,50,4.71,0.81614774,0.18,0.02745764,1,0,0,3,0,0,0,0,2,2
1773859227291,52158,0.0082476875,55,1.624,0.8145215,0.16363636,-0.01636365,1,0,0,3,0,0,0,0,2,2
1773859239335,52213,0.00808841,55,1.484,0.8138652,0.16363636,0,1,0,0,3,0,0,0,0,2,2
1773859251383,52268,0.007860224,55,6.529,0.9918652,0.16363636,0,1,0,0,3,0,0,0,0,2,2
1773859265538,52322,0.007218082,54,1.683,0.9927011,0.16666667,0.003030315,1,0,0,3,0,0,0,0,2,2
1773859301799,52376,0.0072201705,54,1.522,0.99152696,0.16666667,0,1,0,0,3,0,0,0,0,2,2
1773859313843,52428,0.0064601325,52,2.15,0.9867855,0.17307693,0.006410256,1,0,0,3,0,0,0,0,2,2
1773859325891,52480,0.0063824123,52,2.59,0.98942983,0.17307693,0,1,0,0,3,0,0,0,0,2,2
1773859353990,52537,0.010311253,57,3.137,0.99752253,0.15789473,-0.015182197,1,0,0,3,0,0,0,0,2,2
1773859364026,52588,0.0067520333,51,2.012,0.9971262,0.1764706,0.018575862,1,0,0,3,0,0,0,0,2,2
1773859378084,52644,0.00918373,56,1.654,0.9982347,0.16071428,-0.015756309,1,0,0,3,0,0,0,0,2,2
1773859394261,52700,0.008957106,56,1.929,0.99616545,0.16071428,0,1,0,0,3,0,0,0,0,2,2
1773859422516,52750,0.007052991,50,2.285,0.9932386,0.18,0.019285724,1,0,0,3,0,0,0,0,2,2
1773859436586,52807,0.010423303,57,9.514,1.3334233,0.15789473,-0.022105277,1,0,0,3,0,0,0,0,2,2
1773859450648,52860,0.006629368,53,2.583,1.331812,0.16981132,0.011916593,1,0,0,3,0,0,0,0,2,2
1773859466693,52916,0.008877289,56,1.639,1.3300391,0.16071428,-0.00909704,1,0,0,3,0,0,0,0,2,2
1773859498893,52968,0.006427283,52,2.455,1.327277,0.17307693,0.012362644,1,0,0,3,0,0,0,0,2,2
1773859510932,53020,0.006274878,52,1.517,1.325898,0.17307693,0,1,0,0,3,0,0,0,0,2,2
1773859522983,53078,0.011830199,58,1.861,1.3223646,0.15517241,-0.01790452,1,0,0,3,0,0,0,0,2,2
1773859539120,53131,0.006739819,53,1.727,1.3190854,0.16981132,0.014638916,1,0,0,3,0,0,0,0,2,2
1773859551151,53184,0.0065528746,53,1.442,1.3200389,0.16981132,0,1,0,0,3,0,0,0,0,2,2
1773859565263,53239,0.0077135167,55,3.264,1.3235561,0.16363636,-0.0061749667,1,0,0,3,0,0,0,0,2,2
1773859579332,53295,0.008613469,56,4.066,1.3396816,0.16071428,-0.002922073,1,0,0,3,0,0,0,0,2,2
1773859591377,53351,0.008815808,56,1.51,1.3422586,0.16071428,0,1,0,0,3,0,0,0,0,2,2
1773859619604,53408,0.010065859,57,1.597,1.3438563,0.15789473,-0.002819553,1,0,0,3,0,0,0,0,2,2
1773859631648,53464,0.008853136,56,1.421,1.2912545,0.16071428,0.002819553,1,0,0,3,0,0,0,0,2,2
1773859643702,53519,0.0077095847,55,3.272,1.276369,0.16363636,0.002922073,1,0,0,3,0,0,0,0,2,2
1773859655792,53573,0.007013322,54,2.749,1.2755958,0.16666667,0.003030315,1,0,0,3,0,0,0,0,2,2
1773859692015,53627,0.0069489363,54,4.81,1.3167377,0.16666667,0,1,0,0,3,0,0,0,0,2,2
1773859704064,53677,0.006764658,50,2.323,1.3121833,0.18,0.0133333355,1,0,0,3,0,0,0,0,2,2
1773859716098,53733,0.009070005,56,1.773,1.3111757,0.16071428,-0.019285724,1,0,0,3,0,0,0,0,2,2
1773859728162,53790,0.010095812,57,1.524,1.3105751,0.15789473,-0.002819553,1,0,0,3,0,0,0,0,2,2
1773859746247,53845,0.007874754,55,1.286,1.3123704,0.16363636,0.005741626,1,0,0,3,0,0,0,0,2,2
1773859760294,53898,0.006573742,53,2.056,1.3125261,0.16981132,0.0061749667,1,0,0,3,0,0,0,0,2,2
1773859772346,53951,0.00650893,53,2.321,1.3103597,0.16981132,0,1,0,0,3,0,0,0,0,2,2
1773859784419,54005,0.0069604167,54,3.349,1.3175732,0.16666667,-0.0031446517,1,0,0,3,0,0,0,0,2,2
1773859798730,54058,0.0066720317,53,7.831,1.4879129,0.16981132,0.0031446517,1,0,0,3,0,0,0,0,2,2
1773859818814,54116,0.0116560105,58,1.732,1.483825,0.15517241,-0.014638916,1,0,0,3,0,0,0,0,2,2
1773859830848,54168,0.0065453784,52,1.656,1.4859589,0.17307693,0.01790452,1,0,0,3,0,0,0,0,2,2
1773859844897,54225,0.010214654,57,1.27,1.4870145,0.15789473,-0.015182197,1,0,0,3,0,0,0,0,2,2
1773859854969,54276,0.0066079358,51,1.484,1.4858254,0.1764706,0.018575862,1,0,0,3,0,0,0,0,2,2
1773859869018,54326,0.0065511162,50,4.077,1.5003936,0.18,0.0035294145,1,0,0,3,0,0,0,0,2,2
1773859889084,54381,0.0077542556,55,3.466,1.5024341,0.16363636,-0.01636365,1,0,0,3,0,0,0,0,2,2
1773859903153,54432,0.006428044,51,1.542,1.5039365,0.1764706,0.012834236,1,0,0,3,0,0,0,0,2,2
1773859919213,54482,0.006473979,50,1.443,1.5054896,0.18,0.0035294145,1,0,0,3,0,0,0,0,2,2
1773859957347,54532,0.0064833914,50,3.904,1.5170312,0.18,0,1,0,0,3,0,0,0,0,2,2
1773859973454,54586,0.0069307825,54,4.001,1.5284278,0.16666667,-0.0133333355,1,0,0,3,0,0,0,0,2,2
1773859987533,54638,0.0062364335,52,2.621,1.5233265,0.17307693,0.006410256,1,0,0,3,0,0,0,0,2,2
1773860026197,54696,0.011743967,58,1.531,1.5268167,0.15517241,-0.01790452,1,0,0,3,0,0,0,0,2,2
1773860040333,54748,0.006518247,52,1.89,1.5264295,0.17307693,0.01790452,1,0,0,3,0,0,0,0,2,2
1773860056403,54799,0.006330548,51,5.502,1.5729189,0.1764706,0.003393665,1,0,0,3,0,0,0,0,2,2
1773860094549,54850,0.0061497972,51,2.247,1.5715996,0.1764706,0,1,0,0,3,0,0,0,0,2,2
1773860106581,54907,0.010216085,57,1.491,1.5695215,0.15789473,-0.018575862,1,0,0,3,0,0,0,0,2,2
1773860120644,54962,0.0074969493,55,5.771,1.618915,0.16363636,0.005741626,1,0,0,3,0,0,0,0,2,2
1773860156823,55013,0.0063902535,51,1.528,1.6191308,0.1764706,0.012834236,1,0,0,3,0,0,0,0,2,2
1773860168866,55067,0.006890314,54,2.385,1.6141579,0.16666667,-0.009803921,1,0,0,3,0,0,0,0,2,2
1773860183119,55127,0.015431449,60,1.423,1.6146694,0.15,-0.016666666,1,0,0,3,0,0,0,0,2,2
1773860197181,55183,0.008690142,56,1.722,1.6142293,0.16071428,0.010714278,1,0,0,3,0,0,0,0,2,2
1773860231344,55234,0.0064779967,51,1.409,1.6206003,0.1764706,0.015756309,1,0,0,3,0,0,0,0,2,2
1773860243386,55286,0.0061747045,52,5.363,1.6498655,0.17307693,-0.003393665,1,0,0,3,0,0,0,0,2,2
1773860255459,55336,0.0065589235,50,4,1.6501663,0.18,0.0069230795,1,0,0,3,0,0,0,0,2,2
1773860284099,55386,0.006368562,50,1.701,1.6485513,0.18,0,1,0,0,3,0,0,0,0,2,2
1773860308187,55441,0.007733307,55,2.332,1.6487551,0.16363636,-0.01636365,1,0,0,3,0,0,0,0,2,2
1773860322234,55499,0.011452803,58,1.546,1.6475947,0.15517241,-0.008463949,1,0,0,3,0,0,0,0,2,2
1773860348369,55553,0.0070141614,54,1.756,1.6308087,0.16666667,0.011494264,1,0,0,3,0,0,0,0,2,2
1773860366460,55607,0.006892513,54,1.832,1.6290392,0.16666667,0,1,0,0,3,0,0,0,0,2,2
1773860388549,55662,0.0074902824,55,4.355,1.6367328,0.16363636,-0.003030315,1,0,0,3,0,0,0,0,2,2
1773860418733,55712,0.006790132,50,1.364,1.5700436,0.18,0.01636365,1,0,0,3,0,0,0,0,2,2
1773860432798,55768,0.008964627,56,1.336,1.573731,0.16071428,-0.019285724,1,0,0,3,0,0,0,0,2,2
1773860444847,55819,0.00647776,51,1.858,1.5707644,0.1764706,0.015756309,1,0,0,3,0,0,0,0,2,2
1773860459051,55872,0.0064015477,53,1.926,1.57197,0.16981132,-0.0066592693,1,0,0,3,0,0,0,0,2,2
1773860475089,55927,0.007722748,55,1.4,1.5787356,0.16363636,-0.0061749667,1,0,0,3,0,0,0,0,2,2
1773860491180,55977,0.006779928,50,1.741,1.580241,0.18,0.01636365,1,0,0,3,0,0,0,0,2,2
1773860505257,56030,0.006428267,53,1.605,1.5831578,0.16981132,-0.010188684,1,0,0,3,0,0,0,0,2,2
1773860517302,56080,0.0065945103,50,2.016,1.5806599,0.18,0.010188684,1,0,0,3,0,0,0,0,2,2
1773860531347,56135,0.007839075,55,1.477,1.5843635,0.16363636,-0.01636365,1,0,0,3,0,0,0,0,2,2
1773860565678,56186,0.0063879834,51,1.96,1.5856588,0.1764706,0.012834236,1,0,0,3,0,0,0,0,2,2
1773860579718,56242,0.009014531,56,1.463,1.3238981,0.16071428,-0.015756309,1,0,0,3,0,0,0,0,2,2
1773860593774,56298,0.008836945,56,1.399,1.3294511,0.16071428,0,1,0,0,3,0,0,0,0,2,2
1773860630009,56349,0.0065695574,51,1.493,1.3308454,0.1764706,0.015756309,1,0,0,3,0,0,0,0,2,2
1773860644073,56404,0.00792346,55,1.372,1.3366271,0.16363636,-0.012834236,1,0,0,3,0,0,0,0,2,2
1773860666314,56458,0.007054291,54,1.71,1.3349369,0.16666667,0.003030315,1,0,0,3,0,0,0,0,2,2
1773860692430,56508,0.0068205367,50,4.169,1.3519337,0.18,0.0133333355,1,0,0,3,0,0,0,0,2,2
1773860706484,56563,0.007978945,55,1.306,1.3562092,0.16363636,-0.01636365,1,0,0,3,0,0,0,0,2,2
1773860720517,56617,0.0070494353,54,1.661,1.3540792,0.16666667,0.003030315,1,0,0,3,0,0,0,0,2,2
1773860736578,56672,0.007817141,55,1.455,1.3545604,0.16363636,-0.003030315,1,0,0,3,0,0,0,0,2,2
1773860756645,56727,0.007824523,55,1.403,1.3426236,0.16363636,0,1,0,0,3,0,0,0,0,2,2
1773860770689,56781,0.007062585,54,1.573,1.3420472,0.16666667,0.003030315,1,0,0,3,0,0,0,0,2,2
1773860784731,56832,0.006478228,51,5.203,1.385186,0.1764706,0.009803921,1,0,0,3,0,0,0,0,2,2
1773860802858,56883,0.006240991,51,1.115,1.3890251,0.1764706,0,1,0,0,3,0,0,0,0,2,2
1773860820946,56939,0.00897633,56,1.468,1.388929,0.16071428,-0.015756309,1,0,0,3,0,0,0,0,2,2
1773860841080,56992,0.0066196225,53,1.478,1.3921814,0.16981132,0.00909704,1,0,0,3,0,0,0,0,2,2
1773860865334,57042,0.00885557,50,14.615,2.0436096,0.18,0.010188684,1,0,0,3,0,0,0,0,2,2
1773860893740,57093,0.005955994,51,1.557,2.046761,0.1764706,-0.0035294145,1,0,0,3,0,0,0,0,2,2
1773860911982,57146,0.0061542857,53,4.684,2.0629904,0.16981132,-0.0066592693,1,0,0,3,0,0,0,0,2,2
1773860934307,57197,0.026318917,51,40.508,5.1400437,0.1764706,0.0066592693,1,0,0,3,0,0,0,0,2,2
1773860960698,57249,0.004847021,52,2.268,5.1359887,0.17307693,-0.003393665,1,0,0,3,0,0,0,0,2,2
1773860980795,57303,0.0054157036,54,1.436,5.1386127,0.16666667,-0.006410256,1,0,0,3,0,0,0,0,2,2
1773860996879,57354,0.0052853725,51,1.658,5.140907,0.1764706,0.009803921,1,0,0,3,0,0,0,0,2,2
1773861014958,57404,0.0054768827,50,1.965,5.1428185,0.18,0.0035294145,1,0,0,3,0,0,0,0,2,2
1773861033094,57456,0.0048217257,52,2.26,5.109056,0.17307693,-0.0069230795,1,0,0,3,0,0,0,0,2,2
1773861053186,57506,0.00556935,50,2.769,5.106609,0.18,0.0069230795,1,0,0,3,0,0,0,0,2,2
1773861071261,57556,0.005415571,50,1.443,5.1075726,0.18,0,1,0,0,3,0,0,0,0,2,2
1773861091322,57612,0.0070081,56,1.924,5.104701,0.16071428,-0.019285724,1,0,0,3,0,0,0,0,2,2
1773861105366,57662,0.006037449,50,1.97,5.102747,0.18,0.019285724,1,0,0,3,0,0,0,0,2,2
1773861119417,57716,0.005442977,54,1.34,5.105383,0.16666667,-0.0133333355,1,0,0,3,0,0,0,0,2,2
1773861133464,57768,0.0050750994,52,1.552,5.1081805,0.17307693,0.006410256,1,0,0,3,0,0,0,0,2,2
1773861155549,57820,0.004903368,52,2.262,5.105811,0.17307693,0,1,0,0,3,0,0,0,0,2,2
1773861173632,57873,0.0050607994,53,1.371,5.1061583,0.16981132,-0.0032656044,1,0,0,3,0,0,0,0,2,2
1773861187695,57926,0.0051017976,53,1.338,5.1088343,0.16981132,0,1,0,0,3,0,0,0,0,2,2
1773861205755,57978,0.0050220103,52,1.334,5.110902,0.17307693,0.0032656044,1,0,0,3,0,0,0,0,2,2
1773861225855,58031,0.0050409185,53,1.559,5.1135044,0.16981132,-0.0032656044,1,0,0,3,0,0,0,0,2,2
1773861243981,58082,0.005221125,51,1.326,5.1144147,0.1764706,0.0066592693,1,0,0,3,0,0,0,0,2,2
1773861260060,58135,0.005021584,53,1.47,5.11595,0.16981132,-0.0066592693,1,0,0,3,0,0,0,0,2,2
1773861284155,58189,0.00545859,54,1.317,5.1086807,0.16666667,-0.0031446517,1,0,0,3,0,0,0,0,2,2
1773861306251,58245,0.0067479843,56,3.046,5.108269,0.16071428,-0.005952388,1,0,0,3,0,0,0,0,2,2
1773861320302,58295,0.0060271337,50,2.305,5.105955,0.18,0.019285724,1,0,0,3,0,0,0,0,2,2
1773861334358,58345,0.005415675,50,1.526,5.0949264,0.18,0,1,0,0,3,0,0,0,0,2,2
1773861354455,58403,0.009815899,58,1.181,5.096427,0.15517241,-0.0248276,1,0,0,3,0,0,0,0,2,2
1773861372541,58458,0.0061367895,55,2.038,5.0970097,0.16363636,0.008463949,1,0,0,3,0,0,0,0,2,2
1773861388607,58514,0.0069755334,56,1.319,5.097451,0.16071428,-0.002922073,1,0,0,3,0,0,0,0,2,2
1773861418704,58569,0.006145896,55,1.336,5.098898,0.16363636,0.002922073,1,0,0,3,0,0,0,0,2,2
1773861436770,58624,0.0061025214,55,1.434,5.0987954,0.16363636,0,1,0,0,3,0,0,0,0,2,2
1773861452833,58680,0.006990403,56,1.242,5.0913963,0.16071428,-0.002922073,1,0,0,3,0,0,0,0,2,2
1773861466898,58733,0.0052860235,53,1.298,5.0915174,0.16981132,0.00909704,1,0,0,3,0,0,0,0,2,2
1773861497034,58787,0.0054521565,54,1.426,5.092427,0.16666667,-0.0031446517,1,0,0,3,0,0,0,0,2,2
1773861511068,58841,0.0054729995,54,1.49,5.094288,0.16666667,0,1,0,0,3,0,0,0,0,2,2
1773861527130,58894,0.005131964,53,1.583,5.0941677,0.16981132,0.0031446517,1,0,0,3,0,0,0,0,2,2
1773861571284,58947,0.0051087807,53,1.312,5.0956497,0.16981132,0,1,0,0,3,0,0,0,0,2,2
1773861591380,59002,0.0058955336,55,3.15,5.0950913,0.16363636,-0.0061749667,1,0,0,3,0,0,0,0,2,2
1773861647604,59056,0.005491545,54,1.676,5.0918283,0.16666667,0.003030315,1,0,0,3,0,0,0,0,2,2
1773861665663,59108,0.004996979,52,3.128,5.089851,0.17307693,0.006410256,1,0,0,3,0,0,0,0,2,2
1773861705812,59160,0.0049616084,52,1.419,5.089533,0.17307693,0,1,0,0,3,0,0,0,0,2,2
1773861719894,59215,0.0059478837,55,8.839,5.146387,0.16363636,-0.009440571,1,0,0,3,0,0,0,0,2,2
1773861739974,59267,0.0051701465,52,1.217,5.1488805,0.17307693,0.009440571,1,0,0,3,0,0,0,0,2,2
1773861778119,59320,0.0050461125,53,1.372,5.148994,0.16981132,-0.0032656044,1,0,0,3,0,0,0,0,2,2
1773861792178,59371,0.005194261,51,1.63,5.1493435,0.1764706,0.0066592693,1,0,0,3,0,0,0,0,2,2
1773861832366,59430,0.011338146,59,1.553,5.1495237,0.15254237,-0.023928225,1,0,0,3,0,0,0,0,2,2
1773861848412,59484,0.005716664,54,1.575,5.1507573,0.16666667,0.014124304,1,0,0,3,0,0,0,0,2,2
1773861866467,59537,0.005123916,53,1.473,5.1507726,0.16981132,0.0031446517,1,0,0,3,0,0,0,0,2,2
1773861904637,59594,0.008102668,57,1.383,5.1525903,0.15789473,-0.011916593,1,0,0,3,0,0,0,0,2,2
1773861920707,59644,0.0061474,50,2.32,5.150457,0.18,0.022105277,1,0,0,3,0,0,0,0,2,2
1773861940771,59695,0.004993368,51,1.379,5.150538,0.1764706,-0.0035294145,1,0,0,3,0,0,0,0,2,2
1773861976895,59749,0.0053977934,54,1.511,5.1504707,0.16666667,-0.009803921,1,0,0,3,0,0,0,0,2,2
1773861994969,59801,0.0050782273,52,1.363,5.1505084,0.17307693,0.006410256,1,0,0,3,0,0,0,0,2,2
1773862025102,59852,0.0051259464,51,1.381,5.151677,0.1764706,0.003393665,1,0,0,3,0,0,0,0,2,2
1773862047199,59908,0.0069577335,56,1.733,5.1497803,0.16071428,-0.015756309,1,0,0,3,0,0,0,0,2,2
1773862065297,59961,0.0052592303,53,1.379,5.1494846,0.16981132,0.00909704,1,0,0,3,0,0,0,0,2,2
1773862097443,60015,0.0054323887,54,1.408,5.1503606,0.16666667,-0.0031446517,1,0,0,3,0,0,0,0,2,2
1773862111482,60066,0.0052955505,51,1.45,5.150378,0.1764706,0.009803921,1,0,0,3,0,0,0,0,2,2
1773862129558,60123,0.008088385,57,2.135,5.148359,0.15789473,-0.018575862,1,0,0,3,0,0,0,0,2,2
1773862169758,60178,0.006164025,55,1.34,5.149225,0.16363636,0.005741626,1,0,0,3,0,0,0,0,2,2
1773862185840,60231,0.005176236,53,1.567,5.1411304,0.16981132,0.0061749667,1,0,0,3,0,0,0,0,2,2
1773862203910,60281,0.005701194,50,1.28,5.140415,0.18,0.010188684,1,0,0,3,0,0,0,0,2,2
1773862246079,60334,0.0050161206,53,1.284,5.1411133,0.16981132,-0.010188684,1,0,0,3,0,0,0,0,2,2
1773862262133,60384,0.005664354,50,3.097,5.139399,0.18,0.010188684,1,0,0,3,0,0,0,0,2,2
1773862306357,60437,0.0050653387,53,1.658,4.914296,0.16981132,-0.010188684,1,0,0,3,0,0,0,0,2,2
1773862326461,60488,0.0052569644,51,1.571,4.914257,0.1764706,0.0066592693,1,0,0,3,0,0,0,0,2,2
1773862368630,60542,0.03246731,54,48.282,7.5122843,0.16666667,-0.009803921,1,0,0,3,0,0,0,0,2,2
1773862394750,60599,0.0075275362,57,2.716,5.852821,0.15789473,-0.008771941,1,0,0,3,0,0,0,0,2,2
1773862428870,60649,0.006055371,50,1.553,5.854006,0.18,0.022105277,1,0,0,3,0,0,0,0,2,2
1773862450940,60702,0.0047186753,53,1.868,5.8529944,0.16981132,-0.010188684,1,0,0,3,0,0,0,0,2,2
1773862467014,60752,0.005558446,50,1.339,5.853873,0.18,0.010188684,1,0,0,3,0,0,0,0,2,2
1773862505202,60805,0.004757655,53,1.411,5.8551083,0.16981132,-0.010188684,1,0,0,3,0,0,0,0,2,2
1773862523272,60857,0.004796767,52,1.52,5.8563375,0.17307693,0.0032656044,1,0,0,3,0,0,0,0,2,2
1773862561442,60908,0.0049566426,51,1.318,5.85809,0.1764706,0.003393665,1,0,0,3,0,0,0,0,2,2
1773862579545,60960,0.004696957,52,1.27,5.8586097,0.17307693,-0.003393665,1,0,0,3,0,0,0,0,2,2
1773862599649,61013,0.004807222,53,1.412,5.8597155,0.16981132,-0.0032656044,1,0,0,3,0,0,0,0,2,2
1773862635803,61065,0.005664672,52,12.295,5.9844255,0.17307693,0.0032656044,1,0,0,3,0,0,0,0,2,2
1773862653894,61117,0.0047085197,52,1.37,5.9843245,0.17307693,0,1,0,0,3,0,0,0,0,2,2
1773862682014,61167,0.0054067103,50,1.713,5.9839025,0.18,0.0069230795,1,0,0,3,0,0,0,0,2,2
1773862708135,61222,0.0057509686,55,1.358,5.985841,0.16363636,-0.01636365,1,0,0,3,0,0,0,0,2,2
1773862738279,61276,0.0052358727,54,1.186,5.98649,0.16666667,0.003030315,1,0,0,3,0,0,0,0,2,2
1773862776454,61328,0.0048450516,52,1.426,5.9862046,0.17307693,0.006410256,1,0,0,3,0,0,0,0,2,2
1773862794511,61382,0.005048914,54,1.91,5.9846935,0.16666667,-0.006410256,1,0,0,3,0,0,0,0,2,2
1773862830687,61433,0.005108624,51,1.371,5.9852657,0.1764706,0.009803921,1,0,0,3,0,0,0,0,2,2
1773862848776,61483,0.005326896,50,1.215,5.985658,0.18,0.0035294145,1,0,0,3,0,0,0,0,2,2
1773862864853,61533,0.0052220034,50,1.507,5.9855485,0.18,0,1,0,0,3,0,0,0,0,2,2
1773862905028,61584,0.0047820485,51,1.302,5.9856,0.1764706,-0.0035294145,1,0,0,3,0,0,0,0,2,2
1773862921076,61634,0.0053002704,50,1.858,5.986115,0.18,0.0035294145,1,0,0,3,0,0,0,0,2,2
1773862951184,61684,0.0052236263,50,1.455,5.987717,0.18,0,1,0,0,3,0,0,0,0,2,2
1773862969256,61738,0.0050860066,54,1.48,5.9878473,0.16666667,-0.0133333355,1,0,0,3,0,0,0,0,2,2
1773862987291,61789,0.005103103,51,1.444,5.9869666,0.1764706,0.009803921,1,0,0,3,0,0,0,0,2,2
1773863003355,61839,0.005286931,50,3.31,5.987183,0.18,0.0035294145,1,0,0,3,0,0,0,0,2,2
1773863027449,61893,0.0050880928,54,1.465,5.9867144,0.16666667,-0.0133333355,1,0,0,3,0,0,0,0,2,2
1773863049565,61948,0.005752082,55,1.249,5.9870167,0.16363636,-0.003030315,1,0,0,3,0,0,0,0,2,2
1773863087723,62006,0.008893298,58,1.99,5.985693,0.15517241,-0.008463949,1,0,0,3,0,0,0,0,2,2
1773863107810,62060,0.0052940985,54,2.218,5.9833846,0.16666667,0.011494264,1,0,0,3,0,0,0,0,2,2
1773863125883,62111,0.005104743,51,1.433,5.982933,0.1764706,0.009803921,1,0,0,3,0,0,0,0,2,2
1773863149993,62164,0.004718039,53,1.59,5.982445,0.16981132,-0.0066592693,1,0,0,3,0,0,0,0,2,2
1773863172058,62216,0.004767986,52,1.455,5.982554,0.17307693,0.0032656044,1,0,0,3,0,0,0,0,2,2
1773863190116,62270,0.0050973743,54,1.472,5.9828777,0.16666667,-0.006410256,1,0,0,3,0,0,0,0,2,2
1773863212210,62322,0.004854122,52,1.334,5.9828024,0.17307693,0.006410256,1,0,0,3,0,0,0,0,2,2
1773863232309,62375,0.004726953,53,1.848,5.983268,0.16981132,-0.0032656044,1,0,0,3,0,0,0,0,2,2
1773863252391,62428,0.0047535743,53,2.047,5.982524,0.16981132,0,1,0,0,3,0,0,0,0,2,2
1773863274474,62478,0.0055274935,50,1.476,5.983891,0.18,0.010188684,1,0,0,3,0,0,0,0,2,2
1773863296568,62530,0.0045415764,52,2.494,5.982045,0.17307693,-0.0069230795,1,0,0,3,0,0,0,0,2,2
1773863322674,62583,0.0046370067,53,3.665,5.932245,0.16981132,-0.0032656044,1,0,0,3,0,0,0,0,2,2
1773863350761,62634,0.0053657587,51,8.909,5.981896,0.1764706,0.0066592693,1,0,0,3,0,0,0,0,2,2
1773863374875,62687,0.0047320705,53,1.444,5.9816604,0.16981132,-0.0066592693,1,0,0,3,0,0,0,0,2,2
1773863403097,62740,0.0047901347,53,1.642,5.9816284,0.16981132,0,1,0,0,3,0,0,0,0,2,2
1773863427173,62792,0.0047292924,52,1.97,5.980643,0.17307693,0.0032656044,1,0,0,3,0,0,0,0,2,2
1773863449269,62843,0.0048772637,51,2.272,5.979273,0.1764706,0.003393665,1,0,0,3,0,0,0,0,2,2
1773863469356,62893,0.0053032693,50,1.813,5.978348,0.18,0.0035294145,1,0,0,3,0,0,0,0,2,2
1773863493448,62943,0.005225132,50,1.467,5.9780707,0.18,0,1,0,0,3,0,0,0,0,2,2
1773863513547,62999,0.0065074028,56,2.625,5.9778976,0.16071428,-0.019285724,1,0,0,3,0,0,0,0,2,2
1773863535637,63049,0.0059039043,50,1.473,5.977587,0.18,0.019285724,1,0,0,3,0,0,0,0,2,2
1773863561758,63101,0.00462411,52,1.214,5.978618,0.17307693,-0.0069230795,1,0,0,3,0,0,0,0,2,2
1773863579838,63152,0.004938697,51,1.17,5.979334,0.1764706,0.003393665,1,0,0,3,0,0,0,0,2,2
1773863603920,63205,0.0047375173,53,1.396,5.9792833,0.16981132,-0.0066592693,1,0,0,3,0,0,0,0,2,2
1773863638108,63257,0.0046699783,52,3.179,5.97837,0.17307693,0.0032656044,1,0,0,3,0,0,0,0,2,2
1773863660183,63307,0.005416971,50,1.495,5.9779844,0.18,0.0069230795,1,0,0,3,0,0,0,0,2,2
1773863700447,63362,0.0057526366,55,1.37,5.9781165,0.16363636,-0.01636365,1,0,0,3,0,0,0,0,2,2
1773863726628,63413,0.005208212,51,1.46,5.9780836,0.1764706,0.012834236,1,0,0,3,0,0,0,0,2,2
1773863752771,63465,0.004629308,52,1.701,5.9789777,0.17307693,-0.003393665,1,0,0,3,0,0,0,0,2,2
1773863778914,63519,0.0050137704,54,2.305,5.9767365,0.16666667,-0.006410256,1,0,0,3,0,0,0,0,2,2
1773863805097,63569,0.005616347,50,2.295,5.975226,0.18,0.0133333355,1,0,0,3,0,0,0,0,2,2
1773863833241,63620,0.0047863787,51,1.274,5.9752493,0.1764706,-0.0035294145,1,0,0,3,0,0,0,0,2,2
1773863859355,63672,0.004548361,52,3.989,5.97444,0.17307693,-0.003393665,1,0,0,3,0,0,0,0,2,2
1773863903580,63722,0.0054128594,50,1.598,5.9760575,0.18,0.0069230795,1,0,0,3,0,0,0,0,2,2
1773863923665,63773,0.004764432,51,1.647,5.976089,0.1764706,-0.0035294145,1,0,0,3,0,0,0,0,2,2
1773863951766,63825,0.0046402374,52,1.563,5.9761143,0.17307693,-0.003393665,1,0,0,3,0,0,0,0,2,2
1773863975854,63878,0.0063830353,53,1.468,1.6760162,0.16981132,-0.0032656044,1,0,0,3,0,0,0,0,2,2
1773864001940,63931,0.0064020506,53,1.405,1.6753579,0.16981132,0,1,0,0,3,0,0,0,0,2,2
1773864028050,63984,0.006381846,53,1.708,1.6748273,0.16981132,0,1,0,0,3,0,0,0,0,2,2
1773864050120,64034,0.0065658162,50,1.998,1.674746,0.18,0.010188684,1,0,0,3,0,0,0,0,2,2
1773864074206,64085,0.006091785,51,1.495,1.6738944,0.1764706,-0.0035294145,1,0,0,3,0,0,0,0,2,2
1773864102334,64136,0.0061196215,51,1.759,1.6725262,0.1764706,0,1,0,0,3,0,0,0,0,2,2
1773864126440,64188,0.0061191292,52,1.399,1.6731457,0.17307693,-0.003393665,1,0,0,3,0,0,0,0,2,2
1773864156580,64240,0.006154449,52,1.186,1.6740749,0.17307693,0,1,0,0,3,0,0,0,0,2,2
1773864180676,64293,0.0063951174,53,1.309,1.6738145,0.16981132,-0.0032656044,1,0,0,3,0,0,0,0,2,2
1773864226906,64343,0.00657307,50,1.362,1.6741029,0.18,0.010188684,1,0,0,3,0,0,0,0,2,2
1773864250977,64395,0.0063624936,52,1.405,1.0605307,0.17307693,-0.0069230795,1,0,0,3,0,0,0,0,2,2
1773864279103,64445,0.006688101,50,1.169,1.0621978,0.18,0.0069230795,1,0,0,3,0,0,0,0,2,2
1773864305197,64495,0.0065632993,50,1.64,1.0623634,0.18,0,1,0,0,3,0,0,0,0,2,2
1773864329285,64546,0.006324553,51,1.296,1.0628216,0.1764706,-0.0035294145,1,0,0,3,0,0,0,0,2,2
1773864363418,64596,0.006617748,50,1.57,1.0602543,0.18,0.0035294145,1,0,0,3,0,0,0,0,2,2
1773864389526,64648,0.006350731,52,1.74,1.0590752,0.17307693,-0.0069230795,1,0,0,3,0,0,0,0,2,2
1773864419630,64698,0.006685237,50,1.37,1.060635,0.18,0.0069230795,1,0,0,3,0,0,0,0,2,2
1773864447723,64751,0.00667863,53,1.428,1.0602716,0.16981132,-0.010188684,1,0,0,3,0,0,0,0,2,2
1773864495955,64804,0.006665322,53,1.484,1.0583465,0.16981132,0,1,0,0,3,0,0,0,0,2,2
1773864520041,64856,0.006408348,52,1.66,1.0577716,0.17307693,0.0032656044,1,0,0,3,0,0,0,0,2,2
1773864554200,64906,0.006684058,50,1.933,1.0556574,0.18,0.0069230795,1,0,0,3,0,0,0,0,2,2
1773864596379,64958,0.0063527715,52,1.72,1.0557775,0.17307693,-0.0069230795,1,0,0,3,0,0,0,0,2,2
1773864650640,65008,0.0066866777,50,1.366,1.0563513,0.18,0.0069230795,1,0,0,3,0,0,0,0,2,2
1773864698854,65061,0.0066870316,53,1.311,1.0574721,0.16981132,-0.010188684,1,0,0,3,0,0,0,0,2,2
1773864726984,65111,0.006762411,50,1.377,1.0578997,0.18,0.010188684,1,0,0,3,0,0,0,0,2,2
1773864773167,65163,0.006374958,52,1.283,1.0437176,0.17307693,-0.0069230795,1,0,0,3,0,0,0,0,2,2
1773864805265,65214,0.0063862517,51,2.791,1.0498042,0.1764706,0.003393665,1,0,0,3,0,0,0,0,2,2
1773864853476,65267,0.0066507007,53,1.713,1.0473601,0.16981132,-0.0066592693,1,0,0,3,0,0,0,0,2,2
1773864889675,65318,0.0064499616,51,1.483,1.0480986,0.1764706,0.0066592693,1,0,0,3,0,0,0,0,2,2
1773864923797,65368,0.0066228253,50,1.419,1.048163,0.18,0.0035294145,1,0,0,3,0,0,0,0,2,2
1773864961925,65420,0.0063670636,52,1.42,1.0482389,0.17307693,-0.0069230795,1,0,0,3,0,0,0,0,2,2
1773864990009,65471,0.0064016725,51,1.298,1.0498533,0.1764706,0.003393665,1,0,0,3,0,0,0,0,2,2
1773865030473,65521,0.0066223806,50,1.395,1.0501993,0.18,0.0035294145,1,0,0,3,0,0,0,0,2,2
1773865068636,65572,0.006323937,51,1.521,1.0499691,0.1764706,-0.0035294145,1,0,0,3,0,0,0,0,2,2
1773865106777,65626,0.007215368,54,1.688,1.0483634,0.16666667,-0.009803921,1,0,0,3,0,0,0,0,2,2
1773865136877,65676,0.0068486095,50,1.497,1.0491117,0.18,0.0133333355,1,0,0,3,0,0,0,0,2,2
1773865175035,65726,0.006568153,50,1.449,1.0496469,0.18,0,1,0,0,3,0,0,0,0,2,2
1773865207178,65778,0.0063360357,52,2.737,1.0551364,0.17307693,-0.0069230795,1,0,0,3,0,0,0,0,2,2
1773865245336,65829,0.006382068,51,2.375,1.0540568,0.1764706,0.003393665,1,0,0,3,0,0,0,0,2,2
1773865281480,65879,0.006629065,50,1.425,1.0291508,0.18,0.0035294145,1,0,0,3,0,0,0,0,2,2
1773865315630,65931,0.006607704,52,1.235,0.5067752,0.17307693,-0.0069230795,1,0,0,3,0,0,0,0,2,2
1773865355801,65982,0.0065967734,51,1.595,0.50608534,0.1764706,0.003393665,1,0,0,3,0,0,0,0,2,2
1773865479410,66032,0.0068141306,50,2.474,0.51582354,0.18,0.0035294145,1,0,0,3,0,0,0,0,2,2
1773865535732,66084,0.0065703937,52,2.447,0.5233261,0.17307693,-0.0069230795,1,0,0,3,0,0,0,0,2,2
1773865573890,66135,0.006595391,51,1.439,0.5190105,0.1764706,0.003393665,1,0,0,3,0,0,0,0,2,2
1773865608033,66186,0.0065547773,51,1.555,0.51893413,0.1764706,0,1,0,0,3,0,0,0,0,2,2
1773865648209,66236,0.0068017375,50,1.39,0.5194974,0.18,0.0035294145,1,0,0,3,0,0,0,0,2,2
1773865688390,66287,0.006531078,51,1.903,0.50632954,0.1764706,-0.0035294145,1,0,0,3,0,0,0,0,2,2
1773865722530,66338,0.006579366,51,4.145,0.592111,0.1764706,0,1,0,0,3,0,0,0,0,2,2
1773865762718,66388,0.006777387,50,1.393,0.59022176,0.18,0.0035294145,1,0,0,3,0,0,0,0,2,2
1773865792853,66440,0.006558924,52,1.602,0.58653235,0.17307693,-0.0069230795,1,0,0,3,0,0,0,0,2,2
1773865835007,66492,0.0065901172,52,1.259,0.58792627,0.17307693,0,1,0,0,3,0,0,0,0,2,2
1773865869128,66542,0.0068500102,50,1.451,0.5587442,0.18,0.0069230795,1,0,0,3,0,0,0,0,2,2
1773865907286,66593,0.0065147793,51,1.514,0.5586499,0.1764706,-0.0035294145,1,0,0,3,0,0,0,0,2,2
1773865957507,66645,0.0065705366,52,1.675,0.5572662,0.17307693,-0.003393665,1,0,0,3,0,0,0,0,2,2
1773865995692,66697,0.0066005397,52,1.298,0.5586572,0.17307693,0,1,0,0,3,0,0,0,0,2,2
1773866039911,66748,0.0065766834,51,1.596,0.55876,0.1764706,0.003393665,1,0,0,3,0,0,0,0,2,2
1773866078132,66799,0.0065395012,51,1.668,0.5532329,0.1764706,0,1,0,0,3,0,0,0,0,2,2
1773866120365,66850,0.0065455395,51,1.451,0.54828054,0.1764706,0,1,0,0,3,0,0,0,0,2,2
1773866164556,66901,0.006551593,51,1.207,0.5490791,0.1764706,0,1,0,0,3,0,0,0,0,2,2
1773866204803,66952,0.006574982,51,1.623,0.46398297,0.1764706,0,1,0,0,3,0,0,0,0,2,2
1773866247004,67002,0.00682044,50,1.46,0.46440792,0.18,0.0035294145,1,0,0,3,0,0,0,0,2,2
1773866295221,67053,0.006552396,51,1.491,0.46466607,0.1764706,-0.0035294145,1,0,0,3,0,0,0,0,2,2
1773866333377,67103,0.006820252,50,1.685,0.46469098,0.18,0.0035294145,1,0,0,3,0,0,0,0,2,2
1773866377561,67154,0.00655227,51,1.501,0.46454158,0.1764706,-0.0035294145,1,0,0,3,0,0,0,0,2,2
1773866425805,67205,0.06651994,51,67.552,8.189654,0.1764706,0,1,0,0,3,0,0,0,0,2,2
1773866472128,67255,0.004972863,50,1.019,8.191342,0.18,0.0035294145,1,0,0,3,0,0,0,0,2,2
1773866520358,67306,0.0043063127,51,1.255,8.192774,0.1764706,-0.0035294145,1,0,0,3,0,0,0,0,2,2
1773866574596,67356,0.0049286047,50,1.729,8.192319,0.18,0.0035294145,1,0,0,3,0,0,0,0,2,2
1773866616781,67406,0.004802891,50,2.169,8.191792,0.18,0,1,0,0,3,0,0,0,0,2,2
1773866660972,67456,0.004836398,50,1.442,8.191692,0.18,0,1,0,0,3,0,0,0,0,2,2
1773866713213,67508,0.0039171507,52,3.134,8.189846,0.17307693,-0.0069230795,1,0,0,3,0,0,0,0,2,2
1773866761448,67558,0.0050579365,50,1.524,8.189331,0.18,0.0069230795,1,0,0,3,0,0,0,0,2,2
1773866803639,67608,0.0048401915,50,1.383,8.189279,0.18,0,1,0,0,3,0,0,0,0,2,2
1773866859888,67659,0.0042901025,51,1.474,8.189116,0.1764706,-0.0035294145,1,0,0,3,0,0,0,0,2,2
1773866914175,67711,0.0040853047,52,1.485,8.188301,0.17307693,-0.003393665,1,0,0,3,0,0,0,0,2,2
1773866978473,67761,0.0050613163,50,1.47,8.188666,0.18,0.0069230795,1,0,0,3,0,0,0,0,2,2
1773867026699,67811,0.0048277173,50,1.611,8.187928,0.18,0,1,0,0,3,0,0,0,0,2,2
1773867097008,67861,0.004833162,50,1.509,8.188062,0.18,0,1,0,0,3,0,0,0,0,2,2
1773867167363,67911,0.004790648,50,2.637,8.187202,0.18,0,1,0,0,3,0,0,0,0,2,2
1773867231647,67962,0.004286303,51,1.532,8.186817,0.1764706,-0.0035294145,1,0,0,3,0,0,0,0,2,2
1773867293879,68013,0.004376856,51,1.438,8.186792,0.1764706,0,1,0,0,3,0,0,0,0,2,2
1773867354178,68063,0.0049288915,50,1.74,8.186261,0.18,0.0035294145,1,0,0,3,0,0,0,0,2,2
1773867412407,68113,0.004787424,50,2.842,8.185219,0.18,0,1,0,0,3,0,0,0,0,2,2
1773867488687,68163,0.004791396,50,2.62,8.1846285,0.18,0,1,0,0,3,0,0,0,0,2,2
1773867544879,68213,0.004832301,50,1.533,8.185021,0.18,0,1,0,0,3,0,0,0,0,2,2
1773867623159,68263,0.0048271585,50,1.632,8.184397,0.18,0,1,0,0,3,0,0,0,0,2,2
1773867687433,68313,0.004829179,50,1.595,8.183701,0.18,0,1,0,0,3,0,0,0,0,2,2
1773867761767,68363,0.004830143,50,1.578,8.183215,0.18,0,1,0,0,3,0,0,0,0,2,2
1773867828006,68413,0.0048167915,50,1.856,8.181928,0.18,0,1,0,0,3,0,0,0,0,2,2
1773867882200,68463,0.004836522,50,1.461,8.18349,0.18,0,1,0,0,3,0,0,0,0,2,2
1773867968527,68513,0.0048411544,50,1.379,8.184241,0.18,0,1,0,0,3,0,0,0,0,2,2
1773868046866,68566,0.003942927,53,2.537,8.182788,0.16981132,-0.010188684,1,0,0,3,0,0,0,0,2,2
1773868125226,68616,0.005162137,50,1.93,8.181744,0.18,0.010188684,1,0,0,3,0,0,0,0,2,2
1773868185432,68668,0.003929067,52,2.915,8.180048,0.17307693,-0.0069230795,1,0,0,3,0,0,0,0,2,2
1773868255710,68719,0.0044703563,51,1.464,8.179607,0.1764706,0.003393665,1,0,0,3,0,0,0,0,2,2
1773868350118,68771,0.0041089263,52,1.261,8.179977,0.17307693,-0.003393665,1,0,0,3,0,0,0,0,2,2
1773868436521,68821,0.0050669536,50,1.398,8.180285,0.18,0.0069230795,1,0,0,3,0,0,0,0,2,2
1773868528864,68873,0.003919081,52,3.15,8.179273,0.17307693,-0.0069230795,1,0,0,3,0,0,0,0,2,2
1773868611250,68924,0.0044760085,51,1.394,8.179537,0.1764706,0.003393665,1,0,0,3,0,0,0,0,2,2
1773868701585,68975,0.0042990493,51,2.866,8.177789,0.1764706,0,1,0,0,3,0,0,0,0,2,2
1773868797961,69026,0.0043772403,51,1.45,8.179537,0.1764706,0,1,0,0,3,0,0,0,0,2,2
1773868886301,69076,0.004943305,50,1.49,8.18098,0.18,0.0035294145,1,0,0,3,0,0,0,0,2,2
1773869006763,69127,0.004288465,51,1.518,8.180749,0.1764706,-0.0035294145,1,0,0,3,0,0,0,0,2,2
1773869103147,69177,0.004938272,50,1.581,8.179838,0.18,0.0035294145,1,0,0,3,0,0,0,0,2,2
1773869211539,69227,0.004836837,50,1.464,8.180153,0.18,0,1,0,0,3,0,0,0,0,2,2
1773869309897,69277,0.0048411386,50,1.385,8.181915,0.18,0,1,0,0,3,0,0,0,0,2,2
1773869418372,69328,0.004279297,51,1.642,8.183018,0.1764706,-0.0035294145,1,0,0,3,0,0,0,0,2,2
1773869528818,69378,0.00493482,50,1.637,8.182555,0.18,0.0035294145,1,0,0,3,0,0,0,0,2,2
1773869629221,69428,0.004838899,50,1.421,8.182881,0.18,0,1,0,0,3,0,0,0,0,2,2
1773869739671,69483,0.004784044,55,2.214,8.18137,0.16363636,-0.01636365,1,0,0,3,0,0,0,0,2,2
1773869860285,69533,0.0054452987,50,1.722,8.181701,0.18,0.01636365,1,0,0,3,0,0,0,0,2,2
1773869970755,69583,0.0048353747,50,1.487,8.181342,0.18,0,1,0,0,3,0,0,0,0,2,2
1773870091272,69633,0.0048295995,50,1.595,8.180868,0.18,0,1,0,0,3,0,0,0,0,2,2
1773870213739,69683,0.004838157,50,1.438,8.181247,0.18,0,1,0,0,3,0,0,0,0,2,2
1773870330233,69733,0.0048407027,50,1.395,8.1808815,0.18,0,1,0,0,3,0,0,0,0,2,2
1773870462795,69783,0.004844588,50,1.329,8.181193,0.18,0,1,0,0,3,0,0,0,0,2,2
1773870587268,69834,0.0042979913,51,1.388,8.181499,0.1764706,-0.0035294145,1,0,0,3,0,0,0,0,2,2
1773870701666,69884,0.004898559,50,2.554,8.180466,0.18,0.0035294145,1,0,0,3,0,0,0,0,2,2
1773870830173,69935,0.0042849965,51,1.569,8.17979,0.1764706,-0.0035294145,1,0,0,3,0,0,0,0,2,2
1773870950646,69986,0.004363024,51,1.641,8.179693,0.1764706,0,1,0,0,3,0,0,0,0,2,2
1773871085202,70037,0.0043701837,51,1.542,8.179965,0.1764706,0,1,0,0,3,0,0,0,0,2,2
1773871221801,70092,0.004774872,55,2.216,8.178632,0.16363636,-0.012834236,1,0,0,3,0,0,0,0,2,2
1773871352326,70142,0.0054548653,50,1.579,8.177662,0.18,0.01636365,1,0,0,3,0,0,0,0,2,2
1773871490854,70198,0.005277036,56,6.928,8.192609,0.16071428,-0.019285724,1,0,0,3,0,0,0,0,2,2
1773871633397,70248,0.005546037,50,2.56,8.190848,0.18,0.019285724,1,0,0,3,0,0,0,0,2,2
1773871772031,70298,0.0048160246,50,1.846,8.190041,0.18,0,1,0,0,3,0,0,0,0,2,2
1773871882479,70348,0.0048354184,50,1.462,8.190587,0.18,0,1,0,0,3,0,0,0,0,2,2
1773872010953,70399,0.0043072333,51,1.247,8.191306,0.1764706,-0.0035294145,1,0,0,3,0,0,0,0,2,2
1773872121403,70451,0.0073309722,52,11.662,1.4655297,0.17307693,-0.003393665,1,0,0,3,0,0,0,0,2,2
1773872257933,70501,0.006555261,50,1.569,1.4614574,0.18,0.0069230795,1,0,0,3,0,0,0,0,2,2
1773872402577,70551,0.006430703,50,1.801,1.4587226,0.18,0,1,0,0,3,0,0,0,0,2,2
1773872559325,70602,0.0061668307,51,1.676,1.4588915,0.1764706,-0.0035294145,1,0,0,3,0,0,0,0,2,2
1773872705876,70652,0.0064879656,50,1.491,1.4600834,0.18,0.0035294145,1,0,0,3,0,0,0,0,2,2
1773872890646,70702,0.006431009,50,1.515,1.4596841,0.18,0,1,0,0,3,0,0,0,0,2,2
1773873051258,70753,0.006166735,51,1.818,1.4526765,0.1764706,-0.0035294145,1,0,0,3,0,0,0,0,2,2
1773873201805,70803,0.006490558,50,1.46,1.453005,0.18,0.0035294145,1,0,0,3,0,0,0,0,2,2
1773873392496,70853,0.006435665,50,2.136,1.4512639,0.18,0,1,0,0,3,0,0,0,0,2,2
1773873551133,70903,0.0064334623,50,1.634,1.4505274,0.18,0,1,0,0,3,0,0,0,0,2,2
1773873713783,70954,0.006177593,51,1.346,1.4513749,0.1764706,-0.0035294145,1,0,0,3,0,0,0,0,2,2
1773873880543,71004,0.0064903274,50,1.553,1.450955,0.18,0.0035294145,1,0,0,3,0,0,0,0,2,2
1773874047296,71056,0.094702505,52,81.852,10.010334,0.17307693,-0.0069230795,1,0,0,3,0,0,0,0,2,2
1773874224097,71106,0.004855259,50,1.622,10.01004,0.18,0.0069230795,1,0,0,3,0,0,0,0,2,2
1773874370756,71157,0.0039968463,51,1.403,10.012366,0.1764706,-0.0035294145,1,0,0,3,0,0,0,0,2,2
1773874537424,71207,0.0047275913,50,1.573,10.0122595,0.18,0.0035294145,1,0,0,3,0,0,0,0,2,2
1773874710086,71258,0.003910542,51,2.64,10.010029,0.1764706,-0.0035294145,1,0,0,3,0,0,0,0,2,2
1773874898825,71308,0.0047383616,50,1.424,10.010844,0.18,0.0035294145,1,0,0,3,0,0,0,0,2,2
1773875079639,71358,0.00458769,50,1.867,10.012169,0.18,0,1,0,0,3,0,0,0,0,2,2
1773875248329,71408,0.004592774,50,1.778,10.013498,0.18,0,1,0,0,3,0,0,0,0,2,2
1773875449162,71458,0.04649153,50,56.51,11.9952965,0.18,0,1,0,0,3,0,0,0,0,2,2
1773875605824,71508,0.004478874,50,1.397,11.996076,0.18,0,1,0,0,3,0,0,0,0,2,2
1773875804700,71558,0.0044552344,50,1.687,11.995787,0.18,0,1,0,0,3,0,0,0,0,2,2
1773875995496,71609,0.0037747587,51,1.393,11.996407,0.1764706,-0.0035294145,1,0,0,3,0,0,0,0,2,2
1773876200481,71659,0.0045967125,50,1.625,11.997105,0.18,0.0035294145,1,0,0,3,0,0,0,0,2,2
1773876415336,71710,0.0037314496,51,1.841,11.995913,0.1764706,-0.0035294145,1,0,0,3,0,0,0,0,2,2
1773876618169,71760,0.004594839,50,1.649,11.995016,0.18,0.0035294145,1,0,0,3,0,0,0,0,2,2
1773876831082,71812,0.0033425482,52,1.462,11.997896,0.17307693,-0.0069230795,1,0,0,3,0,0,0,0,2,2
1773877001848,71862,0.004734533,50,1.715,11.998518,0.18,0.0069230795,1,0,0,3,0,0,0,0,2,2
1773877172503,71912,0.0044437833,50,1.837,12.000849,0.18,0,1,0,0,3,0,0,0,0,2,2
1773877399473,71962,0.0044367556,50,1.937,11.9994135,0.18,0,1,0,0,3,0,0,0,0,2,2
1773877602354,72012,0.004465485,50,1.556,11.9984045,0.18,0,1,0,0,3,0,0,0,0,2,2
1773877829339,72062,0.004467207,50,1.535,11.997944,0.18,0,1,0,0,3,0,0,0,0,2,2
1773878026092,72112,0.004415051,50,2.275,11.999452,0.18,0,1,0,0,3,0,0,0,0,2,2
1773878235101,72163,0.0037030347,51,2.175,11.997164,0.1764706,-0.0035294145,1,0,0,3,0,0,0,0,2,2
1773878425879,72213,0.004602397,50,1.555,12.00027,0.18,0.0035294145,1,0,0,3,0,0,0,0,2,2
1773878680791,72263,0.004461716,50,1.602,11.999776,0.18,0,1,0,0,3,0,0,0,0,2,2
1773878959929,72313,0.0044156145,50,2.267,11.9976,0.18,0,1,0,0,3,0,0,0,0,2,2
1773879194861,72363,0.004429535,50,2.046,11.996049,0.18,0,1,0,0,3,0,0,0,0,2,2
1773879435880,72414,0.0037604608,51,1.534,11.9962,0.1764706,-0.0035294145,1,0,0,3,0,0,0,0,2,2
1773879674850,72464,0.0046032234,50,1.547,11.995925,0.18,0.0035294145,1,0,0,3,0,0,0,0,2,2
1773879827501,72515,0.0036748769,51,2.563,11.992739,0.1764706,-0.0035294145,1,0,0,3,0,0,0,0,2,2
1773880004134,72565,0.0045988443,50,1.601,11.9928665,0.18,0.0035294145,1,0,0,3,0,0,0,0,2,2
1773880207023,72615,0.0044257166,50,2.108,11.991524,0.18,0,1,0,0,3,0,0,0,0,2,2
1773880437963,72665,0.004469071,50,1.516,11.9912,0.18,0,1,0,0,3,0,0,0,0,2,2
1773880687034,72715,0.0044935658,50,1.232,11.994193,0.18,0,1,0,0,3,0,0,0,0,2,2
1773880893847,72765,0.0044273175,50,2.082,11.993185,0.18,0,1,0,0,3,0,0,0,0,2,2
1773881106728,72815,0.004376506,50,3.127,11.9894085,0.18,0,1,0,0,3,0,0,0,0,2,2
1773881367720,72865,0.00445631,50,1.677,11.989146,0.18,0,1,0,0,3,0,0,0,0,2,2
1773881612641,72915,0.004448114,50,1.786,11.988022,0.18,0,1,0,0,3,0,0,0,0,2,2
1773881827575,72966,0.0037522437,51,1.626,11.987244,0.1764706,-0.0035294145,1,0,0,3,0,0,0,0,2,2
1773882098754,73016,0.0045646704,50,2.058,11.984958,0.18,0.0035294145,1,0,0,3,0,0,0,0,2,2
1773882313614,73066,0.0043864236,50,2.869,11.981113,0.18,0,1,0,0,3,0,0,0,0,2,2
1773882576770,73116,0.004427398,50,2.089,11.982208,0.18,0,1,0,0,3,0,0,0,0,2,2
1773882829849,73166,0.0043941895,50,2.692,11.979274,0.18,0,1,0,0,3,0,0,0,0,2,2
1773883066829,73216,0.0043954896,50,2.667,11.976605,0.18,0,1,0,0,3,0,0,0,0,2,2
1773883345906,73266,0.0043657417,50,3.587,11.972315,0.18,0,1,0,0,3,0,0,0,0,2,2
1773883661198,73316,0.397148,50,166.417,23.407513,0.18,0,1,0,0,3,0,0,0,0,2,2
1773883884133,73368,0.008593154,52,3.979,23.401114,0.17307693,-0.0069230795,1,0,0,3,0,0,0,0,2,2
1773884082912,73420,0.009286283,52,2.008,23.408619,0.17307693,0,1,0,0,3,0,0,0,0,2,2
1773884313940,73470,0.011281536,50,6.294,23.402843,0.18,0.0069230795,1,0,0,3,0,0,0,0,2,2
1773884476522,73520,0.047668494,50,58.347,24.250654,0.18,0,1,0,0,3,0,0,0,0,2,2
1773884741558,73570,0.0144087495,50,1.321,24.251225,0.18,0,1,0,0,3,0,0,0,0,2,2
1773885010643,73620,0.014357414,50,1.467,24.250332,0.18,0,1,0,0,3,0,0,0,0,2,2
1773885253727,73670,0.014220831,50,1.928,24.255262,0.18,0,1,0,0,3,0,0,0,0,2,2
1773885438558,73721,0.012791671,51,1.249,24.256517,0.1764706,-0.0035294145,1,0,0,3,0,0,0,0,2,2
1773885595190,73771,0.014328801,50,1.877,24.256243,0.18,0.0035294145,1,0,0,3,0,0,0,0,2,2
1773885816078,73821,0.014302591,50,1.682,24.256218,0.18,0,1,0,0,3,0,0,0,0,2,2
1773886097229,73871,0.014334726,50,1.581,24.255873,0.18,0,1,0,0,3,0,0,0,0,2,2
1773886364240,73921,0.014381188,50,1.443,24.256155,0.18,0,1,0,0,3,0,0,0,0,2,2
1773886633312,73971,0.014183152,50,2.048,24.25533,0.18,0,1,0,0,3,0,0,0,0,2,2
1773886900432,74021,0.01391505,50,2.897,24.250383,0.18,0,1,0,0,3,0,0,0,0,2,2
1773887191624,74072,0.012715806,51,1.439,24.25296,0.1764706,-0.0035294145,1,0,0,3,0,0,0,0,2,2
1773887428594,74122,0.018098723,50,29.612,24.394714,0.18,0.0035294145,1,0,0,3,0,0,0,0,2,2
1773887677643,74173,0.0125428885,51,3.068,24.388361,0.1764706,-0.0035294145,1,0,0,3,0,0,0,0,2,2
1773887974848,74223,0.014617054,50,2.077,24.386286,0.18,0.0035294145,1,0,0,3,0,0,0,0,2,2
1773888258042,74273,0.01027457,50,1.534,22.550432,0.18,0,1,0,0,3,0,0,0,0,2,2
1773888509136,74323,0.010252367,50,1.614,22.55046,0.18,0,1,0,0,3,0,0,0,0,2,2
1773888808363,74374,0.008617293,51,2.123,22.547977,0.1764706,-0.0035294145,1,0,0,3,0,0,0,0,2,2
1773889089584,74425,0.00857144,51,2.581,22.544712,0.1764706,0,1,0,0,3,0,0,0,0,2,2
1773889419022,74475,0.010353422,50,1.619,22.547985,0.18,0.0035294145,1,0,0,3,0,0,0,0,2,2
1773889625867,74525,0.010228288,50,1.676,22.547075,0.18,0,1,0,0,3,0,0,0,0,2,2
1773889874965,74576,0.008834752,51,1.369,22.548845,0.1764706,-0.0035294145,1,0,0,3,0,0,0,0,2,2
1773890186232,74628,0.0076900683,52,1.396,22.550207,0.17307693,-0.003393665,1,0,0,3,0,0,0,0,2,2
1773890509526,74679,0.0070339264,51,2.966,21.663864,0.1764706,0.003393665,1,0,0,3,0,0,0,0,2,2
1773890696357,74729,0.0080887135,50,4.436,21.657274,0.18,0.0035294145,1,0,0,3,0,0,0,0,2,2
1773890840996,74779,0.007698351,50,6.597,21.650747,0.18,0,1,0,0,3,0,0,0,0,2,2
1773891144322,74829,0.008587935,50,1.431,21.65062,0.18,0,1,0,0,3,0,0,0,0,2,2
1773891419545,74879,0.008557392,50,1.553,21.650848,0.18,0,1,0,0,3,0,0,0,0,2,2
1773891688692,74930,0.007162305,51,1.563,21.651718,0.1764706,-0.0035294145,1,0,0,3,0,0,0,0,2,2
1773892018043,74980,0.008741789,50,1.305,21.652842,0.18,0.0035294145,1,0,0,3,0,0,0,0,2,2
1773892307310,75030,0.008474797,50,1.893,21.651493,0.18,0,1,0,0,3,0,0,0,0,2,2
1773892665142,75080,0.008529527,50,1.67,21.651634,0.18,0,1,0,0,3,0,0,0,0,2,2
1773893436376,60,0.7796373,60,1.142,0,0,0,1,1,0,3,0,0,0,0,2,0
1773893466502,110,0.0115126055,50,1.657,0.2575,0,0,1,0,0,3,0,0,0,0,2,0
1773893484793,167,0.0028976388,57,9.323,3.7410865,0,0,1,0,0,3,0,0,0,0,2,0
1773893505010,219,0.0011817003,52,1.964,3.36235,0,0,1,0,0,3,0,0,0,0,2,0
1773893537689,271,0.00148069,52,1.372,3.1278703,0,0,1,0,0,3,0,0,0,0,2,0
1773893555786,326,0.0018155812,55,3.947,2.8730829,0,0,1,0,0,3,0,0,0,0,2,0
1773893569814,376,0.003382092,50,6.273,2.8646345,0,0,1,0,0,3,0,0,0,0,2,0
1773893630156,431,0.0021199677,55,2.761,2.6963677,0,0,1,0,0,3,0,0,0,0,2,0
1773893680331,483,0.0022839392,52,1.424,2.6288843,0,0,1,0,0,3,0,0,0,0,2,0
1773893712490,543,0.008178066,60,1.259,2.5693433,0,0,1,0,0,3,0,0,0,0,2,0
1773893764744,596,0.0022634284,53,1.222,2.5093153,0,0,1,0,0,3,0,0,0,0,2,0
1773893784860,657,0.01052203,61,2.038,2.4153967,0,0,1,0,0,3,0,0,0,0,2,0
1773893818986,712,0.0028929836,55,1.129,2.3663037,0,0,1,0,0,3,0,0,0,0,2,0
1773893835047,766,0.002739683,54,2.807,2.28031,0,0,1,0,0,3,0,0,0,0,2,0
1773893867168,821,0.0028494918,55,7.662,2.5223794,0,0,1,0,0,3,0,0,0,0,2,0
1773893891272,883,0.012769627,62,1.133,2.486671,0,0,1,0,0,3,0,0,0,0,2,0
1773893909359,936,0.0024102211,53,1.897,2.4249847,0,0,1,0,0,3,0,0,0,0,2,0
1773893955605,987,0.0033454627,51,1.191,2.3883164,0,0,1,0,0,3,0,0,0,0,2,0
1773893971676,1051,0.018833835,64,1.181,2.3521812,0,0,1,0,0,3,0,0,0,0,2,0
1773894017860,1098,0.7606969,47,0,2.367172,0,0,1,0,0,3,0,0,0,30000,2,0
1773894021875,1108,0.27740642,10,1.467,2.3220148,0,0,1,0,0,3,0,0,0,0,2,0
1773894039947,1167,0.007127399,59,1.261,2.283655,0,0,1,0,0,3,0,0,0,0,2,0
1773894078110,1222,0.0031745483,55,1.697,2.2388656,0,0,1,0,0,3,0,0,0,0,2,0
1773894096169,1288,0.026206499,66,1.294,2.2033763,0,0,1,0,0,3,0,0,0,0,2,0
1773894112245,1339,0.0036334244,51,6.485,2.30391,0,0,1,0,0,3,0,0,0,0,2,0
1773894138344,1395,0.0036922183,56,1.15,2.2750065,0,0,1,0,0,3,0,0,0,0,2,0
1773894156400,1449,0.0028842557,54,1.241,2.2449028,0,0,1,0,0,3,0,0,0,0,2,0
1773894176488,1513,0.01914639,64,1.168,2.217124,0,0,1,0,0,3,0,0,0,0,2,0
1773894206654,1566,0.0030000447,53,1.431,2.1856968,0,0,1,0,0,3,0,0,0,0,2,0
1773894226788,1616,0.0046928697,50,1.299,2.1574576,0,0,1,0,0,3,0,0,0,0,2,0
1773894242839,1667,0.003945404,51,1.211,2.1315496,0,0,1,0,0,3,0,0,0,0,2,0
1773894270945,1723,0.004129544,56,1.395,2.1037915,0,0,1,0,0,3,0,0,0,0,2,0
1773894293041,1774,0.008328391,51,23.086,4.126801,0,0,1,0,0,3,0,0,0,0,2,0
1773894317165,1825,0.0014042034,51,2.09,4.0679398,0,0,1,0,0,3,0,0,0,0,2,0
1773894365375,1876,0.0014388242,51,1.375,4.0171566,0,0,1,0,0,3,0,0,0,0,2,0
1773894383459,1931,0.00068881863,55,1.951,3.9636002,0,0,1,0,0,3,0,0,0,0,2,0
1773894433652,1983,0.0018172354,52,10.762,4.11709,0,0,1,0,0,3,0,0,0,0,2,0
1773894453750,2033,0.015124517,50,28.497,5.7563596,0,0,1,0,0,3,0,0,0,0,2,0
1773894483855,2091,0.004503236,58,6.341,5.6975036,0,0,1,0,0,3,0,0,0,0,2,0
1773894497915,2142,0.0026671165,51,3.671,5.625851,0,0,1,0,0,3,0,0,0,0,2,0
1773894516000,2205,0.0144851,63,1.239,5.5703716,0,0,1,0,0,3,0,0,0,0,2,0
1773894546167,2257,0.0019852242,52,6.15,5.51637,0,0,1,0,0,3,0,0,0,0,2,0
1773894562222,2310,0.001534097,53,6.281,5.465142,0,0,1,0,0,3,0,0,0,0,2,0
1773894578271,2363,0.0012736357,53,4.144,5.402907,0,0,1,0,0,3,0,0,0,0,2,0
1773894608382,2413,0.686771,50,166.622,24.585455,0,0,1,0,0,3,0,0,0,0,2,0
1773894634487,2470,0.22666712,57,1.203,24.333746,0,0,1,0,0,3,0,0,0,0,2,0
1773894664640,2527,0.22125012,57,1.124,24.089985,0,0,1,0,0,3,0,0,0,0,2,0
1773894682730,2581,0.21429834,54,3.042,23.845018,0,0,1,0,0,3,0,0,0,0,2,0
1773894700811,2636,0.20952198,55,1.451,23.613888,0,0,1,0,0,3,0,0,0,0,2,0
1773894718904,2691,0.20453848,55,2.833,23.38373,0,0,1,0,0,3,0,0,0,0,2,0
1773894763064,2748,0.20104983,57,4.817,23.15512,0,0,1,0,0,3,0,0,0,0,2,0
1773894781148,2801,0.1956121,53,9.247,22.933764,0,0,1,0,0,3,0,0,0,0,2,0
1773894833419,2862,0.1982875,61,3.177,22.722,0,0,1,0,0,3,0,0,0,0,2,0
1773894847493,2915,0.18655227,53,1.407,22.522465,0,0,1,0,0,3,0,0,0,0,2,0
1773894897731,2972,0.18406025,57,1.073,22.329535,0,0,1,0,0,3,0,0,0,0,2,0
1773894953940,3026,0.17854454,54,4.754,22.130648,0,0,1,0,0,3,0,0,0,0,2,0
1773894967999,3079,0.17500454,53,1.381,21.946299,0,0,1,0,0,3,0,0,0,0,2,0
1773895022399,3131,0.1718962,52,1.362,21.766542,0,0,1,0,0,3,0,0,0,0,2,0
1773895038447,3182,0.16921479,51,1.348,21.591166,0,0,1,0,0,3,0,0,0,0,2,0
1773895090737,3235,0.16460384,53,4.417,21.411871,0,0,1,0,0,3,0,0,0,0,2,0
1773895108802,3287,0.16199678,52,7.599,21.236288,0,0,1,0,0,3,0,0,0,0,2,0
1773895155057,3343,0.15907045,56,8.275,21.065786,0,0,1,0,0,3,0,0,0,0,2,0
1773895175188,3400,0.15643607,57,2.083,20.904703,0,0,1,0,0,3,0,0,0,0,2,0
1773895211429,3419,1,19,0,20.755337,0,0,1,0,0,3,0,0,0,30000,2,0
1773895231557,3462,0.17032005,43,1.012,20.755836,0,0,1,0,0,3,0,0,0,0,2,0
1773895245609,3512,0.1544508,50,1.844,20.755215,0,0,1,0,0,3,0,0,0,0,2,0
1773895279815,3521,1,9,0,20.765339,0,0,1,0,0,3,0,0,0,30000,2,0
1773895291896,3562,0.17777213,41,1.512,20.766796,0,0,1,0,0,3,0,0,0,0,2,0
1773895309995,3613,0.15362538,51,1.643,20.765879,0,0,1,0,0,3,0,0,0,0,2,0
1773895346189,3672,0.15652195,59,1.769,20.771042,0,0,1,0,0,3,0,0,0,0,2,0
1773895372347,3723,0.2982392,51,81.74,22.796726,0,0,1,0,0,3,0,0,0,0,2,0
1773895420620,3785,0.20226786,62,1.801,22.799944,0,0,1,0,0,3,0,0,0,0,2,0
1773895444784,3836,0.19338094,51,1.499,22.79965,0,0,1,0,0,3,0,0,0,0,2,0
1773895505071,3890,0.19198419,54,2.591,22.79486,0,0,1,0,0,3,0,0,0,0,2,0
1773895545330,3922,1,32,0,22.800356,0,0,1,0,0,3,0,0,0,30000,2,0
1773895559398,3949,0.30294117,27,1.796,22.801224,0,0,1,0,0,3,0,0,0,0,2,0
1773895577490,4009,0.19788134,60,1.626,22.799255,0,0,1,0,0,3,0,0,0,0,2,0
1773895611733,4023,1,14,0,22.810293,0,0,1,0,0,3,0,0,0,30000,2,0
1773895625813,4061,0.23116487,38,1.796,22.819725,0,0,1,0,0,3,0,0,0,0,2,0
1773895645976,4113,0.19310491,52,1.049,22.820065,0,0,1,0,0,3,0,0,0,0,2,0
1773895680190,4116,1,3,0,22.827942,0,0,1,0,0,3,0,0,0,30000,2,0
1773895690218,4165,0.19627847,49,1.795,22.825663,0,0,1,0,0,3,0,0,0,0,2,0
1773895710330,4223,0.19517608,58,2.185,22.821997,0,0,1,0,0,3,0,0,0,0,2,0
1773895762620,4280,0.1940012,57,1.182,22.81678,0,0,1,0,0,3,0,0,0,0,2,0
1773895812958,4327,0.96127814,47,0,22.823107,0,0,1,0,0,3,0,0,0,30000,2,0
1773895818993,4330,0.5895994,3,4.106,22.814613,0,0,1,0,0,3,0,0,0,0,2,0
1773895847137,4380,0.7138407,50,151.061,28.9585,0,0,1,0,0,3,0,0,0,0,2,0
1773895879348,4383,1,3,0,28.964602,0,0,1,0,0,3,0,0,0,30000,2,0
1773895897428,4430,0.3484804,47,1.337,28.979673,0,0,1,0,0,3,0,0,0,0,2,0
1773895943769,4465,1,35,0,28.985075,0,0,1,0,0,3,0,0,0,30000,2,0
1773895949790,4483,0.5390616,18,1.544,28.983786,0,0,1,0,0,3,0,0,0,0,2,0
1773895961815,4533,0.3434738,50,2.149,28.979752,0,0,1,0,0,3,0,0,0,0,2,0
1773896008140,4585,0.34141418,52,5.717,28.966436,0,0,1,0,0,3,0,0,0,0,2,0
1773896026205,4650,0.3595947,65,2.339,28.962196,0,0,1,0,0,3,0,0,0,0,2,0
1773896046315,4702,0.34093648,52,3.749,28.952717,0,0,1,0,0,3,0,0,0,0,2,0
1773896076492,4702,1,0,0,28.959276,0,0,1,0,0,3,0,0,0,30000,2,0
1773896102627,4757,0.33970544,55,2.251,28.920689,0,0,1,0,0,3,0,0,0,0,2,0
1773896158995,4813,0.33999982,56,4.557,28.91299,0,0,1,0,0,3,0,0,0,0,2,0
1773896175056,4871,0.34178823,58,2.34,28.909204,0,0,1,0,0,3,0,0,0,0,2,0
1773896229400,4922,0.34043896,51,2.371,28.907621,0,0,1,0,0,3,0,0,0,0,2,0
1773896283725,4983,0.34722638,61,2.324,28.91914,0,0,1,0,0,3,0,0,0,0,2,0
1773896307880,5033,0.80165267,50,142.714,33.264782,0,0,1,0,0,3,0,0,0,0,2,0
1773896358186,5085,0.47056022,52,1.654,33.27965,0,0,1,0,0,3,0,0,0,0,2,0
1773896410476,5133,1,48,0,33.2949,0,0,1,0,0,3,0,0,0,30000,2,0
1773896418526,5137,0.85298616,4,1.097,33.295536,0,0,1,0,0,3,0,0,0,0,2,0
1773896434605,5188,0.47228056,51,1.62,33.30985,0,0,1,0,0,3,0,0,0,0,2,0
1773896478813,5224,1,36,0,33.331627,0,0,1,0,0,3,0,0,0,30000,2,0
1773896484846,5242,0.6699223,18,1.829,33.33975,0,0,1,0,0,3,0,0,0,0,2,0
1773896504993,5299,0.28831175,57,2.39,26.923616,0,0,1,0,0,3,0,0,0,0,2,0
1773896549201,5351,0.28737956,52,1.475,26.922583,0,0,1,0,0,3,0,0,0,0,2,0
1773896569295,5402,0.2878535,51,3.8,26.91412,0,0,1,0,0,3,0,0,0,0,2,0
1773896611553,5462,0.2924954,60,1.459,26.91933,0,0,1,0,0,3,0,0,0,0,2,0
1773896631649,5513,0.28779417,51,5.218,26.90927,0,0,1,0,0,3,0,0,0,0,2,0
1773896679958,5567,0.28649482,54,2.398,26.910618,0,0,1,0,0,3,0,0,0,0,2,0
1773896694007,5620,0.2868684,53,1.598,26.919447,0,0,1,0,0,3,0,0,0,0,2,0
1773896710134,5670,0.28936127,50,1.432,26.930817,0,0,1,0,0,3,0,0,0,0,2,0
1773896744362,5675,1,5,0,26.94219,0,0,1,0,0,3,0,0,0,30000,2,0
1773896808731,5719,1,44,0,26.947918,0,0,1,0,0,3,0,0,0,30000,2,0
1773896814765,5726,0.624825,7,1.869,26.945032,0,0,1,0,0,3,0,0,0,0,2,0
1773896830819,5777,0.28887075,51,1.677,26.95304,0,0,1,0,0,3,0,0,0,0,2,0
1773896873103,5811,1,34,0,26.958622,0,0,1,0,0,3,0,0,0,30000,2,0
1773896883150,5835,0.4248126,24,1.622,26.957693,0,0,1,0,0,3,0,0,0,0,2,0
1773896901220,5888,0.28782192,53,1.537,26.957016,0,0,1,0,0,3,0,0,0,0,2,0
1773896947488,5941,0.28800166,53,1.657,26.964376,0,0,1,0,0,3,0,0,0,0,2,0
1773896967588,5991,0.2904974,50,1.363,26.97554,0,0,1,0,0,3,0,0,0,0,2,0
1773897009795,6028,1,37,0,26.991457,0,0,1,0,0,3,0,0,0,30000,2,0
1773897021856,6051,0.43498665,23,2.002,26.991705,0,0,1,0,0,3,0,0,0,0,2,0
1773897039953,6105,0.28825128,54,3.392,26.980463,0,0,1,0,0,3,0,0,0,0,2,0
1773897084245,6155,0.29062787,50,1.123,26.98006,0,0,1,0,0,3,0,0,0,0,2,0
1773897102357,6207,0.2888138,52,1.851,26.980034,0,0,1,0,0,3,0,0,0,0,2,0
1773897142603,6228,1,21,0,26.980034,0,0,1,0,0,3,0,0,0,30000,2,0
1773897150614,6259,0.36846638,31,4.534,26.97225,0,0,1,0,0,3,0,0,0,0,2,0
1773897168711,6309,0.29037824,50,1.788,26.97176,0,0,1,0,0,3,0,0,0,0,2,0
1773897213002,6374,0.30697623,65,6.811,26.96228,0,0,1,0,0,3,0,0,0,0,2,0
1773897247212,6429,0.8386125,55,160.323,31.68712,0,0,1,0,0,3,0,0,0,0,2,0
1773897287454,6487,0.42236277,58,2.402,31.685133,0,0,1,0,0,3,0,0,0,0,2,0
1773897313616,6537,0.42220625,50,1.299,31.685867,0,0,1,0,0,3,0,0,0,0,2,0
1773897353874,6593,0.42061907,56,1.606,31.689116,0,0,1,0,0,3,0,0,0,0,2,0
1773897367956,6643,0.42184737,50,3.77,31.676222,0,0,1,0,0,3,0,0,0,0,2,0
1773897414213,6693,0.4218864,50,1.766,31.676323,0,0,1,0,0,3,0,0,0,0,2,0
1773897436375,6746,0.41963068,53,1.93,31.675262,0,0,1,0,0,3,0,0,0,0,2,0
1773897476587,6774,1,28,0,31.675262,0,0,1,0,0,3,0,0,0,30000,2,0
1773897486608,6800,0.53891104,26,2.868,31.67181,0,0,1,0,0,3,0,0,0,0,2,0
1773897504681,6852,0.41999665,52,1.121,31.671532,0,0,1,0,0,3,0,0,0,0,2,0
1773897542824,6866,1,14,0,31.671532,0,0,1,0,0,3,0,0,0,30000,2,0
1773897560923,6907,0.44489852,41,2.236,31.670033,0,0,1,0,0,3,0,0,0,0,2,0
1773897576976,6959,0.42001393,52,1.409,31.672745,0,0,1,0,0,3,0,0,0,0,2,0
1773897609108,6962,1,3,0,31.677572,0,0,1,0,0,3,0,0,0,30000,2,0
1773897635213,7009,0.712417,47,113.235,34.195946,0,0,1,0,0,3,0,0,0,0,2,0
1773897681421,7068,0.50449765,59,1.057,34.20712,0,0,1,0,0,3,0,0,0,0,2,0
1773897697484,7119,0.3507222,51,3.004,29.27937,0,0,1,0,0,3,0,0,0,0,2,0
1773897743693,7180,0.35709634,61,1.338,29.27394,0,0,1,0,0,3,0,0,0,0,2,0
1773897761768,7233,0.34942076,53,1.633,29.272863,0,0,1,0,0,3,0,0,0,0,2,0
1773897805958,7293,0.3546208,60,3.751,29.25997,0,0,1,0,0,3,0,0,0,0,2,0
1773897822006,7345,0.3492341,52,4.812,29.25091,0,0,1,0,0,3,0,0,0,0,2,0
1773897838081,7402,0.35030156,57,1.126,29.254599,0,0,1,0,0,3,0,0,0,0,2,0
1773897880267,7459,0.35031357,57,5.281,29.255268,0,0,1,0,0,3,0,0,0,0,2,0
1773897900326,7514,0.3488418,55,3.767,29.2512,0,0,1,0,0,3,0,0,0,0,2,0
1773897940498,7569,0.3643072,55,30.072,29.367823,0,0,1,0,0,3,0,0,0,0,2,0
1773897958597,7620,0.3527946,51,4.03,29.353197,0,0,1,0,0,3,0,0,0,0,2,0
1773898002795,7679,0.3553989,59,3.352,29.34963,0,0,1,0,0,3,0,0,0,0,2,0
1773898031056,7736,0.76509255,57,135.058,33.251938,0,0,1,0,0,3,0,0,0,0,2,0
1773898071251,7787,0.47057128,51,1.295,33.2564,0,0,1,0,0,3,0,0,0,0,2,0
1773898087291,7839,0.46950722,52,5.59,33.245888,0,0,1,0,0,3,0,0,0,0,2,0
1773898105357,7890,0.47034714,51,1.422,33.249733,0,0,1,0,0,3,0,0,0,0,2,0
1773898145521,7944,0.33688653,54,1.435,28.823353,0,0,1,0,0,3,0,0,0,0,2,0
1773898165598,7994,0.3391833,50,1.749,28.822992,0,0,1,0,0,3,0,0,0,0,2,0
1773898205790,8050,0.33712003,56,3.785,28.80888,0,0,1,0,0,3,0,0,0,0,2,0
1773898227874,8106,0.33684766,56,4.168,28.798574,0,0,1,0,0,3,0,0,0,0,2,0
1773898270099,8159,0.336352,53,1.416,28.799383,0,0,1,0,0,3,0,0,0,0,2,0
1773898288176,8217,0.33863306,58,8.429,28.777906,0,0,1,0,0,3,0,0,0,0,2,0
1773898308253,8272,0.33585,55,1.567,28.778944,0,0,1,0,0,3,0,0,0,0,2,0
1773898350410,8325,0.3357828,53,2.134,28.779877,0,0,1,0,0,3,0,0,0,0,2,0
1773898368490,8379,0.33829916,54,15.937,28.776941,0,0,1,0,0,3,0,0,0,0,2,0
1773898412713,8435,0.33643672,56,1.991,28.783115,0,0,1,0,0,3,0,0,0,0,2,0
1773898430829,8493,0.6807004,58,123.744,32.078392,0,0,1,0,0,3,0,0,0,0,2,0
1773898470986,8521,1,28,0,32.0998,0,0,1,0,0,3,0,0,0,30000,2,0
1773898477009,8547,0.5523541,26,1.172,32.10529,0,0,1,0,0,3,0,0,0,0,2,0
1773898503201,8599,0.43798247,52,20.086,32.102802,0,0,1,0,0,3,0,0,0,0,2,0
1773900023923,54,1,54,1.521,0,0,0,1,1,0,3,0,0,0,0,3,0
1773900044005,104,0.47817096,50,1.17,0.17550004,0,0,1,0,0,3,0,0,0,0,3,0
1773900078140,158,0.47493973,54,1.43,0.14872871,0,0,1,0,0,3,0,0,0,0,3,0
1773900098215,208,0.47865492,50,1.484,0.13737792,0,0,1,0,0,3,0,0,0,0,3,0
1773900144447,266,0.47655714,58,1.492,0.12812434,0,0,1,0,0,3,0,0,0,0,3,0
1773900164553,316,0.47892794,50,1.383,0.117745034,0,0,1,0,0,3,0,0,0,0,3,0
1773900184643,366,0.47903845,50,1.433,0.10922773,0,0,1,0,0,3,0,0,0,0,3,0
1773900220834,420,0.4755037,54,1.314,0.10761266,0,0,1,0,0,3,0,0,0,0,3,0
1773900240926,470,0.47891748,50,1.201,0.1197446,0,0,1,0,0,3,0,0,0,0,3,0
1773900277070,521,0.47708517,51,1.021,0.1567217,0,0,1,0,0,3,0,0,0,0,3,0
1773900297140,572,0.47621843,51,1.887,0.21590687,0,0,1,0,0,3,0,0,0,0,3,0
1773900317240,622,0.4776885,50,1.512,0.20926419,0,0,1,0,0,3,0,0,0,0,3,0
1773900371477,672,0.47780356,50,1.43,0.20117387,0,0,1,0,0,3,0,0,0,0,3,0
1773900421661,722,0.47785476,50,1.238,0.19862561,0,0,1,0,0,3,0,0,0,0,3,0
1773900441783,772,0.47782618,50,1.149,0.2013874,0,0,1,0,0,3,0,0,0,0,3,0
1773900492006,825,0.47416514,53,1.926,0.23588012,0,0,1,0,0,3,0,0,0,0,3,0
1773900566322,875,0.47112057,50,4.237,0.7030078,0,0,1,0,0,3,0,0,0,0,3,0
1773900620528,927,0.46898115,52,1.937,0.68812877,0,0,1,0,0,3,0,0,0,0,3,0
1773900684804,979,0.46920407,52,1.812,0.6714769,0,0,1,0,0,3,0,0,0,0,3,0
1773900716928,1030,0.4687946,51,3.55,0.7792524,0,0,1,0,0,3,0,0,0,0,3,0
1773900767172,1080,0.4704377,50,1.278,0.7659241,0,0,1,0,0,3,0,0,0,0,3,0
1773900805306,1130,0.47061533,50,1.357,0.75144476,0,0,1,0,0,3,0,0,0,0,3,0
1773900837442,1181,0.46942943,51,1.304,0.7387285,0,0,1,0,0,3,0,0,0,0,3,0
1773900887663,1232,0.46959832,51,1.415,0.72476363,0,0,1,0,0,3,0,0,0,0,3,0
1773900959919,1284,0.46870703,52,1.289,0.71353966,0,0,1,0,0,3,0,0,0,0,3,0
1773900979991,1334,0.471252,50,1.354,0.70170516,0,0,1,0,0,3,0,0,0,0,3,0
1773901032196,1385,0.47002348,51,1.203,0.69307995,0,0,1,0,0,3,0,0,0,0,3,0
1773901084445,1439,0.4679186,54,1.229,0.68415296,0,0,1,0,0,3,0,0,0,0,3,0
1773901104528,1490,0.4702538,51,1.287,0.6745426,0,0,1,0,0,3,0,0,0,0,3,0
1773901148719,1540,0.47170144,50,1.116,0.6684324,0,0,1,0,0,3,0,0,0,0,3,0
1773901212975,1599,0.4706702,59,1.214,0.66048574,0,0,1,0,0,3,0,0,0,0,3,0
1773901233061,1650,0.4705429,51,1.582,0.65010214,0,0,1,0,0,3,0,0,0,0,3,0
1773901255150,1703,0.46762827,53,3.61,0.73071,0,0,1,0,0,3,0,0,0,0,3,0
1773901323449,1753,0.47075942,50,2.468,0.7340986,0,0,1,0,0,3,0,0,0,0,3,0
1773901357598,1805,0.46848154,52,2.04,0.72656506,0,0,1,0,0,3,0,0,0,0,3,0
1773901391744,1855,0.43856254,50,40.784,6.470313,0,0,1,0,0,3,0,0,0,0,3,0
1773901423904,1905,0.41636962,50,1.377,6.386106,0,0,1,0,0,3,0,0,0,0,3,0
1773901443996,1955,0.41688973,50,1.537,6.304285,0,0,1,0,0,3,0,0,0,0,3,0
1773901498212,2005,0.41721392,50,6.975,6.259978,0,0,1,0,0,3,0,0,0,0,3,0
1773901546425,2056,0.4163159,51,1.737,6.1833906,0,0,1,0,0,3,0,0,0,0,3,0
1773901570511,2106,0.4182016,50,1.25,6.1119404,0,0,1,0,0,3,0,0,0,0,3,0
1773901624704,2157,0.41731358,51,1.237,6.042973,0,0,1,0,0,3,0,0,0,0,3,0
1773901678924,2211,0.41551983,54,1.515,5.9748964,0,0,1,0,0,3,0,0,0,0,3,0
1773901699008,2261,0.41957173,50,1.629,5.908599,0,0,1,0,0,3,0,0,0,0,3,0
1773901741204,2313,0.41759747,52,1.874,5.843654,0,0,1,0,0,3,0,0,0,0,3,0
1773901785419,2363,0.42047,50,1.666,5.7814527,0,0,1,0,0,3,0,0,0,0,3,0
1773901845656,2414,0.4195085,51,2.307,5.71977,0,0,1,0,0,3,0,0,0,0,3,0
1773901887836,2467,0.4182003,53,1.307,5.662844,0,0,1,0,0,3,0,0,0,0,3,0
1773901907917,2518,0.42039123,51,1.513,5.606732,0,0,1,0,0,3,0,0,0,0,3,0
1773901964110,2569,0.4207818,51,1.714,5.551593,0,0,1,0,0,3,0,0,0,0,3,0
1773902038440,2619,0.42255762,50,1.421,5.49903,0,0,1,0,0,3,0,0,0,0,3,0
1773902114825,2671,0.42052382,52,1.508,5.447616,0,0,1,0,0,3,0,0,0,0,3,0
1773902181075,2723,0.42091304,52,1.329,5.3982706,0,0,1,0,0,3,0,0,0,0,3,0
1773902229306,2774,0.42225558,51,2.626,5.3480988,0,0,1,0,0,3,0,0,0,0,3,0
1773902251396,2824,0.42405757,50,1.444,5.301017,0,0,1,0,0,3,0,0,0,0,3,0
1773902347825,2871,1,47,0,5.2634645,0,0,1,0,0,3,0,0,0,30000,3,0
1773902349827,2877,0.7884302,6,1.874,5.217553,0,0,1,0,0,3,0,0,0,0,3,0
1773902422140,2927,0.42504582,50,1.433,5.173893,0,0,1,0,0,3,0,0,0,0,3,0
1773902480434,2977,0.4253908,50,1.277,5.1318274,0,0,1,0,0,3,0,0,0,0,3,0
1773902500522,3028,0.42436042,51,1.218,5.09098,0,0,1,0,0,3,0,0,0,0,3,0
1773902546736,3081,0.4228747,53,1.31,5.0507736,0,0,1,0,0,3,0,0,0,0,3,0
1773902566842,3131,0.42634526,50,1.298,5.0115414,0,0,1,0,0,3,0,0,0,0,3,0
1773902625087,3182,0.42525193,51,1.951,4.971807,0,0,1,0,0,3,0,0,0,0,3,0
1773902695386,3235,0.4238216,53,1.159,4.9348464,0,0,1,0,0,3,0,0,0,0,3,0
1773902763702,3289,0.42332548,54,1.906,4.9341474,0,0,1,0,0,3,0,0,0,0,3,0
1773902833957,3340,0.4255825,51,1.772,4.9325776,0,0,1,0,0,3,0,0,0,0,3,0
1773902880157,3353,1,13,0,4.9396973,0,0,1,0,0,3,0,0,0,30000,3,0
1773902896226,3392,0.46212846,39,1.33,4.94012,0,0,1,0,0,3,0,0,0,0,3,0
1773902940394,3449,0.4238338,57,1.572,4.9399323,0,0,1,0,0,3,0,0,0,0,3,0
1773902960492,3499,0.4269032,50,1.551,4.9395022,0,0,1,0,0,3,0,0,0,0,3,0
1773903006754,3551,0.42450273,52,1.435,4.9394965,0,0,1,0,0,3,0,0,0,0,3,0
1773903026841,3601,0.42692092,50,1.364,4.9393473,0,0,1,0,0,3,0,0,0,0,3,0
1773903050969,3651,0.42691943,50,1.449,4.938598,0,0,1,0,0,3,0,0,0,0,3,0
1773903091135,3705,0.4233455,54,1.335,4.937498,0,0,1,0,0,3,0,0,0,0,3,0
1773903111222,3755,0.42693278,50,1.28,4.938842,0,0,1,0,0,3,0,0,0,0,3,0
1773903153386,3805,0.4266651,50,8.064,4.989546,0,0,1,0,0,3,0,0,0,0,3,0
1773903173477,3856,0.42516255,51,1.254,4.990117,0,0,1,0,0,3,0,0,0,0,3,0
1773903221700,3908,0.42408928,52,1.589,4.989054,0,0,1,0,0,3,0,0,0,0,3,0
1773903241784,3958,0.4265294,50,1.31,4.988472,0,0,1,0,0,3,0,0,0,0,3,0
1773903284012,4011,0.42336804,53,1.22,4.9902573,0,0,1,0,0,3,0,0,0,0,3,0
1773903304062,4062,0.42518714,51,1.312,4.9863844,0,0,1,0,0,3,0,0,0,0,3,0
1773903358273,4113,0.42514864,51,1.729,4.986707,0,0,1,0,0,3,0,0,0,0,3,0
1773903412512,4166,0.42337376,53,1.38,4.98769,0,0,1,0,0,3,0,0,0,0,3,0
1773903432643,4216,0.42652437,50,1.586,4.986063,0,0,1,0,0,3,0,0,0,0,3,0
1773903488839,4269,0.423272,53,3.368,4.9861836,0,0,1,0,0,3,0,0,0,0,3,0
1773903555085,4319,0.42653283,50,1.517,4.9857397,0,0,1,0,0,3,0,0,0,0,3,0
1773903603320,4373,0.4229623,54,1.251,4.9859138,0,0,1,0,0,3,0,0,0,0,3,0
1773903643448,4423,0.4265345,50,1.503,4.9856753,0,0,1,0,0,3,0,0,0,0,3,0
1773903687642,4473,0.4265202,50,1.803,4.9844155,0,0,1,0,0,3,0,0,0,0,3,0
1773903745927,4526,0.42333853,53,2.377,4.9828935,0,0,1,0,0,3,0,0,0,0,3,0
1773903802202,4580,0.42298576,54,1.284,4.9826117,0,0,1,0,0,3,0,0,0,0,3,0
1773903822263,4631,0.42520794,51,1.492,4.9817944,0,0,1,0,0,3,0,0,0,0,3,0
1773903870461,4681,0.4265899,50,1.219,4.9820294,0,0,1,0,0,3,0,0,0,0,3,0
1773903890547,4731,0.42658615,50,1.321,4.9812994,0,0,1,0,0,3,0,0,0,0,3,0
1773903920654,4782,0.4251848,51,2.036,4.9793987,0,0,1,0,0,3,0,0,0,0,3,0
1773903948787,4833,0.4252438,51,1.214,4.9805164,0,0,1,0,0,3,0,0,0,0,3,0
1773903998940,4892,0.42542845,59,1.237,4.9799247,0,0,1,0,0,3,0,0,0,0,3,0
1773904019031,4942,0.42658636,50,1.301,4.981506,0,0,1,0,0,3,0,0,0,0,3,0
1773904105392,4994,0.42412964,52,1.818,4.9817686,0,0,1,0,0,3,0,0,0,0,3,0
1773904161640,5048,0.4620741,54,1.41,1.1470737,0,0,1,0,0,3,0,0,0,0,3,0
1773904209877,5098,0.4656497,50,1.37,1.1471039,0,0,1,0,0,3,0,0,0,0,3,0
1773904282234,5152,0.462064,54,1.518,1.1471454,0,0,1,0,0,3,0,0,0,0,3,0
1773904358561,5203,0.46650726,51,3.409,0.96041167,0,0,1,0,0,3,0,0,0,0,3,0
1773904400752,5255,0.46556485,52,1.373,0.960854,0,0,1,0,0,3,0,0,0,0,3,0
1773904420848,5305,0.46797508,50,1.023,0.9626559,0,0,1,0,0,3,0,0,0,0,3,0
1773904442936,5355,0.46781525,50,2.448,0.96676946,0,0,1,0,0,3,0,0,0,0,3,0
1773904495145,5406,0.4665289,51,1.437,0.96697813,0,0,1,0,0,3,0,0,0,0,3,0
1773904539319,5457,0.4665287,51,1.327,0.9677619,0,0,1,0,0,3,0,0,0,0,3,0
1773904581492,5508,0.46562096,51,4.516,1.0312854,0,0,1,0,0,3,0,0,0,0,3,0
1773904617637,5562,0.46350268,54,1.413,1.031807,0,0,1,0,0,3,0,0,0,0,3,0
1773904647726,5617,0.4632021,55,2.823,1.0387175,0,0,1,0,0,3,0,0,0,0,3,0
1773904679867,5671,0.4634258,54,1.318,1.0386562,0,0,1,0,0,3,0,0,0,0,3,0
1773904717983,5726,0.46328685,55,1.439,1.0388848,0,0,1,0,0,3,0,0,0,0,3,0
1773904756143,5777,0.46562764,51,1.379,1.0395476,0,0,1,0,0,3,0,0,0,0,3,0
1773904784278,5827,0.4665384,50,3.605,1.0661408,0,0,1,0,0,3,0,0,0,0,3,0
1773904844505,5881,0.46296227,54,2.43,1.0695432,0,0,1,0,0,3,0,0,0,0,3,0
1773904894702,5931,0.46634328,50,3.142,1.0826358,0,0,1,0,0,3,0,0,0,0,3,0
1773904934934,5984,0.46303502,53,3.366,1.0957767,0,0,1,0,0,3,0,0,0,0,3,0
1773904975055,6034,0.46627727,50,1.45,1.0957494,0,0,1,0,0,3,0,0,0,0,3,0
1773905015258,6089,0.46283972,55,1.718,1.0730143,0,0,1,0,0,3,0,0,0,0,3,0
1773905043400,6144,0.46284887,55,1.544,1.073395,0,0,1,0,0,3,0,0,0,0,3,0
1773905081525,6198,0.46298546,54,1.274,1.074392,0,0,1,0,0,3,0,0,0,0,3,0
1773905129692,6252,0.46298084,54,1.029,1.0766555,0,0,1,0,0,3,0,0,0,0,3,0
1773905171876,6303,0.46471804,51,3.825,1.1036271,0,0,1,0,0,3,0,0,0,0,3,0
1773905204043,6356,0.46305117,53,1.429,1.1028663,0,0,1,0,0,3,0,0,0,0,3,0
1773905224115,6406,0.46620202,50,1.394,1.1022177,0,0,1,0,0,3,0,0,0,0,3,0
1773905262246,6458,0.46374828,52,2.052,1.1024716,0,0,1,0,0,3,0,0,0,0,3,0
1773905300439,6508,0.4660522,50,2.877,1.106836,0,0,1,0,0,3,0,0,0,0,3,0
1773905346625,6560,0.46372512,52,1.505,1.1076462,0,0,1,0,0,3,0,0,0,0,3,0
1773905392849,6614,0.4624617,54,2.426,1.1099348,0,0,1,0,0,3,0,0,0,0,3,0
1773905438999,6664,0.46639308,50,1.485,1.0861646,0,0,1,0,0,3,0,0,0,0,3,0
1773905483152,6715,0.4650096,51,2.172,1.0845336,0,0,1,0,0,3,0,0,0,0,3,0
1773905525339,6765,0.4662969,50,2.652,1.0878183,0,0,1,0,0,3,0,0,0,0,3,0
1773905547443,6815,0.46636817,50,1.381,1.0888962,0,0,1,0,0,3,0,0,0,0,3,0
1773905575546,6865,0.45314547,50,21.818,2.6973484,0,0,1,0,0,3,0,0,0,0,3,0
1773905603649,6917,0.4454313,52,2.274,2.6951709,0,0,1,0,0,3,0,0,0,0,3,0
1773905639790,6969,0.4450955,52,5.667,2.7264361,0,0,1,0,0,3,0,0,0,0,3,0
1773905679950,7019,0.44649988,50,9.526,2.8665507,0,0,1,0,0,3,0,0,0,0,3,0
1773905708091,7075,0.44257784,56,1.363,2.8660476,0,0,1,0,0,3,0,0,0,0,3,0
1773905744242,7125,0.44680142,50,4.404,2.788613,0,0,1,0,0,3,0,0,0,0,3,0
1773905784406,7181,0.44340143,56,1.122,2.7894914,0,0,1,0,0,3,0,0,0,0,3,0
1773905814536,7232,0.44553757,51,1.466,2.7900746,0,0,1,0,0,3,0,0,0,0,3,0
1773905840633,7284,0.44449896,52,1.43,2.7893999,0,0,1,0,0,3,0,0,0,0,3,0
1773905870727,7336,0.44452083,52,1.113,2.7901232,0,0,1,0,0,3,0,0,0,0,3,0
1773905890832,7386,0.44690567,50,1.347,2.7899187,0,0,1,0,0,3,0,0,0,0,3,0
1773905928997,7440,0.44329002,54,1.779,2.789745,0,0,1,0,0,3,0,0,0,0,3,0
1773905975235,7493,0.4437177,53,2.332,2.7869387,0,0,1,0,0,3,0,0,0,0,3,0
1773906005360,7545,0.4445136,52,1.527,2.787214,0,0,1,0,0,3,0,0,0,0,3,0
1773906029449,7595,0.4469362,50,1.213,2.7881951,0,0,1,0,0,3,0,0,0,0,3,0
1773906065623,7647,0.44450858,52,1.385,2.788863,0,0,1,0,0,3,0,0,0,0,3,0
1773906103778,7698,0.44551164,51,2.555,2.7855003,0,0,1,0,0,3,0,0,0,0,3,0
1773906137912,7748,0.4469316,50,1.691,2.78468,0,0,1,0,0,3,0,0,0,0,3,0
1773906184095,7798,0.4469113,50,2.065,2.7840269,0,0,1,0,0,3,0,0,0,0,3,0
1773906236321,7850,0.4445124,52,1.874,2.7847347,0,0,1,0,0,3,0,0,0,0,3,0
1773906276497,7900,0.50227153,50,81.977,10.254782,0,0,1,0,0,3,0,0,0,0,3,0
1773906326695,7951,0.39820725,51,1.985,10.253356,0,0,1,0,0,3,0,0,0,0,3,0
1773906372899,8002,0.3982558,51,1.422,10.252637,0,0,1,0,0,3,0,0,0,0,3,0
1773906421124,8057,0.39587015,55,1.34,10.25257,0,0,1,0,0,3,0,0,0,0,3,0
1773906463249,8107,0.39954886,50,2.399,10.25178,0,0,1,0,0,3,0,0,0,0,3,0
1773906493380,8157,0.39959303,50,1.828,10.249783,0,0,1,0,0,3,0,0,0,0,3,0
1773906527544,8208,0.3982347,51,1.781,10.247995,0,0,1,0,0,3,0,0,0,0,3,0
1773906563671,8258,0.39963505,50,1.397,10.247656,0,0,1,0,0,3,0,0,0,0,3,0
1773906591776,8311,0.3964483,53,1.479,10.248698,0,0,1,0,0,3,0,0,0,0,3,0
1773906639984,8365,0.3959919,54,1.627,10.247989,0,0,1,0,0,3,0,0,0,0,3,0
1773906672119,8417,0.39719415,52,1.581,10.247283,0,0,1,0,0,3,0,0,0,0,3,0
1773906698221,8469,0.3971483,52,2.236,10.245313,0,0,1,0,0,3,0,0,0,0,3,0
1773906730367,8519,0.3996435,50,1.264,10.249659,0,0,1,0,0,3,0,0,0,0,3,0
1773906780599,8572,0.39644542,53,1.498,10.249237,0,0,1,0,0,3,0,0,0,0,3,0
1773906808718,8622,0.39962864,50,1.467,10.247606,0,0,1,0,0,3,0,0,0,0,3,0
1773906832826,8673,0.39825764,51,1.462,10.250154,0,0,1,0,0,3,0,0,0,0,3,0
1773906872968,8723,0.39964572,50,1.213,10.250946,0,0,1,0,0,3,0,0,0,0,3,0
1773906909101,8773,0.39960223,50,1.717,10.249684,0,0,1,0,0,3,0,0,0,0,3,0
1773906949285,8826,0.39643365,53,1.554,10.252333,0,0,1,0,0,3,0,0,0,0,3,0
1773906993470,8876,0.39960423,50,1.644,10.251603,0,0,1,0,0,3,0,0,0,0,3,0
1773907043690,8926,0.39957893,50,1.911,10.25331,0,0,1,0,0,3,0,0,0,0,3,0
1773907093925,8979,0.39638263,53,2.264,10.250709,0,0,1,0,0,3,0,0,0,0,3,0
1773907136121,9034,0.39587995,55,1.268,10.251295,0,0,1,0,0,3,0,0,0,0,3,0
1773907172249,9087,0.39647585,53,7.337,10.257752,0,0,1,0,0,3,0,0,0,0,3,0
1773907204398,9140,0.4540705,53,63.557,12.662502,0,0,1,0,0,3,0,0,0,0,3,0
1773907252602,9192,0.3951698,52,1.618,12.665109,0,0,1,0,0,3,0,0,0,0,3,0
1773907302815,9251,0.3963947,59,1.008,12.671755,0,0,1,0,0,3,0,0,0,0,3,0
1773907336935,9301,0.397632,50,1.354,12.677233,0,0,1,0,0,3,0,0,0,0,3,0
1773907389171,9355,0.39400536,54,1.275,12.677919,0,0,1,0,0,3,0,0,0,0,3,0
1773907413284,9406,0.39616337,51,2.664,12.67516,0,0,1,0,0,3,0,0,0,0,3,0
1773907447435,9460,0.3939505,54,6.597,12.671838,0,0,1,0,0,3,0,0,0,0,3,0
1773907507716,9515,0.39371005,55,4.181,12.664886,0,0,1,0,0,3,0,0,0,0,3,0
1773907539858,9566,0.3962396,51,1.519,12.66282,0,0,1,0,0,3,0,0,0,0,3,0
1773907576037,9621,0.3938519,55,1.354,12.669184,0,0,1,0,0,3,0,0,0,0,3,0
1773907626243,9672,0.39613077,51,3.3,12.663857,0,0,1,0,0,3,0,0,0,0,3,0
1773907652337,9722,0.39761892,50,1.417,12.663763,0,0,1,0,0,3,0,0,0,0,3,0
1773907680463,9775,0.39444953,53,1.257,12.666733,0,0,1,0,0,3,0,0,0,0,3,0
1773907712583,9832,0.39440155,57,2.483,12.667702,0,0,1,0,0,3,0,0,0,0,3,0
1773907766757,9884,0.39513388,52,2.066,12.665702,0,0,1,0,0,3,0,0,0,0,3,0
1773907804912,9934,0.39762762,50,1.357,12.669365,0,0,1,0,0,3,0,0,0,0,3,0
1773907831022,9985,0.39622748,51,1.69,12.668589,0,0,1,0,0,3,0,0,0,0,3,0
1773907875204,10038,0.39439043,53,1.934,12.669353,0,0,1,0,0,3,0,0,0,0,3,0
1773907929425,10095,0.3944062,57,6.038,12.667927,0,0,1,0,0,3,0,0,0,0,3,0
1773907971631,10145,0.39764097,50,1.219,12.668607,0,0,1,0,0,3,0,0,0,0,3,0
1773907997726,10198,0.3943798,53,1.224,12.490288,0,0,1,0,0,3,0,0,0,0,3,0
1773908027842,10254,0.39393827,56,1.424,12.492981,0,0,1,0,0,3,0,0,0,0,3,0
1773908059925,10312,0.39518484,58,1.51,12.496903,0,0,1,0,0,3,0,0,0,0,3,0
1773908082010,10362,0.3975104,50,1.802,12.483245,0,0,1,0,0,3,0,0,0,0,3,0
1773908114110,10416,0.39390007,54,1.529,12.482675,0,0,1,0,0,3,0,0,0,0,3,0
1773908223393,51,0.7742656,51,3.321,0,0,0,1,1,0,3,0,0,0,0,2,0
1773908263532,107,0.008007306,56,1.366,0.9775,0,0,1,0,0,3,0,0,0,0,2,0
1773908297659,159,0.0076891463,52,1.792,0.8394007,0,0,1,0,0,3,0,0,0,0,2,0
1773908345854,211,0.008127898,52,2.288,0.7290633,0,0,1,0,0,3,0,0,0,0,2,0
1773908375988,262,0.008797653,51,1.608,0.69263905,0,0,1,0,0,3,0,0,0,0,2,0
1773908422156,314,0.008286979,52,1.225,0.70720434,0,0,1,0,0,3,0,0,0,0,2,0
1773908464341,364,0.009543367,50,1.206,0.702472,0,0,1,0,0,3,0,0,0,0,2,0
1773908498477,414,0.009690087,50,1.638,0.6601451,0,0,1,0,0,3,0,0,0,0,2,0
1773908538687,466,0.0086163655,52,1.629,0.6248576,0,0,1,0,0,3,0,0,0,0,2,0
1773908568807,519,0.008488135,53,1.215,0.617037,0,0,1,0,0,3,0,0,0,0,2,0
1773908618996,572,0.0085221995,53,1.164,0.6103163,0,0,1,0,0,3,0,0,0,0,2,0
1773908661184,624,0.0052570677,52,6.824,1.5377752,0,0,1,0,0,3,0,0,0,0,2,0
1773908689313,674,0.0065648844,50,1.075,1.5027887,0,0,1,0,0,3,0,0,0,0,2,0
1773908731500,726,0.00538376,52,1.192,1.4640034,0,0,1,0,0,3,0,0,0,0,2,0
1773908761667,778,0.0055109584,52,1.291,1.4243886,0,0,1,0,0,3,0,0,0,0,2,0
1773908805889,835,0.0073191174,57,1.721,1.3800186,0,0,1,0,0,3,0,0,0,0,2,0
1773908835993,885,0.007055719,50,1.883,1.3388294,0,0,1,0,0,3,0,0,0,0,2,0
1773908878165,935,0.0071970527,50,1.149,1.3126762,0,0,1,0,0,3,0,0,0,0,2,0
1773908926370,992,0.007691255,57,1.019,1.2915862,0,0,1,0,0,3,0,0,0,0,2,0
1773908968588,1050,0.008959327,58,1.314,1.2637296,0,0,1,0,0,3,0,0,0,0,2,0
1773909014769,1107,0.007878425,57,1.428,1.2357613,0,0,1,0,0,3,0,0,0,0,2,0
1773909061005,1161,0.0061110635,54,1.213,1.2130812,0,0,1,0,0,3,0,0,0,0,2,0
1773909093153,1215,0.0061872345,54,1.536,1.1872401,0,0,1,0,0,3,0,0,0,0,2,0
1773909137364,1265,0.0067697484,50,6.002,1.4404838,0,0,1,0,0,3,0,0,0,0,2,0
1773909163460,1318,0.005307956,53,1.46,1.4142656,0,0,1,0,0,3,0,0,0,0,2,0
1773909213642,1373,0.004812854,55,7.57,1.7638502,0,0,1,0,0,3,0,0,0,0,2,0
1773909259838,1428,0.00461865,55,1.491,1.734954,0,0,1,0,0,3,0,0,0,0,2,0
1773909295977,1479,0.0050602397,51,2.418,1.704732,0,0,1,0,0,3,0,0,0,0,2,0
1773909340198,1531,0.004396479,52,5.218,1.7685635,0,0,1,0,0,3,0,0,0,0,2,0
1773909388427,1585,0.0041916696,54,3.456,1.7530326,0,0,1,0,0,3,0,0,0,0,2,0
1773909418558,1642,0.006120001,57,1.162,1.7353457,0,0,1,0,0,3,0,0,0,0,2,0
1773909460707,1693,0.005014229,51,3.107,1.714947,0,0,1,0,0,3,0,0,0,0,2,0
1773909496870,1747,0.0044277916,54,1.429,1.6946084,0,0,1,0,0,3,0,0,0,0,2,0
1773909537068,1798,0.0052081146,51,1.136,1.6796018,0,0,1,0,0,3,0,0,0,0,2,0
1773909569213,1852,0.004350842,54,4.94,1.7175484,0,0,1,0,0,3,0,0,0,0,2,0
1773909607367,1904,0.004615785,52,1.117,1.7041111,0,0,1,0,0,3,0,0,0,0,2,0
1773909651575,1954,0.005906144,50,2.867,1.6840074,0,0,1,0,0,3,0,0,0,0,2,0
1773909677674,2004,0.006031762,50,1.126,1.6715165,0,0,1,0,0,3,0,0,0,0,2,0
1773909721895,2054,0.0058379895,50,5.462,1.7274009,0,0,1,0,0,3,0,0,0,0,2,0
1773909762155,2105,0.005095028,51,1.282,1.713194,0,0,1,0,0,3,0,0,0,0,2,0
1773909810328,2155,0.0059362664,50,1.282,1.6992099,0,0,1,0,0,3,0,0,0,0,2,0
1773909852529,2210,0.004794675,55,0.993,1.6899188,0,0,1,0,0,3,0,0,0,0,2,0
1773909884642,2260,0.0059085297,50,3.498,1.6810695,0,0,1,0,0,3,0,0,0,0,2,0
1773909934800,2316,0.0054447935,56,1.48,1.6659011,0,0,1,0,0,3,0,0,0,0,2,0
1773909980965,2367,0.0051716287,51,3.805,1.6633463,0,0,1,0,0,3,0,0,0,0,2,0
1773910009090,2418,0.005260284,51,1.944,1.6458772,0,0,1,0,0,3,0,0,0,0,2,0
1773910049233,2470,0.004736989,52,3.483,1.6376817,0,0,1,0,0,3,0,0,0,0,2,0
1773910079389,2522,0.004692205,52,5.04,1.6673125,0,0,1,0,0,3,0,0,0,0,2,0
1773910127580,2574,0.004745822,52,1.401,1.6556731,0,0,1,0,0,3,0,0,0,0,2,0
1773910161745,2628,0.0045860643,54,1.573,1.6424733,0,0,1,0,0,3,0,0,0,0,2,0
1773910203952,2681,0.004581445,53,1.601,1.6293161,0,0,1,0,0,3,0,0,0,0,2,0
1773910250170,2732,0.0053409226,51,2.409,1.6136395,0,0,1,0,0,3,0,0,0,0,2,0
1773910280350,2786,0.0047323573,54,1.124,1.6063979,0,0,1,0,0,3,0,0,0,0,2,0
1773910324479,2837,0.005448142,51,1.431,1.5955894,0,0,1,0,0,3,0,0,0,0,2,0
1773910354591,2888,0.005484652,51,1.358,1.5856726,0,0,1,0,0,3,0,0,0,0,2,0
1773910402812,2942,0.0046153637,54,7.205,1.7029446,0,0,1,0,0,3,0,0,0,0,2,0
1773910453024,2994,0.004547443,52,3.904,1.7004043,0,0,1,0,0,3,0,0,0,0,2,0
1773910483173,3044,0.0059377803,50,1.803,1.6872752,0,0,1,0,0,3,0,0,0,0,2,0
1773910531399,3094,0.005988993,50,1.498,1.6765805,0,0,1,0,0,3,0,0,0,0,2,0
1773910565550,3145,0.005080892,51,6.836,1.759284,0,0,1,0,0,3,0,0,0,0,2,0
1773910617773,3203,0.0072209467,58,1.416,1.749426,0,0,1,0,0,3,0,0,0,0,2,0
1773910665952,3259,0.0052184826,56,1.101,1.7429636,0,0,1,0,0,3,0,0,0,0,2,0
1773910700072,3314,0.0045549413,55,4.697,1.7531695,0,0,1,0,0,3,0,0,0,0,2,0
1773910742246,3364,0.0057979105,50,1.332,1.7446084,0,0,1,0,0,3,0,0,0,0,2,0
1773910790511,3414,0.0057844818,50,1.567,1.7436906,0,0,1,0,0,3,0,0,0,0,2,0
1773910822662,3472,0.007247501,58,1.164,1.74569,0,0,1,0,0,3,0,0,0,0,2,0
1773910864891,3522,0.0057377224,50,2.49,1.7442328,0,0,1,0,0,3,0,0,0,0,2,0
1773910927166,3575,0.00420537,53,1.826,1.7455524,0,0,1,0,0,3,0,0,0,0,2,0
1773910967326,3629,0.0042129555,54,3.199,1.7458184,0,0,1,0,0,3,0,0,0,0,2,0
1773911009478,3681,0.0043995306,52,3.895,1.7492055,0,0,1,0,0,3,0,0,0,0,2,0
1773911049652,3731,0.005743533,50,2.486,1.7422973,0,0,1,0,0,3,0,0,0,0,2,0
1773911083829,3781,0.0056985896,50,4.684,1.7607267,0,0,1,0,0,3,0,0,0,0,2,0
1773911128081,3838,0.0060234405,57,1.159,1.7653457,0,0,1,0,0,3,0,0,0,0,2,0
1773911182327,3891,0.0041741193,53,1.428,1.7631208,0,0,1,0,0,3,0,0,0,0,2,0
1773911216452,3945,0.0042211404,54,1.473,1.7598687,0,0,1,0,0,3,0,0,0,0,2,0
1773911262675,3996,0.0050829304,51,5.483,1.715781,0,0,1,0,0,3,0,0,0,0,2,0
1773911298795,4046,0.014375213,50,29.504,3.7577796,0,0,1,0,0,3,0,0,0,0,2,0
1773911338974,4100,0.0005570056,54,1.363,3.756603,0,0,1,0,0,3,0,0,0,0,2,0
1773911385176,4151,0.0015266867,51,1.266,3.7567751,0,0,1,0,0,3,0,0,0,0,2,0
1773911419312,4203,0.00086856046,52,3.435,3.7541487,0,0,1,0,0,3,0,0,0,0,2,0
1773911463489,4254,0.0015161788,51,1.465,3.756379,0,0,1,0,0,3,0,0,0,0,2,0
1773911497647,4305,0.0014903245,51,2.23,3.7506545,0,0,1,0,0,3,0,0,0,0,2,0
1773911537780,4358,0.00057852746,53,1.663,3.746268,0,0,1,0,0,3,0,0,0,0,2,0
1773911585981,4408,0.0024415115,50,4.601,3.7456057,0,0,1,0,0,3,0,0,0,0,2,0
1773911614104,4461,0.00061525643,53,0.956,3.7492187,0,0,1,0,0,3,0,0,0,0,2,0
1773911662316,4514,0.0005824005,53,1.568,3.7467968,0,0,1,0,0,3,0,0,0,0,2,0
1773911714552,4566,0.0012929788,52,8.058,3.7931926,0,0,1,0,0,3,0,0,0,0,2,0
1773911748683,4618,0.00089048786,52,1.4,3.7816987,0,0,1,0,0,3,0,0,0,0,2,0
1773911796939,4671,0.00060218817,53,4.94,3.7833254,0,0,1,0,0,3,0,0,0,0,2,0
1773911833082,4721,0.0024393462,50,1.342,3.7473862,0,0,1,0,0,3,0,0,0,0,2,0
1773911879285,4776,0.0007966463,55,3.64,3.74319,0,0,1,0,0,3,0,0,0,0,2,0
1773911925504,4827,0.0015396524,51,1.102,3.750215,0,0,1,0,0,3,0,0,0,0,2,0
1773911961671,4877,0.002466489,50,0.896,3.7491157,0,0,1,0,0,3,0,0,0,0,2,0
1773912007850,4932,0.0008136882,55,1.409,3.7534957,0,0,1,0,0,3,0,0,0,0,2,0
1773912056092,4959,0.85994464,27,0,3.7647986,0,0,1,0,0,3,0,0,0,30000,2,0
1773912066147,4982,0.1377574,23,1.359,3.7696228,0,0,1,0,0,3,0,0,0,0,2,0
1773912118345,5020,0.789016,38,0,3.7823896,0,0,1,0,0,3,0,0,0,30000,2,0
1773912134408,5037,0.19677596,17,2.106,3.7773814,0,0,1,0,0,3,0,0,0,0,2,0
1773912182576,5090,0.0005899721,53,1.134,3.7744026,0,0,1,0,0,3,0,0,0,0,2,0
1773912220774,5141,0.001474167,51,2.736,3.768337,0,0,1,0,0,3,0,0,0,0,2,0
1773912273028,5191,0.0024960665,50,5.566,3.7834375,0,0,1,0,0,3,0,0,0,0,2,0
1773912331274,5243,0.00088793744,52,1.454,3.7812717,0,0,1,0,0,3,0,0,0,0,2,0
1773912379472,5295,0.00087608566,52,1.863,3.7693565,0,0,1,0,0,3,0,0,0,0,2,0
1773912411579,5348,0.00077125884,53,6.703,3.7943451,0,0,1,0,0,3,0,0,0,0,2,0
1773912461757,5402,0.0005066941,54,2.222,3.7897956,0,0,1,0,0,3,0,0,0,0,2,0
1773912509952,5452,0.0024390467,50,1.053,3.7893226,0,0,1,0,0,3,0,0,0,0,2,0
1773912550172,5504,0.00084839924,52,3.173,3.7887828,0,0,1,0,0,3,0,0,0,0,2,0
1773912594339,5562,0.003307693,58,1.054,3.7916965,0,0,1,0,0,3,0,0,0,0,2,0
1773912642557,5612,0.0024122773,50,1.488,3.7941635,0,0,1,0,0,3,0,0,0,0,2,0
1773912674666,5669,0.0021640374,57,1.323,3.797355,0,0,1,0,0,3,0,0,0,0,2,0
1773912728857,5722,0.0005395021,53,3.858,3.798575,0,0,1,0,0,3,0,0,0,0,2,0
1773912775088,5779,0.0022990236,57,5.98,3.8086903,0,0,1,0,0,3,0,0,0,0,2,0
1773912805184,5829,0.0024598392,50,5.27,3.8151536,0,0,1,0,0,3,0,0,0,0,2,0
1773912859368,5884,0.0012241441,55,8.289,3.8676138,0,0,1,0,0,3,0,0,0,0,2,0
1773912913689,5938,0.0004975363,54,1.378,3.8690298,0,0,1,0,0,3,0,0,0,0,2,0
1773912943865,5988,0.0024786475,50,5.717,3.882067,0,0,1,0,0,3,0,0,0,0,2,0
1773912992038,6039,0.0014335781,51,3.166,3.8739858,0,0,1,0,0,3,0,0,0,0,2,0
1773913046251,6090,0.0014705657,51,1.433,3.8739722,0,0,1,0,0,3,0,0,0,0,2,0
1773913076385,6143,0.0005219718,53,1.522,3.8728442,0,0,1,0,0,3,0,0,0,0,2,0
1773913116602,6151,1,8,0,3.8579035,0,0,1,0,0,3,0,0,0,30000,2,0
1773913134674,6194,0.017046433,43,1.146,3.863336,0,0,1,0,0,3,0,0,0,0,2,0
1773913182883,6215,0.91362864,21,0,3.8784344,0,0,1,0,0,3,0,0,0,30000,2,0
1773913198933,6246,0.07561838,31,6.477,3.8981755,0,0,1,0,0,3,0,0,0,0,2,0
1773913249190,6273,0.85980564,27,0,3.8863294,0,0,1,0,0,3,0,0,0,30000,2,0
1773913267273,6296,0.13790846,23,5.521,3.8946304,0,0,1,0,0,3,0,0,0,0,2,0
1773913321489,6346,0.0024615647,50,5.58,3.9001684,0,0,1,0,0,3,0,0,0,0,2,0
1773913377796,6391,0.7627747,45,0,3.9129786,0,0,1,0,0,3,0,0,0,30000,2,0
1773913387822,6397,0.33271086,6,2.4,3.9081304,0,0,1,0,0,3,0,0,0,0,2,0
1773913417953,6448,0.0014280558,51,2.393,3.9047053,0,0,1,0,0,3,0,0,0,0,2,0
1773913450070,6449,1,1,0,3.9160175,0,0,1,0,0,3,0,0,0,30000,2,0
1773913476172,6506,0.0020981962,57,1.268,3.9214578,0,0,1,0,0,3,0,0,0,0,2,0
1773913514316,6515,1,9,0,3.9364078,0,0,1,0,0,3,0,0,0,30000,2,0
1773913536414,6556,0.023847837,41,1.852,3.9386609,0,0,1,0,0,3,0,0,0,0,2,0
1773913600764,6610,0.0004498269,54,1.823,3.9391634,0,0,1,0,0,3,0,0,0,0,2,0
1773913646961,6629,0.93388325,19,0,3.955318,0,0,1,0,0,3,0,0,0,30000,2,0
1773913665053,6662,0.062905505,33,1.165,3.9541109,0,0,1,0,0,3,0,0,0,0,2,0
1773913713263,6691,0.8441518,29,0,3.9642732,0,0,1,0,0,3,0,0,0,30000,2,0
1773913721294,6712,0.15655881,21,1.393,3.964463,0,0,1,0,0,3,0,0,0,0,2,0
1773913779483,6753,0.7755808,41,0,3.9763103,0,0,1,0,0,3,0,0,0,30000,2,0
1773913785496,6767,0.23064063,14,1.672,3.9637296,0,0,1,0,0,3,0,0,0,0,2,0
1773913845747,6815,0.75947547,48,0,2.0964181,0,0,1,0,0,3,0,0,0,30000,2,0
1773913869867,6825,0.27726197,10,3.367,2.0979316,0,0,1,0,0,3,0,0,0,0,2,0
1773913910045,6832,1,7,0,2.1133049,0,0,1,0,0,3,0,0,0,30000,2,0
1773913940153,6877,0.013155567,45,2.945,2.1099172,0,0,1,0,0,3,0,0,0,0,2,0
1773913978276,6884,1,7,0,2.1262133,0,0,1,0,0,3,0,0,0,30000,2,0
1773914000372,6929,0.013136185,45,6.634,2.195277,0,0,1,0,0,3,0,0,0,0,2,0
1773914042550,6949,0.9266515,20,0,2.212412,0,0,1,0,0,3,0,0,0,30000,2,0
1773914062608,6982,0.06316847,33,4.393,2.2091384,0,0,1,0,0,3,0,0,0,0,2,0
1773914120845,7035,0.0029147281,53,2.412,2.202993,0,0,1,0,0,3,0,0,0,0,2,0
1773914183114,7092,0.0047051273,57,1.977,2.2014782,0,0,1,0,0,3,0,0,0,0,2,0
1773914243400,7138,0.7640657,46,0,2.096351,0,0,1,0,0,3,0,0,0,30000,2,0
1773914257501,7146,0.3032617,8,2.063,2.0941486,0,0,1,0,0,3,0,0,0,0,2,0
1773914309752,7183,0.798477,37,0,2.0820813,0,0,1,0,0,3,0,0,0,30000,2,0
1773914325811,7198,0.21770804,15,1.421,2.081652,0,0,1,0,0,3,0,0,0,0,2,0
1773914376081,7227,0.84828204,29,0,2.088682,0,0,1,0,0,3,0,0,0,30000,2,0
1773914400197,7249,0.14639685,22,1.927,2.0853393,0,0,1,0,0,3,0,0,0,0,2,0
1773914442488,7259,1,10,0,2.096101,0,0,1,0,0,3,0,0,0,30000,2,0
1773914472599,7299,0.029024852,40,1.539,2.095544,0,0,1,0,0,3,0,0,0,0,2,0
1773914508826,7309,1,10,0,2.095544,0,0,1,0,0,3,0,0,0,30000,2,0
1773914541002,7350,0.025230153,41,2.558,2.0946398,0,0,1,0,0,3,0,0,0,0,2,0
1773914575245,7354,1,4,0,2.0946398,0,0,1,0,0,3,0,0,0,30000,2,0
1773914599375,7402,0.0073063225,48,1.429,2.0961351,0,0,1,0,0,3,0,0,0,0,2,0
1773914651581,7458,0.00415543,56,1.381,2.094656,0,0,1,0,0,3,0,0,0,0,2,0
1773914707904,7509,0.0040002237,51,1.92,2.0929995,0,0,1,0,0,3,0,0,0,0,2,0
1773914734015,7564,0.0036703737,55,2.108,2.0456207,0,0,1,0,0,3,0,0,0,0,2,0
1773914786239,7615,0.004102215,51,2.453,2.0452414,0,0,1,0,0,3,0,0,0,0,2,0
1773914838546,7667,0.0035931426,52,1.885,2.0452182,0,0,1,0,0,3,0,0,0,0,2,0
1773914872710,7723,0.0044968277,56,2.537,1.959356,0,0,1,0,0,3,0,0,0,0,2,0
1773914920980,7775,0.0037417177,52,5.339,2.0038373,0,0,1,0,0,3,0,0,0,0,2,0
1773914971171,7825,0.0050872276,50,1.25,2.0025392,0,0,1,0,0,3,0,0,0,0,2,0
1773915011363,7875,0.0050928346,50,1.308,1.9987956,0,0,1,0,0,3,0,0,0,0,2,0
1773915057572,7926,0.0042371945,51,2.299,1.9958531,0,0,1,0,0,3,0,0,0,0,2,0
1773915107909,7976,0.0049974043,50,3.815,2.0075667,0,0,1,0,0,3,0,0,0,0,2,0
1773915148052,8026,0.004998346,50,2.854,2.0081837,0,0,1,0,0,3,0,0,0,0,2,0
1773915216362,8076,0.0050794887,50,1.629,1.9957935,0,0,1,0,0,3,0,0,0,0,2,0
1773915258570,8126,0.0051798415,50,3.148,1.9379234,0,0,1,0,0,3,0,0,0,0,2,0
1773915310854,8179,0.0037780376,53,1.621,1.8931459,0,0,1,0,0,3,0,0,0,0,2,0
1773915373181,8234,0.004678173,55,1.59,1.7144632,0,0,1,0,0,3,0,0,0,0,2,0
1773915431515,8284,0.0058670426,50,1.663,1.7137104,0,0,1,0,0,3,0,0,0,0,2,0
1773915467691,8334,0.0061106444,50,1.235,1.6428298,0,0,1,0,0,3,0,0,0,0,2,0
1773915526012,8384,0.0060867644,50,2.071,1.63359,0,0,1,0,0,3,0,0,0,0,2,0
1773915570270,8436,0.0047807214,52,2.016,1.6335604,0,0,1,0,0,3,0,0,0,0,2,0
1773915608464,8490,0.0045181713,54,3.602,1.6496243,0,0,1,0,0,3,0,0,0,0,2,0
1773915666735,8546,0.0055466285,56,1.486,1.6349846,0,0,1,0,0,3,0,0,0,0,2,0
1773915727073,8597,0.0053365426,51,1.295,1.634172,0,0,1,0,0,3,0,0,0,0,2,0
1773915791394,8651,0.0044654496,54,7.552,1.7676884,0,0,1,0,0,3,0,0,0,0,2,0
1773915851682,8701,0.005988218,50,1.755,1.6714712,0,0,1,0,0,3,0,0,0,0,2,0
1773915899958,8756,0.004884632,55,1.213,1.6573551,0,0,1,0,0,3,0,0,0,0,2,0
1773915928118,8807,0.005453341,51,1.519,1.5920931,0,0,1,0,0,3,0,0,0,0,2,0
1773915986407,8858,0.005686802,51,1.534,1.5191226,0,0,1,0,0,3,0,0,0,0,2,0
1773916040679,8914,0.0058200452,56,5.117,1.5600804,0,0,1,0,0,3,0,0,0,0,2,0
1773916109066,8967,0.004705797,53,3.715,1.5762937,0,0,1,0,0,3,0,0,0,0,2,0
1773916167337,9020,0.0047646267,53,1.463,1.5753263,0,0,1,0,0,3,0,0,0,0,2,0
1773916203567,9071,0.005431668,51,3.962,1.580593,0,0,1,0,0,3,0,0,0,0,2,0
1773916255904,9121,0.0062827524,50,1.596,1.5791388,0,0,1,0,0,3,0,0,0,0,2,0
1773916306228,9174,0.004807732,53,1.461,1.5622251,0,0,1,0,0,3,0,0,0,0,2,0
1773916342405,9226,0.0050321757,52,1.551,1.5628327,0,0,1,0,0,3,0,0,0,0,2,0
1773916392646,9284,0.007842415,58,1.565,1.5633614,0,0,1,0,0,3,0,0,0,0,2,0
1773916446974,9335,0.005556583,51,2.384,1.5460252,0,0,1,0,0,3,0,0,0,0,2,0
1773916503193,9385,0.006407497,50,1.369,1.5446457,0,0,1,0,0,3,0,0,0,0,2,0
1773916541351,9435,0.006458559,50,1.466,1.5265095,0,0,1,0,0,3,0,0,0,0,2,0
1773916591576,9488,0.004871544,53,2.669,1.5273029,0,0,1,0,0,3,0,0,0,0,2,0
1773916633750,9540,0.0051915534,52,1.995,1.5067903,0,0,1,0,0,3,0,0,0,0,2,0
1773916665852,9590,0.0065124636,50,1.593,1.5071001,0,0,1,0,0,3,0,0,0,0,2,0
1773916712044,9640,0.0065906043,50,1.355,1.4881108,0,0,1,0,0,3,0,0,0,0,2,0
1773916760258,9690,0.0066241967,50,1.166,1.4822665,0,0,1,0,0,3,0,0,0,0,2,0
1773916790375,9741,0.0058912965,51,1.191,1.4644485,0,0,1,0,0,3,0,0,0,0,2,0
1773916850573,9799,0.008210411,58,1.479,1.4611925,0,0,1,0,0,3,0,0,0,0,2,0
1773916908789,9851,0.0054159905,52,2.023,1.4394648,0,0,1,0,0,3,0,0,0,0,2,0
1773916946952,9901,0.007158543,50,1.351,1.3192029,0,0,1,0,0,3,0,0,0,0,2,0
1773916995114,9952,0.0064181876,51,1.957,1.2963243,0,0,1,0,0,3,0,0,0,0,2,0
1773917047348,10003,0.006512117,51,2.58,1.262483,0,0,1,0,0,3,0,0,0,0,2,0
1773917093557,10055,0.0060407515,52,2.029,1.2611572,0,0,1,0,0,3,0,0,0,0,2,0
1773917121655,10106,0.0065717706,51,1.395,1.2629398,0,0,1,0,0,3,0,0,0,0,2,0
1773917167841,10159,0.0059377663,53,1.238,1.2425648,0,0,1,0,0,3,0,0,0,0,2,0
1773917203967,10210,0.006632081,51,1.527,1.2435689,0,0,1,0,0,3,0,0,0,0,2,0
1773917246142,10261,0.0066309436,51,3.029,1.226362,0,0,1,0,0,3,0,0,0,0,2,0
1773917300363,10313,0.0061102137,52,3.171,1.2329257,0,0,1,0,0,3,0,0,0,0,2,0
1773917336456,10368,0.0064321347,55,2.047,1.2065196,0,0,1,0,0,3,0,0,0,0,2,0
1773917386664,10420,0.006211124,52,2.601,1.2083708,0,0,1,0,0,3,0,0,0,0,2,0
1773917436882,10473,0.015105566,53,32.231,3.9200137,0,0,1,0,0,3,0,0,0,0,2,0
1773917471011,10525,0.00082381594,52,1.646,3.9196,0,0,1,0,0,3,0,0,0,0,2,0
1773917515186,10575,0.002909008,50,8.775,3.9805744,0,0,1,0,0,3,0,0,0,0,2,0
1773917567423,10627,0.00085760263,52,5.062,3.9912837,0,0,1,0,0,3,0,0,0,0,2,0
1773917659282,52,0.7601329,52,4.75,0,0,0,1,1,0,3,0,0,0,0,2,0
1773917699489,105,0.0007044349,53,1.246,1.752,0,0,1,0,0,3,0,0,0,0,2,0
1773917733617,157,0.00030919636,52,1.548,1.5854205,0,0,1,0,0,3,0,0,0,0,2,0
1773917783787,212,0.0019457564,55,3.661,1.4599859,0,0,1,0,0,3,0,0,0,0,2,0
1773917825969,262,0.00029322534,50,1.307,1.4361379,0,0,1,0,0,3,0,0,0,0,2,0
1773917862074,315,0.0015215351,53,9.266,2.8411958,0,0,1,0,0,3,0,0,0,0,2,0
1773917912219,366,0.00033420444,51,1.735,2.712703,0,0,1,0,0,3,0,0,0,0,2,0
1773917942337,417,0.00027520975,51,2.487,2.553836,0,0,1,0,0,3,0,0,0,0,2,0
1773917982493,468,0.00028839073,51,1.769,2.4523525,0,0,1,0,0,3,0,0,0,0,2,0
1773918054792,503,1,35,0,2.5038822,0,0,1,0,0,3,0,0,0,30000,1,0
1773918115012,521,0.23044817,18,3.332,2.3926857,0,0,1,0,0,3,0,0,0,0,3,0
1773918137081,571,0.28327635,50,2.742,2.2909434,0,0,1,0,0,3,0,0,0,0,3,0
1773918179223,625,0.30556566,54,3.297,2.2047305,0,0,1,0,0,3,0,0,0,0,3,0
1773918199317,678,0.29991055,53,1.828,2.140993,0,0,1,0,0,3,0,0,0,0,3,0
1773918237498,729,0.2887384,51,1.828,2.082081,0,0,1,0,0,3,0,0,0,0,3,0
1773918257552,783,0.30574837,54,2.113,2.021309,0,0,1,0,0,3,0,0,0,0,3,0
1773918283699,835,0.29360715,52,5.54,2.0730727,0,0,1,0,0,3,0,0,0,0,3,0
1773918321867,888,0.29937306,53,4.942,2.0708733,0,0,1,0,0,3,0,0,0,0,3,0
1773918343944,940,0.29418403,52,1.947,2.0284467,0,0,1,0,0,3,0,0,0,0,3,0
1773918382134,992,0.293716,52,4.621,2.0118432,0,0,1,0,0,3,0,0,0,0,3,0
1773918402207,1043,0.28885522,51,1.388,1.9930688,0,0,1,0,0,3,0,0,0,0,3,0
1773918446406,1093,0.2837051,50,1.05,1.985874,0,0,1,0,0,3,0,0,0,0,3,0
1773918466467,1143,0.28359178,50,1.541,1.960102,0,0,1,0,0,3,0,0,0,0,3,0
1773918508673,1202,0.3388162,59,1.159,1.9459774,0,0,1,0,0,3,0,0,0,0,3,0
1773918530780,1254,0.29427594,52,1.6,1.9190805,0,0,1,0,0,3,0,0,0,0,3,0
1773918570974,1312,0.3317126,58,1.44,1.8965703,0,0,1,0,0,3,0,0,0,0,3,0
1773918595062,1365,0.30000898,53,1.378,1.8758548,0,0,1,0,0,3,0,0,0,0,3,0
1773918619152,1417,0.29401264,52,2.94,1.8433005,0,0,1,0,0,3,0,0,0,0,3,0
1773918671349,1421,0.22134484,4,0,1.8717718,0,0,1,0,0,3,0,0,0,30000,3,0
1773920068296,53,0.7587994,53,1.955,0,0,0,1,1,0,3,0,0,0,0,2,0
1773920110481,104,0.00014144453,51,1.078,0.43850005,0,0,1,0,0,3,0,0,0,0,2,0
1773920142625,154,0.000291326,50,1.155,0.39652076,0,0,1,0,0,3,0,0,0,0,2,0
1773920190843,209,0.001987958,55,4.671,1.4591012,0,0,1,0,0,3,0,0,0,0,2,0
1773920227012,262,0.00063750014,53,4.379,1.5660836,0,0,1,0,0,3,0,0,0,0,2,0
1773920277194,312,0.0002368919,50,3.959,1.5108622,0,0,1,0,0,3,0,0,0,0,2,0
1773920321365,364,0.0016160222,52,11.144,3.2166936,0,0,1,0,0,3,0,0,0,0,2,0
1773920359513,414,0.0004455415,50,1.6,3.116017,0,0,1,0,0,3,0,0,0,0,2,0
1773920399657,464,0.00046132292,50,1.215,3.043308,0,0,1,0,0,3,0,0,0,0,2,0
1773920429737,514,0.00043819606,50,1.348,2.9559562,0,0,1,0,0,3,0,0,0,0,2,0
1773920469889,567,0.0009768698,53,5.167,2.8717458,0,0,1,0,0,3,0,0,0,0,2,0
1773920512057,624,0.0047750976,57,1.36,2.8080788,0,0,1,0,0,3,0,0,0,0,2,0
1773920552242,677,0.0009401362,53,1.338,2.7457285,0,0,1,0,0,3,0,0,0,0,2,0
1773920602427,729,0.00068672915,52,6.717,2.8045871,0,0,1,0,0,3,0,0,0,0,2,0
1773920644541,779,0.00042616905,50,1.147,2.7653134,0,0,1,0,0,3,0,0,0,0,2,0
1773920676685,829,0.00068740617,50,7.895,2.9072452,0,0,1,0,0,3,0,0,0,0,2,0
1773920720843,881,0.00057915517,52,1.221,2.8713174,0,0,1,0,0,3,0,0,0,0,2,0
1773920756975,937,0.0036752739,56,6.485,2.8800044,0,0,1,0,0,3,0,0,0,0,2,0
1773920807212,987,0.00043203201,50,1.225,2.8507123,0,0,1,0,0,3,0,0,0,0,2,0
1773920853399,1038,0.0003902769,51,1.178,2.8213258,0,0,1,0,0,3,0,0,0,0,2,0
1773920895534,1088,0.52247334,50,175.641,36.80216,0,0,1,0,0,3,0,0,0,0,2,0
1773920937674,1139,0.04313152,51,3.637,35.993473,0,0,1,0,0,3,0,0,0,0,2,0
1773920995845,1189,0.040126484,50,1.946,35.252422,0,0,1,0,0,3,0,0,0,0,2,0
1773921029939,1239,0.03853122,50,1.935,34.555202,0,0,1,0,0,3,0,0,0,0,2,0
1773921082097,1290,0.038155556,51,4.035,33.87995,0,0,1,0,0,3,0,0,0,0,2,0
1773921126281,1341,0.03692721,51,2.63,33.25338,0,0,1,0,0,3,0,0,0,0,2,0
1773921154351,1393,0.037460074,52,1.316,32.671528,0,0,1,0,0,3,0,0,0,0,2,0
1773921202534,1452,0.053379122,59,1.485,32.117546,0,0,1,0,0,3,0,0,0,0,2,0
1773921234673,1502,0.031987816,50,2.568,31.582441,0,0,1,0,0,3,0,0,0,0,2,0
1773921282845,1553,0.032525994,51,1.037,31.084612,0,0,1,0,0,3,0,0,0,0,2,0
1773921326985,1604,0.030943463,51,7.028,30.580648,0,0,1,0,0,3,0,0,0,0,2,0
1773921361129,1659,0.037527867,55,2.552,30.117996,0,0,1,0,0,3,0,0,0,0,2,0
1773921401280,1710,0.029102227,51,6.53,29.660078,0,0,1,0,0,3,0,0,0,0,2,0
1773921449433,1761,0.028734501,51,1.416,29.244747,0,0,1,0,0,3,0,0,0,0,2,0
1773921479529,1811,0.02677302,50,1.381,28.846544,0,0,1,0,0,3,0,0,0,0,2,0
1773921527700,1867,0.036467355,56,1.122,28.465786,0,0,1,0,0,3,0,0,0,0,2,0
1773921563851,1917,0.024942273,50,5.126,28.081944,0,0,1,0,0,3,0,0,0,0,2,0
1773921614029,1967,0.024717346,50,1.322,27.72922,0,0,1,0,0,3,0,0,0,0,2,0
1773921664213,2021,0.029906532,54,1.435,27.388767,0,0,1,0,0,3,0,0,0,0,2,0
1773921698301,2076,0.030969301,55,3.737,27.050438,0,0,1,0,0,3,0,0,0,0,2,0
1773921740473,2127,0.024060257,51,1.213,26.735302,0,0,1,0,0,3,0,0,0,0,2,0
1773921796689,2184,0.034579553,57,1.532,26.429255,0,0,1,0,0,3,0,0,0,0,2,0
1773921850872,2238,0.02751133,54,1.231,26.13494,0,0,1,0,0,3,0,0,0,0,2,0
1773921878969,2292,0.026953941,54,1.356,25.849606,0,0,1,0,0,3,0,0,0,0,2,0
1773921939196,2346,0.026252525,54,2.707,25.567913,0,0,1,0,0,3,0,0,0,0,2,0
1773921989445,2399,0.024226079,53,1.483,25.299982,0,0,1,0,0,3,0,0,0,0,2,0
1773922027618,2456,0.031841516,57,1.189,25.041567,0,0,1,0,0,3,0,0,0,0,2,0
1773922069800,2506,0.019496039,50,2.609,24.785526,0,0,1,0,0,3,0,0,0,0,2,0
1773922119996,2557,0.020029921,51,3.155,24.535614,0,0,1,0,0,3,0,0,0,0,2,0
1773922154113,2607,0.018567108,50,4.208,24.29085,0,0,1,0,0,3,0,0,0,0,2,0
1773922215140,2662,0.025579004,55,1.229,24.061783,0,0,1,0,0,3,0,0,0,0,2,0
1773922320294,2717,0.025003958,55,2.562,23.834526,0,0,1,0,0,3,0,0,0,0,2,0
1773922376625,2767,0.01784364,50,1.276,23.617823,0,0,1,0,0,3,0,0,0,0,2,0
1773922418815,2822,0.02438525,55,1.416,23.406404,0,0,1,0,0,3,0,0,0,0,2,0
1773922475277,2873,0.018061858,51,1.753,23.199417,0,0,1,0,0,3,0,0,0,0,2,0
1773922657785,56,0.7563878,56,1.254,0,0,0,1,1,0,3,0,0,0,0,2,0
1773922712093,83,1,0,0,0,0,0,0,0,0,0,0,0,0,0,0,0
1773922744276,85,1,0,0,0,0,0,0,0,0,0,0,0,0,0,0,0
1773922746289,85,1,0,0,0,0,0,0,0,0,0,0,0,0,0,0,0
1773922754317,85,1,0,0,0,0,0,0,0,0,0,0,0,0,0,0,0
1773922756330,85,1,0,0,0,0,0,0,0,0,0,0,0,0,0,0,0
1773922764364,85,1,0,0,0,0,0,0,0,0,0,0,0,0,0,0,0
1773924507460,54,0.757783,54,1.368,0,0,0,1,1,0,3,0,0,0,0,2,0
1773924533547,104,0.00028603704,50,1.443,0.037499964,0,0,1,0,0,3,0,0,0,0,2,0
1773924571681,160,0.0025970908,56,1.822,0.1987131,0,0,1,0,0,3,0,0,0,0,2,0
1773924619808,211,0.041401163,51,46.611,19.515198,0,0,1,0,0,3,0,0,0,0,2,0
1773924647905,269,0.021935401,58,1.45,18.036795,0,0,1,0,0,3,0,0,0,0,2,0
1773924692090,323,0.012768487,54,1.311,16.820574,0,0,1,0,0,3,0,0,0,0,2,0
1773924718199,376,0.010169994,53,1.915,15.768986,0,0,1,0,0,3,0,0,0,0,2,0
1773924740255,426,0.006943156,50,1.772,14.893124,0,0,1,0,0,3,0,0,0,0,2,0
1773924776414,482,0.012637833,56,1.191,14.168275,0,0,1,0,0,3,0,0,0,0,2,0
1773924822598,532,0.005726347,50,1.589,13.5231085,0,0,1,0,0,3,0,0,0,0,2,0
1773924848696,583,0.005507365,51,5.712,12.894137,0,0,1,0,0,3,0,0,0,0,2,0
1773924886930,635,0.025854835,52,37.02,15.027611,0,0,1,0,0,3,0,0,0,0,2,0
1773924913068,685,0.006440994,50,3.602,14.499366,0,0,1,0,0,3,0,0,0,0,2,0
1773924937180,738,0.008123924,53,4.986,13.996677,0,0,1,0,0,3,0,0,0,0,2,0
1773924977438,791,0.0079138605,53,1.363,13.622596,0,0,1,0,0,3,0,0,0,0,2,0
1773925007540,841,0.005522855,50,1.493,13.27109,0,0,1,0,0,3,0,0,0,0,2,0
1773925047682,893,0.0063478504,52,1.519,12.943216,0,0,1,0,0,3,0,0,0,0,2,0
1773925071818,943,0.0047987057,50,4.784,12.587302,0,0,1,0,0,3,0,0,0,0,2,0
1773925109947,997,0.007533779,54,4.786,12.259186,0,0,1,0,0,3,0,0,0,0,2,0
1773925140106,1052,0.008559163,55,3.238,11.971458,0,0,1,0,0,3,0,0,0,0,2,0
1773925188272,1103,0.0046423255,51,1.937,11.722389,0,0,1,0,0,3,0,0,0,0,2,0
1773925222409,1153,0.0041678874,50,1.232,11.500167,0,0,1,0,0,3,0,0,0,0,2,0
1773925252542,1203,0.0038374206,50,3.427,11.259681,0,0,1,0,0,3,0,0,0,0,2,0
1773925288711,1253,0.0038691177,50,1.139,11.063493,0,0,1,0,0,3,0,0,0,0,2,0
1773925310831,1304,0.0039799344,51,2.128,10.862493,0,0,1,0,0,3,0,0,0,0,2,0
1773925340964,1357,0.005237299,53,1.432,10.680999,0,0,1,0,0,3,0,0,0,0,2,0
1773925379119,1408,0.0037306207,51,2.022,10.500677,0,0,1,0,0,3,0,0,0,0,2,0
1773925405243,1459,0.007807366,51,4.471,10.312525,0,0,1,0,0,3,0,0,0,0,2,1
1773925443442,1509,0.06426137,50,1.445,10.156815,0.16,0.16,1,0,0,3,0,0,0,0,2,3
1773925469548,1559,0.27910522,50,1.281,10.009734,0.34,0.18,1,0,0,3,0,0,0,0,2,6
1773925507657,1609,0.40215456,50,8.498,9.866529,0.4,0.060000002,1,0,0,3,0,0,0,0,2,7
1773925539778,1659,0.41269693,50,4.207,9.712373,0.4,0,1,0,0,3,0,0,0,0,2,7
1773925575942,1710,0.41294265,51,3.664,9.567115,0.39215687,-0.007843137,1,0,0,3,0,0,0,0,2,7
1773925602036,1763,0.41581476,53,21.425,9.824185,0.3773585,-0.014798373,1,0,0,3,0,0,0,0,2,7
1773925642249,1814,0.4072334,51,1.479,9.706063,0.39215687,0.014798373,1,0,0,3,0,0,0,0,2,7
1773925670354,1866,0.41097653,52,5.217,9.570351,0.3846154,-0.0075414777,1,0,0,3,0,0,0,0,2,7
1773925708478,1916,0.41150194,50,1.803,9.458023,0.4,0.0153846145,1,0,0,3,0,0,0,0,2,7
1773925732615,1968,0.41452983,52,5.286,9.332746,0.3846154,-0.0153846145,1,0,0,3,0,0,0,0,2,7
1773925774812,2020,0.41176865,52,1.403,9.232798,0.3846154,0,1,0,0,3,0,0,0,0,2,7
1773925802926,2076,0.41385582,56,1.271,9.137179,0.35714287,-0.027472526,1,0,0,3,0,0,0,0,2,7
1773925843143,2127,0.4090341,51,1.393,9.043098,0.39215687,0.035014004,1,0,0,3,0,0,0,0,2,7
1773925871258,2186,0.42176542,59,1.372,8.951928,0.33898306,-0.05317381,1,0,0,3,0,0,0,0,2,7
1773925913460,2243,0.4083249,57,6.586,8.8508005,0.3508772,0.011894137,1,0,0,3,0,0,0,0,2,7
1773925937573,2296,0.40904877,53,1.198,8.767548,0.3773585,0.0264813,1,0,0,3,0,0,0,0,2,7
1773925987845,2349,0.41462424,53,1.655,8.682529,0.3773585,0,1,0,0,3,0,0,0,0,2,7
1773926030012,2405,0.41665745,56,1.32,8.602606,0.35714287,-0.02021563,1,0,0,3,0,0,0,0,2,7
1773926056134,2457,0.4126765,52,2.018,8.519545,0.3846154,0.027472526,1,0,0,3,0,0,0,0,2,7
1773926094275,2511,0.4184791,54,3.474,8.432052,0.37037036,-0.014245033,1,0,0,3,0,0,0,0,2,7
1773926118371,2564,0.41604975,53,1.471,8.357592,0.3773585,0.006988138,1,0,0,3,0,0,0,0,2,7
1773926156537,2618,0.4181168,54,1.208,8.287021,0.37037036,-0.006988138,1,0,0,3,0,0,0,0,2,7
1773926186650,2676,0.42098758,58,1.286,8.217529,0.3448276,-0.025542766,1,0,0,3,0,0,0,0,2,7
1773926234864,2730,0.41337618,54,2.217,8.143885,0.37037036,0.025542766,1,0,0,3,0,0,0,0,2,7
1773926262968,2782,0.41881707,52,1.2,8.078451,0.3846154,0.014245033,1,0,0,3,0,0,0,0,2,7
1773926297102,2836,0.42206845,54,1.79,8.0106945,0.37037036,-0.014245033,1,0,0,3,0,0,0,0,2,7
1773926329251,2888,0.42010003,52,2.745,7.940235,0.3846154,0.014245033,1,0,0,3,0,0,0,0,2,7
1773926381495,2941,0.42306998,53,1.199,7.879502,0.3773585,-0.0072568953,1,0,0,3,0,0,0,0,2,7
1773926425658,3002,0.43245068,61,1.285,7.8195267,0.32786885,-0.049489647,1,0,0,3,0,0,0,0,2,7
1773926455754,3060,0.41669956,58,1.119,7.7619295,0.3448276,0.016958743,1,0,0,3,0,0,0,0,2,7
1773926493884,3110,0.42026186,50,1.395,7.703833,0.4,0.055172414,1,0,0,3,0,0,0,0,2,7
1773926522039,3160,0.4298495,50,1.855,7.64459,0.4,0,1,0,0,3,0,0,0,0,2,7
1773926560234,3218,0.43375462,58,1.141,7.5905128,0.3448276,-0.055172414,1,0,0,3,0,0,0,0,2,7
1773926586348,3269,0.42050955,51,1.45,7.535783,0.39215687,0.047329277,1,0,0,3,0,0,0,0,2,7
1773926626498,3319,0.42983028,50,1.334,7.482814,0.4,0.007843137,1,0,0,3,0,0,0,0,2,7
1773926654644,3374,0.43134862,55,1.685,7.429187,0.36363637,-0.03636363,1,0,0,3,0,0,0,0,2,7
1773926705015,3432,0.42680484,58,2.655,7.42415,0.3448276,-0.018808782,1,0,0,3,0,0,0,0,2,7
1773926767496,3482,0.42382243,50,9.459,7.4495263,0.4,0.055172414,1,0,0,3,0,0,0,0,2,7
1773926795731,3534,0.43096074,52,7.625,7.457692,0.3846154,-0.0153846145,1,0,0,3,0,0,0,0,2,7
1773926837922,3586,0.45002377,52,2.375,5.1908846,0.3846154,0,1,0,0,3,0,0,0,0,2,7
1773926882267,3639,0.45005235,53,5.297,5.190156,0.3773585,-0.0072568953,1,0,0,3,0,0,0,0,2,7
1773926910455,3689,0.45046988,50,1.469,5.1891675,0.4,0.02264151,1,0,0,3,0,0,0,0,2,7
1773926965078,3741,0.45297724,52,1.306,5.1925654,0.3846154,-0.0153846145,1,0,0,3,0,0,0,0,2,7
1773926997261,3791,0.4516066,50,1.512,5.1939855,0.4,0.0153846145,1,0,0,3,0,0,0,0,2,7
1773927035461,3842,0.45345226,51,1.303,5.193241,0.39215687,-0.007843137,1,0,0,3,0,0,0,0,2,7
1773927065668,3892,0.453057,50,3.643,5.187942,0.4,0.007843137,1,0,0,3,0,0,0,0,2,7
1773927110119,3945,0.45294288,53,1.322,5.187121,0.3773585,-0.02264151,1,0,0,3,0,0,0,0,2,7
1773927166626,3998,0.47153533,53,2.993,2.9978426,0.3773585,0,1,0,0,3,0,0,0,0,2,7
1773927196768,4049,0.47264728,51,4.067,3.0001242,0.39215687,0.014798373,1,0,0,3,0,0,0,0,2,7
1773927239077,4099,0.5161931,50,80.371,10.066363,0.4,0.007843137,1,0,0,3,0,0,0,0,2,7
1773927267199,4149,0.41001955,50,1.361,10.066372,0.4,0,1,0,0,3,0,0,0,0,2,7
1773927315387,4204,0.40946525,55,1.11,10.068019,0.36363637,-0.03636363,1,0,0,3,0,0,0,0,2,7
1773927365655,4258,0.40097252,54,2.176,10.065748,0.37037036,0.0067339838,1,0,0,3,0,0,0,0,2,7
1773927411862,4311,0.412559,53,28.909,10.526309,0.3773585,0.006988138,1,0,0,3,0,0,0,0,2,7
1773927446060,4367,0.40155,56,1.102,10.534412,0.35714287,-0.02021563,1,0,0,3,0,0,0,0,2,7
1773927502511,4417,0.7147324,50,149.788,20.880512,0.4,0.04285714,1,0,0,3,0,0,0,0,2,7
1773927559155,4467,0.34827533,50,4.225,20.874306,0.4,0,1,0,0,3,0,0,0,0,2,7
1773927593305,4518,0.34727532,51,1.419,20.873549,0.39215687,-0.007843137,1,0,0,3,0,0,0,0,2,7
1773927687996,4569,1,51,274.467,39.213257,0.39215687,0,1,0,0,3,0,0,0,0,2,7
1773927720275,4620,0.31162214,51,1.312,39.21259,0.39215687,0,1,0,0,3,0,0,0,0,2,7
1773927768519,4671,0.31159893,51,1.863,39.21353,0.39215687,0,1,0,0,3,0,0,0,0,2,7
1773927829071,4724,0.30975804,53,3.77,39.20573,0.3773585,-0.014798373,1,0,0,3,0,0,0,0,2,7
1773927861479,4774,0.31178844,50,2.209,39.205067,0.4,0.02264151,1,0,0,3,0,0,0,0,2,7
1773927907844,4831,0.3124146,57,1.783,39.213474,0.3508772,-0.04912281,1,0,0,3,0,0,0,0,2,7
1773927964075,4891,0.30945194,60,1.715,39.212467,0.33333334,-0.017543852,1,0,0,3,0,0,0,0,2,7
1773927992197,4945,0.30331537,54,1.254,39.212566,0.37037036,0.037037015,1,0,0,3,0,0,0,0,2,7
1773928038367,5002,0.307873,57,1.613,39.228626,0.3508772,-0.019493163,1,0,0,3,0,0,0,0,2,7
1773928080549,5056,0.30507696,54,7.205,39.222446,0.37037036,0.019493163,1,0,0,3,0,0,0,0,2,7
1773928110641,5112,0.3071225,56,1.458,39.22976,0.35714287,-0.013227493,1,0,0,3,0,0,0,0,2,7
1773928150826,5169,0.3061625,57,1.232,39.22477,0.3508772,-0.00626567,1,0,0,3,0,0,0,0,2,7
1773928178962,5227,0.30635953,58,2.45,39.221443,0.3448276,-0.006049603,1,0,0,3,0,0,0,0,2,7
1773928217142,5278,0.3075649,51,1.37,39.232544,0.39215687,0.047329277,1,0,0,3,0,0,0,0,2,7
1773928249290,5334,0.31021166,56,1.452,39.233784,0.35714287,-0.035014004,1,0,0,3,0,0,0,0,2,7
1773928295478,5384,0.3103058,50,1.681,39.243816,0.4,0.04285714,1,0,0,3,0,0,0,0,2,7
1773928317572,5435,0.3125048,51,3.166,39.238075,0.39215687,-0.007843137,1,0,0,3,0,0,0,0,2,7
1773928377854,5488,0.3097625,53,2.451,39.234028,0.3773585,-0.014798373,1,0,0,3,0,0,0,0,2,7
1773928420063,5539,0.31006145,51,3.066,39.22851,0.39215687,0.014798373,1,0,0,3,0,0,0,0,2,7
1773928448199,5593,0.31023574,54,9.561,39.21183,0.37037036,-0.021786511,1,0,0,3,0,0,0,0,2,7
1773928508480,5645,0.308128,52,1.248,39.22605,0.3846154,0.014245033,1,0,0,3,0,0,0,0,2,7
1773928554759,5700,0.30860117,55,1.409,39.225273,0.36363637,-0.020979017,1,0,0,3,0,0,0,0,2,7
1773928580851,5750,0.31085217,50,5.708,39.214104,0.4,0.03636363,1,0,0,3,0,0,0,0,2,7
1773928651224,5807,1,57,224.004,47.283073,0.3508772,-0.04912281,1,0,0,3,0,0,0,0,2,7
1773928709440,5859,0.32074666,52,4.229,47.27504,0.3846154,0.033738196,1,0,0,3,0,0,0,0,2,7
1773928751616,5909,0.3264189,50,1.781,47.28148,0.4,0.0153846145,1,0,0,3,0,0,0,0,2,7
1773928777739,5962,0.32343948,53,4.139,47.27148,0.3773585,-0.02264151,1,0,0,3,0,0,0,0,2,7
1773928817922,6014,0.32241243,52,1.282,47.271164,0.3846154,0.0072568953,1,0,0,3,0,0,0,0,2,7
1773928840018,6065,0.32444063,51,1.552,47.270046,0.39215687,0.0075414777,1,0,0,3,0,0,0,0,2,7
1773928882191,6117,0.32364374,52,1.395,47.2734,0.3846154,-0.0075414777,1,0,0,3,0,0,0,0,2,7
1773928912345,6169,0.32306814,52,6.989,47.254074,0.3846154,0,1,0,0,3,0,0,0,0,2,7
1773928954495,6225,0.321502,56,1.499,47.255287,0.35714287,-0.027472526,1,0,0,3,0,0,0,0,2,7
1773928980595,6277,0.32102996,52,2.031,47.25808,0.3846154,0.027472526,1,0,0,3,0,0,0,0,2,7
1773929034858,6327,0.32633495,50,1.958,47.254906,0.4,0.0153846145,1,0,0,3,0,0,0,0,2,7
1773929077028,6379,0.3242488,52,3.203,47.247295,0.3846154,-0.0153846145,1,0,0,3,0,0,0,0,2,7
1773929101105,6429,0.3262867,50,2.259,47.24255,0.4,0.0153846145,1,0,0,3,0,0,0,0,2,7
1773929141272,6479,0.32737225,50,4.187,47.231915,0.4,0,1,0,0,3,0,0,0,0,2,7
1773929167368,6536,0.3241982,57,1.126,47.23501,0.3508772,-0.04912281,1,0,0,3,0,0,0,0,2,7
1773929211548,6586,0.3246515,50,2.592,47.229023,0.4,0.04912281,1,0,0,3,0,0,0,0,2,7
1773929241656,6637,0.32555604,51,2.22,47.225838,0.39215687,-0.007843137,1,0,0,3,0,0,0,0,2,7
1773929293857,6693,1,56,679.638,95.031876,0.35714287,-0.035014004,1,0,0,3,0,0,0,0,2,7
1773929321982,6749,0.7541722,56,1.618,95.03214,0.35714287,0,1,0,0,3,0,0,0,0,2,7
1773929370251,6808,0.75306755,59,5.337,95.02289,0.33898306,-0.018159807,1,0,0,3,0,0,0,0,2,7
1773929414523,6862,0.75849265,54,10.439,95.02046,0.37037036,0.0313873,1,0,0,3,0,0,0,0,2,7
1773929440661,6912,0.7676676,50,1.068,95.04268,0.4,0.029629648,1,0,0,3,0,0,0,0,2,7
1773929495418,6964,0.757292,52,11.653,95.01528,0.3846154,-0.0153846145,1,0,0,3,0,0,0,0,2,7
1773929553748,7014,0.76627684,50,17.287,94.987976,0.4,0.0153846145,1,0,0,3,0,0,0,0,2,7
1773929583877,7067,0.754762,53,1.382,94.98832,0.3773585,-0.02264151,1,0,0,3,0,0,0,0,2,7
1773929624080,7119,0.7590066,52,1.527,94.987434,0.3846154,0.0072568953,1,0,0,3,0,0,0,0,2,7
1773929652167,7174,0.7515899,55,7.853,94.96594,0.36363637,-0.020979017,1,0,0,3,0,0,0,0,2,7
1773929700394,7230,0.75254506,56,1.814,94.96396,0.35714287,-0.006493509,1,0,0,3,0,0,0,0,2,7
1773929748640,7286,0.7529772,56,2.743,94.96724,0.35714287,0,1,0,0,3,0,0,0,0,2,7
1773929813063,7337,0.76423657,51,1.295,94.96734,0.39215687,0.035014004,1,0,0,3,0,0,0,0,2,7
1773929849337,7389,0.7575705,52,1.115,94.97451,0.3846154,-0.0075414777,1,0,0,3,0,0,0,0,2,7
1773929921980,7440,0.7608287,51,4.048,94.974594,0.39215687,0.0075414777,1,0,0,3,0,0,0,0,2,7
1773929966188,7491,0.7572256,51,1.527,94.763374,0.39215687,0,1,0,0,3,0,0,0,0,2,7
1773930010340,7545,0.74913085,54,6.33,94.74677,0.37037036,-0.021786511,1,0,0,3,0,0,0,0,2,7
1773930052552,7597,0.7551429,52,6.914,94.727455,0.3846154,0.014245033,1,0,0,3,0,0,0,0,2,7
1773930096715,7648,0.75732714,51,1.863,94.728615,0.39215687,0.0075414777,1,0,0,3,0,0,0,0,2,7
1773930122852,7698,0.7608629,50,1.677,94.7678,0.4,0.007843137,1,0,0,3,0,0,0,0,2,7
1773930169129,7753,0.74827677,55,1.265,94.76718,0.36363637,-0.03636363,1,0,0,3,0,0,0,0,2,7
1773930215346,7810,0.7291456,57,1.425,93.46276,0.3508772,-0.012759179,1,0,0,3,0,0,0,0,2,7
1773930253492,7866,0.7307398,56,1.927,93.46983,0.35714287,0.00626567,1,0,0,3,0,0,0,0,2,7
1773930291844,7917,0.7403711,51,9.894,93.44736,0.39215687,0.035014004,1,0,0,3,0,0,0,0,2,7
1773930373938,50,0.7634373,50,6.278,0,0,0,1,1,0,3,0,0,0,0,2,0
1773930418158,100,0.0003236935,50,1.778,2.25,0,0,1,0,0,3,0,0,0,0,2,0
1773930454291,150,0.00034512777,50,1.381,2.2208161,0,0,1,0,0,3,0,0,0,0,2,0
1773930502465,206,0.004320677,56,9.34,3.3005075,0,0,1,0,0,3,0,0,0,0,2,0
1773930558808,257,0.0004116793,51,1.888,3.1582727,0,0,1,0,0,3,0,0,0,0,2,0
1773930619054,307,0.00043790138,50,1.538,3.0409734,0,0,1,0,0,3,0,0,0,0,2,0
1773930653154,363,0.0035416018,56,1.356,2.9324918,0,0,1,0,0,3,0,0,0,0,2,0
1773930701349,420,0.004804665,57,1.122,2.841676,0,0,1,0,0,3,0,0,0,0,2,0
1773930747532,475,0.0023654024,55,1.775,2.7106106,0,0,1,0,0,3,0,0,0,0,2,0
1773930785691,530,0.002307658,55,2.086,2.5842288,0,0,1,0,0,3,0,0,0,0,2,0
1773930825820,582,0.00050362106,52,1.144,2.5125372,0,0,1,0,0,3,0,0,0,0,2,0
1773930876087,632,0.05657721,50,58.775,15.684238,0,0,1,0,0,3,0,0,0,0,2,0
1773930906220,682,0.0072694668,50,1.163,15.159479,0,0,1,0,0,3,0,0,0,0,2,0
1773930952390,733,0.0072943144,51,1.453,14.675097,0,0,1,0,0,3,0,0,0,0,2,0
1773930992492,786,0.008352385,53,3.395,14.198707,0,0,1,0,0,3,0,0,0,0,2,0
1773931040709,845,0.018155279,59,2.606,13.776858,0,0,1,0,0,3,0,0,0,0,2,0
1773931092983,896,0.0061415914,51,1.175,13.414997,0,0,1,0,0,3,0,0,0,0,2,0
1773931119128,946,0.005185283,50,5.975,13.03711,0,0,1,0,0,3,0,0,0,0,2,0
1773931161336,1000,0.008001297,54,2.812,12.706809,0,0,1,0,0,3,0,0,0,0,2,0
1773931195471,1050,0.0048526092,50,1.31,12.420861,0,0,1,0,0,3,0,0,0,0,2,0
1773931235656,1100,0.0046185167,50,1.535,12.149685,0,0,1,0,0,3,0,0,0,0,2,0
1773931283862,1158,0.013776567,58,1.189,11.90019,0,0,1,0,0,3,0,0,0,0,2,0
1773931313974,1209,0.004578497,51,2.069,11.654469,0,0,1,0,0,3,0,0,0,0,2,0
1773931356206,1259,0.0041091614,50,1.319,11.431746,0,0,1,0,0,3,0,0,0,0,2,0
1773931392308,1310,0.0042706574,51,1.758,11.21631,0,0,1,0,0,3,0,0,0,0,2,0
1773931440564,1361,0.004152103,51,1.436,11.015836,0,0,1,0,0,3,0,0,0,0,2,0
1773931488923,1414,0.0052165403,53,4.62,10.80993,0,0,1,0,0,3,0,0,0,0,2,0
1773931527149,1464,0.003485329,50,6.739,10.623061,0,0,1,0,0,3,0,0,0,0,2,0
1773931575623,1515,0.0036753586,51,2.267,10.447032,0,0,1,0,0,3,0,0,0,0,2,0
1773931631888,1565,0.003327295,50,1.365,10.28711,0,0,1,0,0,3,0,0,0,0,2,0
1773931686110,1616,0.0035536827,51,1.199,10.135835,0,0,1,0,0,3,0,0,0,0,2,0
1773931740326,1670,0.0056617847,54,1.379,9.989298,0,0,1,0,0,3,0,0,0,0,2,0
1773931774467,1721,0.0032646067,51,2.31,9.84226,0,0,1,0,0,3,0,0,0,0,2,0
1773931828674,1772,0.0031367003,51,2.962,9.698582,0,0,1,0,0,3,0,0,0,0,2,0
1773931876873,1828,0.007796741,56,2.585,9.562501,0,0,1,0,0,3,0,0,0,0,2,0
1773931911124,1885,0.009306041,57,2.207,9.433821,0,0,1,0,0,3,0,0,0,0,2,0
1773931975680,1938,0.004132567,53,5.787,9.3097925,0,0,1,0,0,3,0,0,0,0,2,0
1773932054428,1992,0.005054417,54,1.237,9.19777,0,0,1,0,0,3,0,0,0,0,2,0
1773932116663,2046,0.0049460847,54,1.532,9.087517,0,0,1,0,0,3,0,0,0,0,2,0
1773932170861,2097,0.0028117269,51,1.247,8.983084,0,0,1,0,0,3,0,0,0,0,2,0
1773932219164,2154,0.008785399,57,2.741,8.874588,0,0,1,0,0,3,0,0,0,0,2,0
1773932255454,2204,0.0024077953,50,1.674,8.774572,0,0,1,0,0,3,0,0,0,0,2,0
1773932307668,2257,0.0036809908,53,2.45,8.674323,0,0,1,0,0,3,0,0,0,0,2,0
1773932365865,2311,0.00456888,54,6.07,8.582052,0,0,1,0,0,3,0,0,0,0,2,0
1773932416222,2363,0.0030004284,52,6.957,8.49876,0,0,1,0,0,3,0,0,0,0,2,0
1773932476762,2413,0.0021230013,50,3.345,8.406249,0,0,1,0,0,3,0,0,0,0,2,0
1773932527112,2464,0.027527513,51,42.049,9.975193,0,0,1,0,0,3,0,0,0,0,2,0
1773932589472,2516,0.0037528244,52,3.427,9.872384,0,0,1,0,0,3,0,0,0,0,2,0
1773932631733,2566,0.0028686253,50,3.656,9.772161,0,0,1,0,0,3,0,0,0,0,2,0
1773932702451,2618,0.003952482,52,8.571,9.68957,0,0,1,0,0,3,0,0,0,0,2,0
1773932768872,2671,0.004392826,53,1.577,9.604001,0,0,1,0,0,3,0,0,0,0,2,0
1773932833147,2722,0.0030148972,51,3.071,9.513707,0,0,1,0,0,3,0,0,0,0,2,0
1773932901446,2772,0.002839644,50,1.045,9.436132,0,0,1,0,0,3,0,0,0,0,2,0
1773932933571,2822,0.0027579516,50,1.4,9.35806,0,0,1,0,0,3,0,0,0,0,2,0
1773932997812,2872,0.0026448711,50,2.215,9.277631,0,0,1,0,0,3,0,0,0,0,2,0
1773933096303,2921,1,0,0,0,0,0,0,0,0,0,0,0,0,0,0,0
1773933098313,2922,0.0026403219,50,1.711,9.201631,0,0,1,0,0,3,0,0,0,0,2,0
1773933166720,2972,0.0026122187,50,1.559,9.128243,0,0,1,0,0,3,0,0,0,0,2,0
1773933251123,3026,0.0048545543,54,2.568,9.052221,0,0,1,0,0,3,0,0,0,0,2,0
1773933317431,3082,0.007383097,56,1.294,8.983733,0,0,1,0,0,3,0,0,0,0,2,0
1773933385720,3139,0.008849421,57,2.04,8.913166,0,0,1,0,0,3,0,0,0,0,2,0
1773933425892,3148,1,0,0,0,0,0,0,0,0,0,0,0,0,0,0,0
1773933456023,3189,0.0025076524,50,1.049,8.849098,0,0,1,0,0,3,0,0,0,0,2,0
1773933492220,3198,1,0,0,0,0,0,0,0,0,0,0,0,0,0,0,0
1773933516289,3243,0.0047502434,54,1.211,8.78546,0,0,1,0,0,3,0,0,0,0,2,0
1773933586563,3294,0.0028400382,51,8.391,8.731624,0,0,1,0,0,3,0,0,0,0,2,0
1773933624713,3300,1,0,0,0,0,0,0,0,0,0,0,0,0,0,0,0
1773933626720,3300,1,0,0,0,0,0,0,0,0,0,0,0,0,0,0,0
1773933701095,3347,0.003670331,53,2.549,8.665585,0,0,1,0,0,3,0,0,0,0,2,0
1773933771574,3404,0.008695466,57,1.195,8.669314,0,0,1,0,0,3,0,0,0,0,2,0
1773933833878,3457,0.003732151,53,1.612,8.6700325,0,0,1,0,0,3,0,0,0,0,2,0
1773933898092,3511,0.004572063,54,5.159,8.664171,0,0,1,0,0,3,0,0,0,0,2,0
1773933962436,3568,0.0085716555,57,3.266,8.640144,0,0,1,0,0,3,0,0,0,0,2,0
1773934004614,3618,0.002319349,50,1.883,8.640167,0,0,1,0,0,3,0,0,0,0,2,0
1773934048787,3673,0.006114418,55,8.938,8.655074,0,0,1,0,0,3,0,0,0,0,2,0
1773934119097,3725,0.002952155,52,3.235,8.648627,0,0,1,0,0,3,0,0,0,0,2,0
1773934185359,3778,0.0036443882,53,2.784,8.641809,0,0,1,0,0,3,0,0,0,0,2,0
1773934221503,3789,1,0,0,0,0,0,0,0,0,0,0,0,0,0,0,0
1773934223518,3789,1,0,0,0,0,0,0,0,0,0,0,0,0,0,0,0
1773934249675,3832,0.004574493,54,2.171,8.640186,0,0,1,0,0,3,0,0,0,0,2,0
1773934322025,3886,0.004528745,54,3.322,8.636726,0,0,1,0,0,3,0,0,0,0,2,0
1773934352311,3886,1,0,0,0,0,0,0,0,0,0,0,0,0,0,0,0
1773934354320,3886,1,0,0,0,0,0,0,0,0,0,0,0,0,0,0,0
1773934445043,3939,0.0037265283,53,1.397,8.635357,0,0,1,0,0,3,0,0,0,0,2,0
1773934519400,3993,0.0025070466,54,4.169,5.235943,0,0,1,0,0,3,0,0,0,0,2,0
1773934604094,4047,0.002560454,54,5.381,5.2337623,0,0,1,0,0,3,0,0,0,0,2,0
1773934650508,4101,0.00284147,54,7.889,5.2556705,0,0,1,0,0,3,0,0,0,0,2,0
1773934702756,4152,0.0009537641,51,2.765,5.256595,0,0,1,0,0,3,0,0,0,0,2,0
1773934756928,4173,1,0,0,0,0,0,0,0,0,0,0,0,0,0,0,0
1773934783024,4204,0.0015401772,52,7.735,5.2803493,0,0,1,0,0,3,0,0,0,0,2,0
1773934829296,4261,0.0061364984,57,1.428,5.2785897,0,0,1,0,0,3,0,0,0,0,2,0
1773934883493,4314,0.0017902667,53,4.596,5.2718773,0,0,1,0,0,3,0,0,0,0,2,0
1773934909584,4365,0.0010518845,51,1.196,5.279606,0,0,1,0,0,3,0,0,0,0,2,0
1773934973903,4419,0.0026159454,54,1.079,5.281254,0,0,1,0,0,3,0,0,0,0,2,0
1773935046254,4471,0.0012567395,52,2.918,5.2755756,0,0,1,0,0,3,0,0,0,0,2,0
1773935086434,4486,1,0,0,0,0,0,0,0,0,0,0,0,0,0,0,0
1773935088436,4486,1,0,0,0,0,0,0,0,0,0,0,0,0,0,0,0
1773935112529,4524,0.0018159422,53,1.893,5.271219,0,0,1,0,0,3,0,0,0,0,2,0
1773935170751,4583,0.0096201915,59,1.207,5.2763023,0,0,1,0,0,3,0,0,0,0,2,0
1773935227034,4635,0.0015369755,52,7.681,5.2918916,0,0,1,0,0,3,0,0,0,0,2,0
1773935287329,4678,1,0,0,0,0,0,0,0,0,0,0,0,0,0,0,0
1773935293361,4686,0.00100518,51,1.899,5.2911015,0,0,1,0,0,3,0,0,0,0,2,0
1773935361762,4738,0.0013467518,52,1.281,5.2921834,0,0,1,0,0,3,0,0,0,0,2,0
1773935430171,4789,0.0010299489,51,1.559,5.2976704,0,0,1,0,0,3,0,0,0,0,2,0
1773935482404,4841,0.0012709019,52,2.563,5.2852087,0,0,1,0,0,3,0,0,0,0,2,0
1773935550902,4888,1,0,0,0,0,0,0,0,0,0,0,0,0,0,0,0
1773935552909,4893,1,52,295.486,36.57942,0,0,1,0,0,3,0,0,0,0,2,0
1773935585037,4945,0.046484657,52,2.557,36.57624,0,0,1,0,0,3,0,0,0,0,2,0
1773935635524,4999,0.05084342,54,1.772,36.574593,0,0,1,0,0,3,0,0,0,0,2,0
1773935700084,5049,0.28387696,50,125.378,39.340775,0,0,1,0,0,3,0,0,0,0,2,0
1773935750537,5099,0.050295077,50,1.292,39.344147,0,0,1,0,0,3,0,0,0,0,2,0
1773935811230,5150,0.05134228,51,5.592,39.338005,0,0,1,0,0,3,0,0,0,0,2,0
1773935855524,5201,0.051982734,51,1.277,39.34228,0,0,1,0,0,3,0,0,0,0,2,0
1773935913816,5252,0.052004438,51,1.218,39.345596,0,0,1,0,0,3,0,0,0,0,2,0
1773935984117,5302,0.05033383,50,1.272,39.35739,0,0,1,0,0,3,0,0,0,0,2,0
1773936040470,5353,0.051380802,51,5.37,39.34623,0,0,1,0,0,3,0,0,0,0,2,0
1773936086673,5405,0.053857353,52,1.497,39.34635,0,0,1,0,0,3,0,0,0,0,2,0
1773936120850,5455,0.05031678,50,1.221,39.34644,0,0,1,0,0,3,0,0,0,0,2,0
1773936161057,5507,0.05375327,52,2.048,39.348568,0,0,1,0,0,3,0,0,0,0,2,0
1773936223262,5571,0.09446846,64,5.637,39.338337,0,0,1,0,0,3,0,0,0,0,2,0
1773936285467,5621,0.050216325,50,1.62,39.341022,0,0,1,0,0,3,0,0,0,0,2,0
1773936317593,5674,0.055356015,53,6.736,39.340027,0,0,1,0,0,3,0,0,0,0,2,0
1773936374137,5725,0.05195183,51,1.549,39.352673,0,0,1,0,0,3,0,0,0,0,2,0
1773936424356,5781,0.06313308,56,8.009,39.344414,0,0,1,0,0,3,0,0,0,0,2,0
1773936499086,5832,0.051409293,51,1.614,39.15167,0,0,1,0,0,3,0,0,0,0,2,0
1773936731176,53,0.7589614,53,5.545,0,0,0,1,1,0,3,0,0,0,0,2,0
1773936773384,107,0.0010809816,54,5.967,0.21099997,0,0,1,0,0,3,0,0,0,0,2,0
1773936813545,163,0.0035938565,56,8.964,1.5220472,0,0,1,0,0,3,0,0,0,0,2,0
1773936861750,213,0.0100399535,50,5.687,1.4072789,0.04,0.04,1,0,0,3,0,0,0,0,2,1
1773936905948,264,0.008598444,51,1.507,2.3745587,0.039215688,-0.00078431144,1,0,0,3,0,0,0,0,2,1
1773936938095,319,0.008411464,55,3.07,2.3541474,0.036363635,-0.0028520525,1,0,0,3,0,0,0,0,2,1
1773936986317,370,0.00832366,51,1.115,2.591843,0.039215688,0.0028520525,1,0,0,3,0,0,0,0,2,1
1773937014450,420,0.035103418,50,1.086,2.6815867,0.1,0.060784314,1,0,0,3,0,0,0,0,2,2
1773937058686,471,1,51,3.806,2.5301201,1.4509804,1.3509804,1,0,0,3,0,0,0,0,2,25
1773937100818,526,1,55,1.301,2.5412428,1.3454546,-0.10552585,1,0,0,3,0,0,0,0,2,25
1773937130914,576,1,50,7.998,2.7062829,5.26,3.9145455,1,0,0,3,0,0,0,0,2,115
1773937179122,627,1,51,3.2,2.60536,8.941176,3.6811762,1,0,0,3,0,0,0,0,2,154
1773937209245,677,1,50,3.324,2.5117598,14.1,5.158824,1,0,0,3,0,0,0,0,2,237
1773937257477,728,1,51,5.196,2.4385126,17.17647,3.0764694,1,0,0,3,0,0,0,0,2,294
1773937307712,779,1,51,1.291,2.459688,17.17647,0,1,0,0,3,0,0,0,0,2,294
1773937337857,833,1,54,1.136,2.4762237,16.222221,-0.9542484,1,0,0,3,0,0,0,0,2,294
1773937380063,883,1,50,1.092,2.4830816,17.52,1.2977791,1,0,0,3,0,0,0,0,2,294
1773937428276,940,1,57,2.809,2.4200003,15.368421,-2.1515799,1,0,0,3,0,0,0,0,2,294
1773937458397,992,1,52,1.475,2.40106,16.846153,1.4777327,1,0,0,3,0,0,0,0,2,294
1773937498556,1042,1,50,2.004,2.3614173,17.52,0.6738472,1,0,0,3,0,0,0,0,2,294
1773937532707,1094,1,52,2.484,2.3123696,16.846153,-0.6738472,1,0,0,3,0,0,0,0,2,294
1773937572892,1146,1,52,3.284,2.2592306,16.846153,0,1,0,0,3,0,0,0,0,2,294
1773937602996,1197,1,51,21.287,4.276317,17.17647,0.33031654,1,0,0,3,0,0,0,0,2,294
1773937661266,1247,1,50,3.06,4.1915765,17.52,0.34353065,1,0,0,3,0,0,0,0,2,294
1773937705496,1300,1,53,1.456,4.138719,16.528301,-0.9916992,1,0,0,3,0,0,0,0,2,294
1773937737607,1352,1,52,1.125,4.0949516,16.846153,0.31785202,1,0,0,3,0,0,0,0,2,294
1773937783755,1406,1,54,6.546,4.050377,16.222221,-0.6239319,1,0,0,3,0,0,0,0,2,294
1773937827916,1460,1,54,1.397,4.005644,16.222221,0,1,0,0,3,0,0,0,0,2,294
1773937856052,1513,1,53,1.27,3.9643471,16.528301,0.30607986,1,0,0,3,0,0,0,0,2,294
1773937902265,1566,1,53,1.606,3.9171174,16.528301,0,1,0,0,3,0,0,0,0,2,294
1773937934375,1617,1,51,3.98,3.8537312,17.17647,0.64816856,1,0,0,3,0,0,0,0,2,294
1773937976518,1669,1,52,3.334,3.7936084,16.846153,-0.33031654,1,0,0,3,0,0,0,0,2,294
1773938004636,1721,1,52,1.281,3.7586322,16.846153,0,1,0,0,3,0,0,0,0,2,294
1773938056920,1778,1,57,1.194,3.7256882,15.368421,-1.4777327,1,0,0,3,0,0,0,0,2,294
1773938099133,1828,1,50,1.493,3.6881151,17.52,2.1515799,1,0,0,3,0,0,0,0,2,294
1773938133285,1880,1,52,1.419,3.6525183,16.846153,-0.6738472,1,0,0,3,0,0,0,0,2,294
1773938177480,1935,1,55,4.401,3.6062007,15.927273,-0.91888046,1,0,0,3,0,0,0,0,2,294
1773938205597,1986,1,51,1.328,3.5748322,17.17647,1.249197,1,0,0,3,0,0,0,0,2,294
1773938247746,2037,1,51,1.268,3.5448837,17.17647,0,1,0,0,3,0,0,0,0,2,294
1773938305983,2088,1,51,1.488,3.5123885,17.17647,0,1,0,0,3,0,0,0,0,2,294
1773938340121,2142,1,54,1.151,3.4851925,16.222221,-0.9542484,1,0,0,3,0,0,0,0,2,294
1773938386323,2196,1,54,1.333,3.4558876,16.222221,0,1,0,0,3,0,0,0,0,2,294
1773938438655,2252,1,56,2.504,3.4171164,15.642858,-0.5793638,1,0,0,3,0,0,0,0,2,294
1773938472769,2305,1,53,4.012,3.3802717,16.528301,0.8854437,1,0,0,3,0,0,0,0,2,294
1773938518993,2355,1,50,1.381,3.3533661,17.52,0.9916992,1,0,0,3,0,0,0,0,2,294
1773938569255,2405,1,50,1.386,3.3269055,17.52,0,1,0,0,3,0,0,0,0,2,294
1773938601385,2455,1,50,2.326,3.2933738,17.52,0,1,0,0,3,0,0,0,0,2,294
1773938643592,2509,1,54,7.002,3.305856,16.222221,-1.2977791,1,0,0,3,0,0,0,0,2,294
1773938697813,2559,1,50,3.467,3.2721748,17.52,1.2977791,1,0,0,3,0,0,0,0,2,294
1773938729951,2611,1,52,1.262,3.250639,16.846153,-0.6738472,1,0,0,3,0,0,0,0,2,294
1773938782180,2662,1,51,1.458,3.227271,17.17647,0.33031654,1,0,0,3,0,0,0,0,2,294
1773938838424,2712,1,50,11.532,3.398074,17.52,0.34353065,1,0,0,3,0,0,0,0,2,294
1773938866529,2762,1,50,1.832,3.371706,17.52,0,1,0,0,3,0,0,0,0,2,294
1773938914725,2815,1,53,2.976,3.340564,16.528301,-0.9916992,1,0,0,3,0,0,0,0,2,294
1773938958939,2865,1,50,3.016,3.310213,17.52,0.9916992,1,0,0,3,0,0,0,0,2,294
1773938991089,2916,1,51,1.357,3.290119,17.17647,-0.34353065,1,0,0,3,0,0,0,0,2,294
1773939047303,2975,1,59,1.355,3.2703004,14.847458,-2.329012,1,0,0,3,0,0,0,0,2,294
1773939093460,3027,1,52,1.308,3.2511928,16.846153,1.9986954,1,0,0,3,0,0,0,0,2,294
1773939127590,3081,1,54,5.02,3.2325087,16.222221,-0.6239319,1,0,0,3,0,0,0,0,2,294
1773939177797,3133,1,52,1.945,3.2093906,16.846153,0.6239319,1,0,0,3,0,0,0,0,2,294
1773939230036,3184,1,51,2.686,3.1835566,17.17647,0.33031654,1,0,0,3,0,0,0,0,2,294
1773939264134,3241,1,57,3.974,3.1594543,15.368421,-1.8080492,1,0,0,3,0,0,0,0,2,294
1773939316328,3293,1,52,1.383,3.1422293,16.846153,1.4777327,1,0,0,3,0,0,0,0,2,294
1773939364532,3347,1,54,4.434,3.1216996,16.222221,-0.6239319,1,0,0,3,0,0,0,0,2,294
1773939396712,3397,1,50,4.259,3.1104147,17.52,1.2977791,1,0,0,3,0,0,0,0,2,294
1773939454946,3447,1,50,2.426,3.0911055,17.52,0,1,0,0,3,0,0,0,0,2,294
1773939497136,3501,1,54,0.986,3.0114136,16.222221,-1.2977791,1,0,0,3,0,0,0,0,2,294
1773939529313,3555,1,54,2.271,2.9928582,16.222221,0,1,0,0,3,0,0,0,0,2,294
1773939583538,3606,1,51,1.453,2.9932609,17.17647,0.9542484,1,0,0,3,0,0,0,0,2,294
1773939639745,3661,1,55,1.359,2.9993272,15.927273,-1.249197,1,0,0,3,0,0,0,0,2,294
1773939698012,3713,1,52,2.153,2.9925323,16.846153,0.91888046,1,0,0,3,0,0,0,0,2,294
1773939732151,3766,1,53,5.264,2.997874,16.528301,-0.31785202,1,0,0,3,0,0,0,0,2,294
1773939786353,3821,1,55,8.284,3.0681753,15.927273,-0.60102844,1,0,0,3,0,0,0,0,2,294
1773939844642,3872,1,51,1.77,3.064589,17.17647,1.249197,1,0,0,3,0,0,0,0,2,294
1773939900870,3925,1,53,1.266,3.0076065,16.528301,-0.64816856,1,0,0,3,0,0,0,0,2,294
1773939928977,3977,1,52,6.24,3.0352998,16.846153,0.31785202,1,0,0,3,0,0,0,0,2,294
1773939973193,4028,1,51,1.032,3.0445628,17.17647,0.33031654,1,0,0,3,0,0,0,0,2,294
1773940001339,4080,1,52,1.642,3.0354218,16.846153,-0.33031654,1,0,0,3,0,0,0,0,2,294
1773940051511,4138,1,58,1.268,3.035613,15.103448,-1.7427053,1,0,0,3,0,0,0,0,2,294
1773940099703,4192,1,54,1.156,3.0354326,16.222221,1.1187735,1,0,0,3,0,0,0,0,2,294
1773940129827,4242,1,50,1.199,3.0344713,17.52,1.2977791,1,0,0,3,0,0,0,0,2,294
1773940182082,4294,1,52,2.302,3.0353403,16.846153,-0.6738472,1,0,0,3,0,0,0,0,2,294
1773940228290,4346,1,52,1.283,3.0368264,16.846153,0,1,0,0,3,0,0,0,0,2,294
1773940256372,4396,1,50,1.457,3.0400527,17.52,0.6738472,1,0,0,3,0,0,0,0,2,294
1773940308576,4452,1,56,6.369,3.0703158,15.642858,-1.8771429,1,0,0,3,0,0,0,0,2,294
1773940356813,4507,1,55,4.8,3.0787632,15.927273,0.28441525,1,0,0,3,0,0,0,0,2,294
1773940386944,4559,1,52,1.214,2.0440867,16.846153,0.91888046,1,0,0,3,0,0,0,0,2,294
1773940441128,4609,1,50,2.216,2.0440814,17.52,0.6738472,1,0,0,3,0,0,0,0,2,294
1773940487350,4666,1,57,1.268,2.0459013,15.368421,-2.1515799,1,0,0,3,0,0,0,0,2,294
1773940531570,4716,1,50,1.079,2.0464373,17.52,2.1515799,1,0,0,3,0,0,0,0,2,294
1773940571711,4769,1,53,5.901,2.0286222,16.528301,-0.9916992,1,0,0,3,0,0,0,0,2,294
1773940627914,4825,1,56,1.365,2.028927,15.642858,-0.8854437,1,0,0,3,0,0,0,0,2,294
1773940657987,4875,1,50,5.612,2.055199,17.52,1.8771429,1,0,0,3,0,0,0,0,2,294
1773940706177,4925,1,50,2.155,2.0518239,17.52,0,1,0,0,3,0,0,0,0,2,294
1773940756390,4975,1,50,1.29,2.0525758,17.52,0,1,0,0,3,0,0,0,0,2,294
1773940786537,5027,1,52,1.383,2.0566847,16.846153,-0.6738472,1,0,0,3,0,0,0,0,2,294
1773940836746,5079,1,52,1.797,2.0524263,16.846153,0,1,0,0,3,0,0,0,0,2,294
1773940886985,5131,1,52,2.986,2.044878,16.846153,0,1,0,0,3,0,0,0,0,2,294
1773940923154,5183,1,52,1.087,2.0491023,16.846153,0,1,0,0,3,0,0,0,0,2,294
1773940969367,5233,1,50,2.136,2.044296,17.52,0.6738472,1,0,0,3,0,0,0,0,2,294
1773941013528,5287,1,54,2.472,2.0326087,16.222221,-1.2977791,1,0,0,3,0,0,0,0,2,294
1773941043625,5347,1,60,1.451,2.0314338,14.6,-1.622221,1,0,0,3,0,0,0,0,2,294
1773941089846,5399,1,52,1.255,2.0315707,16.846153,2.2461529,1,0,0,3,0,0,0,0,2,294
1773941121928,5454,1,55,1.564,2.0309234,15.927273,-0.91888046,1,0,0,3,0,0,0,0,2,294
1773941170136,5505,1,51,3.628,2.0258908,17.17647,1.249197,1,0,0,3,0,0,0,0,2,294
1773941228415,5559,1,54,2.882,2.0189834,16.222221,-0.9542484,1,0,0,3,0,0,0,0,2,294
1773941258517,5609,1,50,2.021,2.020592,17.52,1.2977791,1,0,0,3,0,0,0,0,2,294
1773941316714,5668,1,59,2.832,2.0138102,14.847458,-2.6725426,1,0,0,3,0,0,0,0,2,294
1773941381008,5718,1,50,2.966,2.0075321,17.52,2.6725426,1,0,0,3,0,0,0,0,2,294
1773941429215,5768,1,50,5.215,2.0245955,17.52,0,1,0,0,3,0,0,0,0,2,294
1773941489509,5818,1,50,1.433,2.030575,17.52,0,1,0,0,3,0,0,0,0,2,294
1773941523688,5875,1,57,1.195,1.9669123,15.368421,-2.1515799,1,0,0,3,0,0,0,0,2,294
1773941553826,5875,1,0,0,0,0,0,0,0,0,0,0,0,0,0,0,0
1773941581937,5927,1,52,4.644,1.979918,16.846153,1.4777327,1,0,0,3,0,0,0,0,2,294
1773941636124,5978,1,51,1.39,1.9785599,17.17647,0.33031654,1,0,0,3,0,0,0,0,2,294
1773941690343,6031,1,53,1.45,1.9786365,16.528301,-0.64816856,1,0,0,3,0,0,0,0,2,294
1773941722477,6087,1,56,1.821,1.6359816,15.642858,-0.8854437,1,0,0,3,0,0,0,0,2,294
1773941770644,6137,1,50,1.175,1.6423107,17.52,1.8771429,1,0,0,3,0,0,0,0,2,294
1773941826901,6189,1,52,1.14,1.6499206,16.846153,-0.6738472,1,0,0,3,0,0,0,0,2,294
1773941895321,6242,1,53,3.589,1.654352,16.528301,-0.31785202,1,0,0,3,0,0,0,0,2,294
1773941945507,6295,1,53,2.397,1.6482471,16.528301,0,1,0,0,3,0,0,0,0,2,294
1773941979611,6346,1,51,3.061,1.6432118,17.17647,0.64816856,1,0,0,3,0,0,0,0,2,294
1773942029792,6396,1,50,2.13,1.6367933,17.52,0.34353065,1,0,0,3,0,0,0,0,2,294
1773942080024,6446,1,50,3.581,1.6123415,17.52,0,1,0,0,3,0,0,0,0,2,294
1773942112143,6500,1,54,2.985,1.6116796,16.222221,-1.2977791,1,0,0,3,0,0,0,0,2,294
1773942168377,6556,1,56,1.308,1.6187583,15.642858,-0.5793638,1,0,0,3,0,0,0,0,2,294
1773942216588,6610,1,54,1.47,1.6133273,16.222221,0.5793638,1,0,0,3,0,0,0,0,2,294
1773942250776,6662,1,52,1.308,1.6141497,16.846153,0.6239319,1,0,0,3,0,0,0,0,2,294
1773942304983,6717,1,55,2.033,1.5960283,15.927273,-0.91888046,1,0,0,3,0,0,0,0,2,294
1773942351166,6772,1,55,6.25,1.6496934,15.927273,0,1,0,0,3,0,0,0,0,2,294
1773942405407,6822,1,50,3.01,1.6510364,17.52,1.5927277,1,0,0,3,0,0,0,0,2,294
1773942431507,6872,1,50,1.634,1.6438165,17.52,0,1,0,0,3,0,0,0,0,2,294
1773942475685,6925,1,53,1.516,1.648048,16.528301,-0.9916992,1,0,0,3,0,0,0,0,2,294
1773942507849,6978,1,53,5.668,1.6894704,16.528301,0,1,0,0,3,0,0,0,0,2,294
1773942554088,7028,1,50,4.751,1.7046063,17.52,0.9916992,1,0,0,3,0,0,0,0,2,294
1773942606318,7083,1,55,1.903,1.7059048,15.927273,-1.5927277,1,0,0,3,0,0,0,0,2,294
1773942636470,7133,1,50,1.696,1.675738,17.52,1.5927277,1,0,0,3,0,0,0,0,2,294
1773942692699,7184,1,51,77.099,9.380966,17.17647,-0.34353065,1,0,0,3,0,0,0,0,2,294
1773942738903,7240,1,56,1.229,9.382867,15.642858,-1.5336123,1,0,0,3,0,0,0,0,2,294
1773942771001,7290,1,50,4.126,9.378434,17.52,1.8771429,1,0,0,3,0,0,0,0,2,294
1773942811201,7342,1,52,1.385,9.376802,16.846153,-0.6738472,1,0,0,3,0,0,0,0,2,294
1773942847333,7397,1,55,6.391,9.377666,15.927273,-0.91888046,1,0,0,3,0,0,0,0,2,294
1773942893526,7447,1,50,1.735,9.377361,17.52,1.5927277,1,0,0,3,0,0,0,0,2,294
1773942929641,7499,1,52,1.386,9.376904,16.846153,-0.6738472,1,0,0,3,0,0,0,0,2,294
1773942967776,7555,1,56,2.268,9.373277,15.642858,-1.2032957,1,0,0,3,0,0,0,0,2,294
1773943011966,7606,1,51,2.754,9.368836,17.17647,1.5336123,1,0,0,3,0,0,0,0,2,294
1773943044118,7656,1,50,1.42,9.371532,17.52,0.34353065,1,0,0,3,0,0,0,0,2,294
1773943090345,7709,1,53,1.244,9.371691,16.528301,-0.9916992,1,0,0,3,0,0,0,0,2,294
1773943136525,7760,1,51,1.341,9.372133,17.17647,0.64816856,1,0,0,3,0,0,0,0,2,294
1773943168689,7816,1,56,9.249,9.391804,15.642858,-1.5336123,1,0,0,3,0,0,0,0,2,294
1773943216879,7869,1,53,4.286,9.391105,16.528301,0.8854437,1,0,0,3,0,0,0,0,2,294
1773943259074,7919,1,50,5.291,9.387701,17.52,0.9916992,1,0,0,3,0,0,0,0,2,294
1773943297226,7970,1,51,1.228,9.391083,17.17647,-0.34353065,1,0,0,3,0,0,0,0,2,294
1773943341415,8023,1,53,3.706,9.3857975,16.528301,-0.64816856,1,0,0,3,0,0,0,0,2,294
1773943379627,8076,1,53,1.155,9.385457,16.528301,0,1,0,0,3,0,0,0,0,2,294
1773943421797,8127,1,51,1.463,9.386144,17.17647,0.64816856,1,0,0,3,0,0,0,0,2,294
1773943472019,8183,1,56,1.458,9.385785,15.642858,-1.5336123,1,0,0,3,0,0,0,0,2,294
1773943504139,8234,1,51,2.873,9.383405,17.17647,1.5336123,1,0,0,3,0,0,0,0,2,294
1773943550322,8288,1,54,1.681,9.384806,16.222221,-0.9542484,1,0,0,3,0,0,0,0,2,294
1773943594492,8342,1,54,1.313,9.384715,16.222221,0,1,0,0,3,0,0,0,0,2,294
1773943628609,8395,1,53,1.762,9.383376,16.528301,0.30607986,1,0,0,3,0,0,0,0,2,294
1773943670807,8445,1,50,3,9.3807535,17.52,0.9916992,1,0,0,3,0,0,0,0,2,294
1773943698941,8496,1,51,2.406,9.381736,17.17647,-0.34353065,1,0,0,3,0,0,0,0,2,294
1773943757172,8550,1,54,2.933,9.37647,16.222221,-0.9542484,1,0,0,3,0,0,0,0,2,294
1773943799353,8600,1,50,1.215,9.3796215,17.52,1.2977791,1,0,0,3,0,0,0,0,2,294
1773943837528,8652,1,52,1.22,9.383513,16.846153,-0.6738472,1,0,0,3,0,0,0,0,2,294
1773943869658,8657,1,0,0,0,0,0,0,0,0,0,0,0,0,0,0,0
1773943901786,8703,1,51,2.286,9.380954,17.17647,0.33031654,1,0,0,3,0,0,0,0,2,294
1773943939939,8712,1,0,0,0,0,0,0,0,0,0,0,0,0,0,0,0
1773943964074,8758,1,55,3.364,9.375955,15.927273,-1.249197,1,0,0,3,0,0,0,0,2,294
1773944030324,8811,1,53,3.86,9.37192,16.528301,0.60102844,1,0,0,3,0,0,0,0,2,294
1773944072504,8826,1,0,0,0,0,0,0,0,0,0,0,0,0,0,0,0
1773944074509,8826,1,0,0,0,0,0,0,0,0,0,0,0,0,0,0,0
1773944090589,8863,1,52,1.393,9.376601,16.846153,0.31785202,1,0,0,3,0,0,0,0,2,294
1773944138819,8887,1,0,0,0,0,0,0,0,0,0,0,0,0,0,0,0
1773944150882,8914,1,51,2.313,9.377688,17.17647,0.33031654,1,0,0,3,0,0,0,0,2,294
1773944209148,8971,1,57,1.885,9.378093,15.368421,-1.8080492,1,0,0,3,0,0,0,0,2,294
1773944241301,9023,1,52,2.098,9.3796425,16.846153,1.4777327,1,0,0,3,0,0,0,0,2,294
1773944295545,9073,1,50,2.701,9.380036,17.52,0.6738472,1,0,0,3,0,0,0,0,2,294
1773944343765,9125,1,52,3.146,9.378406,16.846153,-0.6738472,1,0,0,3,0,0,0,0,2,294
1773944404036,9162,1,0,0,0,0,0,0,0,0,0,0,0,0,0,0,0
1773944410063,9182,1,57,1.763,9.377251,15.368421,-1.4777327,1,0,0,3,0,0,0,0,2,294
1773944472309,9238,1,56,2.204,9.373881,15.642858,0.27443695,1,0,0,3,0,0,0,0,2,294
1773944534583,9277,1,0,0,0,0,0,0,0,0,0,0,0,0,0,0,0
1773944536598,9277,1,0,0,0,0,0,0,0,0,0,0,0,0,0,0,0
1773944540609,9294,1,56,1.068,9.378815,15.642858,0,1,0,0,3,0,0,0,0,2,294
1773944600857,9345,1,51,3.745,9.374472,17.17647,1.5336123,1,0,0,3,0,0,0,0,2,294
1773944626953,9396,1,51,1.015,9.376253,17.17647,0,1,0,0,3,0,0,0,0,2,294
1773944685235,9456,1,60,1.179,9.378585,14.6,-2.5764694,1,0,0,3,0,0,0,0,2,294
1773944745540,9508,1,52,1.344,9.377905,16.846153,2.2461529,1,0,0,3,0,0,0,0,2,294
1773944805792,9559,1,51,1.858,9.375291,17.17647,0.33031654,1,0,0,3,0,0,0,0,2,294
1773944841936,9609,1,50,2.067,9.377445,17.52,0.34353065,1,0,0,3,0,0,0,0,2,294
1773944882120,9659,1,50,1.153,9.381344,17.52,0,1,0,0,3,0,0,0,0,2,294
1773944928337,9683,1,0,0,0,0,0,0,0,0,0,0,0,0,0,0,0
1773944930349,9683,1,0,0,0,0,0,0,0,0,0,0,0,0,0,0,0
1773944940382,9710,1,51,1.252,9.385789,17.17647,-0.34353065,1,0,0,3,0,0,0,0,2,294
1773944990569,9760,1,50,1.366,9.38816,17.52,0.34353065,1,0,0,3,0,0,0,0,2,294
1773945028716,9813,1,53,1.902,9.390539,16.528301,-0.9916992,1,0,0,3,0,0,0,0,2,294
1773945062890,9819,1,0,0,0,0,0,0,0,0,0,0,0,0,0,0,0
1773945086956,9863,1,50,1.191,9.39495,17.52,0.9916992,1,0,0,3,0,0,0,0,2,294
1773945131122,9873,1,0,0,0,0,0,0,0,0,0,0,0,0,0,0,0
1773945151182,9916,1,53,4.043,9.390863,16.528301,-0.9916992,1,0,0,3,0,0,0,0,2,294
1773945195439,9966,1,50,1.897,9.3895035,17.52,0.9916992,1,0,0,3,0,0,0,0,2,294
1773945227555,10017,1,51,4.222,9.385337,17.17647,-0.34353065,1,0,0,3,0,0,0,0,2,294
1773945279777,10073,1,56,1.802,9.386002,15.642858,-1.5336123,1,0,0,3,0,0,0,0,2,294
1773945323933,10125,1,52,2.914,9.380642,16.846153,1.2032957,1,0,0,3,0,0,0,0,2,294
1773945356104,10178,1,53,1.418,9.38426,16.528301,-0.31785202,1,0,0,3,0,0,0,0,2,294
1773945402332,10230,1,52,1.442,9.384906,16.846153,0.31785202,1,0,0,3,0,0,0,0,2,294
1773945452607,10287,1,57,1.273,9.385783,15.368421,-1.4777327,1,0,0,3,0,0,0,0,2,294
1773945490765,10337,1,50,1.35,9.385902,17.52,2.1515799,1,0,0,3,0,0,0,0,2,294
1773945528929,10387,1,50,1.419,9.388015,17.52,0,1,0,0,3,0,0,0,0,2,294
1773945561092,10439,1,52,1.896,9.388034,16.846153,-0.6738472,1,0,0,3,0,0,0,0,2,294
1773945603302,10490,1,51,56.386,11.452475,17.17647,0.33031654,1,0,0,3,0,0,0,0,2,294
1773945647481,10543,1,53,3.378,6.857449,16.528301,-0.64816856,1,0,0,3,0,0,0,0,2,294
1773945679609,10596,1,53,1.779,6.85539,16.528301,0,1,0,0,3,0,0,0,0,2,294
1773945721788,10647,1,51,1.264,6.858218,17.17647,0.64816856,1,0,0,3,0,0,0,0,2,294
1773945755926,10702,1,55,1.332,6.8584294,15.927273,-1.249197,1,0,0,3,0,0,0,0,2,294
1773945810120,10760,1,58,1.516,6.8485794,15.103448,-0.8238249,1,0,0,3,0,0,0,0,2,294
1773945852307,10815,1,55,1.793,6.8484125,15.927273,0.8238249,1,0,0,3,0,0,0,0,2,294
1773945894462,10866,1,51,1.838,6.846946,17.17647,1.249197,1,0,0,3,0,0,0,0,2,294
1773945930634,10916,1,50,1.29,6.8497367,17.52,0.34353065,1,0,0,3,0,0,0,0,2,294
1773945978824,10970,1,54,1.377,6.8527064,16.222221,-1.2977791,1,0,0,3,0,0,0,0,2,294
1773946016987,11020,1,50,2.384,6.850275,17.52,1.2977791,1,0,0,3,0,0,0,0,2,294
1773946065188,11072,1,52,2.167,6.8475013,16.846153,-0.6738472,1,0,0,3,0,0,0,0,2,294
1773946099352,11124,1,52,2.38,6.844709,16.846153,0,1,0,0,3,0,0,0,0,2,294
1773946139529,11177,1,53,1.662,6.8018193,16.528301,-0.31785202,1,0,0,3,0,0,0,0,2,294
1773946185721,11229,1,52,7.69,6.8255014,16.846153,0.31785202,1,0,0,3,0,0,0,0,2,294
1773946219850,11281,1,52,5.031,6.824202,16.846153,0,1,0,0,3,0,0,0,0,2,294
1773946266026,11331,1,50,1.45,6.823368,17.52,0.6738472,1,0,0,3,0,0,0,0,2,294
1773946312211,11384,1,53,1.46,6.825321,16.528301,-0.9916992,1,0,0,3,0,0,0,0,2,294
1773946346320,11435,1,51,2.724,6.821664,17.17647,0.64816856,1,0,0,3,0,0,0,0,2,294
1773946386516,11487,1,52,2.477,6.819324,16.846153,-0.33031654,1,0,0,3,0,0,0,0,2,294
1773946442939,11545,1,58,1.376,6.819618,15.103448,-1.7427053,1,0,0,3,0,0,0,0,2,294
1773946485131,11597,1,52,8.458,6.853288,16.846153,1.7427053,1,0,0,3,0,0,0,0,2,294
1773946535311,11657,1,60,1.375,6.8543625,14.6,-2.2461529,1,0,0,3,0,0,0,0,2,294
1773946587556,11712,1,55,1.985,6.8521833,15.927273,1.3272724,1,0,0,3,0,0,0,0,2,294
1773946625765,11762,1,50,4.678,6.852981,17.52,1.5927277,1,0,0,3,0,0,0,0,2,294
1773946674025,11815,1,53,1.255,6.8568854,16.528301,-0.9916992,1,0,0,3,0,0,0,0,2,294
1773946724289,11866,1,51,4.813,6.859602,17.17647,0.64816856,1,0,0,3,0,0,0,0,2,294
1773946780573,11917,1,51,1.883,6.8613157,17.17647,0,1,0,0,3,0,0,0,0,2,294
1773946816832,11967,1,50,1.678,6.8595514,17.52,0.34353065,1,0,0,3,0,0,0,0,2,294
1773946877154,12018,1,51,8.412,6.8862987,17.17647,-0.34353065,1,0,0,3,0,0,0,0,2,294
1773946947735,12076,1,58,237.023,29.798628,15.103448,-2.073022,1,0,0,3,0,0,0,0,2,294
1773947010134,12129,1,53,4.514,29.796835,16.528301,1.4248533,1,0,0,3,0,0,0,0,2,294
1773947072465,12182,1,53,8.043,29.794634,16.528301,0,1,0,0,3,0,0,0,0,2,294
1773947138936,12236,1,54,1.292,29.794933,16.222221,-0.30607986,1,0,0,3,0,0,0,0,2,294
1773947191336,12288,1,52,6.413,29.789225,16.846153,0.6239319,1,0,0,3,0,0,0,0,2,294
1773947239730,12339,1,51,4.288,29.784204,17.17647,0.33031654,1,0,0,3,0,0,0,0,2,294
1773947284065,12390,1,51,9.937,29.779554,17.17647,0,1,0,0,3,0,0,0,0,2,294
1773947330367,12446,1,56,52.373,30.294756,15.642858,-1.5336123,1,0,0,3,0,0,0,0,2,294
1773947384732,12498,1,52,6.579,30.289177,16.846153,1.2032957,1,0,0,3,0,0,0,0,2,294
1773947437103,12551,1,53,6.48,30.279552,16.528301,-0.31785202,1,0,0,3,0,0,0,0,2,294
1773947546332,12603,1,52,2.796,30.277838,16.846153,0.31785202,1,0,0,3,0,0,0,0,2,294
1773947640367,12658,1,55,9.161,30.265005,15.927273,-0.91888046,1,0,0,3,0,0,0,0,2,294
1773947700584,12711,1,53,1.996,30.269848,16.528301,0.60102844,1,0,0,3,0,0,0,0,2,294
1773947752855,12763,1,52,1.465,30.268229,16.846153,0.31785202,1,0,0,3,0,0,0,0,2,294
1773947801046,12814,1,51,2.082,30.265148,17.17647,0.33031654,1,0,0,3,0,0,0,0,2,294
1773947847232,12868,1,54,2.179,30.262352,16.222221,-0.9542484,1,0,0,3,0,0,0,0,2,294
1773947893490,12920,1,52,2.992,30.258932,16.846153,0.6239319,1,0,0,3,0,0,0,0,2,294
1773947963750,12972,1,52,1.541,30.260687,16.846153,0,1,0,0,3,0,0,0,0,2,294
1773948014115,13025,1,53,3.352,30.253843,16.528301,-0.31785202,1,0,0,3,0,0,0,0,2,294
1773948064324,13075,1,50,4.969,30.24382,17.52,0.9916992,1,0,0,3,0,0,0,0,2,294
1773948112522,13128,1,53,1.356,30.243858,16.528301,-0.9916992,1,0,0,3,0,0,0,0,2,294
1773948170873,13184,1,56,7.491,30.233154,15.642858,-0.8854437,1,0,0,3,0,0,0,0,2,294
1773948227145,13235,1,51,3.028,30.227129,17.17647,1.5336123,1,0,0,3,0,0,0,0,2,294
1773948285450,13290,1,55,1.99,30.232903,15.927273,-1.249197,1,0,0,3,0,0,0,0,2,294
1773948335625,13340,1,50,4.074,30.226742,17.52,1.5927277,1,0,0,3,0,0,0,0,2,294
1773948375795,13390,1,50,1.377,30.235058,17.52,0,1,0,0,3,0,0,0,0,2,294
1773948420113,13440,1,50,7.614,30.223738,17.52,0,1,0,0,3,0,0,0,0,2,294
1773948470337,13492,1,52,1.242,30.229296,16.846153,-0.6738472,1,0,0,3,0,0,0,0,2,294
1773948522565,13545,1,53,2.633,30.225227,16.528301,-0.31785202,1,0,0,3,0,0,0,0,2,294
1773948566727,13598,1,53,2.823,30.220663,16.528301,0,1,0,0,3,0,0,0,0,2,294
1773948600897,13648,1,50,2.965,30.215033,17.52,0.9916992,1,0,0,3,0,0,0,0,2,294
1773948659328,13702,1,54,9.548,30.201557,16.222221,-1.2977791,1,0,0,3,0,0,0,0,2,294
1773948717859,13752,1,50,4.706,30.191942,17.52,1.2977791,1,0,0,3,0,0,0,0,2,294
1773948768403,13803,1,51,10.036,30.179977,17.17647,-0.34353065,1,0,0,3,0,0,0,0,2,294
1773948823003,13854,1,51,1.398,29.592,17.17647,0,1,0,0,3,0,0,0,0,2,294
1773948873501,13905,1,51,2.332,29.594847,17.17647,0,1,0,0,3,0,0,0,0,2,294
1773948929943,13961,1,56,7.597,29.58455,15.642858,-1.5336123,1,0,0,3,0,0,0,0,2,294
1773948992519,14017,1,56,8.852,29.57218,15.642858,0,1,0,0,3,0,0,0,0,2,294
1773949038935,14069,1,52,1.319,29.572227,16.846153,1.2032957,1,0,0,3,0,0,0,0,2,294
1773949101352,14125,1,56,2.883,29.56788,15.642858,-1.2032957,1,0,0,3,0,0,0,0,2,294
1773949159853,14176,1,51,2.486,29.565643,17.17647,1.5336123,1,0,0,3,0,0,0,0,2,294
1773949206183,14229,1,53,2.717,29.56288,16.528301,-0.64816856,1,0,0,3,0,0,0,0,2,294
1773949261188,14279,1,50,51.718,30.035154,17.52,0.9916992,1,0,0,3,0,0,0,0,2,294
1773949311635,14331,1,52,3.17,30.02883,16.846153,-0.6738472,1,0,0,3,0,0,0,0,2,294
1773949366106,14381,1,50,2.746,30.027603,17.52,0.6738472,1,0,0,3,0,0,0,0,2,294
1773949414360,14435,1,54,1.314,30.030853,16.222221,-1.2977791,1,0,0,3,0,0,0,0,2,294
1773949470738,14491,1,56,8.849,30.019096,15.642858,-0.5793638,1,0,0,3,0,0,0,0,2,294
1773949517073,14541,1,50,1.28,30.020624,17.52,1.8771429,1,0,0,3,0,0,0,0,2,294
1773949563432,14593,1,52,1.871,30.033724,16.846153,-0.6738472,1,0,0,3,0,0,0,0,2,294
1773949613695,14648,1,55,1.725,30.04345,15.927273,-0.91888046,1,0,0,3,0,0,0,0,2,294
1773949663908,14705,1,57,1.485,30.043314,15.368421,-0.5588522,1,0,0,3,0,0,0,0,2,294
1773949702079,14755,1,50,2.255,30.040358,17.52,2.1515799,1,0,0,3,0,0,0,0,2,294
1773949754345,14805,1,50,1.665,30.044107,17.52,0,1,0,0,3,0,0,0,0,2,294
1773949796599,14860,1,55,7.445,30.033558,15.927273,-1.5927277,1,0,0,3,0,0,0,0,2,294
1773949844813,14910,1,50,2.486,30.029419,17.52,1.5927277,1,0,0,3,0,0,0,0,2,294
1773949895032,14962,1,52,6.606,30.030922,16.846153,-0.6738472,1,0,0,3,0,0,0,0,2,294
1773949933176,15012,1,50,38.914,30.24071,17.52,0.6738472,1,0,0,3,0,0,0,0,2,294
1773949967355,15063,1,51,4.147,30.233322,17.17647,-0.34353065,1,0,0,3,0,0,0,0,2,294
1773950021701,15113,1,50,1.412,30.244501,17.52,0.34353065,1,0,0,3,0,0,0,0,2,294
1773950067919,15164,1,51,1.376,30.243979,17.17647,-0.34353065,1,0,0,3,0,0,0,0,2,294
1773950128234,15215,1,51,1.417,30.255386,17.17647,0,1,0,0,3,0,0,0,0,2,294
1773950178611,15266,1,51,4.461,30.246815,17.17647,0,1,0,0,3,0,0,0,0,2,294
1773950228967,15323,1,57,3.856,30.239069,15.368421,-1.8080492,1,0,0,3,0,0,0,0,2,294
1773950289479,15373,1,50,33.716,30.385181,17.52,2.1515799,1,0,0,3,0,0,0,0,2,294
1773950360017,15427,1,54,2.465,10.288442,16.222221,-1.2977791,1,0,0,3,0,0,0,0,2,294
1773950414464,15480,1,53,1.178,10.306274,16.528301,0.30607986,1,0,0,3,0,0,0,0,2,294
1773950458892,15531,1,51,10.509,10.317162,17.17647,0.64816856,1,0,0,3,0,0,0,0,2,294
1773950507197,15583,1,52,2.059,10.311687,16.846153,-0.33031654,1,0,0,3,0,0,0,0,2,294
1773950561582,15634,1,51,3.721,10.317012,17.17647,0.33031654,1,0,0,3,0,0,0,0,2,294
1773950620162,15686,1,52,2.134,10.327197,16.846153,-0.33031654,1,0,0,3,0,0,0,0,2,294
1773950670877,15739,1,53,11.205,10.335335,16.528301,-0.31785202,1,0,0,3,0,0,0,0,2,294
1773950738467,15789,1,50,4.125,8.556527,17.52,0.9916992,1,0,0,3,0,0,0,0,2,294
1773950801104,15843,1,54,1.318,8.57183,16.222221,-1.2977791,1,0,0,3,0,0,0,0,2,294
1773950851806,15894,1,51,1.24,8.587105,17.17647,0.9542484,1,0,0,3,0,0,0,0,2,294
1773950916544,15945,1,51,1.595,8.594129,17.17647,0,1,0,0,3,0,0,0,0,2,294
1773950977187,15998,1,53,8.092,8.587841,16.528301,-0.64816856,1,0,0,3,0,0,0,0,2,294
1773951043807,16050,1,52,103.25,14.856647,16.846153,0.31785202,1,0,0,3,0,0,0,0,2,294
1773951106320,16101,1,51,19.679,14.922842,17.17647,0.33031654,1,0,0,3,0,0,0,0,2,294
1773951162773,16151,1,50,2.739,14.919507,17.52,0.34353065,1,0,0,3,0,0,0,0,2,294
1773951221219,16201,1,50,2.411,14.918301,17.52,0,1,0,0,3,0,0,0,0,2,294
1773951275721,16251,1,50,1.6,14.925528,17.52,0,1,0,0,3,0,0,0,0,2,294
1773951332195,16302,1,51,2.415,14.920704,17.17647,-0.34353065,1,0,0,3,0,0,0,0,2,294
1773951399025,16355,1,53,1.327,14.931094,16.528301,-0.64816856,1,0,0,3,0,0,0,0,2,294
1773951463639,16408,1,53,733.704,91.321594,16.528301,0,1,0,0,3,0,0,0,0,2,294
1773951556183,16460,1,52,2.513,91.3183,16.846153,0.31785202,1,0,0,3,0,0,0,0,2,294
1773951614977,16511,1,51,6.103,91.321106,17.17647,0.33031654,1,0,0,3,0,0,0,0,2,294
1773951659293,16563,1,52,4.045,91.31848,16.846153,-0.33031654,1,0,0,3,0,0,0,0,2,294
1773951723908,16614,1,51,1.302,91.32047,17.17647,0.33031654,1,0,0,3,0,0,0,0,2,294
1773951760300,16618,1,0,0,0,0,0,0,0,0,0,0,0,0,0,0,0
1773951762305,16618,1,0,0,0,0,0,0,0,0,0,0,0,0,0,0,0
1773951830885,16663,1,0,0,0,0,0,0,0,0,0,0,0,0,0,0,0
1773951832892,16673,1,59,2.615,91.32429,14.847458,-2.329012,1,0,0,3,0,0,0,0,2,294
1773951893572,16706,1,0,0,0,0,0,0,0,0,0,0,0,0,0,0,0
1773951909722,16730,1,57,1.433,91.32413,15.368421,0.5209627,1,0,0,3,0,0,0,0,2,294
1773951958138,16755,1,0,0,0,0,0,0,0,0,0,0,0,0,0,0,0
1773951960145,16755,1,0,0,0,0,0,0,0,0,0,0,0,0,0,0,0
1773951986355,16787,1,57,1.712,91.33814,15.368421,0,1,0,0,3,0,0,0,0,2,294
1773952057071,16842,1,55,2.796,91.333755,15.927273,0.5588522,1,0,0,3,0,0,0,0,2,294
1773952165932,16895,1,53,1.442,91.33711,16.528301,0.60102844,1,0,0,3,0,0,0,0,2,294
1773952228242,16946,1,51,1.447,91.34096,17.17647,0.64816856,1,0,0,3,0,0,0,0,2,294
1773952296757,16983,1,0,0,0,0,0,0,0,0,0,0,0,0,0,0,0
1773952298896,16983,1,0,0,0,0,0,0,0,0,0,0,0,0,0,0,0
1773952315236,16997,1,51,6.398,91.33285,17.17647,0,1,0,0,3,0,0,0,0,2,294
1773952427239,17048,1,51,3.366,91.345566,17.17647,0,1,0,0,3,0,0,0,0,2,294
1773952502230,17102,1,54,108.011,91.99901,16.222221,-0.9542484,1,0,0,3,0,0,0,0,2,294
1773952581158,17155,1,53,137.002,93.12364,16.528301,0.30607986,1,0,0,3,0,0,0,0,2,294
1773952625497,17176,1,0,0,0,0,0,0,0,0,0,0,0,0,0,0,0
1773952627500,17176,1,0,0,0,0,0,0,0,0,0,0,0,0,0,0,0
1773952653622,17205,1,50,6.676,93.107666,17.52,0.9916992,1,0,0,3,0,0,0,0,2,294
1773952713836,17259,1,54,1.622,93.110054,16.222221,-1.2977791,1,0,0,3,0,0,0,0,2,294
1773952766070,17310,1,51,1.336,93.12855,17.17647,0.9542484,1,0,0,3,0,0,0,0,2,294
1773952830335,17362,1,52,2.068,93.14732,16.846153,-0.33031654,1,0,0,3,0,0,0,0,2,294
1773952890586,17412,1,50,1.108,93.14806,17.52,0.6738472,1,0,0,3,0,0,0,0,2,294
1773952930767,17462,1,50,1.26,93.15345,17.52,0,1,0,0,3,0,0,0,0,2,294
1773952988996,17513,1,51,1.247,93.157616,17.17647,-0.34353065,1,0,0,3,0,0,0,0,2,294
1773953059384,17565,1,52,3.14,93.15627,16.846153,-0.33031654,1,0,0,3,0,0,0,0,2,294
1773953115609,17619,1,54,1.21,93.113945,16.222221,-0.6239319,1,0,0,3,0,0,0,0,2,294
1773953161827,17640,1,0,0,0,0,0,0,0,0,0,0,0,0,0,0,0
1773953163831,17640,1,0,0,0,0,0,0,0,0,0,0,0,0,0,0,0
1773953189953,17674,1,55,1.386,93.119576,15.927273,-0.29494858,1,0,0,3,0,0,0,0,2,294
1773953230148,17677,1,0,0,0,0,0,0,0,0,0,0,0,0,0,0,0
1773953232149,17677,1,0,0,0,0,0,0,0,0,0,0,0,0,0,0,0
1773953296451,17721,1,0,0,0,0,0,0,0,0,0,0,0,0,0,0,0
1773953298453,17721,1,0,0,0,0,0,0,0,0,0,0,0,0,0,0,0
1773953300460,17724,1,50,2.227,93.12118,17.52,1.5927277,1,0,0,3,0,0,0,0,2,294
1773953360760,17758,1,0,0,0,0,0,0,0,0,0,0,0,0,0,0,0
1773953362784,17758,1,0,0,0,0,0,0,0,0,0,0,0,0,0,0,0
1773953384885,17774,1,50,1.515,93.120514,17.52,0,1,0,0,3,0,0,0,0,2,294
1773953439081,17825,1,51,1.102,93.141335,17.17647,-0.34353065,1,0,0,3,0,0,0,0,2,294
1773953501328,17876,1,51,1.519,93.14055,17.17647,0,1,0,0,3,0,0,0,0,2,294
1773953571670,17926,1,50,3.384,93.13589,17.52,0.34353065,1,0,0,3,0,0,0,0,2,294
1773953629931,17955,1,0,0,0,0,0,0,0,0,0,0,0,0,0,0,0
1773953631934,17955,1,0,0,0,0,0,0,0,0,0,0,0,0,0,0,0
1773953645981,17977,1,51,1.225,93.13752,17.17647,-0.34353065,1,0,0,3,0,0,0,0,2,294
1773953692176,18003,1,0,0,0,0,0,0,0,0,0,0,0,0,0,0,0
1773953694187,18003,1,0,0,0,0,0,0,0,0,0,0,0,0,0,0,0
1773953714276,18029,1,52,1.405,93.1378,16.846153,-0.33031654,1,0,0,3,0,0,0,0,2,294
1773953766543,18081,1,52,1.526,93.140114,16.846153,0,1,0,0,3,0,0,0,0,2,294
1773953832796,18134,1,53,1.504,93.14065,16.528301,-0.31785202,1,0,0,3,0,0,0,0,2,294
1773953895017,18172,1,0,0,0,0,0,0,0,0,0,0,0,0,0,0,0
1773953897027,18172,1,0,0,0,0,0,0,0,0,0,0,0,0,0,0,0
1773953907073,18185,1,51,1.428,93.15723,17.17647,0.64816856,1,0,0,3,0,0,0,0,2,294
1773953959291,18222,1,0,0,0,0,0,0,0,0,0,0,0,0,0,0,0
1773953961303,18222,1,0,0,0,0,0,0,0,0,0,0,0,0,0,0,0
1773953977338,18242,1,57,2.087,93.15845,15.368421,-1.8080492,1,0,0,3,0,0,0,0,2,294
1773954037578,18295,1,53,1.46,93.17295,16.528301,1.1598806,1,0,0,3,0,0,0,0,2,294
1773954089862,18328,1,0,0,0,0,0,0,0,0,0,0,0,0,0,0,0
1773954091870,18328,1,0,0,0,0,0,0,0,0,0,0,0,0,0,0,0
1773954107946,18345,1,50,2.147,93.1725,17.52,0.9916992,1,0,0,3,0,0,0,0,2,294
1773954158163,18375,1,0,0,0,0,0,0,0,0,0,0,0,0,0,0,0
1773954160166,18375,1,0,0,0,0,0,0,0,0,0,0,0,0,0,0,0
1773954176229,18395,1,50,1.578,93.17995,17.52,0,1,0,0,3,0,0,0,0,2,294
1773954240528,18447,1,52,1.945,93.178276,16.846153,-0.6738472,1,0,0,3,0,0,0,0,2,294
1773954314790,18505,1,58,2.088,93.1761,15.103448,-1.7427053,1,0,0,3,0,0,0,0,2,294
1773954356961,18521,1,0,0,0,0,0,0,0,0,0,0,0,0,0,0,0
1773954358964,18521,1,0,0,0,0,0,0,0,0,0,0,0,0,0,0,0
1773954385085,18556,1,51,3.327,93.1704,17.17647,2.073022,1,0,0,3,0,0,0,0,2,294
1773954423303,18567,1,0,0,0,0,0,0,0,0,0,0,0,0,0,0,0
1773954425331,18567,1,0,0,0,0,0,0,0,0,0,0,0,0,0,0,0
1773954489617,18598,1,0,0,0,0,0,0,0,0,0,0,0,0,0,0,0
1773954491631,18598,1,0,0,0,0,0,0,0,0,0,0,0,0,0,0,0
1773954509706,18606,1,50,2.446,93.17604,17.52,0.34353065,1,0,0,3,0,0,0,0,2,294
1773954580031,18663,1,57,1.58,93.18269,15.368421,-2.1515799,1,0,0,3,0,0,0,0,2,294
1773954650324,18716,1,53,6.339,93.18209,16.528301,1.1598806,1,0,0,3,0,0,0,0,2,294
1773954718579,18769,1,53,1.417,93.185196,16.528301,0,1,0,0,3,0,0,0,0,2,294
1773954815053,18820,1,51,1.146,93.18532,17.17647,0.64816856,1,0,0,3,0,0,0,0,2,294
1773954897379,18871,1,51,3.828,93.19925,17.17647,0,1,0,0,3,0,0,0,0,2,294
1773954963683,18924,1,53,1.419,93.20116,16.528301,-0.64816856,1,0,0,3,0,0,0,0,2,294
1773955027959,18977,1,53,4.782,93.19843,16.528301,0,1,0,0,3,0,0,0,0,2,294
1773955080205,19033,1,56,2.126,93.19846,15.642858,-0.8854437,1,0,0,3,0,0,0,0,2,294
1773955116351,19086,1,53,1.452,93.21998,16.528301,0.8854437,1,0,0,3,0,0,0,0,2,294
1773955166565,19138,1,52,1.919,93.22603,16.846153,0.31785202,1,0,0,3,0,0,0,0,2,294
1773955230892,19190,1,52,11.049,93.20438,16.846153,0,1,0,0,3,0,0,0,0,2,294
1773955293199,19244,1,54,1.2,93.20451,16.222221,-0.6239319,1,0,0,3,0,0,0,0,2,294
1773955325333,19297,1,53,1.221,93.20565,16.528301,0.30607986,1,0,0,3,0,0,0,0,2,294
1773955355463,19297,1,0,0,0,0,0,0,0,0,0,0,0,0,0,0,0
1773955357472,19297,1,0,0,0,0,0,0,0,0,0,0,0,0,0,0,0
1773955421718,19341,1,0,0,0,0,0,0,0,0,0,0,0,0,0,0,0
1773955423729,19341,1,0,0,0,0,0,0,0,0,0,0,0,0,0,0,0
1773955427734,19359,1,62,1.918,93.22063,14.129032,-2.399269,1,0,0,3,0,0,0,0,2,294
1773955479933,19410,1,51,3.059,92.639366,17.17647,3.0474377,1,0,0,3,0,0,0,0,2,294
1773955516067,19460,1,50,2.216,92.659325,17.52,0.34353065,1,0,0,3,0,0,0,0,2,294
1773955578367,19513,1,53,1.608,92.66227,16.528301,-0.9916992,1,0,0,3,0,0,0,0,2,294
1773955618524,19564,1,51,1.484,92.66472,17.17647,0.64816856,1,0,0,3,0,0,0,0,2,294
1773955680815,19616,1,52,4.218,92.65825,16.846153,-0.33031654,1,0,0,3,0,0,0,0,2,294
1773955708942,19667,1,51,1.852,92.659706,17.17647,0.33031654,1,0,0,3,0,0,0,0,2,294
1773955757154,19717,1,50,2.272,92.65718,17.52,0.34353065,1,0,0,3,0,0,0,0,2,294
1773955819504,19766,1,0,0,0,0,0,0,0,0,0,0,0,0,0,0,0
1773955821511,19774,1,57,1.439,21.122236,15.368421,-2.1515799,1,0,0,3,0,0,0,0,2,294
1773955875757,19827,1,53,1.46,21.125486,16.528301,1.1598806,1,0,0,3,0,0,0,0,2,294
1773955909889,19877,1,50,2.78,21.129625,17.52,0.9916992,1,0,0,3,0,0,0,0,2,294
1773955960069,19929,1,52,4.65,21.128838,16.846153,-0.6738472,1,0,0,3,0,0,0,0,2,294
1773956026372,19983,1,54,4.697,21.120968,16.222221,-0.6239319,1,0,0,3,0,0,0,0,2,294
1773956084624,20016,1,0,0,0,0,0,0,0,0,0,0,0,0,0,0,0
1773956086635,20016,1,0,0,0,0,0,0,0,0,0,0,0,0,0,0,0
1773956100712,20035,1,52,2.213,21.12208,16.846153,0.6239319,1,0,0,3,0,0,0,0,2,294
1773956154913,20090,1,55,1.331,21.122438,15.927273,-0.91888046,1,0,0,3,0,0,0,0,2,294
1773956221224,20143,1,53,2.051,21.121367,16.528301,0.60102844,1,0,0,3,0,0,0,0,2,294
1773956279486,20199,1,56,3.836,21.119175,15.642858,-0.8854437,1,0,0,3,0,0,0,0,2,294
1773956309619,20249,1,50,3.072,21.114431,17.52,1.8771429,1,0,0,3,0,0,0,0,2,294
1773956367911,20302,1,53,3.38,21.108992,16.528301,-0.9916992,1,0,0,3,0,0,0,0,2,294
1773956440200,20352,1,50,2.398,21.114326,17.52,0.9916992,1,0,0,3,0,0,0,0,2,294
1773956504418,20405,1,53,1.598,21.119125,16.528301,-0.9916992,1,0,0,3,0,0,0,0,2,294
1773956548608,20425,1,0,0,0,0,0,0,0,0,0,0,0,0,0,0,0
1773956550611,20425,1,0,0,0,0,0,0,0,0,0,0,0,0,0,0,0
1773956558642,20425,1,0,0,0,0,0,0,0,0,0,0,0,0,0,0,0
1773956574714,20456,1,51,1.495,16.776016,17.17647,0.64816856,1,0,0,3,0,0,0,0,2,294
1773956624929,20510,1,54,1.636,1.6320882,16.222221,-0.9542484,1,0,0,3,0,0,0,0,2,294
1773956689204,20565,1,55,2.477,1.5390575,15.927273,-0.29494858,1,0,0,3,0,0,0,0,2,294
1773956747461,20602,1,0,0,0,0,0,0,0,0,0,0,0,0,0,0,0
1773956755488,20623,1,58,1.108,1.5438845,15.103448,-0.8238249,1,0,0,3,0,0,0,0,2,294
1773956821756,20673,1,50,6.398,1.6208622,17.52,2.4165525,1,0,0,3,0,0,0,0,2,294
1773956875935,20726,1,53,1.712,1.6224873,16.528301,-0.9916992,1,0,0,3,0,0,0,0,2,294
1773956940189,20778,1,52,1.595,1.6177282,16.846153,0.31785202,1,0,0,3,0,0,0,0,2,294
1773957000409,20831,1,53,2.06,1.6121956,16.528301,-0.31785202,1,0,0,3,0,0,0,0,2,294
1773957030558,20883,1,52,7.383,1.7207029,16.846153,0.31785202,1,0,0,3,0,0,0,0,2,294
1773957074737,20893,1,0,0,0,0,0,0,0,0,0,0,0,0,0,0,0
1773957076738,20893,1,0,0,0,0,0,0,0,0,0,0,0,0,0,0,0
1773957104880,20939,1,56,1.63,1.7218012,15.642858,-1.2032957,1,0,0,3,0,0,0,0,2,294
1773957141015,20941,1,0,0,0,0,0,0,0,0,0,0,0,0,0,0,0
1773957143029,20941,1,0,0,0,0,0,0,0,0,0,0,0,0,0,0,0
1773957205262,20979,1,0,0,0,0,0,0,0,0,0,0,0,0,0,0,0
1773957207268,20979,1,0,0,0,0,0,0,0,0,0,0,0,0,0,0,0
1773957211284,20989,1,50,2.774,1.715067,17.52,1.8771429,1,0,0,3,0,0,0,0,2,294
1773957255493,21041,1,52,1.177,1.7173401,16.846153,-0.6738472,1,0,0,3,0,0,0,0,2,294
1773957303698,21091,1,50,4.634,1.7377434,17.52,0.6738472,1,0,0,3,0,0,0,0,2,294
1773957361969,21145,1,54,2.498,1.7332006,16.222221,-1.2977791,1,0,0,3,0,0,0,0,2,294
1773957410214,21164,1,0,0,0,0,0,0,0,0,0,0,0,0,0,0,0
1773957412227,21164,1,0,0,0,0,0,0,0,0,0,0,0,0,0,0,0
1773957420249,21164,1,0,0,0,0,0,0,0,0,0,0,0,0,0,0,0
1773957440316,21197,1,52,3.217,1.725854,16.846153,0.6239319,1,0,0,3,0,0,0,0,2,294
1773957486487,21247,1,50,4.143,1.7317826,17.52,0.6738472,1,0,0,3,0,0,0,0,2,294
1773957536718,21274,1,0,0,0,0,0,0,0,0,0,0,0,0,0,0,0
1773957550765,21298,1,51,1.198,1.7375602,17.17647,-0.34353065,1,0,0,3,0,0,0,0,2,294
1773957608995,21350,1,52,3.586,1.733728,16.846153,-0.33031654,1,0,0,3,0,0,0,0,2,294
1773957665233,21400,1,50,1.453,1.7332194,17.52,0.6738472,1,0,0,3,0,0,0,0,2,294
1773957701372,21452,1,52,2.514,1.7279319,16.846153,-0.6738472,1,0,0,3,0,0,0,0,2,294
1773957735512,21455,1,0,0,0,0,0,0,0,0,0,0,0,0,0,0,0
1773957737518,21455,1,0,0,0,0,0,0,0,0,0,0,0,0,0,0,0
1773957803754,21499,1,0,0,0,0,0,0,0,0,0,0,0,0,0,0,0
1773957805759,21502,1,50,1.803,1.7253094,17.52,0.6738472,1,0,0,3,0,0,0,0,2,294
1773957866031,21542,1,0,0,0,0,0,0,0,0,0,0,0,0,0,0,0
1773957868050,21542,1,0,0,0,0,0,0,0,0,0,0,0,0,0,0,0
1773957878098,21553,1,51,4.012,1.7270569,17.17647,-0.34353065,1,0,0,3,0,0,0,0,2,294
1773957936273,21605,1,52,3.239,1.7269372,16.846153,-0.33031654,1,0,0,3,0,0,0,0,2,294
1773958002572,21645,1,0,0,0,0,0,0,0,0,0,0,0,0,0,0,0
1773958006593,21656,1,51,1.616,1.7253177,17.17647,0.33031654,1,0,0,3,0,0,0,0,2,294
1773958070877,21706,1,50,2.796,1.7240272,17.52,0.34353065,1,0,0,3,0,0,0,0,2,294
1773958100987,21759,1,53,2.848,1.7183436,16.528301,-0.9916992,1,0,0,3,0,0,0,0,2,294
1773958131105,21759,1,0,0,0,0,0,0,0,0,0,0,0,0,0,0,0
1773958133109,21759,1,0,0,0,0,0,0,0,0,0,0,0,0,0,0,0
1773958195350,21808,1,0,0,0,0,0,0,0,0,0,0,0,0,0,0,0
1773958197356,21808,1,0,0,0,0,0,0,0,0,0,0,0,0,0,0,0
1773958203382,21814,1,55,1.338,1.7242374,15.927273,-0.60102844,1,0,0,3,0,0,0,0,2,294
1773958265667,21862,1,0,0,0,0,0,0,0,0,0,0,0,0,0,0,0
1773958267684,21862,1,0,0,0,0,0,0,0,0,0,0,0,0,0,0,0
1773958269689,21865,1,51,2.113,1.7241,17.17647,1.249197,1,0,0,3,0,0,0,0,2,294
1773958325930,21916,1,51,4.636,1.7390356,17.17647,0,1,0,0,3,0,0,0,0,2,294
1773958360041,21968,1,52,1.594,1.7443907,16.846153,-0.33031654,1,0,0,3,0,0,0,0,2,294
1773958398199,21977,1,0,0,0,0,0,0,0,0,0,0,0,0,0,0,0
1773958400210,21977,1,0,0,0,0,0,0,0,0,0,0,0,0,0,0,0
1773958428323,22026,1,58,1.446,1.7458304,15.103448,-1.7427053,1,0,0,3,0,0,0,0,2,294
1773958482516,22076,1,50,1.187,1.6947595,17.52,2.4165525,1,0,0,3,0,0,0,0,2,294
1773958536752,22132,1,56,1.341,1.6956364,15.642858,-1.8771429,1,0,0,3,0,0,0,0,2,294
1773958595005,22179,1,0,0,0,0,0,0,0,0,0,0,0,0,0,0,0
1773958597015,22179,1,0,0,0,0,0,0,0,0,0,0,0,0,0,0,0
1773958601033,22185,1,53,1.425,1.6921701,16.528301,0.8854437,1,0,0,3,0,0,0,0,2,294
1773958663279,22227,1,0,0,0,0,0,0,0,0,0,0,0,0,0,0,0
1773958665284,22227,1,0,0,0,0,0,0,0,0,0,0,0,0,0,0,0
1773958669296,22237,1,52,1.759,1.6888211,16.846153,0.31785202,1,0,0,3,0,0,0,0,2,294
1773958727511,22283,1,0,0,0,0,0,0,0,0,0,0,0,0,0,0,0
1773958729517,22283,1,0,0,0,0,0,0,0,0,0,0,0,0,0,0,0
1773958737557,22296,1,59,1.489,1.6880769,14.847458,-1.9986954,1,0,0,3,0,0,0,0,2,294
1773958797841,22353,1,57,1.287,1.6731784,15.368421,0.5209627,1,0,0,3,0,0,0,0,2,294
1773958858166,22397,1,0,0,0,0,0,0,0,0,0,0,0,0,0,0,0
1773958860179,22397,1,0,0,0,0,0,0,0,0,0,0,0,0,0,0,0
1773958868208,22405,1,52,1.374,1.6787367,16.846153,1.4777327,1,0,0,3,0,0,0,0,2,294
1773958928463,22458,1,53,4.161,1.6849884,16.528301,-0.31785202,1,0,0,3,0,0,0,0,2,294
1773958960620,22511,1,53,1.443,1.6889321,16.528301,0,1,0,0,3,0,0,0,0,2,294
1773959016863,22565,1,54,5.765,1.3719119,16.222221,-0.30607986,1,0,0,3,0,0,0,0,2,294
1773959073118,22621,1,56,2.841,1.3628815,15.642858,-0.5793638,1,0,0,3,0,0,0,0,2,294
1773959125342,22652,1,0,0,0,0,0,0,0,0,0,0,0,0,0,0,0
1773959139424,22672,1,51,1.562,1.3584721,17.17647,1.5336123,1,0,0,3,0,0,0,0,2,294
1773959189674,22712,1,0,0,0,0,0,0,0,0,0,0,0,0,0,0,0
1773959191683,22712,1,0,0,0,0,0,0,0,0,0,0,0,0,0,0,0
1773959203726,22722,1,50,2.004,1.3579183,17.52,0.34353065,1,0,0,3,0,0,0,0,2,294
1773959259935,22772,1,50,2.42,1.3562781,17.52,0,1,0,0,3,0,0,0,0,2,294
1773959287999,22825,1,53,1.326,1.3637797,16.528301,-0.9916992,1,0,0,3,0,0,0,0,2,294
1773959326152,22834,1,0,0,0,0,0,0,0,0,0,0,0,0,0,0,0
1773959328154,22834,1,0,0,0,0,0,0,0,0,0,0,0,0,0,0,0
1773959356277,22876,1,51,1.078,1.3707483,17.17647,0.64816856,1,0,0,3,0,0,0,0,2,294
1773959412527,22926,1,50,9.006,1.5852046,17.52,0.34353065,1,0,0,3,0,0,0,0,2,294
1773959458721,22952,1,0,0,0,0,0,0,0,0,0,0,0,0,0,0,0
1773959460735,22952,1,0,0,0,0,0,0,0,0,0,0,0,0,0,0,0
1773959478804,22981,1,55,1.547,1.5773813,15.927273,-1.5927277,1,0,0,3,0,0,0,0,2,294
1773959527021,23006,1,0,0,0,0,0,0,0,0,0,0,0,0,0,0,0
1773959529025,23006,1,0,0,0,0,0,0,0,0,0,0,0,0,0,0,0
1773959543085,23035,1,54,1.418,1.5813606,16.222221,0.29494858,1,0,0,3,0,0,0,0,2,294
1773959599325,23086,1,51,1.62,1.5852683,17.17647,0.9542484,1,0,0,3,0,0,0,0,2,294
1773959659588,23134,1,0,0,0,0,0,0,0,0,0,0,0,0,0,0,0
1773959661592,23134,1,0,0,0,0,0,0,0,0,0,0,0,0,0,0,0
1773959663594,23138,1,52,1.583,1.5837938,16.846153,-0.33031654,1,0,0,3,0,0,0,0,2,294
1773959725815,23193,1,55,2.168,1.5786024,15.927273,-0.91888046,1,0,0,3,0,0,0,0,2,294
1773959759942,23244,1,51,2.255,1.5788101,17.17647,1.249197,1,0,0,3,0,0,0,0,2,294
1773959792073,23246,1,0,0,0,0,0,0,0,0,0,0,0,0,0,0,0
1773959794077,23246,1,0,0,0,0,0,0,0,0,0,0,0,0,0,0,0
1773959824183,23296,1,52,4.11,1.5689949,16.846153,-0.33031654,1,0,0,3,0,0,0,0,2,294
1773959858327,23301,1,0,0,0,0,0,0,0,0,0,0,0,0,0,0,0
1773959860342,23301,1,0,0,0,0,0,0,0,0,0,0,0,0,0,0,0
1773959924586,23342,1,0,0,0,0,0,0,0,0,0,0,0,0,0,0,0
1773959926593,23342,1,0,0,0,0,0,0,0,0,0,0,0,0,0,0,0
1773959934624,23342,1,0,0,0,0,0,0,0,0,0,0,0,0,0,0,0
1773959938653,23352,1,56,1.38,1.5517393,15.642858,-1.2032957,1,0,0,3,0,0,0,0,2,294
1773959988897,23382,1,0,0,0,0,0,0,0,0,0,0,0,0,0,0,0
1773960000953,23402,1,50,2.981,1.5524963,17.52,1.8771429,1,0,0,3,0,0,0,0,2,294
1773960059193,23454,1,52,1.515,1.5504887,16.846153,-0.6738472,1,0,0,3,0,0,0,0,2,294
1773960119463,23507,1,53,1.558,1.5539606,16.528301,-0.31785202,1,0,0,3,0,0,0,0,2,294
1773960149589,23557,1,50,2.692,1.5450466,17.52,0.9916992,1,0,0,3,0,0,0,0,2,294
1773960209812,23609,1,52,1.21,1.5511888,16.846153,-0.6738472,1,0,0,3,0,0,0,0,2,294
1773960258033,23628,1,0,0,0,0,0,0,0,0,0,0,0,0,0,0,0
1773960260053,23628,1,0,0,0,0,0,0,0,0,0,0,0,0,0,0,0
1773960280167,23663,1,54,6.161,1.6142119,16.222221,-0.6239319,1,0,0,3,0,0,0,0,2,294
1773960324374,23680,1,0,0,0,0,0,0,0,0,0,0,0,0,0,0,0
1773960326378,23680,1,0,0,0,0,0,0,0,0,0,0,0,0,0,0,0
1773960348516,23716,1,53,1.407,1.6198277,16.528301,0.30607986,1,0,0,3,0,0,0,0,2,294
1773960404746,23766,1,50,1.549,1.6202567,17.52,0.9916992,1,0,0,3,0,0,0,0,2,294
1773960452924,23799,1,0,0,0,0,0,0,0,0,0,0,0,0,0,0,0
1773960454929,23799,1,0,0,0,0,0,0,0,0,0,0,0,0,0,0,0
1773960472995,23823,1,57,1.277,1.6225523,15.368421,-2.1515799,1,0,0,3,0,0,0,0,2,294
1773960523224,23845,1,0,0,0,0,0,0,0,0,0,0,0,0,0,0,0
1773960525241,23845,1,0,0,0,0,0,0,0,0,0,0,0,0,0,0,0
1773960547316,23875,1,52,3.551,1.6244224,16.846153,1.4777327,1,0,0,3,0,0,0,0,2,294
1773960585460,23886,1,0,0,0,0,0,0,0,0,0,0,0,0,0,0,0
1773960587466,23886,1,0,0,0,0,0,0,0,0,0,0,0,0,0,0,0
1773960619570,23930,1,55,1.265,1.63171,15.927273,-0.91888046,1,0,0,3,0,0,0,0,2,294
1773960655713,23933,1,0,0,0,0,0,0,0,0,0,0,0,0,0,0,0
1773960657721,23933,1,0,0,0,0,0,0,0,0,0,0,0,0,0,0,0
1773960693830,23980,1,50,3.859,1.6310235,17.52,1.5927277,1,0,0,3,0,0,0,0,2,294
1773960723935,23980,1,0,0,0,0,0,0,0,0,0,0,0,0,0,0,0
1773960725945,23980,1,0,0,0,0,0,0,0,0,0,0,0,0,0,0,0
1773960786199,24032,1,52,1.128,1.5654296,16.846153,-0.6738472,1,0,0,3,0,0,0,0,2,294
1773960814318,24084,1,52,1.507,1.5671426,16.846153,0,1,0,0,3,0,0,0,0,2,294
1773960884646,24135,1,51,3.483,1.5686244,17.17647,0.33031654,1,0,0,3,0,0,0,0,2,294
1773960922818,24147,1,0,0,0,0,0,0,0,0,0,0,0,0,0,0,0
1773960924837,24147,1,0,0,0,0,0,0,0,0,0,0,0,0,0,0,0
1773960946914,24186,1,51,3.264,1.5707529,17.17647,0,1,0,0,3,0,0,0,0,2,294
1773961045399,24238,1,52,3.15,1.4477967,16.846153,-0.33031654,1,0,0,3,0,0,0,0,2,294
1773961089587,24288,1,50,2.03,1.4452007,17.52,0.6738472,1,0,0,3,0,0,0,0,2,294
1773961147917,24341,1,53,4.684,1.471399,16.528301,-0.9916992,1,0,0,3,0,0,0,0,2,294
1773961192119,24396,1,55,3.961,1.4738649,15.927273,-0.60102844,1,0,0,3,0,0,0,0,2,294
1773961250335,24448,1,52,1.363,1.4558338,16.846153,0.91888046,1,0,0,3,0,0,0,0,2,294
1773961282468,24501,1,53,3.042,1.4576404,16.528301,-0.31785202,1,0,0,3,0,0,0,0,2,294
1773961342713,24551,1,50,2.383,1.4545808,17.52,0.9916992,1,0,0,3,0,0,0,0,2,294
1773961404959,24608,1,57,1.597,1.4425449,15.368421,-2.1515799,1,0,0,3,0,0,0,0,2,294
1773961451145,24626,1,0,0,0,0,0,0,0,0,0,0,0,0,0,0,0
1773961453148,24626,1,0,0,0,0,0,0,0,0,0,0,0,0,0,0,0
1773961487297,24660,1,52,1.876,1.436067,16.846153,1.4777327,1,0,0,3,0,0,0,0,2,294
1773961517451,24660,1,0,0,0,0,0,0,0,0,0,0,0,0,0,0,0
1773961519461,24660,1,0,0,0,0,0,0,0,0,0,0,0,0,0,0,0
1773961527479,24660,1,0,0,0,0,0,0,0,0,0,0,0,0,0,0,0
1773961529493,24660,1,0,0,0,0,0,0,0,0,0,0,0,0,0,0,0
1773961609801,24711,1,51,2.633,1.4288473,17.17647,0.33031654,1,0,0,3,0,0,0,0,2,294
1773961649961,24715,1,0,0,0,0,0,0,0,0,0,0,0,0,0,0,0
1773961651965,24715,1,0,0,0,0,0,0,0,0,0,0,0,0,0,0,0
1773961712222,24761,1,50,3.289,1.4278252,17.52,0.34353065,1,0,0,3,0,0,0,0,2,294
1773961778489,24789,1,0,0,0,0,0,0,0,0,0,0,0,0,0,0,0
1773961780491,24789,1,0,0,0,0,0,0,0,0,0,0,0,0,0,0,0
1773961788520,24789,1,0,0,0,0,0,0,0,0,0,0,0,0,0,0,0
1773961790535,24789,1,0,0,0,0,0,0,0,0,0,0,0,0,0,0,0
1773961808589,24816,1,55,1.292,1.4348112,15.927273,-1.5927277,1,0,0,3,0,0,0,0,2,294
1773961846764,24823,1,0,0,0,0,0,0,0,0,0,0,0,0,0,0,0
1773961848774,24823,1,0,0,0,0,0,0,0,0,0,0,0,0,0,0,0
1773961856812,24823,1,0,0,0,0,0,0,0,0,0,0,0,0,0,0,0
1773961937171,24873,1,57,32.594,4.0062604,15.368421,-0.5588522,1,0,0,3,0,0,0,0,2,294
1773961977346,24885,1,0,0,0,0,0,0,0,0,0,0,0,0,0,0,0
1773961979361,24885,1,0,0,0,0,0,0,0,0,0,0,0,0,0,0,0
1773962003454,24924,1,51,1.271,4.0087748,17.17647,1.8080492,1,0,0,3,0,0,0,0,2,294
1773962043645,24939,1,0,0,0,0,0,0,0,0,0,0,0,0,0,0,0
1773962045652,24939,1,0,0,0,0,0,0,0,0,0,0,0,0,0,0,0
1773962053710,24939,1,0,0,0,0,0,0,0,0,0,0,0,0,0,0,0
1773962111986,24969,1,0,0,0,0,0,0,0,0,0,0,0,0,0,0,0
1773962113999,24979,1,55,1.349,4.0128,15.927273,-1.249197,1,0,0,3,0,0,0,0,2,294
1773962176270,25023,1,0,0,0,0,0,0,0,0,0,0,0,0,0,0,0
1773962180294,25035,1,56,1.784,4.0120625,15.642858,-0.28441525,1,0,0,3,0,0,0,0,2,294
1773962214440,25087,1,52,2.316,4.012565,16.846153,1.2032957,1,0,0,3,0,0,0,0,2,294
1773962244556,25087,1,0,0,0,0,0,0,0,0,0,0,0,0,0,0,0
1773962246563,25087,1,0,0,0,0,0,0,0,0,0,0,0,0,0,0,0
1773962254606,25087,1,0,0,0,0,0,0,0,0,0,0,0,0,0,0,0
1773962256612,25087,1,0,0,0,0,0,0,0,0,0,0,0,0,0,0,0
1773962324905,25141,1,54,5.174,4.0231647,16.222221,-0.6239319,1,0,0,3,0,0,0,0,2,294
1773962375132,25174,1,0,0,0,0,0,0,0,0,0,0,0,0,0,0,0
1773962377143,25174,1,0,0,0,0,0,0,0,0,0,0,0,0,0,0,0
1773962393195,25191,1,50,3.064,4.018672,17.52,1.2977791,1,0,0,3,0,0,0,0,2,294
1773962443425,25222,1,0,0,0,0,0,0,0,0,0,0,0,0,0,0,0
1773962445445,25222,1,0,0,0,0,0,0,0,0,0,0,0,0,0,0,0
1773962455497,25247,1,56,1.365,4.0219846,15.642858,-1.8771429,1,0,0,3,0,0,0,0,2,294
1773962507706,25279,1,0,0,0,0,0,0,0,0,0,0,0,0,0,0,0
1773962509708,25279,1,0,0,0,0,0,0,0,0,0,0,0,0,0,0,0
1773962517730,25279,1,0,0,0,0,0,0,0,0,0,0,0,0,0,0,0
1773962519735,25279,1,0,0,0,0,0,0,0,0,0,0,0,0,0,0,0
1773962527766,25279,1,0,0,0,0,0,0,0,0,0,0,0,0,0,0,0
1773962533791,25299,1,52,1.295,4.02044,16.846153,1.2032957,1,0,0,3,0,0,0,0,2,294
1773962594028,25350,1,51,4.894,4.0255384,17.17647,0.33031654,1,0,0,3,0,0,0,0,2,294
1773962656332,25403,1,53,1.718,4.0241747,16.528301,-0.64816856,1,0,0,3,0,0,0,0,2,294
1773962704518,25435,1,0,0,0,0,0,0,0,0,0,0,0,0,0,0,0
1773962714555,25457,1,54,4.596,4.0240235,16.222221,-0.30607986,1,0,0,3,0,0,0,0,2,294
1773962770804,25497,1,0,0,0,0,0,0,0,0,0,0,0,0,0,0,0
1773962774825,25507,1,50,10.735,4.1332498,17.52,1.2977791,1,0,0,3,0,0,0,0,2,294
1773962808934,25558,1,51,2.03,4.130153,17.17647,-0.34353065,1,0,0,3,0,0,0,0,2,294
1773962839069,25558,1,0,0,0,0,0,0,0,0,0,0,0,0,0,0,0
1773962875227,25612,1,54,1.448,4.131894,16.222221,-0.9542484,1,0,0,3,0,0,0,0,2,294
1773962937479,25670,1,58,1.368,4.1326494,15.103448,-1.1187735,1,0,0,3,0,0,0,0,2,294
1773962967644,25670,1,0,0,0,0,0,0,0,0,0,0,0,0,0,0,0
1773962969659,25670,1,0,0,0,0,0,0,0,0,0,0,0,0,0,0,0
1773963009795,25720,1,50,1.395,4.13194,17.52,2.4165525,1,0,0,3,0,0,0,0,2,294
1773963072038,25770,1,50,1.23,4.132907,17.52,0,1,0,0,3,0,0,0,0,2,294
1773963134273,25822,1,52,1.425,4.1356378,16.846153,-0.6738472,1,0,0,3,0,0,0,0,2,294
1773963198583,25875,1,53,1.437,4.135674,16.528301,-0.31785202,1,0,0,3,0,0,0,0,2,294
1773963260845,25925,1,50,4.013,4.1232967,17.52,0.9916992,1,0,0,3,0,0,0,0,2,294
1773963303010,25949,1,0,0,0,0,0,0,0,0,0,0,0,0,0,0,0
1773963323122,25975,1,50,1.312,4.1286225,17.52,0,1,0,0,3,0,0,0,0,2,294
1773963375328,26025,1,50,1.627,4.1282797,17.52,0,1,0,0,3,0,0,0,0,2,294
1773963439603,26080,1,55,10.166,4.221023,15.927273,-1.5927277,1,0,0,3,0,0,0,0,2,294
1773963503888,26138,1,58,1.479,4.2250485,15.103448,-0.8238249,1,0,0,3,0,0,0,0,2,294
1773963570162,26188,1,50,1.582,4.2234898,17.52,2.4165525,1,0,0,3,0,0,0,0,2,294
1773963602302,26243,1,55,1.432,4.2210665,15.927273,-1.5927277,1,0,0,3,0,0,0,0,2,294
1773963670618,26293,1,50,87.822,11.308855,17.52,1.5927277,1,0,0,3,0,0,0,0,2,294
1773963726889,26350,1,57,1.193,11.310307,15.368421,-2.1515799,1,0,0,3,0,0,0,0,2,294
1773963767050,26361,1,0,0,0,0,0,0,0,0,0,0,0,0,0,0,0
1773963793161,26401,1,51,7.278,11.310052,17.17647,1.8080492,1,0,0,3,0,0,0,0,2,294
1773963853370,26452,1,51,4.535,11.304531,17.17647,0,1,0,0,3,0,0,0,0,2,294
1773963909607,26503,1,51,1.023,11.30698,17.17647,0,1,0,0,3,0,0,0,0,2,294
1773963969859,26556,1,53,1.932,11.307766,16.528301,-0.64816856,1,0,0,3,0,0,0,0,2,294
1773964036129,26612,1,56,1.563,11.310198,15.642858,-0.8854437,1,0,0,3,0,0,0,0,2,294
1773964096360,26662,1,50,3.756,11.310449,17.52,1.8771429,1,0,0,3,0,0,0,0,2,294
1773964130516,26712,1,50,1.172,11.3113575,17.52,0,1,0,0,3,0,0,0,0,2,294
1773964162721,26720,1,0,0,0,0,0,0,0,0,0,0,0,0,0,0,0
1773964188858,26765,1,53,1.254,11.316861,16.528301,-0.9916992,1,0,0,3,0,0,0,0,2,294
1773964249117,26817,1,52,1.436,11.317183,16.846153,0.31785202,1,0,0,3,0,0,0,0,2,294
1773964293284,26837,1,0,0,0,0,0,0,0,0,0,0,0,0,0,0,0
1773964307334,26870,1,53,1.446,11.317631,16.528301,-0.31785202,1,0,0,3,0,0,0,0,2,294
1773964367572,26920,1,50,3.554,11.3160925,17.52,0.9916992,1,0,0,3,0,0,0,0,2,294
1773964429791,26971,1,51,1.802,11.313705,17.17647,-0.34353065,1,0,0,3,0,0,0,0,2,294
1773964463946,27021,1,50,2.217,11.314858,17.52,0.34353065,1,0,0,3,0,0,0,0,2,294
1773964524231,27075,1,54,5.13,11.309045,16.222221,-1.2977791,1,0,0,3,0,0,0,0,2,294
1773964576456,27127,1,52,6.442,11.3058605,16.846153,0.6239319,1,0,0,3,0,0,0,0,2,294
1773964624710,27145,1,0,0,0,0,0,0,0,0,0,0,0,0,0,0,0
1773964640775,27179,1,52,3.074,11.300041,16.846153,0,1,0,0,3,0,0,0,0,2,294
1773964703020,27229,1,50,1.698,11.304893,17.52,0.6738472,1,0,0,3,0,0,0,0,2,294
1773964761242,27279,1,50,1.403,11.304287,17.52,0,1,0,0,3,0,0,0,0,2,294
1773964825476,27330,1,51,2.458,11.306874,17.17647,-0.34353065,1,0,0,3,0,0,0,0,2,294
1773964855629,27381,1,51,5.341,11.299407,17.17647,0,1,0,0,3,0,0,0,0,2,294
1773964911823,27436,1,55,1.222,11.300661,15.927273,-1.249197,1,0,0,3,0,0,0,0,2,294
1773964972124,27488,1,52,1.932,11.304575,16.846153,0.91888046,1,0,0,3,0,0,0,0,2,294
1773965034334,27541,1,53,2.416,11.306539,16.528301,-0.31785202,1,0,0,3,0,0,0,0,2,294
1773965092621,27592,1,51,1.302,11.312326,17.17647,0.64816856,1,0,0,3,0,0,0,0,2,294
1773965152971,27640,1,0,0,0,0,0,0,0,0,0,0,0,0,0,0,0
1773965154985,27643,1,51,3.332,11.309074,17.17647,0,1,0,0,3,0,0,0,0,2,294
1773965187119,27694,1,51,4.228,11.309099,17.17647,0,1,0,0,3,0,0,0,0,2,294
1773965237345,27745,1,51,1.525,11.314921,17.17647,0,1,0,0,3,0,0,0,0,2,294
1773965297607,27796,1,51,7.978,11.316426,17.17647,0,1,0,0,3,0,0,0,0,2,294
1773965349810,27846,1,50,3.368,11.315816,17.52,0.34353065,1,0,0,3,0,0,0,0,2,294
1773965389980,27898,1,52,2.133,11.31661,16.846153,-0.6738472,1,0,0,3,0,0,0,0,2,294
1773965448208,27951,1,53,2.42,11.313705,16.528301,-0.31785202,1,0,0,3,0,0,0,0,2,294
1773965498442,28002,1,51,30.485,11.754953,17.17647,0.64816856,1,0,0,3,0,0,0,0,2,294
1773965562687,28058,1,56,1.172,11.760982,15.642858,-1.5336123,1,0,0,3,0,0,0,0,2,294
1773965612908,28110,1,52,1.44,11.767408,16.846153,1.2032957,1,0,0,3,0,0,0,0,2,294
1773965651099,28160,1,50,3.192,11.760494,17.52,0.6738472,1,0,0,3,0,0,0,0,2,294
1773965705385,28210,1,50,1.76,11.240124,17.52,0,1,0,0,3,0,0,0,0,2,294
1773965763624,28264,1,54,5.665,11.233519,16.222221,-1.2977791,1,0,0,3,0,0,0,0,2,294
1773965819845,28316,1,52,1.322,11.233641,16.846153,0.6239319,1,0,0,3,0,0,0,0,2,294
1773965878050,28379,1,63,1.551,11.234585,13.904762,-2.941391,1,0,0,3,0,0,0,0,2,294
1773965944419,28432,1,53,3.384,11.232003,16.528301,2.623539,1,0,0,3,0,0,0,0,2,294
1773965982593,28483,1,51,2.439,11.234926,17.17647,0.64816856,1,0,0,3,0,0,0,0,2,294
1773966034778,28534,1,51,2.4,11.236603,17.17647,0,1,0,0,3,0,0,0,0,2,294
1773966097023,28592,1,58,1.908,11.2344055,15.103448,-2.073022,1,0,0,3,0,0,0,0,2,294
1773966149194,28643,1,51,8.045,11.235024,17.17647,2.073022,1,0,0,3,0,0,0,0,2,294
1773966207432,28694,1,51,1.635,11.241217,17.17647,0,1,0,0,3,0,0,0,0,2,294
1773966241531,28744,1,50,1.498,11.242132,17.52,0.34353065,1,0,0,3,0,0,0,0,2,294
1773966303762,28795,1,51,3.475,11.243003,17.17647,-0.34353065,1,0,0,3,0,0,0,0,2,294
1773966357985,28850,1,55,1.337,11.223074,15.927273,-1.249197,1,0,0,3,0,0,0,0,2,294
1773966422324,28901,1,51,4.892,11.219091,17.17647,1.249197,1,0,0,3,0,0,0,0,2,294
1773966484573,28952,1,51,1.344,11.219537,17.17647,0,1,0,0,3,0,0,0,0,2,294
1773966514721,29005,1,53,1.55,11.218771,16.528301,-0.64816856,1,0,0,3,0,0,0,0,2,294
1773966566942,29061,1,56,1.842,11.216986,15.642858,-0.8854437,1,0,0,3,0,0,0,0,2,294
1773966621155,29111,1,50,2.061,11.213684,17.52,1.8771429,1,0,0,3,0,0,0,0,2,294
1773966675337,29162,1,51,10.01,11.227389,17.17647,-0.34353065,1,0,0,3,0,0,0,0,2,294
1773966737620,29217,1,55,3.946,11.220521,15.927273,-1.249197,1,0,0,3,0,0,0,0,2,294
1773966771787,29267,1,50,2.524,11.223419,17.52,1.5927277,1,0,0,3,0,0,0,0,2,294
1773966823990,29320,1,53,3.343,11.216793,16.528301,-0.9916992,1,0,0,3,0,0,0,0,2,294
1773966880210,29371,1,51,2.986,11.212268,17.17647,0.64816856,1,0,0,3,0,0,0,0,2,294
1773966912351,29427,1,56,1.254,11.198938,15.642858,-1.5336123,1,0,0,3,0,0,0,0,2,294
1773966960577,29483,1,56,2.311,11.195828,15.642858,0,1,0,0,3,0,0,0,0,2,294
1773967014761,29534,1,51,1.41,11.1965685,17.17647,1.5336123,1,0,0,3,0,0,0,0,2,294
1773967073022,29587,1,53,1.509,11.196235,16.528301,-0.64816856,1,0,0,3,0,0,0,0,2,294
1773967141319,29641,1,54,4.865,3.9250154,16.222221,-0.30607986,1,0,0,3,0,0,0,0,2,294
1773967203555,29692,1,51,1.603,3.9219325,17.17647,0.9542484,1,0,0,3,0,0,0,0,2,294
1773967243795,29747,1,55,4.163,3.891342,15.927273,-1.249197,1,0,0,3,0,0,0,0,2,294
1773967304042,29798,1,51,5.714,3.9002056,17.17647,1.249197,1,0,0,3,0,0,0,0,2,294
1773967358288,29850,1,52,4.969,3.8955536,16.846153,-0.33031654,1,0,0,3,0,0,0,0,2,294
1773967416520,29901,1,51,2.185,3.8942704,17.17647,0.33031654,1,0,0,3,0,0,0,0,2,294
1773967470736,29958,1,57,1.404,3.8954444,15.368421,-1.8080492,1,0,0,3,0,0,0,0,2,294
1773967510917,30012,1,54,2.39,3.8967516,16.222221,0.8538008,1,0,0,3,0,0,0,0,2,294
1773967571234,30063,1,51,1.929,3.8914165,17.17647,0.9542484,1,0,0,3,0,0,0,0,2,294
1773967623471,30114,1,51,1.881,3.8870082,17.17647,0,1,0,0,3,0,0,0,0,2,294
1773967669693,30164,1,50,1.284,3.8882065,17.52,0.34353065,1,0,0,3,0,0,0,0,2,294
1773967707842,30216,1,52,1.142,3.8906782,16.846153,-0.6738472,1,0,0,3,0,0,0,0,2,294
1773967766044,30266,1,50,2.179,3.8930974,17.52,0.6738472,1,0,0,3,0,0,0,0,2,294
1773967824314,30316,1,50,4.731,3.8925047,17.52,0,1,0,0,3,0,0,0,0,2,294
1773967870546,30366,1,50,1.429,3.89728,17.52,0,1,0,0,3,0,0,0,0,2,294
1773967932818,30419,1,53,5.218,3.897931,16.528301,-0.9916992,1,0,0,3,0,0,0,0,2,294
1773967997084,30469,1,50,3.697,3.8784945,17.52,0.9916992,1,0,0,3,0,0,0,0,2,294
1773968027209,30520,1,51,1.311,3.8861551,17.17647,-0.34353065,1,0,0,3,0,0,0,0,2,294
1773968079435,30570,1,50,3.122,3.881231,17.52,0.34353065,1,0,0,3,0,0,0,0,2,294
1773968133683,30623,1,53,1.826,3.8783863,16.528301,-0.9916992,1,0,0,3,0,0,0,0,2,294
1773968173863,30675,1,52,1.3,3.8849094,16.846153,0.31785202,1,0,0,3,0,0,0,0,2,294
1773968228078,30726,1,51,1.488,3.8821902,17.17647,0.33031654,1,0,0,3,0,0,0,0,2,294
1773968282260,30780,1,54,4.547,3.877497,16.222221,-0.9542484,1,0,0,3,0,0,0,0,2,294
1773968340436,30837,1,57,1.461,3.8804584,15.368421,-0.8538008,1,0,0,3,0,0,0,0,2,294
1773968396751,30889,1,52,1.421,3.8857725,16.846153,1.4777327,1,0,0,3,0,0,0,0,2,294
1773968428879,30940,1,51,1.276,3.8859758,17.17647,0.33031654,1,0,0,3,0,0,0,0,2,294
1773968489118,30993,1,53,5.557,3.896603,16.528301,-0.64816856,1,0,0,3,0,0,0,0,2,294
1773968543334,31046,1,53,1.572,3.9003465,16.528301,0,1,0,0,3,0,0,0,0,2,294
1773968597570,31099,1,53,1.838,3.8984,16.528301,0,1,0,0,3,0,0,0,0,2,294
1773968639744,31153,1,54,6.177,3.870467,16.222221,-0.30607986,1,0,0,3,0,0,0,0,2,294
1773968691992,31205,1,52,5.137,3.877823,16.846153,0.6239319,1,0,0,3,0,0,0,0,2,294
1773968746260,31256,1,51,4.206,3.877138,17.17647,0.33031654,1,0,0,3,0,0,0,0,2,294
1773968802530,31311,1,55,5.695,3.8872118,15.927273,-1.249197,1,0,0,3,0,0,0,0,2,294
1773968836645,31364,1,53,1.71,1.8486404,16.528301,0.60102844,1,0,0,3,0,0,0,0,2,294
1773968888875,31417,1,53,3.614,1.8383882,16.528301,0,1,0,0,3,0,0,0,0,2,294
1773968935043,31467,1,50,5.312,1.8527577,17.52,0.9916992,1,0,0,3,0,0,0,0,2,294
1773968995366,31523,1,56,2.172,1.8551471,15.642858,-1.8771429,1,0,0,3,0,0,0,0,2,294
1773969035522,31575,1,52,6.425,1.8980322,16.846153,1.2032957,1,0,0,3,0,0,0,0,2,294
1773969067679,31578,1,0,0,0,0,0,0,0,0,0,0,0,0,0,0,0
1773969069693,31578,1,0,0,0,0,0,0,0,0,0,0,0,0,0,0,0
1773969103810,31625,1,50,1.284,1.8805002,17.52,0.6738472,1,0,0,3,0,0,0,0,2,294
1773969157994,31675,1,50,2.068,1.8726288,17.52,0,1,0,0,3,0,0,0,0,2,294
1773969222298,31727,1,52,106.11,12.923973,16.846153,-0.6738472,1,0,0,3,0,0,0,0,2,294
1773969266514,31740,1,0,0,0,0,0,0,0,0,0,0,0,0,0,0,0
1773969268520,31740,1,0,0,0,0,0,0,0,0,0,0,0,0,0,0,0
1773969300615,31779,1,52,3.844,12.923421,16.846153,0,1,0,0,3,0,0,0,0,2,294
1773969334797,31781,1,0,0,0,0,0,0,0,0,0,0,0,0,0,0,0
1773969362920,31829,1,50,2.01,12.924657,17.52,0.6738472,1,0,0,3,0,0,0,0,2,294
1773969401068,31834,1,0,0,0,0,0,0,0,0,0,0,0,0,0,0,0
1773969433207,31880,1,51,1.871,12.926231,17.17647,-0.34353065,1,0,0,3,0,0,0,0,2,294
1773969465336,31881,1,0,0,0,0,0,0,0,0,0,0,0,0,0,0,0
1773969467339,31881,1,0,0,0,0,0,0,0,0,0,0,0,0,0,0,0
1773969533611,31924,1,0,0,0,0,0,0,0,0,0,0,0,0,0,0,0
1773969537619,31931,1,51,1.327,12.928318,17.17647,0,1,0,0,3,0,0,0,0,2,294
1773969595829,31981,1,50,1.193,12.927592,17.52,0.34353065,1,0,0,3,0,0,0,0,2,294
1773969664116,32030,1,0,0,0,0,0,0,0,0,0,0,0,0,0,0,0
1773969666118,32030,1,0,0,0,0,0,0,0,0,0,0,0,0,0,0,0
1773969668123,32033,1,52,1.472,12.928169,16.846153,-0.6738472,1,0,0,3,0,0,0,0,2,294
1773969730357,32087,1,54,82.604,16.148357,16.222221,-0.6239319,1,0,0,3,0,0,0,0,2,294
1773969764500,32137,1,50,1.848,16.153187,17.52,1.2977791,1,0,0,3,0,0,0,0,2,294
1773969824737,32191,1,54,1.006,16.154642,16.222221,-1.2977791,1,0,0,3,0,0,0,0,2,294
1773969899089,32247,1,56,4.887,16.154646,15.642858,-0.5793638,1,0,0,3,0,0,0,0,2,294
1773969929167,32247,1,0,0,0,0,0,0,0,0,0,0,0,0,0,0,0
1773969965312,32301,1,54,1.6,16.153595,16.222221,0.5793638,1,0,0,3,0,0,0,0,2,294
1773969995472,32301,1,0,0,0,0,0,0,0,0,0,0,0,0,0,0,0
1773969997479,32301,1,0,0,0,0,0,0,0,0,0,0,0,0,0,0,0
1773970061764,32345,1,0,0,0,0,0,0,0,0,0,0,0,0,0,0,0
1773970063779,32345,1,0,0,0,0,0,0,0,0,0,0,0,0,0,0,0
1773970067797,32351,1,50,2.676,16.14966,17.52,1.2977791,1,0,0,3,0,0,0,0,2,294
1773970128010,32391,1,0,0,0,0,0,0,0,0,0,0,0,0,0,0,0
1773970130012,32391,1,0,0,0,0,0,0,0,0,0,0,0,0,0,0,0
1773970136038,32403,1,52,1.325,16.151733,16.846153,-0.6738472,1,0,0,3,0,0,0,0,2,294
1773970194297,32456,1,53,2.768,16.149466,16.528301,-0.31785202,1,0,0,3,0,0,0,0,2,294
1773970258639,32497,1,0,0,0,0,0,0,0,0,0,0,0,0,0,0,0
1773970260642,32497,1,0,0,0,0,0,0,0,0,0,0,0,0,0,0,0
1773970272715,32507,1,51,3.482,16.142767,17.17647,0.64816856,1,0,0,3,0,0,0,0,2,294
1773970324925,32560,1,53,1.459,16.149775,16.528301,-0.64816856,1,0,0,3,0,0,0,0,2,294
1773970363082,32611,1,51,3.746,16.146854,17.17647,0.64816856,1,0,0,3,0,0,0,0,2,294
1773970393213,32611,1,0,0,0,0,0,0,0,0,0,0,0,0,0,0,0
1773970395225,32611,1,0,0,0,0,0,0,0,0,0,0,0,0,0,0,0
1773970459531,32652,1,0,0,0,0,0,0,0,0,0,0,0,0,0,0,0
1773970461534,32652,1,0,0,0,0,0,0,0,0,0,0,0,0,0,0,0
1773970465541,32661,1,50,2.239,16.149862,17.52,0.34353065,1,0,0,3,0,0,0,0,2,294
1773970521816,32713,1,52,2.105,16.152458,16.846153,-0.6738472,1,0,0,3,0,0,0,0,2,294
1773970559993,32763,1,50,4.169,16.144295,17.52,0.6738472,1,0,0,3,0,0,0,0,2,294
1773970620252,32818,1,55,2.014,16.14529,15.927273,-1.5927277,1,0,0,3,0,0,0,0,2,294
1773970656424,32828,1,0,0,0,0,0,0,0,0,0,0,0,0,0,0,0
1773970658432,32828,1,0,0,0,0,0,0,0,0,0,0,0,0,0,0,0
1773970690565,32869,1,51,1.34,16.145576,17.17647,1.249197,1,0,0,3,0,0,0,0,2,294
1773970760881,32923,1,54,1.164,16.147007,16.222221,-0.9542484,1,0,0,3,0,0,0,0,2,294
1773970791012,32923,1,0,0,0,0,0,0,0,0,0,0,0,0,0,0,0
1773970793019,32923,1,0,0,0,0,0,0,0,0,0,0,0,0,0,0,0
1773970855226,32973,1,50,5.8,16.146742,17.52,1.2977791,1,0,0,3,0,0,0,0,2,294
1773970891385,33025,1,52,2.24,16.144451,16.846153,-0.6738472,1,0,0,3,0,0,0,0,2,294
1773970921513,33025,1,0,0,0,0,0,0,0,0,0,0,0,0,0,0,0
1773970923516,33025,1,0,0,0,0,0,0,0,0,0,0,0,0,0,0,0
1773970959666,33075,1,50,2.007,16.149752,17.52,0.6738472,1,0,0,3,0,0,0,0,2,294
1773971015909,33127,1,52,1.241,16.158823,16.846153,-0.6738472,1,0,0,3,0,0,0,0,2,294
1773971084238,33182,1,55,1.532,16.166336,15.927273,-0.91888046,1,0,0,3,0,0,0,0,2,294
1773971120402,33192,1,0,0,0,0,0,0,0,0,0,0,0,0,0,0,0
1773971122406,33192,1,0,0,0,0,0,0,0,0,0,0,0,0,0,0,0
1773971154520,33233,1,51,1.719,16.167927,17.17647,1.249197,1,0,0,3,0,0,0,0,2,294
1773971188709,33237,1,0,0,0,0,0,0,0,0,0,0,0,0,0,0,0
1773971190713,33237,1,0,0,0,0,0,0,0,0,0,0,0,0,0,0,0
1773971259038,33284,1,51,1.385,16.168003,17.17647,0,1,0,0,3,0,0,0,0,2,294
1773971325319,33341,1,57,1.155,16.172411,15.368421,-1.8080492,1,0,0,3,0,0,0,0,2,294
1773971385583,33382,1,0,0,0,0,0,0,0,0,0,0,0,0,0,0,0
1773971387588,33382,1,0,0,0,0,0,0,0,0,0,0,0,0,0,0,0
1773971397629,33397,1,56,1.352,16.174536,15.642858,0.27443695,1,0,0,3,0,0,0,0,2,294
1773971453852,33430,1,0,0,0,0,0,0,0,0,0,0,0,0,0,0,0
1773971465906,33447,1,50,1.483,16.175987,17.52,1.8771429,1,0,0,3,0,0,0,0,2,294
1773971528143,33499,1,52,6.014,16.167618,16.846153,-0.6738472,1,0,0,3,0,0,0,0,2,294
1773971588400,33549,1,50,2.791,16.16194,17.52,0.6738472,1,0,0,3,0,0,0,0,2,294
1773971646636,33602,1,53,1.464,16.164501,16.528301,-0.9916992,1,0,0,3,0,0,0,0,2,294
1773971680836,33653,1,51,3.276,16.166637,17.17647,0.64816856,1,0,0,3,0,0,0,0,2,294
1773971719013,33668,1,0,0,0,0,0,0,0,0,0,0,0,0,0,0,0
1773971753149,33703,1,50,1.276,16.167253,17.52,0.34353065,1,0,0,3,0,0,0,0,2,294
1773971819403,33753,1,50,1.167,16.176186,17.52,0,1,0,0,3,0,0,0,0,2,294
1773971885640,33811,1,58,1.342,16.182795,15.103448,-2.4165525,1,0,0,3,0,0,0,0,2,294
1773971945874,33863,1,52,2.496,16.178774,16.846153,1.7427053,1,0,0,3,0,0,0,0,2,294
1773971982060,33877,1,0,0,0,0,0,0,0,0,0,0,0,0,0,0,0
1773971984077,33877,1,0,0,0,0,0,0,0,0,0,0,0,0,0,0,0
1773971992102,33877,1,0,0,0,0,0,0,0,0,0,0,0,0,0,0,0
1773971994114,33877,1,0,0,0,0,0,0,0,0,0,0,0,0,0,0,0
1773972048422,33916,1,53,1.565,16.18339,16.528301,-0.31785202,1,0,0,3,0,0,0,0,2,294
1773972112690,33966,1,50,1.351,16.185131,17.52,0.9916992,1,0,0,3,0,0,0,0,2,294
1773972144805,34016,1,50,2.393,16.181385,17.52,0,1,0,0,3,0,0,0,0,2,294
1773972181002,34024,1,0,0,0,0,0,0,0,0,0,0,0,0,0,0,0
1773972217189,34066,1,50,159.329,25.013695,17.52,0,1,0,0,3,0,0,0,0,2,294
1773972279463,34118,1,52,1.409,25.023249,16.846153,-0.6738472,1,0,0,3,0,0,0,0,2,294
1773972349734,34169,1,51,3.933,25.015297,17.17647,0.33031654,1,0,0,3,0,0,0,0,2,294
1773972413974,34222,1,53,7.992,25.002113,16.528301,-0.64816856,1,0,0,3,0,0,0,0,2,294
1773972474236,34276,1,54,1.16,25.002602,16.222221,-0.30607986,1,0,0,3,0,0,0,0,2,294
1773972514422,34290,1,0,0,0,0,0,0,0,0,0,0,0,0,0,0,0
1773972544522,34326,1,50,1.861,25.01237,17.52,1.2977791,1,0,0,3,0,0,0,0,2,294
1773972610793,34376,1,50,1.27,25.013596,17.52,0,1,0,0,3,0,0,0,0,2,294
1773972683113,34427,1,51,2.365,25.011683,17.17647,-0.34353065,1,0,0,3,0,0,0,0,2,294
1773972745380,34479,1,52,3.772,25.016068,16.846153,-0.33031654,1,0,0,3,0,0,0,0,2,294
1773972805694,34529,1,50,1.328,25.027044,17.52,0.6738472,1,0,0,3,0,0,0,0,2,294
1773972845871,34543,1,0,0,0,0,0,0,0,0,0,0,0,0,0,0,0
1773972847883,34543,1,0,0,0,0,0,0,0,0,0,0,0,0,0,0,0
1773972877977,34581,1,52,2.225,25.032715,16.846153,-0.6738472,1,0,0,3,0,0,0,0,2,294
1773972910140,34587,1,0,0,0,0,0,0,0,0,0,0,0,0,0,0,0
1773972912149,34587,1,0,0,0,0,0,0,0,0,0,0,0,0,0,0,0
1773972946308,34632,1,51,2.338,25.04055,17.17647,0.33031654,1,0,0,3,0,0,0,0,2,294
1773973006586,34684,1,52,4.869,25.031742,16.846153,-0.33031654,1,0,0,3,0,0,0,0,2,294
1773973044745,34695,1,0,0,0,0,0,0,0,0,0,0,0,0,0,0,0
1773973046751,34695,1,0,0,0,0,0,0,0,0,0,0,0,0,0,0,0
1773973054789,34695,1,0,0,0,0,0,0,0,0,0,0,0,0,0,0,0
1773973109030,34733,1,0,0,0,0,0,0,0,0,0,0,0,0,0,0,0
1773973111047,34733,1,0,0,0,0,0,0,0,0,0,0,0,0,0,0,0
1773973115069,34735,1,51,1.479,25.038696,17.17647,0.33031654,1,0,0,3,0,0,0,0,2,294
1773973175318,34769,1,0,0,0,0,0,0,0,0,0,0,0,0,0,0,0
1773973177319,34769,1,0,0,0,0,0,0,0,0,0,0,0,0,0,0,0
1773973185342,34769,1,0,0,0,0,0,0,0,0,0,0,0,0,0,0,0
1773973187350,34769,1,0,0,0,0,0,0,0,0,0,0,0,0,0,0,0
1773973199402,34785,1,50,1.87,25.047567,17.52,0.34353065,1,0,0,3,0,0,0,0,2,294
1773973245607,34806,1,0,0,0,0,0,0,0,0,0,0,0,0,0,0,0
1773973247619,34806,1,0,0,0,0,0,0,0,0,0,0,0,0,0,0,0
1773973275726,34836,1,51,3.155,25.044477,17.17647,-0.34353065,1,0,0,3,0,0,0,0,2,294
1773973339987,34891,1,55,6.032,25.044842,15.927273,-1.249197,1,0,0,3,0,0,0,0,2,294
1773973402303,34942,1,51,1.464,25.04413,17.17647,1.249197,1,0,0,3,0,0,0,0,2,294
1773973444457,34958,1,0,0,0,0,0,0,0,0,0,0,0,0,0,0,0
1773973466543,34998,1,56,3.066,25.040922,15.642858,-1.5336123,1,0,0,3,0,0,0,0,2,294
1773973522801,35048,1,50,2.062,21.763573,17.52,1.8771429,1,0,0,3,0,0,0,0,2,294
1773973581049,35100,1,52,1.873,21.768133,16.846153,-0.6738472,1,0,0,3,0,0,0,0,2,294
1773973643278,35133,1,0,0,0,0,0,0,0,0,0,0,0,0,0,0,0
1773973655326,35153,1,53,4.948,21.76263,16.528301,-0.31785202,1,0,0,3,0,0,0,0,2,294
1773973709539,35174,1,0,0,0,0,0,0,0,0,0,0,0,0,0,0,0
1773973711547,35174,1,0,0,0,0,0,0,0,0,0,0,0,0,0,0,0
1773973737743,35204,1,51,1.496,21.76382,17.17647,0.64816856,1,0,0,3,0,0,0,0,2,294
1773973775967,35213,1,0,0,0,0,0,0,0,0,0,0,0,0,0,0,0
1773973808126,35257,1,53,3.021,21.759022,16.528301,-0.64816856,1,0,0,3,0,0,0,0,2,294
1773973838278,35257,1,0,0,0,0,0,0,0,0,0,0,0,0,0,0,0
1773973840291,35257,1,0,0,0,0,0,0,0,0,0,0,0,0,0,0,0
1773973906589,35299,1,0,0,0,0,0,0,0,0,0,0,0,0,0,0,0
1773973908608,35299,1,0,0,0,0,0,0,0,0,0,0,0,0,0,0,0
1773973918653,35309,1,52,3.342,21.753029,16.846153,0.31785202,1,0,0,3,0,0,0,0,2,294
1773973974845,35341,1,0,0,0,0,0,0,0,0,0,0,0,0,0,0,0
1773973976853,35341,1,0,0,0,0,0,0,0,0,0,0,0,0,0,0,0
1773973984892,35359,1,50,1.606,21.752586,17.52,0.6738472,1,0,0,3,0,0,0,0,2,294
1773974041187,35385,1,0,0,0,0,0,0,0,0,0,0,0,0,0,0,0
1773974043197,35385,1,0,0,0,0,0,0,0,0,0,0,0,0,0,0,0
1773974065284,35410,1,51,1.494,19.509523,17.17647,-0.34353065,1,0,0,3,0,0,0,0,2,294
1773974109452,35429,1,0,0,0,0,0,0,0,0,0,0,0,0,0,0,0
1773974133560,35467,1,57,1.335,19.51088,15.368421,-1.8080492,1,0,0,3,0,0,0,0,2,294
1773974173698,35476,1,0,0,0,0,0,0,0,0,0,0,0,0,0,0,0
1773974240015,35511,1,0,0,0,0,0,0,0,0,0,0,0,0,0,0,0
1773974244038,35519,1,52,1.374,19.509787,16.846153,1.4777327,1,0,0,3,0,0,0,0,2,294
1773974306310,35574,1,55,3.653,19.510403,15.927273,-0.91888046,1,0,0,3,0,0,0,0,2,294
1773974378590,35624,1,50,1.225,19.511438,17.52,1.5927277,1,0,0,3,0,0,0,0,2,294
1773974438917,35674,1,50,1.513,19.51402,17.52,0,1,0,0,3,0,0,0,0,2,294
1773974499110,35724,1,50,1.239,19.514267,17.52,0,1,0,0,3,0,0,0,0,2,294
1773974535304,35777,1,53,3.63,19.51312,16.528301,-0.9916992,1,0,0,3,0,0,0,0,2,294
1773974571468,35785,1,0,0,0,0,0,0,0,0,0,0,0,0,0,0,0
1773974573499,35785,1,0,0,0,0,0,0,0,0,0,0,0,0,0,0,0
1773974639825,35819,1,0,0,0,0,0,0,0,0,0,0,0,0,0,0,0
1773974641840,35819,1,0,0,0,0,0,0,0,0,0,0,0,0,0,0,0
1773974645851,35829,1,52,4.491,19.512402,16.846153,0.31785202,1,0,0,3,0,0,0,0,2,294
1773974708159,35858,1,0,0,0,0,0,0,0,0,0,0,0,0,0,0,0
1773974710163,35858,1,0,0,0,0,0,0,0,0,0,0,0,0,0,0,0
1773974730268,35884,1,55,1.502,19.512285,15.927273,-0.91888046,1,0,0,3,0,0,0,0,2,294
1773974784519,35936,1,52,2.264,19.514498,16.846153,0.91888046,1,0,0,3,0,0,0,0,2,294
1773974836743,35986,1,50,2.924,19.513247,17.52,0.6738472,1,0,0,3,0,0,0,0,2,294
1773974895017,36036,1,50,3.671,19.510744,17.52,0,1,0,0,3,0,0,0,0,2,294
1773974927159,36086,1,50,1.461,19.515211,17.52,0,1,0,0,3,0,0,0,0,2,294
1773974979386,36138,1,52,1.227,19.517242,16.846153,-0.6738472,1,0,0,3,0,0,0,0,2,294
1773975043672,36189,1,51,2.977,19.51371,17.17647,0.33031654,1,0,0,3,0,0,0,0,2,294
1773975097867,36245,1,56,1.876,19.511799,15.642858,-1.5336123,1,0,0,3,0,0,0,0,2,294
1773975129990,36298,1,53,1.296,19.516466,16.528301,0.8854437,1,0,0,3,0,0,0,0,2,294
1773975180206,36354,1,56,1.418,19.51842,15.642858,-0.8854437,1,0,0,3,0,0,0,0,2,294
1773975238465,36408,1,54,1.32,19.520144,16.222221,0.5793638,1,0,0,3,0,0,0,0,2,294
1773975294700,36458,1,50,3.98,19.515327,17.52,1.2977791,1,0,0,3,0,0,0,0,2,294
1773975336895,36508,1,50,3.253,19.511957,17.52,0,1,0,0,3,0,0,0,0,2,294
1773975393118,36559,1,51,3.621,19.508612,17.17647,-0.34353065,1,0,0,3,0,0,0,0,2,294
1773975451401,36611,1,52,4.401,19.503744,16.846153,-0.33031654,1,0,0,3,0,0,0,0,2,294
1773975503603,36662,1,51,1.901,19.501707,17.17647,0.33031654,1,0,0,3,0,0,0,0,2,294
1773975539725,36714,1,52,10.332,19.507677,16.846153,-0.33031654,1,0,0,3,0,0,0,0,2,294
1773975593960,36765,1,51,1.988,19.506325,17.17647,0.33031654,1,0,0,3,0,0,0,0,2,294
1773975650185,36816,1,51,1.221,19.51183,17.17647,0,1,0,0,3,0,0,0,0,2,294
1773975704367,36870,1,54,5.727,19.51,16.222221,-0.9542484,1,0,0,3,0,0,0,0,2,294
1773975756591,36921,1,51,1.829,19.508999,17.17647,0.9542484,1,0,0,3,0,0,0,0,2,294
1773975790734,36971,1,50,1.661,19.512342,17.52,0.34353065,1,0,0,3,0,0,0,0,2,294
1773975842937,37021,1,50,2.281,19.509714,17.52,0,1,0,0,3,0,0,0,0,2,294
1773975899190,37071,1,50,4.376,19.503773,17.52,0,1,0,0,3,0,0,0,0,2,294
1773975957473,37121,1,50,4.163,19.4984,17.52,0,1,0,0,3,0,0,0,0,2,294
1773975999611,37171,1,50,0.994,19.502487,17.52,0,1,0,0,3,0,0,0,0,2,294
1773976047877,37221,1,50,2.698,19.499754,17.52,0,1,0,0,3,0,0,0,0,2,294
1773976108155,37271,1,50,2.468,19.496851,17.52,0,1,0,0,3,0,0,0,0,2,294
1773976172456,37330,1,59,1.41,19.499416,14.847458,-2.6725426,1,0,0,3,0,0,0,0,2,294
1773976240841,37383,1,53,6.691,1.7723746,16.528301,1.6808434,1,0,0,3,0,0,0,0,2,294
1773976305252,37436,1,53,1.838,1.7680478,16.528301,0,1,0,0,3,0,0,0,0,2,294
1773976367529,37487,1,51,1.771,1.7661483,17.17647,0.64816856,1,0,0,3,0,0,0,0,2,294
1773976427750,37537,1,50,3.039,1.637998,17.52,0.34353065,1,0,0,3,0,0,0,0,2,294
1773976487987,37589,1,52,4.049,1.6358905,16.846153,-0.6738472,1,0,0,3,0,0,0,0,2,294
1773976536205,37643,1,54,1.506,1.6393359,16.222221,-0.6239319,1,0,0,3,0,0,0,0,2,294
1773976626553,37696,1,53,3.793,1.634853,16.528301,0.30607986,1,0,0,3,0,0,0,0,2,294
1773976686764,37751,1,55,2.353,1.6348964,15.927273,-0.60102844,1,0,0,3,0,0,0,0,2,294
1773976718923,37803,1,52,6.333,1.6901428,16.846153,0.91888046,1,0,0,3,0,0,0,0,2,294
1773976769135,37853,1,50,5.487,1.7129738,17.52,0.6738472,1,0,0,3,0,0,0,0,2,294
1773976833391,37907,1,54,4.842,1.7289137,16.222221,-1.2977791,1,0,0,3,0,0,0,0,2,294
1773976893666,37958,1,51,2.018,1.7309445,17.17647,0.9542484,1,0,0,3,0,0,0,0,2,294
1773976951896,38012,1,54,18.229,2.563728,16.222221,-0.9542484,1,0,0,3,0,0,0,0,2,294
1773977002137,38065,1,53,1.836,2.5606103,16.528301,0.30607986,1,0,0,3,0,0,0,0,2,294
1773977064401,38115,1,50,1.471,2.564062,17.52,0.9916992,1,0,0,3,0,0,0,0,2,294
1773977112594,38167,1,52,2.14,2.566725,16.846153,-0.6738472,1,0,0,3,0,0,0,0,2,294
1773977178900,38221,1,54,32.577,4.459015,16.222221,-0.6239319,1,0,0,3,0,0,0,0,2,294
1773977245189,38273,1,52,1.172,4.4612293,16.846153,0.6239319,1,0,0,3,0,0,0,0,2,294
1773977303452,38325,1,52,2.563,4.4623957,16.846153,0,1,0,0,3,0,0,0,0,2,294
1773977345625,38342,1,0,0,0,0,0,0,0,0,0,0,0,0,0,0,0
1773977347634,38342,1,0,0,0,0,0,0,0,0,0,0,0,0,0,0,0
1773977355676,38342,1,0,0,0,0,0,0,0,0,0,0,0,0,0,0,0
1773977371731,38376,1,51,1.09,4.46882,17.17647,0.33031654,1,0,0,3,0,0,0,0,2,294
1773977444047,38427,1,51,2.203,4.4671793,17.17647,0,1,0,0,3,0,0,0,0,2,294
1773977494270,38477,1,50,6.681,4.4813304,17.52,0.34353065,1,0,0,3,0,0,0,0,2,294
1773977552490,38536,1,59,1.933,4.47862,14.847458,-2.6725426,1,0,0,3,0,0,0,0,2,294
1773977608722,38576,1,0,0,0,0,0,0,0,0,0,0,0,0,0,0,0
1773977616744,38587,1,51,2.254,4.480902,17.17647,2.329012,1,0,0,3,0,0,0,0,2,294
1773977672986,38637,1,50,4.53,4.4827337,17.52,0.34353065,1,0,0,3,0,0,0,0,2,294
1773977701120,38688,1,51,1.316,4.484795,17.17647,-0.34353065,1,0,0,3,0,0,0,0,2,294
1773977759390,38743,1,55,1.356,4.485791,15.927273,-1.249197,1,0,0,3,0,0,0,0,2,294
1773977813608,38799,1,56,1.332,4.4858136,15.642858,-0.28441525,1,0,0,3,0,0,0,0,2,294
1773977873882,38838,1,0,0,0,0,0,0,0,0,0,0,0,0,0,0,0
1773977875888,38838,1,0,0,0,0,0,0,0,0,0,0,0,0,0,0,0
1773977885922,38854,1,55,7.782,4.50878,15.927273,0.28441525,1,0,0,3,0,0,0,0,2,294
1773977944119,38906,1,52,1.84,4.514028,16.846153,0.91888046,1,0,0,3,0,0,0,0,2,294
1773977974232,38956,1,50,2.117,4.508145,17.52,0.6738472,1,0,0,3,0,0,0,0,2,294
1773978026430,39011,1,55,1.5,4.508239,15.927273,-1.5927277,1,0,0,3,0,0,0,0,2,294
1773978082708,39070,1,59,2.104,4.502487,14.847458,-1.0798149,1,0,0,3,0,0,0,0,2,294
1773978142997,39120,1,50,1.609,4.5092163,17.52,2.6725426,1,0,0,3,0,0,0,0,2,294
1773978171113,39176,1,56,1.78,4.513039,15.642858,-1.8771429,1,0,0,3,0,0,0,0,2,294
1773978209230,39183,1,0,0,0,0,0,0,0,0,0,0,0,0,0,0,0
1773978211247,39183,1,0,0,0,0,0,0,0,0,0,0,0,0,0,0,0
1773978243379,39227,1,51,4.906,4.508982,17.17647,1.5336123,1,0,0,3,0,0,0,0,2,294
1773978295641,39278,1,51,1.131,4.516312,17.17647,0,1,0,0,3,0,0,0,0,2,294
1773978353940,39331,1,53,1.406,4.523554,16.528301,-0.64816856,1,0,0,3,0,0,0,0,2,294
1773978408178,39384,1,53,7.623,4.5518985,16.528301,0,1,0,0,3,0,0,0,0,2,294
1773978440319,39438,1,54,4.347,4.5448236,16.222221,-0.30607986,1,0,0,3,0,0,0,0,2,294
1773978498524,39492,1,54,1.393,4.5434933,16.222221,0,1,0,0,3,0,0,0,0,2,294
1773978560770,39542,1,50,2.358,4.5455585,17.52,1.2977791,1,0,0,3,0,0,0,0,2,294
1773978627116,39597,1,55,1.445,4.548475,15.927273,-1.5927277,1,0,0,3,0,0,0,0,2,294
1773978687312,39647,1,50,3.305,4.5392075,17.52,1.5927277,1,0,0,3,0,0,0,0,2,294
1773978739496,39700,1,53,18.345,4.8812556,16.528301,-0.9916992,1,0,0,3,0,0,0,0,2,294
1773978775637,39750,1,50,1.615,4.8789353,17.52,0.9916992,1,0,0,3,0,0,0,0,2,294
1773978827929,39801,1,51,1.945,4.8851123,17.17647,-0.34353065,1,0,0,3,0,0,0,0,2,294
1773978888367,39857,1,56,4.582,4.8851643,15.642858,-1.5336123,1,0,0,3,0,0,0,0,2,294
1773978944643,39907,1,50,1.33,4.8955746,17.52,1.8771429,1,0,0,3,0,0,0,0,2,294
1773978994864,39960,1,53,1.357,4.90506,16.528301,-0.9916992,1,0,0,3,0,0,0,0,2,294
1773979029021,40011,1,51,1.987,4.904542,17.17647,0.64816856,1,0,0,3,0,0,0,0,2,294
1773979087310,40065,1,54,1.46,4.8439183,16.222221,-0.9542484,1,0,0,3,0,0,0,0,2,294
1773979145553,40116,1,51,5.141,4.842339,17.17647,0.9542484,1,0,0,3,0,0,0,0,2,294
1773979191728,40169,1,53,1.064,4.8436565,16.528301,-0.64816856,1,0,0,3,0,0,0,0,2,294
1773979223865,40220,1,51,1.841,4.8427486,17.17647,0.64816856,1,0,0,3,0,0,0,0,2,294
1773979276068,40274,1,54,1.13,4.8476996,16.222221,-0.9542484,1,0,0,3,0,0,0,0,2,294
1773979326332,40325,1,51,3.888,4.8411403,17.17647,0.9542484,1,0,0,3,0,0,0,0,2,294
1773979356475,40375,1,50,1.045,4.849241,17.52,0.34353065,1,0,0,3,0,0,0,0,2,294
1773979412746,40431,1,56,1.511,4.8558817,15.642858,-1.8771429,1,0,0,3,0,0,0,0,2,294
1773979446918,40481,1,50,2.066,4.8593225,17.86,2.217143,1,0,0,3,0,0,0,0,2,311
1773979483061,40532,1,51,1.706,4.854137,19.215687,1.3556862,1,0,0,3,0,0,0,0,2,328
1773979531253,40583,1,51,2.677,4.8542004,20.09804,0.8823528,1,0,0,3,0,0,0,0,2,343
1773979571430,40633,1,50,59.57,8.465268,20.5,0.40196037,1,0,0,3,0,0,0,0,2,343
1773979619656,40684,1,51,4.717,8.456268,20.09804,-0.40196037,1,0,0,3,0,0,0,0,2,349
1773979661860,40735,1,51,1.26,8.461737,26.235294,6.1372547,1,0,0,3,0,0,0,0,2,448
1773979720123,40786,1,51,1.99,8.461016,33.509804,7.2745094,1,0,0,3,0,0,0,0,2,580
1773979772375,40836,1,50,1.637,8.461702,36.82,3.310196,1,0,0,3,0,0,0,0,2,640
1773979822544,40890,1,54,6.232,8.462482,34.77778,-2.042221,1,0,0,3,0,0,0,0,2,651
1773979878759,40943,1,53,1.95,8.468341,36.226414,1.4486351,1,0,0,3,0,0,0,0,2,666
1773979953090,40998,1,55,2.417,8.464068,36,-0.22641373,1,0,0,3,0,0,0,0,2,687
1773980007321,41049,1,51,4.676,8.463609,39.52941,3.5294113,1,0,0,3,0,0,0,0,2,701
1773980043407,41100,1,51,2.88,8.461749,40.17647,0.6470604,1,0,0,3,0,0,0,0,2,712
1773980091631,41151,1,51,3.891,8.459046,40.588234,0.41176224,1,0,0,3,0,0,0,0,2,720
1773980133771,41203,1,52,1.094,8.468525,39.98077,-0.60746384,1,0,0,3,0,0,0,0,2,723
1773980179965,41253,1,50,3.772,8.468741,42.12,2.1392288,1,0,0,3,0,0,0,0,2,732
1773980230187,41303,1,50,1.437,8.471609,42.96,0.84000015,1,0,0,3,0,0,0,0,2,747
1773980286504,41356,1,53,3.891,8.290565,41.18868,-1.7713203,1,0,0,3,0,0,0,0,2,760
1773980336709,41408,1,52,1.566,8.291822,42.71154,1.5228615,1,0,0,3,0,0,0,0,2,775
1773980374814,41460,1,52,5.746,8.287023,43.23077,0.5192299,1,0,0,3,0,0,0,0,2,784
1773980439106,41516,1,56,1.259,8.291226,40.910713,-2.320057,1,0,0,3,0,0,0,0,2,801
1773980483305,41566,1,50,6.813,7.491741,46.2,5.2892876,1,0,0,3,0,0,0,0,2,809
1773980535514,41621,1,55,1.338,7.4908514,42,-4.200001,1,0,0,3,0,0,0,0,2,809
1773980575667,41671,1,50,3.757,7.4891744,46.2,4.200001,1,0,0,3,0,0,0,0,2,809
1773980621838,41728,1,57,1.548,7.4867597,40.526318,-5.673683,1,0,0,3,0,0,0,0,2,809
1773980694217,41779,1,51,1.361,7.490381,45.294117,4.7677994,1,0,0,3,0,0,0,0,2,809
1773980748410,41836,1,57,1.445,7.4874597,40.526318,-4.7677994,1,0,0,3,0,0,0,0,2,809
1773980796612,41887,1,51,1.423,7.4896655,45.294117,4.7677994,1,0,0,3,0,0,0,0,2,809
1773980824740,41938,1,51,5.83,7.4916596,45.294117,0,1,0,0,3,0,0,0,0,2,809
1774036401431,51,1,51,3.24,0,0,0,1,1,0,3,0,0,0,0,2,0
1774036445557,110,0.001362339,59,1.125,1.0575,0,0,1,0,0,3,0,0,0,0,2,0
1774036497810,165,0.0005897257,55,1.435,0.9325801,0,0,1,0,0,3,0,0,0,0,2,0
1774036539982,218,0.0007517945,53,5.865,1.884318,0,0,1,0,0,3,0,0,0,0,2,0
1774036588241,271,0.00039083252,53,2.862,1.685525,0,0,1,0,0,3,0,0,0,0,2,0
1774036632521,326,0.0006056727,55,1.503,1.6250082,0,0,1,0,0,3,0,0,0,0,2,0
1774036670661,380,0.0005819114,54,1.443,1.5646939,0,0,1,0,0,3,0,0,0,0,2,0
1774036708860,432,0.00047232752,52,2.853,1.4683877,0,0,1,0,0,3,0,0,0,0,2,0
1774036739008,484,0.0006233521,52,1.622,1.4141984,0,0,1,0,0,3,0,0,0,0,2,0
1774036779180,534,0.00153684,50,6.568,1.826085,0,0,1,0,0,3,0,0,0,0,2,0
1774036811318,587,0.00047343745,53,4.645,1.8158334,0,0,1,0,0,3,0,0,0,0,2,0
1774037386380,50,1,50,1.447,0,0,0,1,1,0,3,0,0,0,0,3,0
1774037406432,107,0.0008681775,57,1.12,0.16350001,0,0,1,0,0,3,0,0,0,0,2,0
1774037438540,161,0.0004781652,54,4.984,1.7495332,0,0,1,0,0,3,0,0,0,0,2,0
1774037456635,217,0.00050948496,56,4.9,1.8331404,0,0,1,0,0,3,0,0,0,0,2,0
1774037474690,270,0.00042891607,53,2.429,1.6622652,0,0,1,0,0,3,0,0,0,0,2,0
1774037508823,325,0.0005884067,55,1.569,1.6054767,0,0,1,0,0,3,0,0,0,0,2,0
1774037528886,378,0.0006428517,53,5.463,1.765293,0,0,1,0,0,3,0,0,0,0,2,0
1774037548935,432,0.0006656274,54,1.168,1.7742273,0,0,1,0,0,3,0,0,0,0,2,0
1774037591118,489,0.0009142333,57,1.253,1.7496204,0,0,1,0,0,3,0,0,0,0,2,0
1774037613177,546,0.000749067,57,1.852,1.6793853,0,0,1,0,0,3,0,0,0,0,2,0
1774037653320,598,0.0007238975,52,1.225,1.6505829,0,0,1,0,0,3,0,0,0,0,2,0
1774037673375,649,0.0007078983,51,1.889,1.5890712,0,0,1,0,0,3,0,0,0,0,2,0
1774037713536,699,0.0008006748,50,2.91,1.531824,0,0,1,0,0,3,0,0,0,0,2,0
1774037731579,750,0.0007491934,51,1.63,1.4921566,0,0,1,0,0,3,0,0,0,0,2,0
1774037775777,802,0.00053110515,52,2.188,1.4426922,0,0,1,0,0,3,0,0,0,0,2,0
1774037793866,854,0.0006936276,52,1.303,1.4219774,0,0,1,0,0,3,0,0,0,0,2,0
1774037813947,909,0.00034996524,55,3.739,1.4186269,0,0,1,0,0,3,0,0,0,0,2,0
1774037858145,961,0.0006589078,52,1.449,1.3963315,0,0,1,0,0,3,0,0,0,0,2,0
1774037878199,1018,0.000810414,57,1.547,1.3712229,0,0,1,0,0,3,0,0,0,0,2,0
1774037924371,1078,0.001559769,60,1.501,1.3483471,0,0,1,0,0,3,0,0,0,0,2,0
1774037944470,1135,0.0009032166,57,1.214,1.3352293,0,0,1,0,0,3,0,0,0,0,2,0
1774037990640,1186,0.0006034018,51,3.045,1.3155938,0,0,1,0,0,3,0,0,0,0,2,0
1774038008699,1236,0.0008064005,50,2.629,1.2888184,0,0,1,0,0,3,0,0,0,0,2,0
1774038052848,1291,0.00081987854,55,6.29,1.4945685,0,0,1,0,0,3,0,0,0,0,2,0
1774038070909,1341,0.00096448645,50,1.425,1.478021,0,0,1,0,0,3,0,0,0,0,2,0
1774038105024,1395,0.0008544707,54,6.353,1.6359836,0,0,1,0,0,3,0,0,0,0,2,0
1774038123085,1451,0.0007394104,56,1.336,1.6219188,0,0,1,0,0,3,0,0,0,0,2,0
1774038143149,1502,0.0006979586,51,4.397,1.6306057,0,0,1,0,0,3,0,0,0,0,2,0
1774038171243,1552,0.00096857443,50,1.434,1.6158452,0,0,1,0,0,3,0,0,0,0,2,0
1774038189308,1603,0.0008383163,51,1.237,1.6058378,0,0,1,0,0,3,0,0,0,0,2,0
1774038209367,1656,0.0006586103,53,1.209,1.5960457,0,0,1,0,0,3,0,0,0,0,2,0
1774038241479,1709,0.00064989994,53,1.24,1.5850924,0,0,1,0,0,3,0,0,0,0,2,0
1774038261542,1762,0.0011007831,53,6.806,1.7326797,0,0,1,0,0,3,0,0,0,0,2,0
1774038291708,1816,0.00045014778,54,2.108,1.7086489,0,0,1,0,0,3,0,0,0,0,2,0
1774038311818,1873,0.00086055644,57,1.424,1.6942565,0,0,1,0,0,3,0,0,0,0,2,0
1774038331896,1932,0.0012901651,59,1.462,1.6793476,0,0,1,0,0,3,0,0,0,0,2,0
1774038364029,1985,0.00060460967,53,1.437,1.6650628,0,0,1,0,0,3,0,0,0,0,2,0
1774038384097,2036,0.00081578887,51,1.343,1.6525185,0,0,1,0,0,3,0,0,0,0,2,0
1774038406134,2088,0.00050195307,52,4.05,1.6514195,0,0,1,0,0,3,0,0,0,0,2,0
1774038438257,2142,0.000635269,54,1.252,1.6415462,0,0,1,0,0,3,0,0,0,0,2,0
1774038458339,2194,0.00068309385,52,1.389,1.6293579,0,0,1,0,0,3,0,0,0,0,2,0
1774038476404,2250,0.000624554,56,1.783,1.6126435,0,0,1,0,0,3,0,0,0,0,2,0
1774038516555,2301,0.00085306907,51,1.176,1.6042696,0,0,1,0,0,3,0,0,0,0,2,0
1774038534607,2351,0.0010566087,50,5.128,1.6385987,0,0,1,0,0,3,0,0,0,0,2,0
1774038572789,2401,0.00091198017,50,4.436,1.6471629,0,0,1,0,0,3,0,0,0,0,2,0
1774038592875,2451,0.0010321944,50,1.152,1.6404666,0,0,1,0,0,3,0,0,0,0,2,0
1774038631038,2503,0.00046736718,52,3.484,1.629875,0,0,1,0,0,3,0,0,0,0,2,0
1774038649096,2553,0.0008027808,50,2.874,1.6138709,0,0,1,0,0,3,0,0,0,0,2,0
1774038669150,2603,0.00086968206,50,2.02,1.5985986,0,0,1,0,0,3,0,0,0,0,2,0
1774038707328,2654,0.00073651463,51,1.719,1.5859582,0,0,1,0,0,3,0,0,0,0,2,0
